Configuration,Term,J,Prefix,Level (eV),Suffix,Uncertainty (eV),Splitting,Lande,Leading percentages,Reference
"=""4f.5d.6s2""","=""1G*""","=""4""","=""""","=""0.0000000""","=""""","=""0""","=""""","=""0.94543""","=""  55                  :    29                             3H*                ""","=""L3974"""
"=""4f.5d.6s2""","=""3F*""","=""2""","=""""","=""0.0283737""","=""""","=""""","=""0.0283737""","=""0.76515""","=""  66                  :    24                             1D*                ""","="""""
"=""4f.5d.6s2""","=""3F*""","=""3""","=""""","=""0.2062006""","=""""","=""""","=""0.177827""","=""1.07736""","=""  85                  :     7  4f.(2F*) 5d2.(1D).6s (2D)  3F*                ""","="""""
"=""4f.5d.6s2""","=""3F*""","=""4""","=""""","=""0.3843697""","=""o""","=""""","=""0.178169""","=""1.07703""","=""  34                  :    27  4f.(2F*) 5d2.(3F).6s (4F)  5I*                ""","="""""
"=""4f.5d.6s2""","=""3H*""","=""4""","=""""","=""0.1586284""","=""""","=""""","=""-0.225741""","=""0.88979""","=""  54                  :    20                             1G*                ""","="""""
"=""4f.5d.6s2""","=""3H*""","=""5""","=""""","=""0.2738386""","=""""","=""""","=""0.115210""","=""1.03212""","=""  80                  :    12  4f.(2F*) 5d2.(1D).6s (2D)  3H*                ""","="""""
"=""4f.5d.6s2""","=""3H*""","=""6""","=""""","=""0.4929741""","=""""","=""""","=""0.219136""","=""1.16032""","=""  78                  :    13  4f.(2F*) 5d2.(1D).6s (2D)  3H*                ""","="""""
"=""4f.5d.6s2""","=""3G*""","=""3""","=""""","=""0.1722067""","=""""","=""""","=""-0.320767""","=""0.73494""","=""  66                  :    11  4f.(2F*) 5d2.(1D).6s (2D)  3G*                ""","="""""
"=""4f.5d.6s2""","=""3G*""","=""5""","=""""","=""0.5206552""","=""""","=""""","=""0.348448""","=""1.15021""","=""  48                  :    34  4f.(2F*) 5d2.(3F).6s (4F)  5H*                ""","="""""
"=""4f.(2F*) .5d2.(3F).6s (4F)""","=""5H*""","=""3""","=""""","=""0.2937270""","=""""","=""""","=""-0.226928""","=""0.59978""","=""  66                  :    16  4f.5d.6s2                  3G*                ""","="""""
"=""4f.(2F*) .5d2.(3F).6s (4F)""","=""5H*""","=""4""","=""""","=""0.3022275""","=""""","=""""","=""0.008500""","=""0.98592""","=""  38                  :    25                             (2F*) (3F)(4F) 3G* ""","="""""
"=""4f.(2F*) .5d2.(3F).6s (4F)""","=""5H*""","=""6""","=""""","=""0.5885067""","=""""","=""""","=""0.286279""","=""1.16593""","=""  67                  :    24                             (2F*) (3F)(4F) 5I* ""","="""""
"=""4f.(2F*) .5d2.(3F).6s (4F)""","=""5H*""","=""7""","=""""","=""0.7193697""","=""""","=""""","=""0.130863""","=""1.237""","=""  62                  :    38                             (2F*) (3F)(4F) 5I* ""","="""""
"=""4f.5d.6s2""","=""1D*""","=""2""","=""""","=""0.2949370""","=""""","=""""","=""-0.424433""","=""0.93654""","=""  54                  :    23                             3F*                ""","="""""
"=""4f.(2F*) .5d2.(3F).6s (4F)""","=""5I*""","=""4""","=""""","=""0.3963288""","=""""","=""""","=""0.101392""","=""0.66612""","=""  67                  :    11  4f.5d.6s2                  3F*                ""","="""""
"=""4f.(2F*) .5d2.(3F).6s (4F)""","=""5I*""","=""5""","=""""","=""0.4666775""","=""""","=""""","=""0.070349""","=""0.90691""","=""  90                  :     3  4f.5d.6s2                  3H*                ""","="""""
"=""4f.(2F*) .5d2.(3F).6s (4F)""","=""5I*""","=""6""","=""""","=""0.5524433""","=""""","=""""","=""0.085766""","=""1.11714""","=""  64                  :    26                             (2F*) (3F)(4F) 5H* ""","="""""
"=""4f.(2F*) .5d2.(3F).6s (4F)""","=""5I*""","=""7""","=""""","=""0.6590756""","=""""","=""""","=""0.106632""","=""1.21625""","=""  56                  :    33                             (2F*) (3F)(4F) 5H* ""","="""""
"=""4f.(2F*) .5d2.(3F).6s (4F)""","=""5I*""","=""8""","=""""","=""0.8442243""","=""""","=""""","=""0.185149""","=""1.250""","="" 100                                                                         ""","="""""
"=""4f.(2F*) .5d2.(3F).6s (4F)""","=""*""","=""5""","=""""","=""0.3980616""","=""""","=""""","=""-0.446163""","=""1.16277""","=""  41  3G*             :    37                             (2F*) (3F)(4F) 5H* ""","="""""
"=""4f.5d.6s2""","=""*""","=""4""","=""""","=""0.4106654""","=""o""","=""""","=""0.012604""","=""1.08582""","=""  29  3F*             :    26                             3G*                ""","="""""
"=""4f.5d.6s2""","=""3D*""","=""1""","=""""","=""0.4600450""","=""""","=""""","=""0.049380""","=""0.61549""","=""  64                  :    10  4f.(2F*) 5d2.(1D).6s (2D)  3D*                ""","="""""
"=""4f.5d.6s2""","=""3D*""","=""2""","=""""","=""0.5909487""","=""""","=""""","=""0.130904""","=""1.14945""","=""  67                  :    12  4f.(2F*) 5d2.(1D).6s (2D)  3D*                ""","="""""
"=""4f.5d.6s2""","=""3D*""","=""3""","=""""","=""0.6207540""","=""""","=""""","=""0.029805""","=""1.23674""","=""  58                  :    20                             1F*                ""","="""""
"=""4f.(2F*) .5d2.(3F).6s (4F)""","=""*""","=""0""","=""""","=""0.4927756""","=""""","=""""","=""-0.127978""","=""""","=""  29  5D*             :    23                             (2F*) (1D)(2D) 3P* ""","="""""
"=""4f.(2F*) .5d2.(3F).6s (4F)""","=""*""","=""1""","=""""","=""0.4985348""","=""""","=""""","=""0.005759""","=""1.49404""","=""  17  3S*             :    15                             (2F*) (1D)(2D) 3P* ""","="""""
"=""4f.(2F*) .5d2.(3F).6s (4F)""","=""3G*""","=""3""","=""""","=""0.5158094""","=""""","=""""","=""0.017275""","=""0.72933""","=""  47                  :    23                             (2F*) (3F)(4F) 5H* ""","="""""
"=""4f.(2F*) .5d2.(3F).6s (4F)""","=""*""","=""4""","=""""","=""0.5174473""","=""""","=""""","=""0.001638""","=""1.02948""","=""  41  3G*             :    30                             (2F*) (3F)(4F) 5H* ""","="""""
"=""4f.(2F*) .5d2.(3F).6s (4F)""","=""*""","=""5""","=""""","=""0.5477148""","=""""","=""""","=""0.030267""","=""1.17790""","=""  29  3G*             :    28  4f.5d.6s2                  3G*                ""","="""""
"=""4f2.6s2""","=""3H""","=""4""","=""""","=""0.5905018""","=""""","=""""","=""0.042787""","=""0.80508""","=""  89                  :     4  4f.5d.(3G*).6s.6p.(1P*)    3H                 ""","="""""
"=""4f2.6s2""","=""3H""","=""5""","=""""","=""0.7735292""","=""""","=""""","=""0.183027""","=""1.035""","=""  92                  :     4  4f.5d.(3G*).6s.6p.(1P*)    3H                 ""","="""""
"=""4f2.6s2""","=""3H""","=""6""","=""""","=""0.9646221""","=""""","=""""","=""0.191093""","=""1.169""","=""  92                  :     4  4f.5d.(3G*).6s.6p.(1P*)    3H                 ""","="""""
"=""4f.(2F*) .5d2.(3F).6s (4F)""","=""3S*""","=""1""","=""""","=""0.6320438""","=""""","=""""","=""-0.332578""","=""1.88257""","=""  49                  :    25                             (2F*) (3F)(4F) 5D* ""","="""""
"=""4f.(2F*) .5d2.(3F).6s (4F)""","=""*""","=""2""","=""""","=""0.6460700""","=""""","=""""","=""0.014026""","=""1.22694""","=""  28  5D*             :    27                             (2F*) (3F)(4F) 5G* ""","="""""
"=""4f.(2F*) .5d2.(3F).6s (4F)""","=""5G*""","=""2""","=""""","=""0.6706598""","=""""","=""""","=""0.024590""","=""0.773""","=""  35                  :    24                             (2F*) (3F)(4F) 5D* ""","="""""
"=""4f.(2F*) .5d2.(3F).6s (4F)""","=""5G*""","=""3""","=""""","=""0.7730157""","=""""","=""""","=""0.102356""","=""1.04965""","=""  69                  :    13                             (2F*) (3F)(4F) 5D* ""","="""""
"=""4f.(2F*) .5d2.(3F).6s (4F)""","=""5G*""","=""4""","=""""","=""0.8501050""","=""""","=""""","=""0.077089""","=""1.150""","=""  72                  :     6                             (2F*) (3F)(2F) 1G* ""","="""""
"=""4f.(2F*) .5d2.(3F).6s (4F)""","=""5G*""","=""5""","=""""","=""0.9258098""","=""""","=""""","=""0.075705""","=""1.179""","=""  69                  :     7                             (2F*) (3F)(4F) 3H* ""","="""""
"=""4f.(2F*) .5d2.(3F).6s (4F)""","=""5G*""","=""6""","=""""","=""0.9987579""","=""""","=""""","=""0.072948""","=""1.207""","=""  50                  :    18                             (2F*) (3F)(4F) 3H* ""","="""""
"=""4f.(2F*) .5d2.(3F).6s (4F)""","=""*""","=""3""","=""""","=""0.6843619""","=""""","=""""","=""-0.314396""","=""1.24530""","=""  32  5D*             :    21                             (2F*) (3F)(4F) 3F* ""","="""""
"=""4f.(2F*) .5d2.(3F).6s (4F)""","=""*""","=""0""","=""""","=""0.6907353""","=""""","=""""","=""0.006373""","=""""","=""  44  5D*             :    35  4f.5d.6s2                  3P*                ""","="""""
"=""4f.(2F*) .5d2.(3F).6s (4F)""","=""*""","=""4""","=""""","=""0.6908491""","=""""","=""""","=""0.000114""","=""1.31658""","=""  29  5D*             :    27                             (2F*) (3F)(4F) 3F* ""","="""""
"=""4f.5d.6s2""","=""*""","=""1""","=""""","=""0.6989278""","=""""","=""""","=""0.008079""","=""1.389""","=""  30  3P*             :    26  4f.(2F*) 5d2.(3F).6s (4F)  5D*                ""","="""""
"=""4f.(2F*) .5d2.(3F).6s (4F)""","=""5F*""","=""1""","=""""","=""0.7035891""","=""""","=""""","=""0.004661""","=""0.140""","=""  73                  :     6                             (2F*) (3F)(4F) 5D* ""","="""""
"=""4f.(2F*) .5d2.(3F).6s (4F)""","=""5F*""","=""2""","=""""","=""0.7320035""","=""""","=""""","=""0.028414""","=""0.905""","=""  66                  :    13                             (2F*) (3F)(4F) 5G* ""","="""""
"=""4f.(2F*) .5d2.(3F).6s (4F)""","=""5F*""","=""3""","=""""","=""0.7856954""","=""""","=""""","=""0.053692""","=""1.232""","=""  42                  :    16                             (2F*) (3F)(4F) 5D* ""","="""""
"=""4f.(2F*) .5d2.(3F).6s (4F)""","=""5F*""","=""4""","=""""","=""0.8894820""","=""""","=""""","=""0.103787""","=""1.373""","=""  67                  :    19                             (2F*) (3F)(4F) 5D* ""","="""""
"=""4f.(2F*) .5d2.(3F).6s (4F)""","=""5F*""","=""5""","=""""","=""0.9836358""","=""""","=""""","=""0.094154""","=""1.345""","=""  81                  :     5                             (2F*) (3P)(4P) 5F* ""","="""""
"=""4f.5d.6s2""","=""*""","=""2""","=""""","=""0.7815944""","=""""","=""""","=""-0.202041""","=""1.419""","=""  36  3P*             :    16  4f.(2F*) 5d2.(1D).6s (2D)  3P*                ""","="""""
"=""4f.(2F*) .5d2.(3F).6s (2F)""","=""*""","=""4""","=""""","=""0.8028646""","=""""","=""""","=""0.021270""","=""0.897""","=""  43  3H*             :    17                             (2F*)(3F)(2F) 1G*  ""","="""""
"=""4f.5d.6s2""","=""*""","=""3""","=""""","=""0.8210100""","=""""","=""""","=""0.018145""","=""1.147""","=""  35  1F*             :    17                             3D*                ""","="""""
"=""4f.(2F*) .5d2.(3F).6s (4F)""","=""*""","=""5""","=""""","=""0.8261347""","=""""","=""""","=""0.005125""","=""0.953""","=""  19  3I*             :    18                             (2F*)(3F)(2F) 3I*  ""","="""""
"=""4f.(2F*) .5d2.(3F).6s (4F)""","=""*""","=""2""","=""""","=""0.8476338""","=""""","=""""","=""0.021499""","=""0.68078""","=""  33  3F*             :    18                             (2F*)(3F)(4F) 5G*  ""","="""""
"=""4f.(2F*) .5d2.(3F).6s (4F)""","=""*""","=""3""","=""""","=""0.8889358""","=""""","=""""","=""0.041302""","=""1.13""","=""  28  3F*             :    26                             (2F*)(3F)(4F) 5F*  ""","="""""
"=""4f.(2F*) .5d2.(3F).6s (2F)""","=""*""","=""4""","=""""","=""0.9110730""","=""""","=""""","=""0.022137""","=""0.964""","=""  22  1G*             :    21                             (2F*)(3F)(4F) 3H*  ""","="""""
"=""4f.(2F*) .5d2.(3F).6s (4F)""","=""*""","=""6""","=""""","=""0.9542084""","=""""","=""""","=""0.043135""","=""1.076""","=""  39  3I*             :    19                             (2F*)(1G)(2G) 3I*  ""","="""""
"=""4f.(2F*) .5d2.(3F).6s (4F)?""","=""*""","=""5""","=""""","=""0.9565674""","=""""","=""""","=""0.002359""","=""0.934""","=""  22  3I*             :    14                             (2F*)(3F)(4F) 5G*  ""","="""""
"=""4f.(2F*) .5d2.(3F).6s (2F)?""","=""*""","=""5""","=""""","=""0.9722785""","=""""","=""""","=""0.015711""","=""1.063""","=""  24  3H*             :    21                             (2F*)(3F)(2F) 3I*  ""","="""""
"=""4f.(2F*) .5d2.(1D).6s (2D)""","=""*""","=""1""","=""""","=""0.9736627""","=""""","=""""","=""0.001384""","=""0.983""","=""  27  1P*             :    16                             (2F*)(3F)(2F) 3D*  ""","="""""
"=""4f.(2F*) .5d2.(3F).6s (4F)""","=""*""","=""4""","=""""","=""0.9782885""","=""""","=""""","=""0.004626""","=""1.242""","=""  25  3F*             :    18                             (2F*)(3F)(4F) 5D*  ""","="""""
"=""4f.(2F*) .5d2.(3P).6s (4P)""","=""5G*""","=""2""","=""""","=""1.0028973""","=""""","=""""","=""0.024609""","=""0.403""","=""  95                  :     3                             (2F*)(3F)(4F) 5G*  ""","="""""
"=""4f.(2F*) .5d2.(3P).6s (4P)""","=""5G*""","=""3""","=""""","=""1.0299750""","=""""","=""""","=""0.027078""","=""0.957""","=""  81                  :     6                             (2F*)(3P)(4P) 3G*  ""","="""""
"=""4f.(2F*) .5d2.(3P).6s (4P)""","=""5G*""","=""4""","=""""","=""1.0863652""","=""""","=""""","=""0.056390""","=""1.054""","=""  50                  :     9                             (2F*)(3F)(2F) 3H*  ""","="""""
"=""4f.(2F*) .5d2.(3P).6s (4P)""","=""5G*""","=""5""","=""""","=""1.1732259""","=""""","=""""","=""0.086861""","=""1.19""","=""  46                  :    12                             (2F*)(3P)(4P) 3G*  ""","="""""
"=""4f.(2F*) .5d2.(3P).6s (4P)""","=""5G*""","=""6""","=""""","=""1.3676040""","=""""","=""""","=""0.194378""","=""1.193""","=""  51                  :    21                             (2F*)(3F)(2F) 3H*  ""","="""""
"=""4f.(2F*) .5d2.(3F).6s (4F)""","=""5P*""","=""2""","=""""","=""1.0044192""","=""""","=""""","=""-0.363185""","=""1.735""","=""  85                  :     5                             (2F*)(3F)(4F) 5S*  ""","="""""
"=""4f.(2F*) .5d2.(3F).6s (4F)""","=""5P*""","=""3""","=""""","=""1.0253802""","=""""","=""""","=""0.020961""","=""1.504""","=""  74                  :    11                             (2F*)(3F)(4F) 3D*  ""","="""""
"=""4f.(2F*) .5d2.(3F).6s (4F)""","=""5P*""","=""1""","=""""","=""1.0452917""","=""""","=""""","=""0.019911""","=""2.04""","=""  62                  :    10                             (2F*)(3F)(4F) 3P*  ""","="""""
"=""4f2.6s2""","=""3F""","=""2""","=""""","=""1.0210849""","=""""","=""""","=""-0.024207""","=""0.680""","=""  88                  :     4  4f.5d.(3F*).6s.6p.(1P*)    3F                 ""","="""""
"=""4f2.6s2""","=""3F""","=""3""","=""""","=""1.1414363""","=""""","=""""","=""0.120351""","=""1.083""","=""  90                  :     4  4f.5d.(3F*).6s.6p.(1P*)    3F                 ""","="""""
"=""4f2.6s2""","=""3F""","=""4""","=""""","=""1.1628661""","=""""","=""""","=""0.021430""","=""1.139""","=""  55                  :    32                             1G                 ""","="""""
"=""4f.(2F*) .5d2.(3F).6s (2F)""","=""1S*""","=""0""","=""""","=""1.0354127""","=""""","=""""","=""-0.127453""","=""""","=""  44                  :    17  4f.5d.6s2                  3P*                ""","="""""
"=""4f.(2F*) .5d2.(3F).6s (4F)""","=""*""","=""2""","=""""","=""1.0372640""","=""""","=""""","=""0.001851""","=""1.525""","=""  33  3P*             :    16                             (2F*)(3F)(4F) 5S*  ""","="""""
"=""4f.(2F*) .5d2.(3F).6s (2F)""","=""*""","=""5""","=""""","=""1.0415578""","=""""","=""""","=""0.004294""","=""0.917""","=""  30  3I*             :    19  4f.5d.6s2                  1H*                ""","="""""
"=""4f.(2F*) .5d2.(3F).6s (2F)""","=""*""","=""4""","=""""","=""1.0550075""","=""""","=""""","=""0.013450""","=""0.954""","=""  20  3H*             :    19                             (2F*)(3P)(4P) 5G*  ""","="""""
"=""4f.(2F*) .5d2.(3F).6s (4F)""","=""3I*""","=""7""","=""""","=""1.0647729""","=""""","=""""","=""0.009765""","=""1.155""","=""  59                  :    24                             (2F*)(1G)(2G) 3I*  ""","="""""
"=""4f.(2F*) .5d2.(3F).6s (4F)""","=""*""","=""6""","=""""","=""1.0667019""","=""""","=""""","=""0.001929""","=""1.225""","=""  36  5G*             :    25                             (2F*)(3F)(4F) 3H*  ""","="""""
"=""4f.(2F*) .5d2.(3F).6s (4F)""","=""*""","=""1""","=""""","=""1.0780675""","=""""","=""""","=""0.011366""","=""1.285""","=""  22  3P*             :    12                             (2F*)(3F)(4F) 5P*  ""","="""""
"=""4f.(2F*) .5d2.(3F).6s (2F)""","=""*""","=""3""","=""""","=""1.1037453""","=""""","=""""","=""0.025678""","=""1.128""","=""  20  1F*             :    14  4f.5d.6s2                  1F*                ""","="""""
"=""4f.(2F*) .5d2.(3F).6s (2F)""","=""*""","=""5""","=""""","=""1.1147978""","=""""","=""""","=""0.011053""","=""1.067""","=""  31  3H*             :    17                             (2F*)(3P)(4P) 5G*  ""","="""""
"=""4f.(2F*) .5d2.(3F).6s (4F)""","=""*""","=""0""","=""""","=""1.1306236""","=""""","=""""","=""0.015826""","=""""","=""  40  3P*             :    32                             (2F*)(3F)(2F) 1S*  ""","="""""
"=""4f.(2F*) .5d2.(3P).6s (4P)""","=""3D*""","=""3""","=""""","=""1.1326079""","=""""","=""""","=""0.001984""","=""1.274""","=""  50                  :    12                             (2F*)(3F)(4F) 5P*  ""","="""""
"=""4f.(2F*) .5d2.(3F).6s (2F)""","=""*""","=""2""","=""""","=""1.1407423""","=""""","=""""","=""0.008134""","=""1.376""","=""  24  3D*             :    21                             (2F*)(3P)(2P) 3D*  ""","="""""
"=""4f.(2F*) .5d2.(3F).6s (2F)""","=""3I*""","=""6""","=""""","=""1.1571720""","=""""","=""""","=""0.016430""","=""1.047""","=""  61                  :    20                             (2F*)(1G)(2G) 3I*  ""","="""""
"=""4f.(2F*) .5d2.(3F).6s (2F)""","=""3I*""","=""7""","=""""","=""1.3714575""","=""""","=""""","=""0.214285""","=""1.141""","=""  79                  :    16                             (2F*)(1G)(2G) 3I*  ""","="""""
"=""4f.(2F*) .5d2.(3F).6s (4F)""","=""*""","=""1""","=""""","=""1.1616858""","=""""","=""""","=""-0.209772""","=""1.065""","=""  21  3P*             :    17                             (2F*)(3F)(2F) 3D*  ""","="""""
"=""4f.(2F*) .5d2.(3P).6s (4P)""","=""3D*""","=""2""","=""""","=""1.1686167""","=""""","=""""","=""0.006931""","=""1.207""","=""  46                  :     8                             (2F*)(3F)(4F) 5S*  ""","="""""
"=""4f.(2F*) .5d2.(3F).6s (2F)""","=""3F*""","=""2""","=""""","=""1.2037641""","=""""","=""""","=""0.035147""","=""0.799""","=""  51                  :    13                             (2F*)(3P)(2P) 3F*  ""","="""""
"=""4f.(2F*) .5d2.(3F).6s (2F)?""","=""3G*""","=""3""","=""""","=""1.2134606""","=""""","=""""","=""0.009696""","=""0.868""","=""  42                  :    26                             (2F*)(3P)(2P) 3G*  ""","="""""
"=""4f.(2F*) .5d2.(1G).6s (2G)""","=""*""","=""6""","=""""","=""1.2188401""","=""""","=""""","=""0.005380""","=""1.081""","=""  31  1I*             :    12                             (2F*)(3F)(2F) 1I*  ""","="""""
"=""4f.(2F*) .5d2.(3P).6s (4P)""","=""*""","=""1""","=""""","=""1.2278306""","=""""","=""""","=""0.008991""","=""0.813""","=""  38  3D*             :    14                             (2F*)(3P)(4P) 5F*  ""","="""""
"=""4f.(2F*) .5d2.(3F).6s (4F)""","=""5S*""","=""2""","=""""","=""1.2333727""","=""""","=""""","=""0.005542""","=""1.63""","=""  52                  :    18                             (2F*)(3F)(4F) 3P*  ""","="""""
"=""4f.(2F*) .5d2.(1D).6s (2D)?""","=""*""","=""3""","=""""","=""1.2394263""","=""""","=""""","=""0.006054""","=""""","=""  24  3G*             :    16                             (2F*)(3P)(2P) 3G*  ""","="""""
"=""4f.(2F*) .5d2.(1D).6s (2D)""","=""*""","=""4""","=""""","=""1.2700669""","=""""","=""""","=""0.030641""","=""""","=""  18  1G*             :    13                             (2F*)(3P)(2P) 1G*  ""","="""""
"=""4f.(2F*) .5d2.(3P).6s (4P)""","=""5D*""","=""0""","=""""","=""1.2707158""","=""""","=""""","=""0.000649""","=""""","=""  62                  :    23                             (2F*)(3F)(4F) 5D*  ""","="""""
"=""4f.(2F*) .5d2.(3F).6s (2F)""","=""*""","=""3""","=""""","=""1.2793233""","=""""","=""""","=""0.008607""","=""""","=""  20  3F*             :    18                             (2F*)(3F)(4F) 3D*  ""","="""""
"=""4f.(2F*) .5d2.(3P).6s (4P)""","=""*""","=""1""","=""""","=""1.2905854""","=""""","=""""","=""0.011262""","=""""","=""  39  5D*             :    24                             (2F*)(3P)(4P) 5F*  ""","="""""
"=""""","=""*""","=""4""","=""""","=""1.3125924""","=""""","=""""","=""0.022007""","=""""","=""                                                                             ""","="""""
"=""""","=""*""","=""3""","=""""","=""1.3148387""","=""""","=""""","=""0.002246""","=""""","=""                                                                             ""","="""""
"=""""","=""*""","=""2""","=""""","=""1.3158278""","=""""","=""""","=""0.000989""","=""""","=""                                                                             ""","="""""
"=""4f.(2F*) .5d2.(3P).6s (4P)""","=""*""","=""6""","=""""","=""1.3233884""","=""""","=""""","=""0.007561""","=""1.201""","=""  40  5G*             :    23                             (2F*)(3F)(2F) 3H*  ""","="""""
"=""""","=""*""","=""4""","=""""","=""1.3295460""","=""""","=""""","=""0.006158""","=""""","=""                                                                             ""","="""""
"=""""","=""*""","=""3""","=""""","=""1.3358808""","=""""","=""""","=""0.006335""","=""""","=""                                                                             ""","="""""
"=""4f.(2F*) .5d2.(1G).6s (2G)""","=""*""","=""5""","=""""","=""1.3489224""","=""""","=""""","=""0.013042""","=""1.10?""","=""  27  1H*             :    20                             (2F*)(1G)(2G) 3G*  ""","="""""
"=""""","=""*""","=""2""","=""""","=""1.3516721""","=""""","=""""","=""0.002750""","=""""","=""                                                                             ""","="""""
"=""""","=""*""","=""3""","=""""","=""1.3801561""","=""""","=""""","=""0.028484""","=""""","=""                                                                             ""","="""""
"=""""","=""*""","=""4""","=""""","=""1.3974368""","=""""","=""""","=""0.017281""","=""""","=""                                                                             ""","="""""
"=""""","=""*""","=""2""","=""""","=""1.4012120""","=""""","=""""","=""0.003775""","=""""","=""                                                                             ""","="""""
"=""""","=""*""","=""3""","=""""","=""1.4057154""","=""""","=""""","=""0.004503""","=""0.860""","=""                                                                             ""","="""""
"=""4f.5d.6s2""","=""*""","=""5""","=""""","=""1.4080930""","=""""","=""""","=""0.002378""","=""""","=""  20  1H*             :    15  4f.(2F*).5d2.(1G).6s .(2G) 1H*                ""","="""""
"=""4f2.6s2""","=""1G""","=""4""","=""""","=""1.4086954""","=""""","=""""","=""0.000602""","=""1.101""","=""  52                  :    35                             3F                 ""","="""""
"=""""","=""*""","=""1""","=""""","=""1.4279315""","=""""","=""""","=""0.019236""","=""""","=""                                                                             ""","="""""
"=""""","=""*""","=""4""","=""""","=""1.4314469""","=""""","=""""","=""0.003515""","=""1.174?""","=""                                                                             ""","="""""
"=""""","=""*""","=""1""","=""""","=""1.4356070""","=""""","=""""","=""0.004160""","=""""","=""                                                                             ""","="""""
"=""""","=""*""","=""1""","=""""","=""1.4414642""","=""""","=""""","=""0.005857""","=""""","=""                                                                             ""","="""""
"=""""","=""*""","=""2""","=""""","=""1.4444614""","=""""","=""""","=""0.002997""","=""""","=""                                                                             ""","="""""
"=""""","=""*""","=""4""","=""""","=""1.4625631""","=""""","=""""","=""0.018102""","=""""","=""                                                                             ""","="""""
"=""""","=""*""","=""4""","=""""","=""1.4643367""","=""""","=""""","=""0.001774""","=""""","=""                                                                             ""","="""""
"=""4f.(2F*) .5d2.(3F).6s (2F)""","=""3G*""","=""5""","=""""","=""1.4692440""","=""""","=""""","=""0.004907""","=""""","=""  60                  :    12                             (2F*)(3P)(2P) 3G*  ""","="""""
"=""""","=""*""","=""3""","=""""","=""1.4721904""","=""""","=""""","=""0.002946""","=""""","=""                                                                             ""","="""""
"=""""","=""*""","=""2""","=""""","=""1.4905627""","=""""","=""""","=""0.018372""","=""""","=""                                                                             ""","="""""
"=""4f2.(3H).5d (4I).6s""","=""5I""","=""8""","=""""","=""""","=""""","=""""","=""""","=""""","=""  85                  :     5  4f.(2F*).5d2.(3F) (4H*).6p 5I                 ""","="""""
"=""4f2.(3H).5d (4I).6s""","=""5I""","=""4""","=""""","=""1.5019588""","=""""","=""""","=""""","=""0.655""","=""  59                  :    17                             (3H)(2H) 3H        ""","="""""
"=""4f2.(3H).5d (4I).6s""","=""5I""","=""5""","=""""","=""1.6271699""","=""""","=""""","=""0.125211""","=""0.957""","=""  50                  :    14                             (3H)(2H) 1H        ""","="""""
"=""4f2.(3H).5d (4I).6s""","=""5I""","=""6""","=""""","=""1.6868050""","=""""","=""""","=""0.059635""","=""""","=""  72                  :     8                             (3H)(4I) 3I        ""","="""""
"=""4f2.(3H).5d (4I).6s""","=""5I""","=""7""","=""""","=""1.8112961""","=""""","=""""","=""0.124491""","=""""","=""  78                  :     5                             (3H)(4I) 3I        ""","="""""
"=""""","=""*""","=""1 or 2""","=""""","=""1.5247117""","=""""","=""""","=""-0.286584""","=""""","=""                                                                             ""","="""""
"=""4f.(2F*) .5d2.(1G).6s (2G)""","=""*""","=""5""","=""""","=""1.5247305""","=""""","=""""","=""0.000019""","=""1.12?""","=""  39  3H*             :     9                             (2F*)(3P)(4P) 3G*  ""","="""""
"=""""","=""*""","=""4""","=""""","=""1.5313685""","=""""","=""""","=""0.006638""","=""""","=""                                                                             ""","="""""
"=""""","=""*""","=""1""","=""""","=""1.5323218""","=""""","=""""","=""0.000953""","=""""","=""                                                                             ""","="""""
"=""4f2.(3H).5d (4K).6s""","=""5K""","=""8""","=""""","=""""","=""""","=""""","=""""","=""""","=""  89                  :     4  4f2.(3H).5d (4K).6s        3K                 ""","="""""
"=""4f2.(3H).5d (4K).6s""","=""5K""","=""9""","=""""","=""""","=""""","=""""","=""""","=""""","=""  96                  :     4  4f.(2F*).5d2.(3F) (4I*).6p 5K                 ""","="""""
"=""4f2.(3H).5d (4K).6s""","=""5K""","=""5""","=""""","=""1.5332920""","=""""","=""""","=""""","=""0.710""","=""  63                  :     9                             (3H)(2H) 1H        ""","="""""
"=""4f2.(3H).5d (4K).6s""","=""5K""","=""6""","=""""","=""1.6069530""","=""""","=""""","=""0.073661""","=""0.90""","=""  75                  :     8                             (3H)(4K) 3K        ""","="""""
"=""4f2.(3H).5d (4K).6s""","=""5K""","=""7""","=""""","=""1.7244746""","=""""","=""""","=""0.117522""","=""""","=""  84                  :     7                             (3H)(4K) 3K        ""","="""""
"=""""","=""*""","=""4""","=""""","=""1.5406150""","=""""","=""""","=""-0.183860""","=""""","=""                                                                             ""","="""""
"=""""","=""*""","=""2""","=""""","=""1.5441595""","=""""","=""""","=""0.003544""","=""""","=""                                                                             ""","="""""
"=""4f2.(3H).5d (4K).6s""","=""""","=""5""","=""""","=""1.5458135""","=""""","=""""","=""0.001654""","=""0.948""","=""  22  5K              :    20                             (3H)(2H) 3H        ""","="""""
"=""""","=""*""","=""3""","=""""","=""1.5622117""","=""""","=""""","=""0.016398""","=""""","=""                                                                             ""","="""""
"=""""","=""*""","=""4""","=""""","=""1.5770933""","=""""","=""""","=""0.014882""","=""""","=""                                                                             ""","="""""
"=""""","=""*""","=""5""","=""""","=""1.5861923""","=""""","=""""","=""0.009099""","=""""","=""                                                                             ""","="""""
"=""""","=""*""","=""2""","=""""","=""1.5961540""","=""""","=""""","=""0.009962""","=""""","=""                                                                             ""","="""""
"=""""","=""*""","=""5""","=""""","=""1.6054591""","=""""","=""""","=""0.009305""","=""""","=""                                                                             ""","="""""
"=""""","=""*""","=""4""","=""""","=""1.6103241""","=""""","=""""","=""0.004865""","=""""","=""                                                                             ""","="""""
"=""4f2.(3H).5d (4G).6s""","=""5G""","=""5""","=""""","=""""","=""""","=""""","=""""","=""""","=""  46                  :    12                             (3F)(4G) 5G        ""","="""""
"=""4f2.(3H).5d (4G).6s""","=""5G""","=""2""","=""""","=""1.6108170""","=""""","=""""","=""""","=""0.388""","=""  38                  :    24  4f.5d.(3F*).6s.6p.(3P*)    5G                 ""","="""""
"=""4f2.(3H).5d (4G).6s""","=""5G""","=""3""","=""""","=""1.6601270""","=""""","=""""","=""0.049310""","=""0.919""","=""  40                  :    15  4f.5d.(3F*).6s.6p.(3P*)    5G                 ""","="""""
"=""4f2.(3H).5d (4G).6s""","=""5G""","=""4""","=""""","=""1.7437611""","=""""","=""""","=""0.083634""","=""""","=""  46                  :    11                             (3F)(4G) 5G        ""","="""""
"=""4f2.(3H).5d (4G).6s""","=""5G""","=""6""","=""""","=""1.9920467""","=""""","=""""","=""0.248286""","=""1.260""","=""  44                  :    14                             (3F)(4G) 5G        ""","="""""
"=""""","=""*""","=""3""","=""""","=""1.6229281""","=""""","=""""","=""-0.369119""","=""""","=""                                                                             ""","="""""
"=""""","=""*""","=""2""","=""""","=""1.6291112""","=""""","=""""","=""0.006183""","=""""","=""                                                                             ""","="""""
"=""4f2.(3H).5d (2H).6s""","=""3H""","=""4""","=""""","=""1.6359528""","=""""","=""""","=""0.006842""","=""0.775""","=""  45                  :    13                             (3H)(4I) 5I        ""","="""""
"=""4f2.(3H).5d (2H).6s""","=""3H""","=""6""","=""""","=""1.7283141""","=""""","=""""","=""0.092361""","=""1.127?""","=""  46                  :    10                             (3F)(2H) 3H        ""","="""""
"=""""","=""*""","=""1""","=""""","=""1.6384111""","=""""","=""""","=""-0.089903""","=""""","=""                                                                             ""","="""""
"=""4f.(2F*) .5d2.(1G).6s (2G)?""","=""3H*?""","=""6""","=""""","=""1.6389953""","=""""","=""""","=""0.000584""","=""""","=""  56                  :     8                             (2F*)(3F)(2F) 3H*  ""","="""""
"=""""","=""*""","=""5""","=""""","=""1.6486442""","=""""","=""""","=""0.009649""","=""""","=""                                                                             ""","="""""
"=""4f.(2F*) .5d2.(1G).6s (2G)""","=""3K*""","=""6""","=""""","=""1.6491320""","=""o""","=""""","=""0.000488""","=""""","=""  74                  :    14  4f.(2F*).5d3.(2G)          3K*                ""","="""""
"=""4f.(2F*) .5d2.(1G).6s (2G)""","=""3K*""","=""7""","=""""","=""1.6827153""","=""""","=""""","=""0.033583""","=""1.021""","=""  57                  :    26                             (2F*) (1G)(2G) 1K* ""","="""""
"=""4f.(2F*) .5d2.(1G).6s (2G)""","=""3K*""","=""8""","=""""","=""1.9010867""","=""""","=""""","=""0.218371""","=""""","=""  81                  :    13  4f.(2F*).5d3.(2G)          3K*                ""","="""""
"=""""","=""*""","=""3 or 4""","=""""","=""1.6509200""","=""""","=""""","=""-0.250167""","=""""","=""                                                                             ""","="""""
"=""""","=""*""","=""2 or 3""","=""""","=""1.6625949""","=""""","=""""","=""0.011675""","=""""","=""                                                                             ""","="""""
"=""""","=""*""","=""1""","=""""","=""1.6677136""","=""""","=""""","=""0.005119""","=""""","=""                                                                             ""","="""""
"=""4f.5d.(1G*).6s.6p.(3P*)""","=""""","=""4""","=""""","=""1.6755070""","=""""","=""""","=""0.007793""","=""0.806""","=""  22  3H              :    18                             (3H*)(3P*) 3H      ""","="""""
"=""""","=""*""","=""5""","=""""","=""1.6762015""","=""""","=""""","=""0.000694""","=""""","=""                                                                             ""","="""""
"=""""","=""*""","=""2""","=""""","=""1.6889154""","=""""","=""""","=""0.012714""","=""""","=""                                                                             ""","="""""
"=""""","=""*""","=""5""","=""""","=""1.6898250""","=""""","=""""","=""0.000910""","=""""","=""                                                                             ""","="""""
"=""4f.5d.(1G*).6s.6p.(3P*)""","=""""","=""5""","=""""","=""1.7090169""","=""""","=""""","=""0.019192""","=""1.023""","=""  19  3H              :    17                             (3H*)(3P*) 3H      ""","="""""
"=""""","=""*""","=""4 or 5""","=""""","=""1.7129652""","=""""","=""""","=""0.003948""","=""""","=""                                                                             ""","="""""
"=""4f2.(3H).5d (2H).6s""","=""""","=""5""","=""""","=""1.7210797""","=""""","=""""","=""0.008115""","=""0.990""","=""  20  3H              :    20                             (3H)(2H) 1H        ""","="""""
"=""4f2.(3H).5d (4H).6s""","=""""","=""3""","=""""","=""1.7237226""","=""""","=""""","=""0.002643""","=""0.665?""","=""  42  5H              :    26  4f.5d.(3G*).6s.6p.(3P*)    5H                 ""","="""""
"=""""","=""*""","=""3""","=""""","=""1.7237703""","=""""","=""""","=""0.000048""","=""""","=""                                                                             ""","="""""
"=""""","=""*""","=""3""","=""""","=""1.7264265""","=""""","=""""","=""0.002656""","=""""","=""                                                                             ""","="""""
"=""""","=""*""","=""6""","=""""","=""1.7360218""","=""""","=""""","=""0.009595""","=""""","=""                                                                             ""","="""""
"=""""","=""*""","=""3 or 4 or 5""","=""""","=""1.7392154""","=""""","=""""","=""0.003194""","=""""","=""                                                                             ""","="""""
"=""4f2.(3H).5d (4G).6s""","=""""","=""2""","=""""","=""1.7479670""","=""""","=""""","=""0.008752""","=""0.484""","=""  27  5G              :    26  4f.5d.(3F*).6s.6p.(3P*)    5G                 ""","="""""
"=""""","=""*""","=""6""","=""""","=""1.7491614""","=""""","=""""","=""0.001194""","=""""","=""                                                                             ""","="""""
"=""""","=""*""","=""4""","=""""","=""1.7501876""","=""""","=""""","=""0.001026""","=""""","=""                                                                             ""","="""""
"=""4f.5d.(3H*).6s.6p.(3P*)""","=""""","=""3""","=""""","=""1.7526806""","=""""","=""""","=""0.002493""","=""0.649""","=""  40  5H              :    20                             (1G*)(3P*) 3G      ""","="""""
"=""""","=""*""","=""5 or 6""","=""""","=""1.7589101""","=""""","=""""","=""0.006230""","=""""","=""                                                                             ""","="""""
"=""""","=""*""","=""5 or 6""","=""""","=""1.7628176""","=""""","=""""","=""0.003907""","=""""","=""                                                                             ""","="""""
"=""""","=""*""","=""3""","=""""","=""1.7696529""","=""""","=""""","=""0.006835""","=""""","=""                                                                             ""","="""""
"=""""","=""*""","=""2""","=""""","=""1.7742233""","=""""","=""""","=""0.004570""","=""""","=""                                                                             ""","="""""
"=""""","=""*""","=""5""","=""""","=""1.7777936""","=""""","=""""","=""0.003570""","=""""","=""                                                                             ""","="""""
"=""""","=""*""","=""4""","=""""","=""1.7875561""","=""""","=""""","=""0.009762""","=""""","=""                                                                             ""","="""""
"=""""","=""*""","=""4""","=""""","=""1.8016801""","=""""","=""""","=""0.014124""","=""""","=""                                                                             ""","="""""
"=""4f.5d.(3F*).6s.6p.(3P*)""","=""""","=""3""","=""""","=""1.8026325""","=""""","=""""","=""0.000952""","=""0.967""","=""  20  5G              :    20                             (1D*)(3P*) 3F      ""","="""""
"=""4f2.(3H).5d (4H).6s""","=""""","=""4""","=""""","=""1.8101195""","=""""","=""""","=""0.007487""","=""0.906""","=""  39  5H              :    18  4f.5d.(3G*).6s.6p.(3P*)    5H                 ""","="""""
"=""4f.5d.(3F*).6s.6p.(3P*)""","=""""","=""1""","=""""","=""1.8145389""","=""""","=""""","=""0.004419""","=""0.407""","=""  44  5F              :    16                             (3F*)(3P*) 3D      ""","="""""
"=""4f.5d.(3F*).6s.6p.(3P*)""","=""""","=""2""","=""""","=""1.8159277""","=""""","=""""","=""0.001389""","=""1.152""","=""  19  3D              :    16                             (3F*)(3P*) 5F      ""","="""""
"=""""","=""*""","=""3""","=""""","=""1.8222550""","=""""","=""""","=""0.006327""","=""""","=""                                                                             ""","="""""
"=""4f2.(3H).5d (4K).6s""","=""3K""","=""8""","=""""","=""""","=""""","=""""","=""""","=""""","=""  84                  :     5                             (3H)(2K) 3K        ""","="""""
"=""4f2.(3H).5d (4K).6s""","=""3K""","=""6""","=""""","=""1.8279767""","=""""","=""""","=""""","=""""","=""  67                  :    10                             (3H)(4K) 5K        ""","="""""
"=""4f2.(3H).5d (4K).6s""","=""3K""","=""7""","=""""","=""1.9921269""","=""""","=""""","=""0.164150""","=""1.051?""","=""  56                  :    10                             (3H)(4K) 5K        ""","="""""
"=""4f.5d.(1G*).6s.6p.(3P*)""","=""""","=""4""","=""""","=""1.8286361""","=""""","=""""","=""-0.163491""","=""0.992""","=""  19  3G              :    17                             (3H*)(3P*) 5H      ""","="""""
"=""""","=""*""","=""5""","=""""","=""1.8308408""","=""""","=""""","=""0.002205""","=""""","=""                                                                             ""","="""""
"=""4f2.(3H).5d (4I).6s""","=""3I""","=""5""","=""""","=""1.8343822""","=""""","=""""","=""0.003541""","=""""","=""  53                  :    11                             (3H)(2H) 1H        ""","="""""
"=""4f.(2F*).5d3.(4F)?""","=""5I*?""","=""7""","=""""","=""1.8624619""","=""""","=""""","=""0.028080""","=""""","=""  83                  :     6                             (2F*)(4F) 3I*      ""","="""""
"=""""","=""*""","=""4 or 5""","=""""","=""1.8676226""","=""""","=""""","=""0.005161""","=""""","=""                                                                             ""","="""""
"=""4f.5d.(1G*).6s.6p.(3P*)?""","=""""","=""3""","=""""","=""1.8676300""","=""""","=""""","=""0.000007""","=""0.849""","=""  16  3G              :    13                             (3F*)(3P*) 3G      ""","="""""
"=""""","=""*""","=""4""","=""""","=""1.8694308""","=""?""","=""""","=""0.001801""","=""""","=""                                                                             ""","="""""
"=""""","=""*""","=""6""","=""""","=""1.8723314""","=""?""","=""""","=""0.002901""","=""""","=""                                                                             ""","="""""
"=""""","=""*""","=""5 or 6""","=""""","=""1.8760772""","=""""","=""""","=""0.003746""","=""""","=""                                                                             ""","="""""
"=""4f.5d.(1G*).6s.6p.(3P*)""","=""""","=""4""","=""""","=""1.8895959""","=""""","=""""","=""0.013519""","=""1.012""","=""  16  3G              :    14                             (3H*)(3P*) 5H      ""","="""""
"=""""","=""*""","=""5""","=""""","=""1.8913839""","=""""","=""""","=""0.001788""","=""""","=""                                                                             ""","="""""
"=""4f2.(3H).5d (2F).6s?""","=""""","=""3""","=""""","=""1.8942122""","=""""","=""""","=""0.002828""","=""0.807""","=""  12  1F              :    10                             (3H)(2F) 3F        ""","="""""
"=""4f2.(3H).5d (4H).6s""","=""""","=""5""","=""""","=""1.9018826""","=""""","=""""","=""0.007670""","=""1.076""","=""  32  5H              :    11  4f.5d.(3G*).6s.6p.(3P*)    5H                 ""","="""""
"=""4f.5d.(3H*).6s.6p.(3P*)""","=""""","=""4""","=""""","=""1.9058413""","=""""","=""""","=""0.003959""","=""1.040""","=""  24  5H              :    19                             (1G*)(3P*) 3F      ""","="""""
"=""""","=""*""","=""6""","=""""","=""1.9071284""","=""""","=""""","=""0.001287""","=""""","=""                                                                             ""","="""""
"=""4f2.(3H).5d (4I).6s""","=""""","=""6""","=""""","=""1.9088962""","=""""","=""""","=""0.001768""","=""""","=""  37  3I              :    15                             (3H)(2I) 3I        ""","="""""
"=""""","=""*""","=""6""","=""""","=""1.9207218""","=""""","=""""","=""0.011826""","=""""","=""                                                                             ""","="""""
"=""4f.(2F*<5/2>).6s2.6p<1/2>""","=""""","=""3""","=""""","=""1.9286972""","=""""","=""""","=""0.007975""","=""1.005""","=""  14  (5/2,1/2)       :     8  4f2.(3H).5d (4F).6s        5F                 ""","="""""
"=""4f.5d.(3H*).6s.6p.(3P*)""","=""5I""","=""5""","=""""","=""1.9293610""","=""""","=""""","=""0.000664""","=""1.075""","=""  27                  :    25                             (1G*)(3P*) 3G      ""","="""""
"=""4f.5d.(3H*).6s.6p.(3P*)""","=""5I""","=""4""","=""""","=""1.9643373""","=""""","=""""","=""0.034976""","=""0.883""","=""  29                  :    10                             (3H*)(3P*) 3H      ""","="""""
"=""4f.5d.(3H*).6s.6p.(3P*)""","=""5I""","=""6""","=""""","=""2.1159448""","=""""","=""""","=""0.151607""","=""1.117""","=""  56                  :     8                             (3H*)(3P*) 5H      ""","="""""
"=""4f.5d.(3H*).6s.6p.(3P*)""","=""5I""","=""7""","=""""","=""2.2351461""","=""""","=""""","=""0.119201""","=""1.179""","=""  76                  :     4  4f.(2F*).5d2.(3F).(4I*).6p 5I                 ""","="""""
"=""4f.5d.(3H*).6s.6p.(3P*)""","=""5I""","=""8""","=""""","=""2.4260513""","=""""","=""""","=""0.190905""","=""1.246""","=""  93                  :     5  4f.(2F*).5d2.(3F).(4I*).6p 5I                 ""","="""""
"=""4f.(2F*<5/2>).6s2.6p<1/2>""","=""""","=""2""","=""""","=""1.9326566""","=""""","=""""","=""-0.493395""","=""0.747""","=""  19  (5/2,1/2)       :     9  4f.5d.(3G*).6s.6p.(3P*)    5G                 ""","="""""
"=""4f2.(3H).5d (2F).6s""","=""""","=""2""","=""""","=""1.9351430""","=""""","=""""","=""0.002486""","=""0.839""","=""  21  3F              :    17                             (3H)(4F) 5F        ""","="""""
"=""4f.5d.(1G*).6s.6p.(3P*)""","=""""","=""6""","=""""","=""1.9397257""","=""""","=""""","=""0.004583""","=""1.171""","=""  36  3H              :    15                             (3H*)(3P*) 3H      ""","="""""
"=""4f.5d.(3F*).6s.6p.(3P*)""","=""""","=""0""","=""""","=""1.9403247""","=""""","=""""","=""0.000599""","=""""","=""  37  5D              :    23                             (1D*)(3P*) 3P      ""","="""""
"=""""","=""*""","=""7""","=""""","=""1.9437826""","=""""","=""""","=""0.003458""","=""""","=""                                                                             ""","="""""
"=""4f.5d.(3F*).6s.6p.(3P*)""","=""""","=""4""","=""""","=""1.9466732""","=""""","=""""","=""0.002891""","=""1.062""","=""  15  5G              :    10  4f2.(3H).5d (4G).6s        5G                 ""","="""""
"=""4f.5d.(3F*).6s.6p.(3P*)""","=""""","=""1""","=""""","=""1.9529928""","=""""","=""""","=""0.006320""","=""1.013""","=""  26  5D              :    16                             (1D*)(3P*) 3P      ""","="""""
"=""4f.5d.(3F*).6s.6p.(3P*)""","=""""","=""2""","=""""","=""1.9537998""","=""""","=""""","=""0.000807""","=""0.550""","=""  19  5G              :    15                             (3G*)(3P*) 5G      ""","="""""
"=""4f2.(3F).5d (4H).6s?""","=""""","=""3""","=""""","=""1.9547408""","=""""","=""""","=""0.000941""","=""0.740""","=""  17  5H              :    12                             (3H)(4G) 5G        ""","="""""
"=""4f.(2F*<5/2>).6s2.6p<1/2>?""","=""""","=""3""","=""""","=""1.9587304""","=""""","=""""","=""0.003990""","=""0.798""","=""  12  (5/2,1/2)       :    11  4f.5d.(1G*).6s.6p.(3P*)    3F                 ""","="""""
"=""4f.5d.(3H*).6s.6p.(3P*)""","=""""","=""5""","=""""","=""1.9688415""","=""""","=""""","=""0.010111""","=""0.952""","=""  16  5H              :    13                             (3H*)(3P*) 5I      ""","="""""
"=""""","=""*""","=""7""","=""""","=""1.9734660""","=""""","=""""","=""0.004625""","=""""","=""                                                                             ""","="""""
"=""4f.5d.(3F*).6s.6p.(3P*)""","=""""","=""4""","=""""","=""1.9769418""","=""""","=""""","=""0.003476""","=""0.987""","=""  25  5G              :     9  4f2.(3F).5d (4H).6s        5H                 ""","="""""
"=""4f.5d.(3F*).6s.6p.(3P*)""","=""""","=""2""","=""""","=""1.9796665""","=""""","=""""","=""0.002725""","=""0.901""","=""  23  5F              :    11                             (3G*)(3P*) 5G      ""","="""""
"=""4f.5d.(3F*).6s.6p.(3P*)""","=""""","=""3""","=""""","=""1.9848421""","=""""","=""""","=""0.005176""","=""1.220""","=""  36  5F              :    10                             (3F*)(3P*) 3D      ""","="""""
"=""4f.5d.(3H*).6s.6p.(3P*)""","=""""","=""5""","=""""","=""1.9857816""","=""""","=""""","=""0.000939""","=""1.071""","=""  43  5H              :    10                             (3H*)(3P*) 1H      ""","="""""
"=""4f2.(3F).5d (4H).6s""","=""""","=""3""","=""""","=""1.9858993""","=""""","=""""","=""0.000118""","=""0.863""","=""  25  5H              :     9                             (3H)(4G) 5G        ""","="""""
"=""4f2.(3H).5d (4H).6s""","=""""","=""4""","=""""","=""1.9901296""","=""""","=""""","=""0.004230""","=""0.912""","=""  12  3H              :    10                             (3H)(4G) 5G        ""","="""""
"=""4f2.6s2""","=""""","=""2""","=""""","=""1.9937753""","=""""","=""""","=""0.003646""","=""1.010""","=""  34  1D              :    19  4f.5d.(3F*).6s.6p.(3P*)    5F                 ""","="""""
"=""4f.5d.(3F*).6s.6p.(3P*)""","=""""","=""3""","=""""","=""2.0086051""","=""""","=""""","=""0.014830""","=""0.963""","=""  11  5G              :    11                             (3G*)(3P*) 5G      ""","="""""
"=""4f2.(3H).5d (2I).6s""","=""""","=""5""","=""""","=""2.0114754""","=""""","=""""","=""0.002870""","=""0.977""","=""  27  3I              :    13  4f.5d.(3H*).6s.6p.(3P*)    1H                 ""","="""""
"=""4f2.(3H).5d (4H).6s""","=""5H""","=""6""","=""""","=""2.0146938""","=""""","=""""","=""0.003218""","=""1.190""","=""  56                  :    11  4f.5d.(3G*).6s.6p.(3P*)    5H                 ""","="""""
"=""4f2.(3F).5d (4H).6s""","=""""","=""4""","=""""","=""2.0257411""","=""""","=""""","=""0.011047""","=""0.967""","=""  20  5H              :     8                             (3H)(4G) 5G        ""","="""""
"=""4f.(2F*<5/2>).6s2.6p<1/2>""","=""""","=""2""","=""""","=""2.0268909""","=""""","=""""","=""0.001150""","=""0.749""","=""  14  (5/2,1/2)       :    10  4f.5d.(3G*).6s.6p.(3P*)    5G                 ""","="""""
"=""4f.5d.(3F*).6s.6p.(3P*)""","=""""","=""3""","=""""","=""2.0314490""","=""""","=""""","=""0.004558""","=""1.056""","=""  12  5D              :    12                             (3F*)(3P*) 5F      ""","="""""
"=""4f.5d.(3F*).6s.6p.(3P*)""","=""""","=""2""","=""""","=""2.0500107""","=""""","=""""","=""0.018562""","=""1.059""","=""  20  5D              :    10  4f2.(3F).5d (4D).6s        5D                 ""","="""""
"=""4f2.(3F).5d (2P).6s""","=""""","=""0""","=""""","=""2.0514944""","=""""","=""""","=""0.001484""","=""""","=""  21  3P              :    17                             (3F)(4D) 5D        ""","="""""
"=""4f.5d.(1G*).6s.6p.(3P*)""","=""""","=""5""","=""""","=""2.0564544""","=""""","=""""","=""0.004960""","=""1.065""","=""  27  3H              :    21                             (3H*)(3P*) 5I      ""","="""""
"=""4f2.(3F).5d (4H).6s?""","=""""","=""4""","=""""","=""2.0566749""","=""""","=""""","=""0.000221""","=""1.155""","=""  14  5H              :     9                             (3H)(2F) 3F        ""","="""""
"=""4f2.(3F).5d (2P).6s""","=""""","=""1""","=""""","=""2.0642678""","=""""","=""""","=""0.007593""","=""1.430""","=""  18  3P              :    12  4f.5d.(1D*).6s.6p.(3P*)    3P                 ""","="""""
"=""4f.5d.(3G*).6s.6p.(3P*)""","=""""","=""3""","=""""","=""2.0665922""","=""""","=""""","=""0.002324""","=""0.867""","=""  22  5H              :    13                             (3G*)(3P*) 5G      ""","="""""
"=""4f2.(3H).5d (4G).6s?""","=""""","=""4""","=""""","=""2.0696871""","=""""","=""""","=""0.003095""","=""1.014""","=""  12  5G              :    10  4f.5d.(3G*).6s.6p.(3P*)    5H                 ""","="""""
"=""4f.5d.(3H*).6s.6p.(3P*)""","=""""","=""6""","=""""","=""2.0704597""","=""""","=""""","=""0.000773""","=""1.157""","=""  28  5H              :    17                             (1G*)(3P*) 3H      ""","="""""
"=""4f2.(3H).5d (2I).6s""","=""""","=""6""","=""""","=""2.0874782""","=""""","=""""","=""0.017019""","=""1.065""","=""  24  1I              :    23                             (3H)(4I) 3I        ""","="""""
"=""4f2.(3H).5d (4F).6s""","=""""","=""2""","=""""","=""2.0914609""","=""""","=""""","=""0.003983""","=""1.088""","=""  17  5F              :     9                             (3H)(2F) 3F        ""","="""""
"=""4f2.(3F).5d (4H).6s?""","=""""","=""4""","=""""","=""2.0915208""","=""""","=""""","=""0.000060""","=""0.991""","=""   6  5H              :     5  4f.5d.(3H*).6s.6p.(3P*)    3H                 ""","="""""
"=""4f.5d.(3F*).6s.6p.(3P*)""","=""""","=""1""","=""""","=""2.0920722""","=""""","=""""","=""0.000551""","=""0.616""","=""  29  3D              :    12                             (1D*)(3P*) 3P      ""","="""""
"=""4f.5d.(3F*).6s.6p.(3P*)""","=""""","=""5""","=""""","=""2.0957520""","=""""","=""""","=""0.003680""","=""1.185""","=""  14  5G              :    12  4f2.(1G).5d (2H).6s        3H                 ""","="""""
"=""""","=""""","=""3""","=""""","=""2.0980581""","=""""","=""""","=""0.002306""","=""0.950""","=""                                                                             ""","="""""
"=""4f.5d.(3G*).6s.6p.(3P*)?""","=""""","=""4""","=""""","=""2.1006055""","=""""","=""""","=""0.002547""","=""0.981""","=""  14  5G              :    13  4f2.(3H).5d (4H).6s        3H                 ""","="""""
"=""""","=""*""","=""6""","=""""","=""2.1065512""","=""""","=""""","=""0.005946""","=""""","=""                                                                             ""","="""""
"=""""","=""""","=""3""","=""""","=""2.1141342""","=""""","=""""","=""0.007583""","=""1.040""","=""                                                                             ""","="""""
"=""4f.5d.(3F*).6s.6p.(3P*)?""","=""""","=""5""","=""""","=""2.1170435""","=""""","=""""","=""0.002909""","=""1.087""","=""  21  5G              :     8                             (3H*)(3P*) 1H      ""","="""""
"=""4f.5d.(1D*).6s.6p.(3P*)""","=""""","=""2""","=""""","=""2.1212416""","=""""","=""""","=""0.004198""","=""1.196""","=""  19  3P              :    16                             (3F*)(3P*) 1D      ""","="""""
"=""4f.5d.(3F*).6s.6p.(3P*)""","=""""","=""0""","=""""","=""2.1213686""","=""""","=""""","=""0.000127""","=""""","=""  33  5D              :    15                             (3D*)(3P*) 3P      ""","="""""
"=""4f2.(3F).5d (4H).6s?""","=""""","=""5""","=""""","=""2.1226593""","=""""","=""""","=""0.001291""","=""1.095""","=""  37  5H              :    12  4f.(2F*).5d2.(3F) (4H*).6p 5H                 ""","="""""
"=""4f2.(3F).5d (4P).6s""","=""""","=""1""","=""""","=""2.1246198""","=""""","=""""","=""0.001961""","=""1.491""","=""  18  5P              :    17  4f.5d.(3F*).6s.6p.(3P*)    5D                 ""","="""""
"=""""","=""*""","=""6""","=""""","=""2.1249140""","=""""","=""""","=""0.000294""","=""""","=""                                                                             ""","="""""
"=""""","=""""","=""3""","=""""","=""2.1258713""","=""""","=""""","=""0.000957""","=""0.864""","=""                                                                             ""","="""""
"=""4f.5d.(3G*).6s.6p.(3P*)?""","=""""","=""4""","=""""","=""2.1260238""","=""""","=""""","=""0.000152""","=""1.026""","=""  16  5H              :     9                             (3F*)(3P*) 1G      ""","="""""
"=""4f2.(3H).5d (4H).6s""","=""5H""","=""7""","=""""","=""2.1285212""","=""""","=""""","=""0.002497""","=""""","=""  50                  :    19                             (3H)(4I) 3I        ""","="""""
"=""4f2.(3H).5d (2I).6s""","=""""","=""6""","=""""","=""2.1436717""","=""""","=""""","=""0.015151""","=""1.041""","=""  34  1I              :    18                             (3H)(2I) 3I        ""","="""""
"=""""","=""""","=""3""","=""""","=""2.1452915""","=""""","=""""","=""0.001620""","=""1.030""","=""                                                                             ""","="""""
"=""4f.5d.(3F*).6s.6p.(3P*)""","=""""","=""4""","=""""","=""2.1468407""","=""""","=""""","=""0.001549""","=""1.148""","=""  22  5F              :    10  4f2.(3H).5d (4H).6s        3H                 ""","="""""
"=""4f.5d.(3F*).6s.6p.(3P*)""","=""""","=""5""","=""""","=""2.1503490""","=""""","=""""","=""0.003508""","=""1.178""","=""  18  5G              :    10                             (3G*)(3P*) 3G      ""","="""""
"=""4f.5d.(1D*).6s.6p.(3P*)""","=""""","=""4""","=""""","=""2.1560993""","=""""","=""""","=""0.005750""","=""1.179""","=""  16  3F              :    11                             (3F*)(3P*) 5F      ""","="""""
"=""4f2.(3F).5d (4P).6s""","=""""","=""1""","=""""","=""2.1563157""","=""""","=""""","=""0.000216""","=""1.830""","=""  29  5P              :     9                             (3F)(4F) 5F        ""","="""""
"=""4f2.(3F).5d (4P).6s""","=""5P""","=""2""","=""""","=""2.1594514""","=""""","=""""","=""0.003136""","=""""","=""  46                  :    10                             (3F)(2P) 3P        ""","="""""
"=""4f.5d.(3F*).6s.6p.(3P*)""","=""""","=""4""","=""""","=""2.1621066""","=""""","=""""","=""0.002655""","=""1.232""","=""  30  5F              :     7  4f2.(3H).5d (4F).6s        5F                 ""","="""""
"=""""","=""""","=""3""","=""""","=""2.1711612""","=""""","=""""","=""0.009055""","=""0.977""","=""                                                                             ""","="""""
"=""4f2.(3H).5d (4G).6s""","=""""","=""5""","=""""","=""2.1735374""","=""""","=""""","=""0.002376""","=""1.194""","=""  26  5G              :    15  4f.5d.(3G*).6s.6p.(3P*)    5G                 ""","="""""
"=""4f.5d.(3F*).6s.6p.(3P*)""","=""""","=""4""","=""""","=""2.1840924""","=""""","=""""","=""0.010555""","=""1.161""","=""  31  5D              :    12  4f2.(3F).5d (4D).6s        5D                 ""","="""""
"=""4f.5d.(3H*).6s.6p.(3P*)""","=""""","=""6""","=""""","=""2.1882016""","=""""","=""""","=""0.004109""","=""1.184""","=""  23  3H              :    18  4f2.(3F).5d (4H).6s        5H                 ""","="""""
"=""""","=""""","=""3""","=""""","=""2.1888689""","=""""","=""""","=""0.000667""","=""1.078""","=""                                                                             ""","="""""
"=""4f2.(3F).5d (4P).6s""","=""""","=""1""","=""""","=""2.1914159""","=""""","=""""","=""0.002547""","=""0.611""","=""  19  5P              :    17                             (3F)(4F) 5F        ""","="""""
"=""4f2.(3F).5d (4G).6s""","=""""","=""2""","=""""","=""2.1932491""","=""""","=""""","=""0.001833""","=""0.595""","=""  26  5G              :    22  4f.5d.(3H*).6s.6p.(3P*)    5G                 ""","="""""
"=""4f2.6s2""","=""""","=""0""","=""""","=""2.1946193""","=""""","=""""","=""0.001370""","=""""","=""  20  3P              :    19  4f.5d.(1D*).6s.6p.(3P*)    3P                 ""","="""""
"=""4f.5d.(3H*).6s.6p.(3P*)""","=""""","=""7""","=""""","=""2.1955998""","=""""","=""""","=""0.000981""","=""1.206""","=""  28  5H              :    16  4f2.(3F).5d (4H).6s        5H                 ""","="""""
"=""4f.5d.(3G*).6s.6p.(3P*)""","=""""","=""5""","=""""","=""2.1982243""","=""""","=""""","=""0.002625""","=""1.222""","=""  16  5H              :     9  4f2.(3H).5d (4H).6s        3H                 ""","="""""
"=""4f.5d.(1G*).6s.6p.(3P*)""","=""""","=""4""","=""""","=""2.1983921""","=""""","=""""","=""0.000168""","=""1.110""","=""  10  3H              :     6  4f2.(3F).5d (4F).6s        5F                 ""","="""""
"=""4f.5d.(1P*).6s.6p.(3P*)""","=""""","=""2""","=""""","=""2.2032122""","=""""","=""""","=""0.004820""","=""0.936""","=""  12  3F              :    11                             (3G*)(3P*) 3G      ""","="""""
"=""""","=""""","=""3""","=""""","=""2.2051751""","=""""","=""""","=""0.001963""","=""1.147""","=""                                                                             ""","="""""
"=""4f2.(3F).5d (4F).6s""","=""""","=""2""","=""""","=""2.2176284""","=""""","=""""","=""0.012453""","=""1.357""","=""  18  5F              :     7                             (3F)(2P) 3P        ""","="""""
"=""4f2.(3F).5d (4H).6s""","=""""","=""4""","=""""","=""2.2184262""","=""""","=""""","=""0.000798""","=""0.917""","=""  27  3H              :    12  4f.(2F*).5d2.(3F) (4H*).6p 3H                 ""","="""""
"=""4f2.(3H).5d (4H).6s""","=""""","=""5""","=""""","=""2.2187641""","=""""","=""""","=""0.000338""","=""1.087""","=""  23  3H              :     7  4f.5d.(3H*).6s.6p.(3P*)    5H                 ""","="""""
"=""""","=""""","=""3""","=""""","=""2.2219316""","=""""","=""""","=""0.003167""","=""1.222""","=""                                                                             ""","="""""
"=""4f2.(3F).5d (4H).6s""","=""""","=""6""","=""""","=""2.2286234""","=""""","=""""","=""0.006692""","=""1.207""","=""  22  5H              :    14                             (1G)(2H) 3H        ""","="""""
"=""4f.(2F*<7/2>).6s2.6p<1/2>?""","=""""","=""4""","=""""","=""2.2315884""","=""""","=""""","=""0.002965""","=""1.040""","=""  13  (7/2,1/2)       :    12                             (5/2,3/2)          ""","="""""
"=""""","=""""","=""3""","=""""","=""2.2324163""","=""""","=""""","=""0.000828""","=""1.136""","=""                                                                             ""","="""""
"=""4f.5d.(3H*).6s.6p.(3P*)""","=""""","=""5""","=""""","=""2.2327622""","=""""","=""""","=""0.000346""","=""1.139""","=""   9  3I              :     7                             (3F*)(3P*) 5F      ""","="""""
"=""""","=""*""","=""4 or 5""","=""""","=""2.2370065""","=""""","=""""","=""0.004244""","=""""","=""                                                                             ""","="""""
"=""4f2.(3F).5d (4F).6s""","=""""","=""2""","=""""","=""2.2382483""","=""""","=""""","=""0.001242""","=""0.978""","=""  13  5F              :     8                             (3F)(4P) 5P        ""","="""""
"=""4f.5d.(1D*).6s.6p.(3P*)""","=""""","=""1""","=""""","=""2.2400140""","=""""","=""""","=""0.001766""","=""0.719""","=""  19  3D              :    12  4f2.(3F).5d (4F).6s        5F                 ""","="""""
"=""4f2.(3H).5d (2G).6s?""","=""""","=""4""","=""""","=""2.2493025""","=""""","=""""","=""0.009289""","=""1.075""","=""   9  1G              :     9                             (3F)(2F) 3F        ""","="""""
"=""4f2.(3H).5d (4F).6s""","=""""","=""4""","=""""","=""2.2518396""","=""""","=""""","=""0.002537""","=""1.161""","=""  15  5F              :    11  4f.5d.(3G*).6s.6p.(3P*)    5G                 ""","="""""
"=""""","=""*""","=""3""","=""""","=""2.2547965""","=""""","=""""","=""0.002957""","=""""","=""                                                                             ""","="""""
"=""""","=""""","=""3""","=""""","=""2.2556155""","=""""","=""""","=""0.000819""","=""1.087""","=""                                                                             ""","="""""
"=""4f.5d.(3G*).6s.6p.(3P*)""","=""""","=""5""","=""""","=""2.2558789""","=""""","=""""","=""0.000263""","=""1.025""","=""  12  5H              :    11                             (3H*)(3P*) 1H      ""","="""""
"=""4f2.6s2""","=""""","=""1""","=""""","=""2.2567567""","=""""","=""""","=""0.000878""","=""1.302""","=""  19  3P              :    12  4f.5d.(3D*).6s.6p.(3P*)    5D                 ""","="""""
"=""4f2.(3F).5d (2P).6s""","=""""","=""1""","=""""","=""2.2591399""","=""""","=""""","=""0.002383""","=""1.118""","=""  12  1P              :    12  4f.5d.(3F*).6s.6p.(3P*)    5D                 ""","="""""
"=""""","=""*""","=""5""","=""""","=""2.2592132""","=""""","=""""","=""0.000073""","=""""","=""                                                                             ""","="""""
"=""4f2.(3H).5d (4F).6s""","=""""","=""2""","=""""","=""2.2613256""","=""""","=""""","=""0.002112""","=""0.945""","=""  18  3F              :     8  4f.5d.(3D*).6s.6p.(3P*)    5F                 ""","="""""
"=""4f2.(3H<4>).6s.6p.(3P*<1>)""","=""(4,1)*""","=""3""","=""""","=""""","=""""","=""""","=""""","=""""","=""                                                                             ""","="""""
"=""4f2.(3H<4>).6s.6p.(3P*<1>)""","=""(4,1)*""","=""4""","=""""","=""""","=""""","=""""","=""""","=""""","=""                                                                             ""","="""""
"=""4f2.(3H<4>).6s.6p.(3P*<1>)""","=""(4,1)*""","=""5""","=""""","=""2.2669994""","=""""","=""""","=""""","=""0.956""","=""                                                                             ""","="""""
"=""4f.5d.(3F*).6s.6p.(3P*)""","=""""","=""6""","=""""","=""2.2682228""","=""""","=""""","=""0.001223""","=""""","=""  32  5G              :    10                             (3H*)(3P*) 3H      ""","="""""
"=""4f.5d.(3H*).6s.6p.(3P*)""","=""""","=""7""","=""""","=""2.2682469""","=""""","=""""","=""0.000024""","=""1.224""","=""  34  5H              :    16  4f2.(3H).5d (4I).6s        3I                 ""","="""""
"=""""","=""""","=""3""","=""""","=""2.2706294""","=""""","=""""","=""0.002382""","=""1.235""","=""                                                                             ""","="""""
"=""4f.5d.(3F*).6s.6p.(3P*)""","=""""","=""2""","=""""","=""2.2719693""","=""""","=""""","=""0.001340""","=""1.006""","=""  13  1D              :    12                             (3F*)(3P*) 3D      ""","="""""
"=""4f.5d.(3F*).6s.6p.(3P*)""","=""""","=""5""","=""""","=""2.2770597""","=""""","=""""","=""0.005090""","=""1.158""","=""  18  5F              :    14                             (3H*)(3P*) 3H      ""","="""""
"=""4f.5d.(3F*).6s.6p.(3P*)""","=""""","=""4""","=""""","=""2.2826942""","=""""","=""""","=""0.005634""","=""1.175""","=""  12  3G              :    12  4f2.(3F).5d (4F).6s        5F                 ""","="""""
"=""""","=""""","=""3""","=""""","=""2.2847327""","=""""","=""""","=""0.002039""","=""""","=""                                                                             ""","="""""
"=""4f2.6s2""","=""""","=""1""","=""""","=""2.2981184""","=""""","=""""","=""0.013386""","=""0.602""","=""  22  3P              :    18  4f.5d.(3D*).6s.6p.(3P*)    5F                 ""","="""""
"=""4f2.(3H).5d (2G).6s""","=""""","=""4""","=""""","=""2.2999194""","=""""","=""""","=""0.001801""","=""1.055""","=""  15  3G              :     6  4f.5d.(3G*).6s.6p.(3P*)    1G                 ""","="""""
"=""4f.5d.(3F*).6s.6p.(3P*)""","=""""","=""2""","=""""","=""2.3045872""","=""""","=""""","=""0.004668""","=""1.135""","=""  12  5D              :     7  4f2.(3F).5d (4P).6s        3P                 ""","="""""
"=""4f.5d.(3F*).6s.6p.(3P*)""","=""""","=""6""","=""""","=""2.3058905""","=""""","=""""","=""0.001303""","=""1.253""","=""  31  5G              :    17                             (3G*)(3P*) 5H      ""","="""""
"=""""","=""""","=""3""","=""""","=""2.3075178""","=""""","=""""","=""0.001627""","=""1.028""","=""                                                                             ""","="""""
"=""4f.5d.(3F*).6s.6p.(3P*)""","=""""","=""5""","=""""","=""2.3085467""","=""""","=""""","=""0.001029""","=""1.119""","=""  14  5F              :    12                             (3G*)(3P*) 5H      ""","="""""
"=""""","=""""","=""3""","=""""","=""2.3125833""","=""""","=""""","=""0.004037""","=""1.137""","=""                                                                             ""","="""""
"=""4f2.(3H).5d (4F).6s""","=""""","=""5""","=""""","=""2.3137050""","=""""","=""""","=""0.001122""","=""1.237""","=""  25  5F              :    12  4f.5d.(3F*).6s.6p.(3P*)    5F                 ""","="""""
"=""""","=""*""","=""4""","=""""","=""2.3156313""","=""""","=""""","=""0.001926""","=""""","=""                                                                             ""","="""""
"=""4f.(2F*<5/2>).6s2.6p<3/2>""","=""""","=""4""","=""""","=""2.3176110""","=""""","=""""","=""0.001980""","=""1.110""","=""  11  (5/2,3/2)       :     7                             (7/2,3/2)          ""","="""""
"=""4f2.(3H).5d (4F).6s""","=""""","=""2""","=""""","=""2.3193107""","=""""","=""""","=""0.001700""","=""0.844""","=""  21  3F              :    15  4f.5d.(3F*).6s.6p.(3P*)    3F                 ""","="""""
"=""4f.5d.(3G*).6s.6p.(3P*)?""","=""""","=""1""","=""""","=""2.3219457""","=""""","=""""","=""0.002635""","=""0.625""","=""  13  5F              :    12  4f2.(3F).5d (4F).6s        5F                 ""","="""""
"=""""","=""*""","=""5""","=""""","=""2.3224973""","=""""","=""""","=""0.000552""","=""""","=""                                                                             ""","="""""
"=""""","=""""","=""3""","=""""","=""2.3257592""","=""""","=""""","=""0.003262""","=""1.047""","=""                                                                             ""","="""""
"=""""","=""*""","=""5""","=""""","=""2.3297381""","=""""","=""""","=""0.003979""","=""""","=""                                                                             ""","="""""
"=""4f2.(3F).5d (4G).6s?""","=""""","=""5""","=""""","=""2.3348434""","=""""","=""""","=""0.005105""","=""1.141""","=""  11  5G              :     9  4f.5d.(3G*).6s.6p.(3P*)    3G                 ""","="""""
"=""4f.5d.(3G*).6s.6p.(3P*)""","=""""","=""4""","=""""","=""2.3397809""","=""""","=""""","=""0.004938""","=""1.100""","=""   9  3G              :     9                             (3F*)(3P*) 3G      ""","="""""
"=""4f.5d.(1D*).6s.6p.(3P*)""","=""""","=""2""","=""""","=""2.3409037""","=""""","=""""","=""0.001123""","=""0.934""","=""  14  3D              :     7                             (3G*)(3P*) 5F      ""","="""""
"=""4f2.(3F).5d (4H).6s""","=""""","=""7""","=""""","=""2.3485680""","=""""","=""""","=""0.007664""","=""1.257""","=""  39  5H              :    22  4f.5d.(3H*).6s.6p.(3P*)    5H                 ""","="""""
"=""4f2.(3F).5d (4H).6s?""","=""""","=""5""","=""""","=""2.3486343""","=""""","=""""","=""0.000066""","=""1.160""","=""  13  3H              :     5                             (3F)(4F) 5F        ""","="""""
"=""4f2.(3F).5d (2P).6s?""","=""""","=""1""","=""""","=""2.3524608""","=""""","=""""","=""0.003826""","=""0.842""","=""  15  3P              :    12                             (3F)(2P) 1P        ""","="""""
"=""4f2.(3F).5d (2D).6s""","=""""","=""2""","=""""","=""2.3541066""","=""""","=""""","=""0.001646""","=""1.121""","=""  12  1D              :     9                             (3F)(2D) 3D        ""","="""""
"=""4f.(2F*).5d2.(3F) (4H*).6p""","=""""","=""4""","=""""","=""2.3575425""","=""""","=""""","=""0.003436""","=""0.911""","=""  26  5I              :    15  4f2.(3F).5d (4H).6s        3H                 ""","="""""
"=""4f.5d.(3H*).6s.6p.(3P*)""","=""""","=""5""","=""""","=""2.3634485""","=""""","=""""","=""0.005906""","=""1.097""","=""  12  5G              :    11  4f2.(3F).5d (4H).6s        3H                 ""","="""""
"=""4f2.(3H).5d (4H).6s""","=""""","=""6""","=""""","=""2.3646394""","=""""","=""""","=""0.001191""","=""1.122""","=""  17  3H              :    15  4f.5d.(3H*).6s.6p.(3P*)    3I                 ""","="""""
"=""""","=""""","=""3""","=""""","=""2.3647380""","=""""","=""""","=""0.000099""","=""1.009""","=""                                                                             ""","="""""
"=""""","=""*""","=""5""","=""""","=""2.3648424""","=""""","=""""","=""0.000104""","=""""","=""                                                                             ""","="""""
"=""4f2.(3F).5d (2D).6s""","=""""","=""2""","=""""","=""2.3753060""","=""""","=""""","=""0.010464""","=""1.020""","=""   9  1D              :     9  4f.5d.(1D*).6s.6p.(3P*)    3D                 ""","="""""
"=""4f.5d.(3G*).6s.6p.(3P*)""","=""""","=""4""","=""""","=""2.3830209""","=""""","=""""","=""0.007715""","=""1.137""","=""  14  3G              :     6  4f2.(3F).5d (4F).6s        5F                 ""","="""""
"=""4f.5d.(3H*).6s.6p.(3P*)""","=""""","=""6""","=""""","=""2.3848482""","=""""","=""""","=""0.001827""","=""1.097""","=""  16  3I              :    13                             (3G*)(3P*) 5H      ""","="""""
"=""4f2.(3H).5d (2G).6s""","=""""","=""4""","=""""","=""2.3860495""","=""""","=""""","=""0.001201""","=""1.000""","=""  13  1G              :     9  4f.(2F*).5d2.(3F) (4I*).6p 3H                 ""","="""""
"=""""","=""""","=""3""","=""""","=""2.3864016""","=""""","=""""","=""0.000352""","=""1.067""","=""                                                                             ""","="""""
"=""4f.(2F*).5d2.(3F) (4I*).6p""","=""""","=""4""","=""""","=""2.3924429""","=""""","=""""","=""0.006041""","=""0.926""","=""  22  3H              :     9  4f.5d.(3H*).6s.6p.(1P*)    3H                 ""","="""""
"=""""","=""""","=""2""","=""""","=""2.3955011""","=""""","=""""","=""0.003058""","=""1.334""","=""                                                                             ""","="""""
"=""""","=""""","=""2""","=""""","=""2.3966412""","=""""","=""""","=""0.001140""","=""0.961""","=""                                                                             ""","="""""
"=""4f.5d.(3H*).6s.6p.(3P*)""","=""""","=""5""","=""""","=""2.3987302""","=""""","=""""","=""0.002089""","=""1.198""","=""  18  5G              :    14                             (3F*)(3P*) 3G      ""","="""""
"=""4f2.(3H).5d (4H).6s""","=""""","=""6""","=""""","=""2.3987895""","=""""","=""""","=""0.000059""","=""1.193""","=""  21  3H              :     9                             (3F)(4H) 3H        ""","="""""
"=""4f2.6s2""","=""""","=""1""","=""""","=""2.4006428""","=""""","=""""","=""0.001853""","=""1.392""","=""  15  3P              :    11  4f.5d.(3D*).6s.6p.(3P*)    3P                 ""","="""""
"=""""","=""""","=""3""","=""""","=""2.4060568""","=""""","=""""","=""0.005414""","=""1.158""","=""                                                                             ""","="""""
"=""""","=""""","=""2""","=""""","=""2.4065206""","=""""","=""""","=""0.000464""","=""0.922""","=""                                                                             ""","="""""
"=""""","=""""","=""3""","=""""","=""2.4124093""","=""""","=""""","=""0.005889""","=""0.972""","=""                                                                             ""","="""""
"=""""","=""*""","=""4""","=""""","=""2.4189729""","=""""","=""""","=""0.006564""","=""""","=""                                                                             ""","="""""
"=""""","=""*""","=""4 or 5""","=""""","=""2.4214585""","=""""","=""""","=""0.002486""","=""""","=""                                                                             ""","="""""
"=""4f.5d.(3D*).6s.6p.(3P*)""","=""""","=""4""","=""""","=""2.4231602""","=""""","=""""","=""0.001702""","=""1.187""","=""  12  5F              :     9  4f2.(3H).5d (4F).6s        5F                 ""","="""""
"=""4f.5d.(1D*).6s.6p.(3P*)?""","=""""","=""1""","=""""","=""2.4259816""","=""""","=""""","=""0.002821""","=""0.836""","=""  18  3D              :    12  4f2.(3F).5d (2D).6s        3D                 ""","="""""
"=""""","=""""","=""2""","=""""","=""2.4295150""","=""""","=""""","=""0.003533""","=""0.826""","=""                                                                             ""","="""""
"=""""","=""*""","=""3""","=""""","=""2.4331339""","=""""","=""""","=""0.003619""","=""""","=""                                                                             ""","="""""
"=""4f.5d.(3G*).6s.6p.(3P*)?""","=""""","=""6""","=""""","=""2.4334720""","=""""","=""""","=""0.000338""","=""1.075""","=""  23  5H              :    17                             (3G*)(3P*) 5G      ""","="""""
"=""""","=""""","=""3""","=""""","=""2.4346326""","=""""","=""""","=""0.001161""","=""1.052""","=""                                                                             ""","="""""
"=""4f.(2F*).5d2.(3F) (4H*).6p?""","=""""","=""5""","=""""","=""2.4376627""","=""""","=""""","=""0.003030""","=""1.047""","=""  22  5I              :    10  4f2.(3F).5d (4H).6s        3H                 ""","="""""
"=""4f2.(3F).5d (4D).6s""","=""""","=""4""","=""""","=""2.4400187""","=""""","=""""","=""0.002356""","=""1.260""","=""  15  5D              :    10  4f.5d.(1G*).6s.6p.(3P*)    3F                 ""","="""""
"=""4f2.(3H).5d (2K).6s?""","=""3K?""","=""6""","=""""","=""2.4400516""","=""""","=""""","=""0.000033""","=""1.06""","=""  45                  :     7                             (3H)(4H) 3H        ""","="""""
"=""""","=""""","=""3""","=""""","=""2.4438535""","=""""","=""""","=""0.003802""","=""0.946""","=""                                                                             ""","="""""
"=""4f.5d.(3D*).6s.6p.(3P*)?""","=""""","=""1""","=""""","=""2.4510228""","=""""","=""""","=""0.007169""","=""0.813""","=""   9  1P              :     9  4f2.(3F).5d (4D).6s        3D                 ""","="""""
"=""""","=""*""","=""5""","=""""","=""2.4527651""","=""""","=""""","=""0.001742""","=""""","=""                                                                             ""","="""""
"=""4f.(2F*).5d2.(3F) (4I*).6p""","=""5K""","=""5""","=""""","=""2.4538630""","=""""","=""""","=""0.001098""","=""0.836""","=""  34                  :    18  4f.5d.(3H*).6s.6p.(3P*)    3I                 ""","="""""
"=""4f.(2F*).5d2.(3F) (4I*).6p""","=""5K""","=""6""","=""""","=""2.5530748""","=""""","=""""","=""0.099212""","=""0.961""","=""  51                  :    11                             (2F*)(3F) (4H*) 5I ""","="""""
"=""4f.(2F*).5d2.(3F) (4I*).6p""","=""5K""","=""7""","=""""","=""2.6847613""","=""""","=""""","=""0.131686""","=""1.053""","=""  66                  :     5                             (2F*)(3F) (4H*) 5I ""","="""""
"=""4f.(2F*).5d2.(3F) (4I*).6p""","=""5K""","=""8""","=""""","=""2.8347815""","=""""","=""""","=""0.150020""","=""1.164""","=""  59                  :    26                             (2F*)(3F) (4H*) 5I ""","="""""
"=""4f.(2F*).5d2.(3F) (4I*).6p""","=""5K""","=""9""","=""""","=""3.0190776""","=""""","=""""","=""0.184296""","=""1.222""","=""  95                  :     4  4f2.(3H).5d (4K).6s        5K                 ""","="""""
"=""""","=""""","=""2""","=""""","=""2.4555430""","=""""","=""""","=""-0.563535""","=""1.244""","=""                                                                             ""","="""""
"=""4f2.(3H).5d (2K).6s""","=""""","=""7""","=""""","=""2.4594666""","=""""","=""""","=""0.003924""","=""""","=""  40  1K              :    30                             (3H)(2K) 3K        ""","="""""
"=""4f2.(3F).5d (4F).6s""","=""""","=""4""","=""""","=""2.4599247""","=""""","=""""","=""0.000458""","=""1.211""","=""  21  5F              :     5                             (3F)(2G) 1G        ""","="""""
"=""4f.(2F*).5d2.(3F) (4I*).6p?""","=""""","=""5""","=""""","=""2.4603057""","=""""","=""""","=""0.000381""","=""1.008""","=""  15  5K              :    10  4f2.(1G).5d (2H).6s        3H                 ""","="""""
"=""""","=""*""","=""4 or 5""","=""""","=""2.4627363""","=""""","=""""","=""0.002431""","=""""","=""                                                                             ""","="""""
"=""""","=""""","=""2""","=""""","=""2.4648935""","=""""","=""""","=""0.002157""","=""0.779""","=""                                                                             ""","="""""
"=""""","=""""","=""3""","=""""","=""2.4708151""","=""""","=""""","=""0.005922""","=""1.157""","=""                                                                             ""","="""""
"=""""","=""*""","=""2""","=""""","=""2.4724163""","=""""","=""""","=""0.001601""","=""""","=""                                                                             ""","="""""
"=""4f.5d.(3P*).6s.6p.(3P*)?""","=""""","=""1""","=""""","=""2.4748995""","=""""","=""""","=""0.002483""","=""""","=""  15  5P              :    10                             (3D*)(3P*) 5P      ""","="""""
"=""""","=""*""","=""5 or 6""","=""""","=""2.4774694""","=""""","=""""","=""0.002570""","=""""","=""                                                                             ""","="""""
"=""""","=""""","=""3""","=""""","=""2.4783184""","=""""","=""""","=""0.000849""","=""1.086""","=""                                                                             ""","="""""
"=""""","=""""","=""3""","=""""","=""2.4835249""","=""""","=""""","=""0.005206""","=""0.950""","=""                                                                             ""","="""""
"=""4f2.(3F).5d (4H).6s""","=""""","=""6""","=""""","=""2.4875173""","=""""","=""""","=""0.003992""","=""1.106""","=""  33  3H              :    15                             (3H)(2K) 3K        ""","="""""
"=""""","=""""","=""4""","=""""","=""2.4936452""","=""""","=""""","=""0.006128""","=""1.116""","=""                                                                             ""","="""""
"=""4f2.(3F).5d (4P).6s?""","=""""","=""1""","=""""","=""2.4973336""","=""""","=""""","=""0.003688""","=""""","=""  13  3P              :    10                             (3F)(4D) 5D        ""","="""""
"=""""","=""""","=""4""","=""""","=""2.5013139""","=""""","=""""","=""0.003980""","=""0.879""","=""                                                                             ""","="""""
"=""""","=""""","=""2""","=""""","=""2.5046003""","=""""","=""""","=""0.003286""","=""1.190""","=""                                                                             ""","="""""
"=""""","=""""","=""3""","=""""","=""2.5097112""","=""""","=""""","=""0.005111""","=""1.017""","=""                                                                             ""","="""""
"=""""","=""""","=""3""","=""""","=""2.5128851""","=""""","=""""","=""0.003174""","=""1.19""","=""                                                                             ""","="""""
"=""4f.5d.(3G*).6s.6p.(3P*)""","=""""","=""5""","=""""","=""2.5139185""","=""""","=""""","=""0.001033""","=""1.169""","=""  16  3G              :    16  4f.(2F*<7/2>).6s2.6p<3/2>  (7/2,3/2)          ""","="""""
"=""""","=""""","=""4""","=""""","=""2.5193639""","=""""","=""""","=""0.005445""","=""1.137""","=""                                                                             ""","="""""
"=""4f.5d.(3G*).6s.6p.(3P*)""","=""""","=""5""","=""""","=""2.5217013""","=""""","=""""","=""0.002337""","=""0.996""","=""  12  3H              :    12  4f.(2F*).5d2.(3F) (4I*).6p 5K                 ""","="""""
"=""4f.5d.(3H*).6s.6p.(3P*)""","=""""","=""6""","=""""","=""2.5225851""","=""""","=""""","=""0.000884""","=""1.282""","=""  32  5G              :    19  4f2.(3F).5d (4G).6s        5G                 ""","="""""
"=""4f.5d.(3P*).6s.6p.(3P*)""","=""""","=""1""","=""""","=""2.5292436""","=""""","=""""","=""0.006658""","=""1.533""","=""  22  5P              :    10                             (3P*)(3P*) 5D      ""","="""""
"=""""","=""""","=""4""","=""""","=""2.5306903""","=""""","=""""","=""0.001447""","=""1.088""","=""                                                                             ""","="""""
"=""""","=""""","=""3""","=""""","=""2.5330788""","=""""","=""""","=""0.002389""","=""1.275""","=""                                                                             ""","="""""
"=""""","=""""","=""2""","=""""","=""2.5331000""","=""""","=""""","=""0.000021""","=""1.216""","=""                                                                             ""","="""""
"=""4f.5d.(3G*).6s.6p.(3P*)""","=""5H""","=""7""","=""""","=""2.5352428""","=""""","=""""","=""0.002143""","=""1.275""","=""  75                  :     6  4f2.(3H).5d (4H).6s        5H                 ""","="""""
"=""4f2.(3F).5d (4F).6s""","=""""","=""5""","=""""","=""2.5414920""","=""""","=""""","=""0.006249""","=""1.212""","=""  28  5F              :    10  4f.(2F*).5d2.(3F) (2G*).6p 3G                 ""","="""""
"=""4f2.6s2""","=""1I""","=""6""","=""""","=""2.5427999""","=""""","=""""","=""0.001308""","=""1.00""","=""  64                  :    10  4f.5d.(1H*).6s.6p.(1P*)    1I                 ""","="""""
"=""""","=""""","=""4""","=""""","=""2.5428917""","=""""","=""""","=""0.000092""","=""1.163""","=""                                                                             ""","="""""
"=""""","=""""","=""2""","=""""","=""2.5434076""","=""""","=""""","=""0.000516""","=""1.107""","=""                                                                             ""","="""""
"=""4f2.(3F).5d (4D).6s""","=""""","=""1""","=""""","=""2.5493828""","=""""","=""""","=""0.005975""","=""""","=""  16  3D              :    10                             (3F)(2P) 1P        ""","="""""
"=""""","=""""","=""3""","=""""","=""2.5557076""","=""""","=""""","=""0.006325""","=""1.130""","=""                                                                             ""","="""""
"=""""","=""*""","=""4""","=""""","=""2.5567930""","=""""","=""""","=""0.001085""","=""""","=""                                                                             ""","="""""
"=""""","=""""","=""2""","=""""","=""2.5570967""","=""""","=""""","=""0.000304""","=""0.889""","=""                                                                             ""","="""""
"=""4f.(2F*).5d2.(3F) (4I*).6p""","=""""","=""5""","=""""","=""2.5580177""","=""""","=""""","=""0.000921""","=""1.016""","=""  13  3H              :    10                             (2F*)(3F) (4I*) 5K ""","="""""
"=""""","=""""","=""3""","=""""","=""2.5616535""","=""""","=""""","=""0.003636""","=""0.885""","=""                                                                             ""","="""""
"=""""","=""""","=""2""","=""""","=""2.5675244""","=""""","=""""","=""0.005871""","=""1.288""","=""                                                                             ""","="""""
"=""4f.(2F*).5d2.(3F) (4I*).6p""","=""""","=""5""","=""""","=""2.5702092""","=""""","=""""","=""0.002685""","=""1.056""","=""  10  3H              :     6  4f.5d.(3H*).6s.6p.(3P*)    3I                 ""","="""""
"=""""","=""""","=""4""","=""""","=""2.5723295""","=""""","=""""","=""0.002120""","=""1.125""","=""                                                                             ""","="""""
"=""""","=""""","=""4""","=""""","=""2.5745706""","=""""","=""""","=""0.002241""","=""1.103""","=""                                                                             ""","="""""
"=""""","=""""","=""3""","=""""","=""2.5767028""","=""""","=""""","=""0.002132""","=""1.348""","=""                                                                             ""","="""""
"=""""","=""""","=""1""","=""""","=""2.5778640""","=""""","=""""","=""0.001161""","=""1.230""","=""                                                                             ""","="""""
"=""4f.5d.(3H*).6s.6p.(3P*)""","=""3I""","=""7""","=""""","=""2.5804733""","=""""","=""""","=""0.002609""","=""1.145""","=""  48                  :    11  4f.(2F*).5d2.(3F) (4I*).6p 3I                 ""","="""""
"=""4f.(2F*).5d2.(3F) (4H*).6p""","=""5I""","=""6""","=""""","=""2.5841412""","=""""","=""""","=""0.003668""","=""1.100""","=""  51                  :     8                             (2F*)(3F) (4I*) 5K ""","="""""
"=""4f.(2F*).5d2.(3F) (4H*).6p""","=""5I""","=""7""","=""""","=""2.7355220""","=""""","=""""","=""0.151381""","=""1.171""","=""  75                  :     5  4f2.(3H).5d (4I).6s        5I                 ""","="""""
"=""4f.(2F*).5d2.(3F) (4H*).6p""","=""5I""","=""8""","=""""","=""2.8866896""","=""""","=""""","=""0.151168""","=""1.233""","=""  60                  :    32                             (2F*)(3F) (4I*) 5K ""","="""""
"=""""","=""""","=""4""","=""""","=""2.5921520""","=""""","=""""","=""-0.294538""","=""1.148""","=""                                                                             ""","="""""
"=""""","=""""","=""2""","=""""","=""2.5947039""","=""""","=""""","=""0.002552""","=""1.002""","=""                                                                             ""","="""""
"=""""","=""""","=""2""","=""""","=""2.5990321""","=""""","=""""","=""0.004328""","=""0.996""","=""                                                                             ""","="""""
"=""""","=""""","=""4""","=""""","=""2.6034222""","=""""","=""""","=""0.004390""","=""1.054""","=""                                                                             ""","="""""
"=""4f.5d.(3D*).6s.6p.(3P*)""","=""""","=""1""","=""""","=""2.6035243""","=""""","=""""","=""0.000102""","=""1.209""","=""  36  5P              :     6                             (3P*)(3P*) 5P      ""","="""""
"=""4f.5d.(3G*).6s.6p.(3P*)""","=""""","=""1""","=""""","=""2.6058848""","=""""","=""""","=""0.002360""","=""0.468""","=""  24  5F              :    14                             (3D*)(3P*) 5F      ""","="""""
"=""""","=""""","=""2""","=""""","=""2.6065388""","=""""","=""""","=""0.000654""","=""0.953""","=""                                                                             ""","="""""
"=""4f.(2F*).5d2.(3F) (4H*).6p""","=""""","=""5""","=""""","=""2.6110477""","=""""","=""""","=""0.004509""","=""1.075""","=""  19  5I              :    10                             (2F*)(3F) (2G*) 3H ""","="""""
"=""4f.5d.(3D*).6s.6p.(3P*)""","=""""","=""0""","=""""","=""2.6121574""","=""""","=""""","=""0.001110""","=""""","=""  18  3P              :    11                             (3P*)(3P*) 5D      ""","="""""
"=""""","=""""","=""4""","=""""","=""2.6131501""","=""""","=""""","=""0.000993""","=""0.949""","=""                                                                             ""","="""""
"=""4f.(2F*).5d2.(3F) (4H*).6p""","=""""","=""6""","=""""","=""2.6160746""","=""""","=""""","=""0.002925""","=""1.069""","=""  11  3H              :     9  4f2.(1G).5d (2H).6s        3H                 ""","="""""
"=""4f.5d.(3D*).6s.6p.(3P*)""","=""""","=""5""","=""""","=""2.6227249""","=""""","=""""","=""0.006650""","=""1.250""","=""  15  5F              :    12                             (3G*)(3P*) 5F      ""","="""""
"=""""","=""""","=""3""","=""""","=""2.6233607""","=""""","=""""","=""0.000636""","=""1.225""","=""                                                                             ""","="""""
"=""""","=""""","=""4""","=""""","=""2.6236534""","=""""","=""""","=""0.000293""","=""0.700""","=""                                                                             ""","="""""
"=""4f.(2F*).5d2.(3F) (4D*).6p""","=""""","=""1""","=""""","=""2.6241577""","=""""","=""""","=""0.000504""","=""0.85""","=""  17  5F              :    10  5d3.(4F).6s                5F                 ""","="""""
"=""""","=""""","=""2""","=""""","=""2.6246199""","=""""","=""""","=""0.000462""","=""1.128""","=""                                                                             ""","="""""
"=""4f.5d.(3D*).6s.6p.(3P*)""","=""""","=""5""","=""""","=""2.6317334""","=""""","=""""","=""0.007113""","=""1.134""","=""  14  5F              :    13  4f.(2F*).5d2.(3F) (2G*).6p 3H                 ""","="""""
"=""""","=""""","=""3""","=""""","=""2.6331660""","=""""","=""""","=""0.001433""","=""1.010""","=""                                                                             ""","="""""
"=""""","=""""","=""4""","=""""","=""2.6368839""","=""""","=""""","=""0.003718""","=""1.107""","=""                                                                             ""","="""""
"=""4f2.(3H).5d (2K).6s""","=""""","=""7""","=""""","=""2.6427227""","=""""","=""""","=""0.005839""","=""1.014""","=""  32  1K              :    31                             (3H)(2K) 3K        ""","="""""
"=""4f.5d.(3H*).6s.6p.(3P*)""","=""""","=""6""","=""""","=""2.6439303""","=""""","=""""","=""0.001208""","=""1.043""","=""  21  1I              :     9  4f.(2F*).5d2.(3F) (4I*).6p 3I                 ""","="""""
"=""""","=""""","=""3""","=""""","=""2.6459299""","=""""","=""""","=""0.002000""","=""1.108""","=""                                                                             ""","="""""
"=""""","=""""","=""2""","=""""","=""2.6502211""","=""""","=""""","=""0.004291""","=""0.950""","=""                                                                             ""","="""""
"=""""","=""""","=""3""","=""""","=""2.6531396""","=""""","=""""","=""0.002918""","=""1.265""","=""                                                                             ""","="""""
"=""""","=""""","=""2""","=""""","=""2.6558372""","=""""","=""""","=""0.002698""","=""1.114""","=""                                                                             ""","="""""
"=""4f2.(1G).5d (2D).6s""","=""""","=""1""","=""""","=""2.6571758""","=""""","=""""","=""0.001339""","=""0.640""","=""  13  3D              :    11  4f.(2F*).5d2.(3F) (4F*).6p 3D                 ""","="""""
"=""4f.5d.(3H*).6s.6p.(3P*)""","=""""","=""5""","=""""","=""2.6602704""","=""""","=""""","=""0.003095""","=""1.200""","=""  21  5G              :     9                             (3G*)(3P*) 5G      ""","="""""
"=""""","=""""","=""3""","=""""","=""2.6656497""","=""""","=""""","=""0.005379""","=""1.153""","=""                                                                             ""","="""""
"=""""","=""""","=""4""","=""""","=""2.6681755""","=""""","=""""","=""0.002526""","=""1.107""","=""                                                                             ""","="""""
"=""4f.5d.(3H*).6s.6p.(3P*)""","=""""","=""5""","=""""","=""2.6757536""","=""""","=""""","=""0.007578""","=""1.134""","=""  10  5G              :     7  4f.(2F*).5d2.(3F) (2I*).6p 3I                 ""","="""""
"=""""","=""""","=""3""","=""""","=""2.6758767""","=""""","=""""","=""0.000123""","=""1.148""","=""                                                                             ""","="""""
"=""""","=""""","=""4""","=""""","=""2.6804432""","=""""","=""""","=""0.004567""","=""1.021""","=""                                                                             ""","="""""
"=""""","=""""","=""2""","=""""","=""2.6809437""","=""""","=""""","=""0.000500""","=""1.503?""","=""                                                                             ""","="""""
"=""""","=""""","=""3""","=""""","=""2.6856883""","=""""","=""""","=""0.004745""","=""0.843""","=""                                                                             ""","="""""
"=""4f.(2F*).5d2.(3F) (2S*).6p""","=""""","=""0""","=""""","=""2.6860955""","=""""","=""""","=""0.000407""","=""""","=""  41  3P              :     8                             (2F*)(3F) (4P*) 3P ""","="""""
"=""4f2.(1G).5d (2I).6s""","=""""","=""5""","=""""","=""2.6884389""","=""""","=""""","=""0.002343""","=""0.934""","=""   9  3I              :     8                             (3F)(4G) 3G        ""","="""""
"=""""","=""""","=""2""","=""""","=""2.6920207""","=""""","=""""","=""0.003582""","=""1.395""","=""                                                                             ""","="""""
"=""4f2.(3H).5d (2K).6s""","=""3K""","=""8""","=""""","=""2.6931933""","=""""","=""""","=""0.001173""","=""""","=""  65                  :    10                             (1I)(2K) 3K        ""","="""""
"=""4f.(2F*).5d2.(3F) (4I*).6p""","=""5I""","=""5""","=""""","=""2.6935999""","=""""","=""""","=""0.000407""","=""0.997""","=""  45                  :     8                             (2F*)(3F) (2G*) 3H ""","="""""
"=""4f.(2F*).5d2.(3F) (4I*).6p""","=""5I""","=""6""","=""""","=""2.7674634""","=""""","=""""","=""0.073863""","=""1.057""","=""  41                  :     5                             (2F*)(3F) (2I*) 3I ""","="""""
"=""4f.(2F*).5d2.(3F) (4I*).6p""","=""5I""","=""7""","=""""","=""2.9077550""","=""""","=""""","=""0.140292""","=""1.157""","=""  38                  :     8  4f2.(1G).5d (2I).6s        3I                 ""","="""""
"=""4f.(2F*).5d2.(3F) (4I*).6p""","=""5I""","=""8""","=""""","=""3.0571088""","=""""","=""""","=""0.149354""","=""1.238""","=""  70                  :    11  4f2.(3H).5d2.(3F)          5I                 ""","="""""
"=""4f.(2F*).5d2.(1D) (2P*).6p""","=""""","=""1""","=""""","=""2.6936640""","=""""","=""""","=""-0.363445""","=""1.337""","=""  10  3S              :     7                             (2F*)(3F) (4P*) 3S ""","="""""
"=""""","=""""","=""2""","=""""","=""2.7012145""","=""""","=""""","=""0.007550""","=""1.186""","=""                                                                             ""","="""""
"=""""","=""*""","=""5 or 6""","=""""","=""2.7023807""","=""""","=""""","=""0.001166""","=""""","=""                                                                             ""","="""""
"=""""","=""""","=""3""","=""""","=""2.7044979""","=""""","=""""","=""0.002117""","=""1.048""","=""                                                                             ""","="""""
"=""4f.5d.(1F*).6s.6p.(3P*)""","=""""","=""1""","=""""","=""2.7057711""","=""""","=""""","=""0.001273""","=""0.653""","=""  17  3D              :    11  4f2.(1G).5d (2D).6s        3D                 ""","="""""
"=""4f.(2F*).5d2.(3F) (2G*).6p""","=""""","=""6""","=""""","=""2.7124631""","=""""","=""""","=""0.006692""","=""1.128""","=""  24  3H              :    14                             (2F*)(3F) (4H*) 5I ""","="""""
"=""""","=""""","=""4""","=""""","=""2.7134619""","=""""","=""""","=""0.000999""","=""1.156""","=""                                                                             ""","="""""
"=""""","=""""","=""5""","=""""","=""2.7210625""","=""""","=""""","=""0.007601""","=""1.084""","=""                                                                             ""","="""""
"=""""","=""""","=""3""","=""""","=""2.7213137""","=""""","=""""","=""0.000251""","=""1.099""","=""                                                                             ""","="""""
"=""""","=""""","=""4""","=""""","=""2.7268928""","=""""","=""""","=""0.005579""","=""1.213""","=""                                                                             ""","="""""
"=""""","=""""","=""2""","=""""","=""2.7269615""","=""""","=""""","=""0.000069""","=""1.45""","=""                                                                             ""","="""""
"=""""","=""""","=""4""","=""""","=""2.7355512""","=""""","=""""","=""0.008590""","=""1.156""","=""                                                                             ""","="""""
"=""4f.5d.(3H*).6s.6p.(3P*)""","=""""","=""6""","=""""","=""2.7357071""","=""""","=""""","=""0.000156""","=""1.150""","=""  17  5G              :    16  4f.(2F*).5d2.(3F) (2G*).6p 3H                 ""","="""""
"=""""","=""""","=""2""","=""""","=""2.7390723""","=""""","=""""","=""0.003365""","=""1.014""","=""                                                                             ""","="""""
"=""""","=""""","=""3""","=""""","=""2.7434470""","=""""","=""""","=""0.004375""","=""1.087""","=""                                                                             ""","="""""
"=""4f.(2F*).5d2.(3F) (2S*).6p""","=""""","=""1""","=""""","=""2.7478003""","=""""","=""""","=""0.004353""","=""0.806""","=""  11  3P              :     9                             (2F*)(3F) (4F*) 5F ""","="""""
"=""""","=""""","=""2""","=""""","=""2.7487451""","=""""","=""""","=""0.000945""","=""0.745""","=""                                                                             ""","="""""
"=""""","=""""","=""5""","=""""","=""2.7505121""","=""""","=""""","=""0.001767""","=""1.092""","=""                                                                             ""","="""""
"=""""","=""""","=""3""","=""""","=""2.7513036""","=""""","=""""","=""0.000792""","=""0.938""","=""                                                                             ""","="""""
"=""""","=""""","=""4""","=""""","=""2.7537616""","=""""","=""""","=""0.002458""","=""1.082""","=""                                                                             ""","="""""
"=""""","=""""","=""2""","=""""","=""2.7548979""","=""""","=""""","=""0.001136""","=""1.179""","=""                                                                             ""","="""""
"=""""","=""""","=""1""","=""""","=""2.7581624""","=""""","=""""","=""0.003264""","=""1.322""","=""                                                                             ""","="""""
"=""""","=""""","=""3""","=""""","=""2.7637629""","=""""","=""""","=""0.005601""","=""1.233""","=""                                                                             ""","="""""
"=""""","=""""","=""4""","=""""","=""2.7679676""","=""""","=""""","=""0.004205""","=""1.106""","=""                                                                             ""","="""""
"=""""","=""""","=""5""","=""""","=""2.7717896""","=""""","=""""","=""0.003822""","=""1.083""","=""                                                                             ""","="""""
"=""""","=""""","=""2""","=""""","=""2.7723063""","=""""","=""""","=""0.000517""","=""1.165""","=""                                                                             ""","="""""
"=""4f.5d.(3P*).6s.6p.(3P*)?""","=""""","=""1""","=""""","=""2.7762578""","=""""","=""""","=""0.003952""","=""1.500""","=""  37  5D              :    19                             (3D*)(3P*) 5D      ""","="""""
"=""4f.5d.(3H*).6s.6p.(3P*)""","=""""","=""6""","=""""","=""2.7820773""","=""""","=""""","=""0.005819""","=""1.126""","=""   9  1I              :     7                             (3H*)(3P*) 5G      ""","="""""
"=""""","=""""","=""3""","=""""","=""2.7868407""","=""""","=""""","=""0.004763""","=""0.990""","=""                                                                             ""","="""""
"=""""","=""""","=""4""","=""""","=""2.7901056""","=""""","=""""","=""0.003265""","=""1.049""","=""                                                                             ""","="""""
"=""""","=""""","=""5""","=""""","=""2.7919623""","=""""","=""""","=""0.001857""","=""1.080""","=""                                                                             ""","="""""
"=""""","=""""","=""2""","=""""","=""2.7957268""","=""""","=""""","=""0.003765""","=""1.185""","=""                                                                             ""","="""""
"=""4f.(2F*).5d2.(3F) (4I*).6p""","=""""","=""6""","=""""","=""2.7969094""","=""""","=""""","=""0.001183""","=""1.180""","=""  17  5I              :    11  4f.5d.(3H*).6s.6sp.(3P*)   5G                 ""","="""""
"=""4f.(2F*).5d2.(3F) (2S*).6p?""","=""""","=""1""","=""""","=""2.7980070""","=""""","=""""","=""0.001098""","=""1.476""","=""  14  3P              :     8                             (2F*)(1D) (2P*) 3S ""","="""""
"=""""","=""""","=""3""","=""""","=""2.8021026""","=""""","=""""","=""0.004096""","=""1.250""","=""                                                                             ""","="""""
"=""""","=""""","=""2""","=""""","=""2.8094925""","=""""","=""""","=""0.007390""","=""0.955""","=""                                                                             ""","="""""
"=""4f.(2F*).5d2.(3F) (2P*).6p""","=""""","=""0""","=""""","=""2.8117155""","=""""","=""""","=""0.002223""","=""""","=""  14  1S              :    13                             (2F*)(1D) (2P*) 1S ""","="""""
"=""""","=""""","=""3""","=""""","=""2.8160621""","=""""","=""""","=""0.004347""","=""1.155""","=""                                                                             ""","="""""
"=""4f.(2F*).5d2.(3F) (4I*).6p""","=""""","=""7""","=""""","=""2.8193207""","=""""","=""""","=""0.003259""","=""1.135""","=""  15  3I              :    13  4f2.(1G).5d (2I).6s        3I                 ""","="""""
"=""""","=""""","=""5""","=""""","=""2.8194806""","=""""","=""""","=""0.000160""","=""1.093""","=""                                                                             ""","="""""
"=""""","=""""","=""4""","=""""","=""2.8195848""","=""""","=""""","=""0.000104""","=""1.021""","=""                                                                             ""","="""""
"=""""","=""""","=""4""","=""""","=""2.8245050""","=""""","=""""","=""0.004920""","=""1.156""","=""                                                                             ""","="""""
"=""""","=""""","=""2""","=""""","=""2.8266767""","=""""","=""""","=""0.002172""","=""1.266""","=""                                                                             ""","="""""
"=""""","=""""","=""3""","=""""","=""2.8323916""","=""""","=""""","=""0.005715""","=""1.036""","=""                                                                             ""","="""""
"=""4f.(2F*).5d2.(3F) (4I*).6p""","=""""","=""6""","=""""","=""2.8331648""","=""""","=""""","=""0.000773""","=""1.141""","=""  28  3H              :    14  4f.5d.(3H*).6s.6p.(1P*)    3H                 ""","="""""
"=""""","=""""","=""5""","=""""","=""2.8371000""","=""""","=""""","=""0.003935""","=""1.147""","=""                                                                             ""","="""""
"=""""","=""""","=""4""","=""""","=""2.8403027""","=""""","=""""","=""0.003203""","=""1.176""","=""                                                                             ""","="""""
"=""4f.(2F*).5d2.(3F) (4D*).6p""","=""""","=""1""","=""""","=""2.8434524""","=""""","=""""","=""0.003150""","=""0.488""","=""  17  5F              :     7                             (2F*)(3P) (4D*) 5F ""","="""""
"=""""","=""""","=""4""","=""""","=""2.8453896""","=""""","=""""","=""0.001937""","=""1.119""","=""                                                                             ""","="""""
"=""""","=""""","=""2""","=""""","=""2.8479522""","=""""","=""""","=""0.002563""","=""0.890""","=""                                                                             ""","="""""
"=""""","=""""","=""3""","=""""","=""2.8482269""","=""""","=""""","=""0.000275""","=""1.052""","=""                                                                             ""","="""""
"=""""","=""""","=""2""","=""""","=""2.8578193""","=""""","=""""","=""0.009592""","=""0.953""","=""                                                                             ""","="""""
"=""""","=""""","=""5""","=""""","=""2.8619561""","=""""","=""""","=""0.004137""","=""1.101""","=""                                                                             ""","="""""
"=""""","=""""","=""5""","=""""","=""2.8661502""","=""""","=""""","=""0.004194""","=""1.087""","=""                                                                             ""","="""""
"=""""","=""""","=""3""","=""""","=""2.8689684""","=""""","=""""","=""0.002818""","=""0.951""","=""                                                                             ""","="""""
"=""""","=""""","=""3""","=""""","=""2.8708161""","=""""","=""""","=""0.001848""","=""0.696""","=""                                                                             ""","="""""
"=""4f.(2F*).5d2.(3F) (4I*).6p""","=""""","=""7""","=""""","=""2.8744616""","=""""","=""""","=""0.003646""","=""1.151""","=""  27  5I              :    17                             (2F*)(3F) (2I*) 3I ""","="""""
"=""4f.(2F*).5d2.(3F) (4H*).6p""","=""""","=""6""","=""""","=""2.8752412""","=""""","=""""","=""0.000780""","=""1.169""","=""  38  5H              :     8  4f.5d.(1H*).6s.6p.(3P*)    3H                 ""","="""""
"=""""","=""""","=""3""","=""""","=""2.8815145""","=""""","=""""","=""0.006273""","=""0.865""","=""                                                                             ""","="""""
"=""""","=""""","=""2""","=""""","=""2.8820093""","=""""","=""""","=""0.000495""","=""0.993""","=""                                                                             ""","="""""
"=""""","=""""","=""4""","=""""","=""2.8828461""","=""""","=""""","=""0.000837""","=""1.053""","=""                                                                             ""","="""""
"=""""","=""""","=""5""","=""""","=""2.8878568""","=""""","=""""","=""0.005011""","=""0.975""","=""                                                                             ""","="""""
"=""4f.5d.(1F*).6s.6p.(3P*)""","=""""","=""1""","=""""","=""2.8888079""","=""""","=""""","=""0.000951""","=""1.527""","=""   6  3D              :     6  4f.(2F*).5d2.(3F) (4D*).6p 5F                 ""","="""""
"=""""","=""""","=""3""","=""""","=""2.8890681""","=""""","=""""","=""0.000260""","=""1.272""","=""                                                                             ""","="""""
"=""4f.(2F*).5d2.(3F) (2I*).6p""","=""""","=""6""","=""""","=""2.8975315""","=""""","=""""","=""0.008463""","=""1.034""","=""  13  1I              :    11                             (2F*)(1G) (2I*) 1I ""","="""""
"=""""","=""""","=""4""","=""""","=""2.9002255""","=""""","=""""","=""0.002694""","=""1.067""","=""                                                                             ""","="""""
"=""4f.(2F*).5d2.(3F) (4D*).6p""","=""""","=""0""","=""""","=""2.9003319""","=""""","=""""","=""0.000106""","=""""","=""  12  5D              :    11  4f.5d.(3P*).6s.6p.(3P*)    3P                 ""","="""""
"=""""","=""""","=""5""","=""""","=""2.9050460""","=""""","=""""","=""0.004714""","=""1.293""","=""                                                                             ""","="""""
"=""""","=""""","=""4""","=""""","=""2.9152841""","=""""","=""""","=""0.010238""","=""1.166""","=""                                                                             ""","="""""
"=""""","=""""","=""3""","=""""","=""2.9180620""","=""""","=""""","=""0.002778""","=""1.011""","=""                                                                             ""","="""""
"=""4f.5d.(3D*).6s.6p.(3P*)""","=""""","=""1""","=""""","=""2.9204404""","=""""","=""""","=""0.002378""","=""0.519""","=""   9  3D              :     7  4f.(2F*).5d2.(1D) (2P*).6p 3D                 ""","="""""
"=""""","=""""","=""4""","=""""","=""2.9255827""","=""""","=""""","=""0.005142""","=""1.043""","=""                                                                             ""","="""""
"=""""","=""""","=""2""","=""""","=""2.9285316""","=""""","=""""","=""0.002949""","=""1.047""","=""                                                                             ""","="""""
"=""""","=""""","=""6""","=""""","=""2.9294091""","=""""","=""""","=""0.000878""","=""1.012""","=""                                                                             ""","="""""
"=""""","=""""","=""1""","=""""","=""2.9351883""","=""""","=""""","=""0.005779""","=""1.604""","=""                                                                             ""","="""""
"=""""","=""*""","=""4""","=""""","=""2.9381266""","=""?""","=""""","=""0.002938""","=""1.220?""","=""                                                                             ""","="""""
"=""""","=""""","=""3""","=""""","=""2.9386488""","=""""","=""""","=""0.000522""","=""1.008""","=""                                                                             ""","="""""
"=""""","=""""","=""6""","=""""","=""2.9396629""","=""""","=""""","=""0.001014""","=""0.943""","=""                                                                             ""","="""""
"=""""","=""""","=""4""","=""""","=""2.9411775""","=""""","=""""","=""0.001515""","=""1.051""","=""                                                                             ""","="""""
"=""""","=""""","=""2""","=""""","=""2.9416206""","=""""","=""""","=""0.000443""","=""1.088""","=""                                                                             ""","="""""
"=""""","=""""","=""3""","=""""","=""2.9418367""","=""""","=""""","=""0.000216""","=""1.193""","=""                                                                             ""","="""""
"=""""","=""""","=""5""","=""""","=""2.9446118""","=""""","=""""","=""0.002775""","=""1.148""","=""                                                                             ""","="""""
"=""""","=""""","=""4""","=""""","=""2.9522335""","=""""","=""""","=""0.007622""","=""1.113""","=""                                                                             ""","="""""
"=""4f2.(3H<4>).6s.6p.(1P*<1>)""","=""(4,1)*""","=""3""","=""""","=""""","=""""","=""""","=""""","=""""","=""                                                                             ""","="""""
"=""4f2.(3H<4>).6s.6p.(1P*<1>)""","=""(4,1)*""","=""5""","=""""","=""2.9532876""","=""""","=""""","=""""","=""0.890""","=""                                                                             ""","="""""
"=""4f2.(3H<4>).6s.6p.(1P*<1>)""","=""(4,1)*""","=""4""","=""""","=""2.9634438""","=""""","=""""","=""0.010156""","=""0.904""","=""                                                                             ""","="""""
"=""""","=""""","=""2""","=""""","=""2.9583038""","=""""","=""""","=""-0.005140""","=""0.962""","=""                                                                             ""","="""""
"=""""","=""""","=""2""","=""""","=""2.9593848""","=""""","=""""","=""0.001081""","=""1.236""","=""                                                                             ""","="""""
"=""""","=""""","=""5""","=""""","=""2.9613827""","=""""","=""""","=""0.001998""","=""1.16""","=""                                                                             ""","="""""
"=""""","=""""","=""1""","=""""","=""2.9626286""","=""""","=""""","=""0.001246""","=""0.813""","=""                                                                             ""","="""""
"=""""","=""""","=""3""","=""""","=""2.9644329""","=""""","=""""","=""0.001804""","=""1.186""","=""                                                                             ""","="""""
"=""""","=""""","=""6""","=""""","=""2.9687969""","=""""","=""""","=""0.004364""","=""0.889""","=""                                                                             ""","="""""
"=""""","=""*""","=""5""","=""""","=""2.9691019""","=""?""","=""""","=""0.000305""","=""1.173?""","=""                                                                             ""","="""""
"=""4f.(2F*).5d2.(3F) (4F*).6p""","=""""","=""0""","=""""","=""2.9696021""","=""""","=""""","=""0.000500""","=""""","=""  26  5D              :    12  4f.5d.(3D*).6s.6p.(1P*)    3P                 ""","="""""
"=""""","=""""","=""5""","=""""","=""2.9709690""","=""""","=""""","=""0.001367""","=""1.196""","=""                                                                             ""","="""""
"=""""","=""""","=""4""","=""""","=""2.9729441""","=""""","=""""","=""0.001975""","=""1.154""","=""                                                                             ""","="""""
"=""""","=""""","=""5""","=""""","=""2.9767899""","=""""","=""""","=""0.003846""","=""1.074""","=""                                                                             ""","="""""
"=""""","=""""","=""2""","=""""","=""2.9786401""","=""""","=""""","=""0.001850""","=""1.393""","=""                                                                             ""","="""""
"=""""","=""""","=""3""","=""""","=""2.9807892""","=""""","=""""","=""0.002149""","=""1.133""","=""                                                                             ""","="""""
"=""""","=""""","=""2""","=""""","=""2.9845272""","=""""","=""""","=""0.003738""","=""1.163""","=""                                                                             ""","="""""
"=""4f.(2F*).5d2.(3F) (4D*).6p""","=""""","=""1""","=""""","=""2.9864101""","=""""","=""""","=""0.001883""","=""2.042""","=""  18  5P              :    11  4f2.(3P).5d (4P).6s        5P                 ""","="""""
"=""""","=""""","=""3""","=""""","=""2.9919796""","=""""","=""""","=""0.005570""","=""1.155""","=""                                                                             ""","="""""
"=""""","=""""","=""3""","=""""","=""2.9924194""","=""""","=""""","=""0.000440""","=""1.195""","=""                                                                             ""","="""""
"=""4f.(2F*).5d2.(3F) (4H*).6p""","=""5H""","=""7""","=""""","=""2.9939945""","=""""","=""""","=""0.001575""","=""1.216""","=""  51                  :    10  4f2.(1G).5d (2I).6s        3I                 ""","="""""
"=""""","=""""","=""4""","=""""","=""2.9954212""","=""""","=""""","=""0.001427""","=""1.103""","=""                                                                             ""","="""""
"=""""","=""""","=""6""","=""""","=""2.9963880""","=""""","=""""","=""0.000967""","=""0.948""","=""                                                                             ""","="""""
"=""""","=""""","=""2""","=""""","=""2.9996002""","=""""","=""""","=""0.003212""","=""""","=""                                                                             ""","="""""
"=""""","=""""","=""4""","=""""","=""3.0002164""","=""""","=""""","=""0.000616""","=""1.174""","=""                                                                             ""","="""""
"=""""","=""""","=""4""","=""""","=""3.0022071""","=""""","=""""","=""0.001991""","=""1.146""","=""                                                                             ""","="""""
"=""""","=""""","=""5""","=""""","=""3.0064146""","=""""","=""""","=""0.004207""","=""1.080""","=""                                                                             ""","="""""
"=""""","=""""","=""3""","=""""","=""3.0097050""","=""""","=""""","=""0.003290""","=""1.192""","=""                                                                             ""","="""""
"=""""","=""""","=""5""","=""""","=""3.0116498""","=""""","=""""","=""0.001945""","=""1.098""","=""                                                                             ""","="""""
"=""""","=""""","=""2""","=""""","=""3.0121530""","=""""","=""""","=""0.000503""","=""0.941""","=""                                                                             ""","="""""
"=""""","=""*""","=""4""","=""""","=""3.0153671""","=""?""","=""""","=""0.003214""","=""1.117?""","=""                                                                             ""","="""""
"=""""","=""""","=""1""","=""""","=""3.0159299""","=""""","=""""","=""0.000563""","=""1.245""","=""                                                                             ""","="""""
"=""""","=""""","=""3""","=""""","=""3.0193608""","=""""","=""""","=""0.003431""","=""0.863""","=""                                                                             ""","="""""
"=""""","=""""","=""4""","=""""","=""3.0208398""","=""""","=""""","=""0.001479""","=""1.188""","=""                                                                             ""","="""""
"=""""","=""""","=""5""","=""""","=""3.0267578""","=""""","=""""","=""0.005918""","=""1.067""","=""                                                                             ""","="""""
"=""""","=""""","=""2""","=""""","=""3.0277929""","=""""","=""""","=""0.001035""","=""0.915""","=""                                                                             ""","="""""
"=""""","=""*""","=""4""","=""""","=""3.0284543""","=""""","=""""","=""0.000661""","=""1.082""","=""                                                                             ""","="""""
"=""""","=""""","=""6""","=""""","=""3.0286689""","=""""","=""""","=""0.000215""","=""1.129""","=""                                                                             ""","="""""
"=""""","=""""","=""2""","=""""","=""3.0308500""","=""""","=""""","=""0.002181""","=""1.156""","=""                                                                             ""","="""""
"=""4f.5d.(3P*).6s.6p.(3P*)?""","=""""","=""0""","=""""","=""3.0334176""","=""""","=""""","=""0.002568""","=""""","=""  11  3P              :     9  4f2.(1D).5d (2P).6s        3P                 ""","="""""
"=""""","=""""","=""5""","=""""","=""3.0420267""","=""""","=""""","=""0.008609""","=""1.155""","=""                                                                             ""","="""""
"=""""","=""""","=""4""","=""""","=""3.0437857""","=""""","=""""","=""0.001759""","=""0.947""","=""                                                                             ""","="""""
"=""""","=""""","=""6""","=""""","=""3.0452190""","=""""","=""""","=""0.001433""","=""0.972""","=""                                                                             ""","="""""
"=""""","=""""","=""3""","=""""","=""3.0453216""","=""""","=""""","=""0.000103""","=""""","=""                                                                             ""","="""""
"=""""","=""""","=""3""","=""""","=""3.0457811""","=""""","=""""","=""0.000460""","=""1.125""","=""                                                                             ""","="""""
"=""4f.5d.(3P*).6s.6p.(3P*)?""","=""""","=""0""","=""""","=""3.0502165""","=""""","=""""","=""0.004435""","=""""","=""  20  3P              :    18  4f2.(1D).5d (2P).6s        3P                 ""","="""""
"=""""","=""""","=""1""","=""""","=""3.0512434""","=""""","=""""","=""0.001027""","=""1.252""","=""                                                                             ""","="""""
"=""""","=""""","=""4""","=""""","=""3.0523992""","=""""","=""""","=""0.001156""","=""1.159""","=""                                                                             ""","="""""
"=""""","=""""","=""2""","=""""","=""3.0575340""","=""""","=""""","=""0.005135""","=""0.936""","=""                                                                             ""","="""""
"=""""","=""""","=""2""","=""""","=""3.0591854""","=""""","=""""","=""0.001651""","=""""","=""                                                                             ""","="""""
"=""""","=""""","=""6""","=""""","=""3.0613474""","=""""","=""""","=""0.002162""","=""1.216""","=""                                                                             ""","="""""
"=""""","=""""","=""4""","=""""","=""3.0620778""","=""""","=""""","=""0.000730""","=""""","=""                                                                             ""","="""""
"=""""","=""""","=""2""","=""""","=""3.0629229""","=""""","=""""","=""0.000845""","=""1.163""","=""                                                                             ""","="""""
"=""""","=""*""","=""6""","=""""","=""3.0640010""","=""""","=""""","=""0.001078""","=""1.092""","=""                                                                             ""","="""""
"=""""","=""""","=""5""","=""""","=""3.0643212""","=""""","=""""","=""0.000320""","=""1.189""","=""                                                                             ""","="""""
"=""""","=""""","=""3""","=""""","=""3.0663255""","=""""","=""""","=""0.002004""","=""0.941""","=""                                                                             ""","="""""
"=""""","=""""","=""1 or 2""","=""""","=""3.0734702""","=""""","=""""","=""0.007145""","=""""","=""                                                                             ""","="""""
"=""""","=""""","=""2""","=""""","=""3.0758914""","=""""","=""""","=""0.002421""","=""0.94""","=""                                                                             ""","="""""
"=""4f.(2F*).5d2.(3F) (2I*).6p""","=""""","=""7""","=""""","=""3.0781499""","=""""","=""""","=""0.002258""","=""1.060""","=""  41  3K              :    13                             (2F*)(1G) (2I*) 3K ""","="""""
"=""""","=""*""","=""5""","=""""","=""3.0797516""","=""""","=""""","=""0.001602""","=""1.05?""","=""                                                                             ""","="""""
"=""""","=""""","=""5""","=""""","=""3.0814986""","=""""","=""""","=""0.001747""","=""1.125""","=""                                                                             ""","="""""
"=""""","=""""","=""3""","=""""","=""3.0822235""","=""""","=""""","=""0.000725""","=""1.219""","=""                                                                             ""","="""""
"=""""","=""""","=""4""","=""""","=""3.0839374""","=""""","=""""","=""0.001714""","=""1.086""","=""                                                                             ""","="""""
"=""""","=""""","=""3""","=""""","=""3.0851165""","=""""","=""""","=""0.001179""","=""1.042""","=""                                                                             ""","="""""
"=""""","=""""","=""1""","=""""","=""3.0877119""","=""""","=""""","=""0.002595""","=""""","=""                                                                             ""","="""""
"=""""","=""""","=""2""","=""""","=""3.0914664""","=""""","=""""","=""0.003754""","=""1.265""","=""                                                                             ""","="""""
"=""""","=""""","=""1""","=""""","=""3.0926189""","=""""","=""""","=""0.001153""","=""1.081""","=""                                                                             ""","="""""
"=""""","=""*""","=""4""","=""""","=""3.0943498""","=""""","=""""","=""0.001731""","=""0.998""","=""                                                                             ""","="""""
"=""""","=""""","=""4""","=""""","=""3.0946813""","=""""","=""""","=""0.000332""","=""0.947""","=""                                                                             ""","="""""
"=""""","=""""","=""1""","=""""","=""3.0971371""","=""""","=""""","=""0.002456""","=""""","=""                                                                             ""","="""""
"=""""","=""""","=""3""","=""""","=""3.1050892""","=""""","=""""","=""0.007952""","=""0.997""","=""                                                                             ""","="""""
"=""""","=""""","=""6""","=""""","=""3.1068217""","=""""","=""""","=""0.001732""","=""1.150""","=""                                                                             ""","="""""
"=""""","=""""","=""2""","=""""","=""3.1069970""","=""""","=""""","=""0.000175""","=""1.113""","=""                                                                             ""","="""""
"=""""","=""""","=""4""","=""""","=""3.1092007""","=""""","=""""","=""0.002204""","=""1.187""","=""                                                                             ""","="""""
"=""""","=""*""","=""3""","=""""","=""3.1093939""","=""""","=""""","=""0.000193""","=""0.997""","=""                                                                             ""","="""""
"=""""","=""""","=""5""","=""""","=""3.1111485""","=""""","=""""","=""0.001755""","=""1.146""","=""                                                                             ""","="""""
"=""""","=""""","=""3""","=""""","=""3.1163381""","=""""","=""""","=""0.005190""","=""1.135""","=""                                                                             ""","="""""
"=""""","=""""","=""1""","=""""","=""3.1212454""","=""""","=""""","=""0.004907""","=""1.906""","=""                                                                             ""","="""""
"=""""","=""""","=""1""","=""""","=""3.1226499""","=""""","=""""","=""0.001405""","=""0.704""","=""                                                                             ""","="""""
"=""""","=""""","=""2""","=""""","=""3.1235639""","=""""","=""""","=""0.000914""","=""1.578""","=""                                                                             ""","="""""
"=""""","=""""","=""4""","=""""","=""3.1254291""","=""""","=""""","=""0.001865""","=""1.332""","=""                                                                             ""","="""""
"=""4f.(2F*).5d2.(3F) (4I*).6p?""","=""""","=""7""","=""""","=""3.1318805""","=""""","=""""","=""0.006451""","=""1.129""","=""  25  3K              :    12                             (2F*)(3F) (2H*) 3I ""","="""""
"=""""","=""""","=""5""","=""""","=""3.1326847""","=""""","=""""","=""0.000804""","=""1.112""","=""                                                                             ""","="""""
"=""4f.(2F*).5d2.(3F) (4D*).6p""","=""""","=""0""","=""""","=""3.1352017""","=""""","=""""","=""0.002517""","=""""","=""  31  5D              :    13                             (2F*)(3F) (4F*) 5D ""","="""""
"=""""","=""""","=""3""","=""""","=""3.1364558""","=""""","=""""","=""0.001254""","=""1.225""","=""                                                                             ""","="""""
"=""""","=""""","=""4""","=""""","=""3.1407535""","=""""","=""""","=""0.004298""","=""0.836""","=""                                                                             ""","="""""
"=""""","=""""","=""6""","=""""","=""3.1423235""","=""""","=""""","=""0.001570""","=""1.126""","=""                                                                             ""","="""""
"=""""","=""""","=""2""","=""""","=""3.1425912""","=""""","=""""","=""0.000268""","=""1.158""","=""                                                                             ""","="""""
"=""""","=""""","=""4""","=""""","=""3.1449599""","=""""","=""""","=""0.002369""","=""0.941""","=""                                                                             ""","="""""
"=""""","=""*""","=""3 or 4 or 5""","=""""","=""3.1473375""","=""""","=""""","=""0.002378""","=""0.80?""","=""                                                                             ""","="""""
"=""""","=""""","=""1""","=""""","=""3.1531261""","=""""","=""""","=""0.005789""","=""1.086""","=""                                                                             ""","="""""
"=""4f.(2F*).5d2.(3F) (4H*).6p?""","=""""","=""7""","=""""","=""3.1534709""","=""""","=""""","=""0.000345""","=""1.086""","=""  26  3I              :    14                             (2F*)(3F) (2H*) 3I ""","="""""
"=""""","=""""","=""5""","=""""","=""3.1539569""","=""""","=""""","=""0.000486""","=""1.135""","=""                                                                             ""","="""""
"=""""","=""""","=""3""","=""""","=""3.1542879""","=""""","=""""","=""0.000331""","=""1.399""","=""                                                                             ""","="""""
"=""""","=""""","=""2""","=""""","=""3.1559316""","=""""","=""""","=""0.001644""","=""1.453""","=""                                                                             ""","="""""
"=""""","=""""","=""3""","=""""","=""3.1606141""","=""""","=""""","=""0.004682""","=""0.956""","=""                                                                             ""","="""""
"=""""","=""""","=""6""","=""""","=""3.1670535""","=""""","=""""","=""0.006439""","=""1.278""","=""                                                                             ""","="""""
"=""""","=""""","=""2""","=""""","=""3.1700079""","=""""","=""""","=""0.002954""","=""0.909""","=""                                                                             ""","="""""
"=""""","=""""","=""1""","=""""","=""3.1711648""","=""""","=""""","=""0.001157""","=""""","=""                                                                             ""","="""""
"=""""","=""""","=""2""","=""""","=""3.1784153""","=""""","=""""","=""0.007251""","=""1.311""","=""                                                                             ""","="""""
"=""""","=""""","=""3""","=""""","=""3.1790290""","=""""","=""""","=""0.000614""","=""1.009""","=""                                                                             ""","="""""
"=""""","=""""","=""4""","=""""","=""3.1824531""","=""""","=""""","=""0.003424""","=""1.069""","=""                                                                             ""","="""""
"=""""","=""""","=""5""","=""""","=""3.1846685""","=""""","=""""","=""0.002215""","=""0.885""","=""                                                                             ""","="""""
"=""""","=""""","=""6""","=""""","=""3.1901608""","=""""","=""""","=""0.005492""","=""1.179""","=""                                                                             ""","="""""
"=""""","=""""","=""3""","=""""","=""3.1906627""","=""""","=""""","=""0.000502""","=""1.199""","=""                                                                             ""","="""""
"=""""","=""""","=""1""","=""""","=""3.1914109""","=""""","=""""","=""0.000748""","=""1.319""","=""                                                                             ""","="""""
"=""""","=""""","=""4""","=""""","=""3.1916925""","=""""","=""""","=""0.000282""","=""1.029""","=""                                                                             ""","="""""
"=""""","=""""","=""5""","=""""","=""3.1955992""","=""""","=""""","=""0.003907""","=""1.11""","=""                                                                             ""","="""""
"=""""","=""""","=""6""","=""""","=""3.2019159""","=""""","=""""","=""0.006317""","=""0.949""","=""                                                                             ""","="""""
"=""""","=""""","=""3""","=""""","=""3.2055234""","=""""","=""""","=""0.003608""","=""1.09""","=""                                                                             ""","="""""
"=""4f.(2F*).5d2.(3F) (2I*).6p""","=""3K""","=""8""","=""""","=""3.2062160""","=""""","=""""","=""0.000693""","=""1.144""","=""  55                  :    11                             (2F*)(1G) (2I*) 3K ""","="""""
"=""""","=""""","=""4""","=""""","=""3.2066256""","=""""","=""""","=""0.000410""","=""1.042""","=""                                                                             ""","="""""
"=""""","=""""","=""5 or 6""","=""""","=""3.2070187""","=""""","=""""","=""0.000393""","=""""","=""                                                                             ""","="""""
"=""""","=""""","=""5""","=""""","=""3.2072334""","=""""","=""""","=""0.000215""","=""1.057""","=""                                                                             ""","="""""
"=""""","=""""","=""2""","=""""","=""3.2089084""","=""""","=""""","=""0.001675""","=""""","=""                                                                             ""","="""""
"=""""","=""""","=""5""","=""""","=""3.2146981""","=""""","=""""","=""0.005790""","=""0.931""","=""                                                                             ""","="""""
"=""""","=""""","=""4""","=""""","=""3.2149158""","=""""","=""""","=""0.000218""","=""1.18""","=""                                                                             ""","="""""
"=""""","=""""","=""4""","=""""","=""3.2183978""","=""""","=""""","=""0.003482""","=""1.024""","=""                                                                             ""","="""""
"=""""","=""""","=""2""","=""""","=""3.2217552""","=""""","=""""","=""0.003357""","=""0.936""","=""                                                                             ""","="""""
"=""""","=""""","=""5""","=""""","=""3.2220287""","=""""","=""""","=""0.000274""","=""1.066""","=""                                                                             ""","="""""
"=""4f.(2F*).5d2.(3F) (4I*).6p""","=""""","=""7""","=""""","=""3.2224204""","=""""","=""""","=""0.000392""","=""1.191""","=""  20  5H              :    17                             (2F*)(3F) (4I*) 3K ""","="""""
"=""""","=""""","=""1""","=""""","=""3.2240795""","=""""","=""""","=""0.001659""","=""1.015""","=""                                                                             ""","="""""
"=""""","=""""","=""3""","=""""","=""3.2249035""","=""""","=""""","=""0.000824""","=""0.687""","=""                                                                             ""","="""""
"=""""","=""""","=""4""","=""""","=""3.2271807""","=""""","=""""","=""0.002277""","=""1.20""","=""                                                                             ""","="""""
"=""""","=""""","=""3""","=""""","=""3.2298432""","=""""","=""""","=""0.002663""","=""1.404""","=""                                                                             ""","="""""
"=""""","=""""","=""5""","=""""","=""3.2332003""","=""""","=""""","=""0.003357""","=""0.966""","=""                                                                             ""","="""""
"=""""","=""""","=""6""","=""""","=""3.2368713""","=""""","=""""","=""0.003671""","=""1.137""","=""                                                                             ""","="""""
"=""""","=""""","=""2""","=""""","=""3.2381050""","=""""","=""""","=""0.001234""","=""""","=""                                                                             ""","="""""
"=""""","=""""","=""3""","=""""","=""3.2396615""","=""""","=""""","=""0.001556""","=""0.990""","=""                                                                             ""","="""""
"=""""","=""""","=""1""","=""""","=""3.2428977""","=""""","=""""","=""0.003236""","=""1.60""","=""                                                                             ""","="""""
"=""""","=""""","=""2""","=""""","=""3.2434700""","=""""","=""""","=""0.000572""","=""1.51""","=""                                                                             ""","="""""
"=""""","=""""","=""4""","=""""","=""3.2457856""","=""""","=""""","=""0.002316""","=""1.134""","=""                                                                             ""","="""""
"=""""","=""""","=""2""","=""""","=""3.2495502""","=""""","=""""","=""0.003765""","=""1.446""","=""                                                                             ""","="""""
"=""""","=""""","=""1""","=""""","=""3.2502574""","=""""","=""""","=""0.000707""","=""1.113""","=""                                                                             ""","="""""
"=""""","=""""","=""5""","=""""","=""3.2516159""","=""""","=""""","=""0.001358""","=""0.951""","=""                                                                             ""","="""""
"=""""","=""""","=""5""","=""""","=""3.2540791""","=""""","=""""","=""0.002463""","=""1.201""","=""                                                                             ""","="""""
"=""""","=""*""","=""5""","=""""","=""3.2592603""","=""""","=""""","=""0.005181""","=""1.035""","=""                                                                             ""","="""""
"=""""","=""""","=""4""","=""""","=""3.2604658""","=""""","=""""","=""0.001205""","=""1.216""","=""                                                                             ""","="""""
"=""""","=""""","=""3""","=""""","=""3.2622168""","=""""","=""""","=""0.001751""","=""""","=""                                                                             ""","="""""
"=""""","=""""","=""4""","=""""","=""3.2671188""","=""""","=""""","=""0.004902""","=""1.05""","=""                                                                             ""","="""""
"=""""","=""""","=""3""","=""""","=""3.2712534""","=""""","=""""","=""0.004135""","=""1.269""","=""                                                                             ""","="""""
"=""""","=""""","=""1""","=""""","=""3.2735418""","=""""","=""""","=""0.002288""","=""1.835""","=""                                                                             ""","="""""
"=""""","=""""","=""6""","=""""","=""3.2776664""","=""""","=""""","=""0.004125""","=""1.060""","=""                                                                             ""","="""""
"=""""","=""""","=""2""","=""""","=""3.2792777""","=""""","=""""","=""0.001611""","=""1.232""","=""                                                                             ""","="""""
"=""""","=""""","=""4""","=""""","=""3.2824104""","=""""","=""""","=""0.003133""","=""""","=""                                                                             ""","="""""
"=""""","=""""","=""3""","=""""","=""3.2854485""","=""""","=""""","=""0.003038""","=""1.20""","=""                                                                             ""","="""""
"=""""","=""""","=""1""","=""""","=""3.2869062""","=""""","=""""","=""0.001458""","=""""","=""                                                                             ""","="""""
"=""""","=""*""","=""6""","=""""","=""3.2903253""","=""""","=""""","=""0.003419""","=""0.980""","=""                                                                             ""","="""""
"=""4f.(2F*).5d2.(3F) (4I*).6p""","=""""","=""7""","=""""","=""3.2909546""","=""""","=""""","=""0.000629""","=""1.185""","=""  34  5H              :     8  4f2.(3H).5d2.(3F)          3K                 ""","="""""
"=""""","=""""","=""4""","=""""","=""3.2912100""","=""""","=""""","=""0.000255""","=""0.99""","=""                                                                             ""","="""""
"=""""","=""*""","=""4""","=""""","=""3.2950535""","=""""","=""""","=""0.003843""","=""1.043""","=""                                                                             ""","="""""
"=""""","=""*""","=""6""","=""""","=""3.2961915""","=""""","=""""","=""0.001138""","=""""","=""                                                                             ""","="""""
"=""""","=""""","=""6""","=""""","=""3.2963294""","=""""","=""""","=""0.000138""","=""1.10""","=""                                                                             ""","="""""
"=""""","=""""","=""5""","=""""","=""3.2967319""","=""""","=""""","=""0.000403""","=""0.891""","=""                                                                             ""","="""""
"=""""","=""""","=""3""","=""""","=""3.2992539""","=""""","=""""","=""0.002522""","=""1.144""","=""                                                                             ""","="""""
"=""""","=""*""","=""5""","=""""","=""3.2995238""","=""""","=""""","=""0.000270""","=""""","=""                                                                             ""","="""""
"=""""","=""""","=""5""","=""""","=""3.3019484""","=""""","=""""","=""0.002425""","=""1.038""","=""                                                                             ""","="""""
"=""""","=""""","=""3""","=""""","=""3.3052505""","=""""","=""""","=""0.003302""","=""0.978""","=""                                                                             ""","="""""
"=""""","=""""","=""6""","=""""","=""3.3073489""","=""""","=""""","=""0.002098""","=""""","=""                                                                             ""","="""""
"=""""","=""""","=""2""","=""""","=""3.3091612""","=""""","=""""","=""0.001812""","=""1.144""","=""                                                                             ""","="""""
"=""""","=""""","=""5""","=""""","=""3.3106304""","=""""","=""""","=""0.001469""","=""1.190""","=""                                                                             ""","="""""
"=""4f2.(3H).5d2.(3F)?""","=""""","=""7""","=""""","=""3.3113009""","=""""","=""""","=""0.000671""","=""1.103""","=""  16  5K              :    11  4f.(2F*).5d2.(3F) (4I*).6p 3K                 ""","="""""
"=""""","=""""","=""4""","=""""","=""3.3120823""","=""""","=""""","=""0.000781""","=""1.21""","=""                                                                             ""","="""""
"=""""","=""""","=""3""","=""""","=""3.3121539""","=""""","=""""","=""0.000072""","=""1.248""","=""                                                                             ""","="""""
"=""""","=""""","=""4""","=""""","=""3.3157040""","=""""","=""""","=""0.003550""","=""0.997""","=""                                                                             ""","="""""
"=""""","=""""","=""2""","=""""","=""3.3211636""","=""""","=""""","=""0.005460""","=""0.775""","=""                                                                             ""","="""""
"=""""","=""""","=""6""","=""""","=""3.3237819""","=""""","=""""","=""0.002618""","=""1.066""","=""                                                                             ""","="""""
"=""""","=""""","=""4""","=""""","=""3.3272938""","=""""","=""""","=""0.003512""","=""1.217""","=""                                                                             ""","="""""
"=""""","=""""","=""3""","=""""","=""3.3281766""","=""""","=""""","=""0.000883""","=""""","=""                                                                             ""","="""""
"=""""","=""""","=""1""","=""""","=""3.3294273""","=""""","=""""","=""0.001251""","=""1.605""","=""                                                                             ""","="""""
"=""""","=""*""","=""5""","=""""","=""3.3313189""","=""""","=""""","=""0.001892""","=""0.790""","=""                                                                             ""","="""""
"=""""","=""""","=""6""","=""""","=""3.3330765""","=""""","=""""","=""0.001758""","=""""","=""                                                                             ""","="""""
"=""""","=""""","=""1""","=""""","=""3.3368617""","=""""","=""""","=""0.003785""","=""""","=""                                                                             ""","="""""
"=""""","=""""","=""4""","=""""","=""3.3388084""","=""""","=""""","=""0.001947""","=""1.075""","=""                                                                             ""","="""""
"=""""","=""""","=""3""","=""""","=""3.3394376""","=""""","=""""","=""0.000629""","=""1.270""","=""                                                                             ""","="""""
"=""""","=""""","=""2""","=""""","=""3.3405617""","=""""","=""""","=""0.001124""","=""1.026""","=""                                                                             ""","="""""
"=""""","=""""","=""6""","=""""","=""3.3441081""","=""""","=""""","=""0.003546""","=""1.186""","=""                                                                             ""","="""""
"=""""","=""""","=""2""","=""""","=""3.3492395""","=""""","=""""","=""0.005131""","=""0.94""","=""                                                                             ""","="""""
"=""""","=""""","=""6""","=""""","=""3.3523280""","=""""","=""""","=""0.003089""","=""""","=""                                                                             ""","="""""
"=""""","=""""","=""6""","=""""","=""3.3532884""","=""""","=""""","=""0.000960""","=""""","=""                                                                             ""","="""""
"=""""","=""""","=""5""","=""""","=""3.3549088""","=""""","=""""","=""0.001620""","=""0.989""","=""                                                                             ""","="""""
"=""""","=""""","=""2""","=""""","=""3.3570553""","=""""","=""""","=""0.002146""","=""""","=""                                                                             ""","="""""
"=""""","=""""","=""5""","=""""","=""3.3574012""","=""""","=""""","=""0.000346""","=""1.129""","=""                                                                             ""","="""""
"=""""","=""""","=""4""","=""""","=""3.3589358""","=""""","=""""","=""0.001535""","=""1.002""","=""                                                                             ""","="""""
"=""""","=""""","=""3 or 4""","=""""","=""3.3604056""","=""""","=""""","=""0.001470""","=""""","=""                                                                             ""","="""""
"=""""","=""""","=""4""","=""""","=""3.3617249""","=""""","=""""","=""0.001319""","=""1.25""","=""                                                                             ""","="""""
"=""""","=""""","=""4""","=""""","=""3.3672948""","=""""","=""""","=""0.005570""","=""0.83""","=""                                                                             ""","="""""
"=""""","=""""","=""3""","=""""","=""3.3690175""","=""""","=""""","=""0.001723""","=""""","=""                                                                             ""","="""""
"=""""","=""""","=""1""","=""""","=""3.3703250""","=""""","=""""","=""0.001307""","=""1.456""","=""                                                                             ""","="""""
"=""4f2.(3H<6>).6s.6p.(1P*<1>)?""","=""(6,1)*?""","=""7""","=""""","=""""","=""""","=""""","=""""","=""""","=""                                                                             ""","="""""
"=""4f2.(3H<6>).6s.6p.(1P*<1>)?""","=""(6,1)*?""","=""5""","=""""","=""3.3714155""","=""?""","=""""","=""""","=""1.159""","=""                                                                             ""","="""""
"=""4f2.(3H<6>).6s.6p.(1P*<1>)?""","=""(6,1)*?""","=""6""","=""""","=""3.4085327""","=""""","=""""","=""0.037117""","=""1.148""","=""                                                                             ""","="""""
"=""""","=""""","=""3""","=""""","=""3.3761495""","=""""","=""""","=""-0.032383""","=""""","=""                                                                             ""","="""""
"=""""","=""""","=""2""","=""""","=""3.3791586""","=""""","=""""","=""0.003009""","=""""","=""                                                                             ""","="""""
"=""""","=""""","=""4""","=""""","=""3.3810019""","=""""","=""""","=""0.001843""","=""""","=""                                                                             ""","="""""
"=""""","=""""","=""3""","=""""","=""3.3810281""","=""""","=""""","=""0.000026""","=""0.855""","=""                                                                             ""","="""""
"=""4f.(2F*).5d2.(3F) (4G*).6p""","=""5H""","=""7""","=""""","=""3.3812790""","=""""","=""""","=""0.000251""","=""1.239""","=""  54                  :     8  4f2.(1I).5d (2I).6s        3I                 ""","="""""
"=""""","=""""","=""6""","=""""","=""3.3864431""","=""""","=""""","=""0.005164""","=""1.044""","=""                                                                             ""","="""""
"=""""","=""""","=""5""","=""""","=""3.3877036""","=""""","=""""","=""0.001260""","=""1.278""","=""                                                                             ""","="""""
"=""""","=""""","=""2""","=""""","=""3.3877120""","=""""","=""""","=""0.000008""","=""""","=""                                                                             ""","="""""
"=""""","=""""","=""1""","=""""","=""3.3889995""","=""""","=""""","=""0.001288""","=""""","=""                                                                             ""","="""""
"=""""","=""""","=""2""","=""""","=""3.3952313""","=""""","=""""","=""0.006232""","=""1.058""","=""                                                                             ""","="""""
"=""""","=""""","=""4""","=""""","=""3.3964658""","=""""","=""""","=""0.001235""","=""1.20""","=""                                                                             ""","="""""
"=""""","=""""","=""5""","=""""","=""3.3972331""","=""""","=""""","=""0.000767""","=""1.165""","=""                                                                             ""","="""""
"=""""","=""""","=""4""","=""""","=""3.3995779""","=""""","=""""","=""0.002345""","=""""","=""                                                                             ""","="""""
"=""""","=""""","=""3""","=""""","=""3.4019604""","=""""","=""""","=""0.002382""","=""1.143""","=""                                                                             ""","="""""
"=""""","=""""","=""1""","=""""","=""3.4063507""","=""""","=""""","=""0.004390""","=""0.537""","=""                                                                             ""","="""""
"=""""","=""""","=""4""","=""""","=""3.4074624""","=""""","=""""","=""0.001112""","=""""","=""                                                                             ""","="""""
"=""""","=""""","=""2""","=""""","=""3.4081142""","=""""","=""""","=""0.000652""","=""""","=""                                                                             ""","="""""
"=""4f2.(3H).5d2.(3F)""","=""5I""","=""7""","=""""","=""3.4094626""","=""""","=""""","=""0.001348""","=""""","=""  44                  :    22                             (3F)(3F) 5I        ""","="""""
"=""""","=""""","=""2""","=""""","=""3.4121198""","=""""","=""""","=""0.002657""","=""""","=""                                                                             ""","="""""
"=""""","=""""","=""4""","=""""","=""3.4144620""","=""""","=""""","=""0.002342""","=""""","=""                                                                             ""","="""""
"=""""","=""""","=""5""","=""""","=""3.4147580""","=""""","=""""","=""0.000296""","=""1.065""","=""                                                                             ""","="""""
"=""""","=""""","=""6""","=""""","=""3.4159046""","=""""","=""""","=""0.001147""","=""1.138""","=""                                                                             ""","="""""
"=""""","=""""","=""3""","=""""","=""3.4189333""","=""""","=""""","=""0.003029""","=""1.131""","=""                                                                             ""","="""""
"=""""","=""*""","=""3""","=""""","=""3.4211755""","=""""","=""""","=""0.002242""","=""0.940""","=""                                                                             ""","="""""
"=""""","=""""","=""5""","=""""","=""3.4212236""","=""""","=""""","=""0.000048""","=""0.883""","=""                                                                             ""","="""""
"=""""","=""""","=""1""","=""""","=""3.4322516""","=""""","=""""","=""0.011028""","=""1.63""","=""                                                                             ""","="""""
"=""4f2.(3F<2>).6s.6p.(1P*<1>)?""","=""(2,1)*?""","=""2""","=""""","=""3.4339116""","=""""","=""""","=""0.001660""","=""0.68?""","=""                                                                             ""","="""""
"=""4f2.(3H).5d2.(3F)""","=""""","=""8""","=""""","=""3.4360242""","=""""","=""""","=""0.002113""","=""1.157""","=""  28  5K              :    20                             (3H)(3F) 5I        ""","="""""
"=""""","=""""","=""3""","=""""","=""3.4368519""","=""""","=""""","=""0.000828""","=""""","=""                                                                             ""","="""""
"=""""","=""""","=""5""","=""""","=""3.4371788""","=""""","=""""","=""0.000327""","=""1.078""","=""                                                                             ""","="""""
"=""""","=""""","=""2""","=""""","=""3.4411489""","=""""","=""""","=""0.003970""","=""1.06""","=""                                                                             ""","="""""
"=""""","=""*""","=""4""","=""""","=""3.4426658""","=""""","=""""","=""0.001517""","=""0.694""","=""                                                                             ""","="""""
"=""""","=""""","=""4""","=""""","=""3.4439675""","=""""","=""""","=""0.001302""","=""""","=""                                                                             ""","="""""
"=""4f2.(3H).5d2.(3F)""","=""""","=""7""","=""""","=""3.4455588""","=""""","=""""","=""0.001591""","=""1.082""","=""  41  5K              :    12  4f.(2F*).5d2.(3F) (2I*).6p 1K                 ""","="""""
"=""""","=""*""","=""5""","=""""","=""3.4462821""","=""""","=""""","=""0.000723""","=""1.045""","=""                                                                             ""","="""""
"=""""","=""""","=""3""","=""""","=""3.4469365""","=""""","=""""","=""0.000654""","=""0.789""","=""                                                                             ""","="""""
"=""""","=""""","=""4""","=""""","=""3.4491370""","=""""","=""""","=""0.002200""","=""""","=""                                                                             ""","="""""
"=""""","=""""","=""6""","=""""","=""3.4507127""","=""""","=""""","=""0.001576""","=""""","=""                                                                             ""","="""""
"=""""","=""*""","=""7""","=""""","=""3.4567707""","=""""","=""""","=""0.006058""","=""0.920""","=""                                                                             ""","="""""
"=""""","=""""","=""2""","=""""","=""3.4578237""","=""""","=""""","=""0.001053""","=""0.985""","=""                                                                             ""","="""""
"=""""","=""*""","=""5""","=""""","=""3.4603989""","=""""","=""""","=""0.002575""","=""0.915""","=""                                                                             ""","="""""
"=""""","=""*""","=""6""","=""""","=""3.4606600""","=""""","=""""","=""0.000261""","=""0.848""","=""                                                                             ""","="""""
"=""""","=""""","=""1""","=""""","=""3.4626022""","=""""","=""""","=""0.001942""","=""""","=""                                                                             ""","="""""
"=""""","=""""","=""4""","=""""","=""3.4663667""","=""""","=""""","=""0.003764""","=""""","=""                                                                             ""","="""""
"=""""","=""""","=""5""","=""""","=""3.4667349""","=""""","=""""","=""0.000368""","=""""","=""                                                                             ""","="""""
"=""""","=""""","=""3""","=""""","=""3.4676242""","=""""","=""""","=""0.000889""","=""""","=""                                                                             ""","="""""
"=""""","=""""","=""6""","=""""","=""3.4707755""","=""""","=""""","=""0.003151""","=""""","=""                                                                             ""","="""""
"=""""","=""""","=""4""","=""""","=""3.4726604""","=""""","=""""","=""0.001885""","=""""","=""                                                                             ""","="""""
"=""""","=""""","=""2""","=""""","=""3.4749769""","=""""","=""""","=""0.002317""","=""""","=""                                                                             ""","="""""
"=""4f2.(3H).5d2.(3F)""","=""""","=""7""","=""""","=""3.4759177""","=""""","=""""","=""0.000941""","=""1.06""","=""  15  3K              :    14  4f.(2F*).5d2.(3F) (2I*).6p 1K                 ""","="""""
"=""""","=""""","=""3""","=""""","=""3.4792047""","=""""","=""""","=""0.003287""","=""""","=""                                                                             ""","="""""
"=""""","=""""","=""4""","=""""","=""3.4805388""","=""""","=""""","=""0.001334""","=""""","=""                                                                             ""","="""""
"=""""","=""""","=""5""","=""""","=""3.4816820""","=""""","=""""","=""0.001143""","=""1.15""","=""                                                                             ""","="""""
"=""""","=""""","=""1""","=""""","=""3.4851375""","=""""","=""""","=""0.003455""","=""""","=""                                                                             ""","="""""
"=""""","=""""","=""2""","=""""","=""3.4852755""","=""""","=""""","=""0.000138""","=""1.21""","=""                                                                             ""","="""""
"=""""","=""*""","=""6""","=""""","=""3.4867469""","=""""","=""""","=""0.001471""","=""""","=""                                                                             ""","="""""
"=""""","=""""","=""3""","=""""","=""3.4885419""","=""""","=""""","=""0.001795""","=""1.29""","=""                                                                             ""","="""""
"=""""","=""""","=""4""","=""""","=""3.4917406""","=""""","=""""","=""0.003199""","=""""","=""                                                                             ""","="""""
"=""""","=""""","=""4""","=""""","=""3.4999906""","=""""","=""""","=""0.008250""","=""""","=""                                                                             ""","="""""
"=""""","=""""","=""5""","=""""","=""3.5024015""","=""""","=""""","=""0.002411""","=""""","=""                                                                             ""","="""""
"=""4f.(2F*).5d2.(3F) (4H*).6p""","=""""","=""7""","=""""","=""3.5060567""","=""""","=""""","=""0.003655""","=""""","=""  28  3I              :    12                             (2F*)(3F) (2H*) 3I ""","="""""
"=""""","=""""","=""3""","=""""","=""3.5061728""","=""""","=""""","=""0.000116""","=""""","=""                                                                             ""","="""""
"=""""","=""""","=""1""","=""""","=""3.5110442""","=""""","=""""","=""0.004871""","=""""","=""                                                                             ""","="""""
"=""""","=""""","=""2""","=""""","=""3.5112005""","=""""","=""""","=""0.000156""","=""""","=""                                                                             ""","="""""
"=""""","=""""","=""3""","=""""","=""3.5116721""","=""""","=""""","=""0.000472""","=""1.149""","=""                                                                             ""","="""""
"=""""","=""*""","=""1 or 2 or 3""","=""""","=""3.5139216""","=""""","=""""","=""0.002250""","=""""","=""                                                                             ""","="""""
"=""""","=""*""","=""4""","=""""","=""3.5142085""","=""""","=""""","=""0.000287""","=""1.05""","=""                                                                             ""","="""""
"=""""","=""""","=""4""","=""""","=""3.5150506""","=""""","=""""","=""0.000842""","=""""","=""                                                                             ""","="""""
"=""""","=""""","=""6""","=""""","=""3.5154318""","=""""","=""""","=""0.000381""","=""1.076""","=""                                                                             ""","="""""
"=""""","=""""","=""0""","=""""","=""3.5190933""","=""""","=""""","=""0.003662""","=""""","=""                                                                             ""","="""""
"=""""","=""""","=""4""","=""""","=""3.5201063""","=""""","=""""","=""0.001013""","=""""","=""                                                                             ""","="""""
"=""""","=""""","=""1""","=""""","=""3.5201602""","=""""","=""""","=""0.000054""","=""""","=""                                                                             ""","="""""
"=""""","=""""","=""2""","=""""","=""3.5209320""","=""""","=""""","=""0.000772""","=""""","=""                                                                             ""","="""""
"=""""","=""""","=""2""","=""""","=""3.5254917""","=""""","=""""","=""0.004560""","=""""","=""                                                                             ""","="""""
"=""""","=""""","=""1""","=""""","=""3.5272966""","=""""","=""""","=""0.001805""","=""""","=""                                                                             ""","="""""
"=""""","=""""","=""6""","=""""","=""3.5285996""","=""""","=""""","=""0.001303""","=""""","=""                                                                             ""","="""""
"=""""","=""""","=""5""","=""""","=""3.5290232""","=""""","=""""","=""0.000424""","=""""","=""                                                                             ""","="""""
"=""""","=""""","=""4""","=""""","=""3.5320149""","=""""","=""""","=""0.002992""","=""""","=""                                                                             ""","="""""
"=""""","=""""","=""3""","=""""","=""3.5339769""","=""""","=""""","=""0.001962""","=""0.884""","=""                                                                             ""","="""""
"=""""","=""""","=""6""","=""""","=""3.5386309""","=""""","=""""","=""0.004654""","=""""","=""                                                                             ""","="""""
"=""""","=""""","=""3""","=""""","=""3.5397825""","=""""","=""""","=""0.001152""","=""""","=""                                                                             ""","="""""
"=""""","=""""","=""4""","=""""","=""3.5400472""","=""""","=""""","=""0.000265""","=""""","=""                                                                             ""","="""""
"=""""","=""*""","=""5""","=""""","=""3.5404855""","=""""","=""""","=""0.000438""","=""0.809""","=""                                                                             ""","="""""
"=""4f2.(3H).5d2.(3P)""","=""""","=""7""","=""""","=""3.5407195""","=""""","=""""","=""0.000234""","=""""","=""  14  3I              :    13                             (3H)(3F) 3I        ""","="""""
"=""""","=""""","=""1""","=""""","=""3.5410381""","=""""","=""""","=""0.000319""","=""""","=""                                                                             ""","="""""
"=""""","=""""","=""5""","=""""","=""3.5425712""","=""""","=""""","=""0.001533""","=""""","=""                                                                             ""","="""""
"=""""","=""""","=""2 or 3""","=""""","=""3.5441094""","=""""","=""""","=""0.001538""","=""""","=""                                                                             ""","="""""
"=""""","=""*""","=""3""","=""""","=""3.5486685""","=""""","=""""","=""0.004559""","=""""","=""                                                                             ""","="""""
"=""""","=""""","=""5""","=""""","=""3.5490195""","=""""","=""""","=""0.000351""","=""""","=""                                                                             ""","="""""
"=""""","=""""","=""1""","=""""","=""3.5496788""","=""""","=""""","=""0.000659""","=""""","=""                                                                             ""","="""""
"=""""","=""""","=""3 or 4""","=""""","=""3.5498164""","=""""","=""""","=""0.000138""","=""""","=""                                                                             ""","="""""
"=""""","=""""","=""2""","=""""","=""3.5506350""","=""""","=""""","=""0.000819""","=""""","=""                                                                             ""","="""""
"=""""","=""*""","=""4""","=""""","=""3.5514458""","=""""","=""""","=""0.000811""","=""1.039""","=""                                                                             ""","="""""
"=""""","=""*""","=""3""","=""""","=""3.5616861""","=""""","=""""","=""0.010240""","=""0.947""","=""                                                                             ""","="""""
"=""""","=""*""","=""5""","=""""","=""3.5639185""","=""""","=""""","=""0.002232""","=""0.813""","=""                                                                             ""","="""""
"=""""","=""*""","=""6""","=""""","=""3.5654514""","=""""","=""""","=""0.001533""","=""0.999""","=""                                                                             ""","="""""
"=""""","=""""","=""4""","=""""","=""3.5666459""","=""""","=""""","=""0.001194""","=""0.898""","=""                                                                             ""","="""""
"=""""","=""""","=""2""","=""""","=""3.5678634""","=""""","=""""","=""0.001217""","=""""","=""                                                                             ""","="""""
"=""""","=""""","=""6""","=""""","=""3.5722381""","=""""","=""""","=""0.004375""","=""1.181""","=""                                                                             ""","="""""
"=""""","=""""","=""5""","=""""","=""3.5730565""","=""""","=""""","=""0.000818""","=""""","=""                                                                             ""","="""""
"=""""","=""*""","=""4""","=""""","=""3.5766383""","=""""","=""""","=""0.003582""","=""""","=""                                                                             ""","="""""
"=""""","=""*""","=""5""","=""""","=""3.5769452""","=""""","=""""","=""0.000307""","=""1.116""","=""                                                                             ""","="""""
"=""""","=""""","=""4""","=""""","=""3.5813139""","=""""","=""""","=""0.004369""","=""""","=""                                                                             ""","="""""
"=""""","=""""","=""5""","=""""","=""3.5832206""","=""""","=""""","=""0.001907""","=""""","=""                                                                             ""","="""""
"=""""","=""*""","=""6""","=""""","=""3.5836435""","=""""","=""""","=""0.000423""","=""""","=""                                                                             ""","="""""
"=""""","=""""","=""4""","=""""","=""3.5838079""","=""""","=""""","=""0.000164""","=""1.173""","=""                                                                             ""","="""""
"=""""","=""""","=""2""","=""""","=""3.5854697""","=""""","=""""","=""0.001662""","=""""","=""                                                                             ""","="""""
"=""""","=""""","=""3""","=""""","=""3.5859802""","=""""","=""""","=""0.000510""","=""""","=""                                                                             ""","="""""
"=""""","=""*""","=""7""","=""""","=""3.5881339""","=""""","=""""","=""0.002154""","=""""","=""                                                                             ""","="""""
"=""""","=""*""","=""5 or 6""","=""""","=""3.5885440""","=""""","=""""","=""0.000410""","=""""","=""                                                                             ""","="""""
"=""""","=""""","=""3 or 4""","=""""","=""3.5918804""","=""""","=""""","=""0.003336""","=""""","=""                                                                             ""","="""""
"=""""","=""""","=""2 or 3""","=""""","=""3.5921277""","=""""","=""""","=""0.000247""","=""""","=""                                                                             ""","="""""
"=""""","=""""","=""1 or 2""","=""""","=""3.5972625""","=""""","=""""","=""0.005135""","=""""","=""                                                                             ""","="""""
"=""""","=""""","=""6""","=""""","=""3.6024875""","=""""","=""""","=""0.005225""","=""""","=""                                                                             ""","="""""
"=""""","=""""","=""3""","=""""","=""3.6037534""","=""""","=""""","=""0.001266""","=""""","=""                                                                             ""","="""""
"=""4f.(2F*).5d2.(1G) (2K*).6p""","=""""","=""7""","=""""","=""3.6040204""","=""""","=""""","=""0.000267""","=""""","=""  27  3L              :    15  4f2.(1I).5d (2L).6s        3L                 ""","="""""
"=""""","=""""","=""4""","=""""","=""3.6054519""","=""""","=""""","=""0.001431""","=""""","=""                                                                             ""","="""""
"=""""","=""*""","=""5""","=""""","=""3.6078365""","=""""","=""""","=""0.002385""","=""0.993""","=""                                                                             ""","="""""
"=""""","=""""","=""3""","=""""","=""3.6081881""","=""""","=""""","=""0.000352""","=""""","=""                                                                             ""","="""""
"=""""","=""""","=""2 or 3""","=""""","=""3.6104153""","=""""","=""""","=""0.002227""","=""""","=""                                                                             ""","="""""
"=""""","=""""","=""4 or 5 or 6""","=""""","=""3.6159468""","=""""","=""""","=""0.005532""","=""""","=""                                                                             ""","="""""
"=""""","=""""","=""4""","=""""","=""3.6175508""","=""""","=""""","=""0.001604""","=""""","=""                                                                             ""","="""""
"=""""","=""*""","=""4""","=""""","=""3.6206243""","=""""","=""""","=""0.003073""","=""0.979?""","=""                                                                             ""","="""""
"=""""","=""""","=""3""","=""""","=""3.6220110""","=""""","=""""","=""0.001387""","=""""","=""                                                                             ""","="""""
"=""""","=""""","=""4""","=""""","=""3.6226756""","=""""","=""""","=""0.000665""","=""""","=""                                                                             ""","="""""
"=""""","=""""","=""6""","=""""","=""3.6268853""","=""""","=""""","=""0.004210""","=""""","=""                                                                             ""","="""""
"=""""","=""*""","=""4""","=""""","=""3.6275268""","=""""","=""""","=""0.000641""","=""""","=""                                                                             ""","="""""
"=""""","=""""","=""1""","=""""","=""3.6306714""","=""""","=""""","=""0.003145""","=""""","=""                                                                             ""","="""""
"=""""","=""""","=""3 or 4""","=""""","=""3.6307473""","=""""","=""""","=""0.000076""","=""""","=""                                                                             ""","="""""
"=""""","=""""","=""3""","=""""","=""3.6315218""","=""""","=""""","=""0.000774""","=""""","=""                                                                             ""","="""""
"=""""","=""""","=""1""","=""""","=""3.6355258""","=""""","=""""","=""0.004004""","=""""","=""                                                                             ""","="""""
"=""""","=""""","=""2""","=""""","=""3.6359703""","=""""","=""""","=""0.000444""","=""""","=""                                                                             ""","="""""
"=""""","=""""","=""4""","=""""","=""3.6364931""","=""""","=""""","=""0.000523""","=""""","=""                                                                             ""","="""""
"=""""","=""""","=""6""","=""""","=""3.6365002""","=""""","=""""","=""0.000007""","=""""","=""                                                                             ""","="""""
"=""""","=""""","=""3 or 4""","=""""","=""3.6365878""","=""""","=""""","=""0.000088""","=""""","=""                                                                             ""","="""""
"=""""","=""""","=""5 or 6""","=""""","=""3.6378961""","=""""","=""""","=""0.001308""","=""""","=""                                                                             ""","="""""
"=""""","=""*""","=""4""","=""""","=""3.6422847""","=""""","=""""","=""0.004389""","=""""","=""                                                                             ""","="""""
"=""""","=""""","=""2""","=""""","=""3.6427463""","=""""","=""""","=""0.000462""","=""""","=""                                                                             ""","="""""
"=""""","=""""","=""2""","=""""","=""3.6456656""","=""""","=""""","=""0.002919""","=""""","=""                                                                             ""","="""""
"=""""","=""""","=""3 or 4""","=""""","=""3.6478255""","=""""","=""""","=""0.002160""","=""""","=""                                                                             ""","="""""
"=""""","=""*""","=""6""","=""""","=""3.6491407""","=""""","=""""","=""0.001315""","=""0.925""","=""                                                                             ""","="""""
"=""""","=""""","=""5""","=""""","=""3.6504655""","=""""","=""""","=""0.001325""","=""""","=""                                                                             ""","="""""
"=""""","=""""","=""2""","=""""","=""3.6505566""","=""""","=""""","=""0.000091""","=""""","=""                                                                             ""","="""""
"=""""","=""*""","=""2""","=""""","=""3.6505741""","=""""","=""""","=""0.000018""","=""""","=""                                                                             ""","="""""
"=""4f.(2F*).5d2.(1G) (2K*).6p""","=""""","=""7""","=""""","=""3.6515219""","=""""","=""""","=""0.000948""","=""""","=""  23  3L              :    22  4f2.(3H).5d2.(1G)          3L                 ""","="""""
"=""""","=""""","=""1""","=""""","=""3.6515955""","=""""","=""""","=""0.000074""","=""""","=""                                                                             ""","="""""
"=""""","=""""","=""4""","=""""","=""3.6519484""","=""""","=""""","=""0.000353""","=""0.95""","=""                                                                             ""","="""""
"=""""","=""""","=""7""","=""""","=""3.6535462""","=""""","=""""","=""0.001598""","=""1.111""","=""                                                                             ""","="""""
"=""""","=""""","=""1""","=""""","=""3.6561061""","=""""","=""""","=""0.002560""","=""""","=""                                                                             ""","="""""
"=""""","=""""","=""3 or 4""","=""""","=""3.6567262""","=""""","=""""","=""0.000620""","=""""","=""                                                                             ""","="""""
"=""""","=""""","=""6""","=""""","=""3.6579476""","=""""","=""""","=""0.001221""","=""""","=""                                                                             ""","="""""
"=""""","=""""","=""1 or 2""","=""""","=""3.6609450""","=""""","=""""","=""0.002997""","=""""","=""                                                                             ""","="""""
"=""""","=""""","=""2""","=""""","=""3.6620748""","=""""","=""""","=""0.001130""","=""""","=""                                                                             ""","="""""
"=""""","=""*""","=""6""","=""""","=""3.6654845""","=""""","=""""","=""0.003410""","=""""","=""                                                                             ""","="""""
"=""""","=""""","=""4 or 5""","=""""","=""3.6662459""","=""""","=""""","=""0.000761""","=""""","=""                                                                             ""","="""""
"=""""","=""""","=""3 or 4""","=""""","=""3.6714276""","=""""","=""""","=""0.005182""","=""""","=""                                                                             ""","="""""
"=""""","=""""","=""5""","=""""","=""3.6716187""","=""""","=""""","=""0.000191""","=""1.228""","=""                                                                             ""","="""""
"=""""","=""""","=""6""","=""""","=""3.6730574""","=""""","=""""","=""0.001439""","=""1.227""","=""                                                                             ""","="""""
"=""""","=""*""","=""5""","=""""","=""3.6734342""","=""""","=""""","=""0.000377""","=""""","=""                                                                             ""","="""""
"=""""","=""""","=""2 or 3""","=""""","=""3.6757049""","=""""","=""""","=""0.002271""","=""""","=""                                                                             ""","="""""
"=""""","=""""","=""5""","=""""","=""3.6770619""","=""""","=""""","=""0.001357""","=""""","=""                                                                             ""","="""""
"=""""","=""""","=""3 or 4""","=""""","=""3.6783631""","=""""","=""""","=""0.001301""","=""""","=""                                                                             ""","="""""
"=""""","=""""","=""1""","=""""","=""3.6785184""","=""""","=""""","=""0.000155""","=""""","=""                                                                             ""","="""""
"=""""","=""""","=""3 or 4""","=""""","=""3.6796250""","=""""","=""""","=""0.001107""","=""""","=""                                                                             ""","="""""
"=""""","=""*""","=""5""","=""""","=""3.6829104""","=""""","=""""","=""0.003285""","=""""","=""                                                                             ""","="""""
"=""""","=""""","=""7""","=""""","=""3.6834401""","=""""","=""""","=""0.000530""","=""""","=""                                                                             ""","="""""
"=""""","=""""","=""3 or 4""","=""""","=""3.6845271""","=""""","=""""","=""0.001087""","=""""","=""                                                                             ""","="""""
"=""""","=""""","=""2""","=""""","=""3.6850649""","=""""","=""""","=""0.000538""","=""""","=""                                                                             ""","="""""
"=""""","=""*""","=""6""","=""""","=""3.6866248""","=""""","=""""","=""0.001560""","=""""","=""                                                                             ""","="""""
"=""""","=""""","=""1""","=""""","=""3.6886779""","=""""","=""""","=""0.002053""","=""""","=""                                                                             ""","="""""
"=""""","=""""","=""4""","=""""","=""3.6897142""","=""""","=""""","=""0.001036""","=""""","=""                                                                             ""","="""""
"=""""","=""""","=""5""","=""""","=""3.6905370""","=""""","=""""","=""0.000823""","=""""","=""                                                                             ""","="""""
"=""""","=""""","=""6""","=""""","=""3.6923615""","=""""","=""""","=""0.001825""","=""""","=""                                                                             ""","="""""
"=""""","=""""","=""3""","=""""","=""3.6945172""","=""""","=""""","=""0.002156""","=""""","=""                                                                             ""","="""""
"=""""","=""""","=""2 or 3""","=""""","=""3.6963617""","=""""","=""""","=""0.001845""","=""""","=""                                                                             ""","="""""
"=""""","=""""","=""4""","=""""","=""3.6974266""","=""""","=""""","=""0.001065""","=""""","=""                                                                             ""","="""""
"=""""","=""*""","=""3""","=""""","=""3.6996059""","=""""","=""""","=""0.002179""","=""1.174""","=""                                                                             ""","="""""
"=""""","=""""","=""5""","=""""","=""3.7036309""","=""""","=""""","=""0.004025""","=""""","=""                                                                             ""","="""""
"=""""","=""""","=""7""","=""""","=""3.7042898""","=""""","=""""","=""0.000659""","=""""","=""                                                                             ""","="""""
"=""""","=""""","=""2 or 3""","=""""","=""3.7052256""","=""""","=""""","=""0.000936""","=""""","=""                                                                             ""","="""""
"=""""","=""""","=""2""","=""""","=""3.7075201""","=""""","=""""","=""0.002295""","=""""","=""                                                                             ""","="""""
"=""""","=""""","=""4""","=""""","=""3.7089464""","=""""","=""""","=""0.001426""","=""""","=""                                                                             ""","="""""
"=""""","=""""","=""3""","=""""","=""3.7129319""","=""""","=""""","=""0.003986""","=""""","=""                                                                             ""","="""""
"=""""","=""""","=""5""","=""""","=""3.7133648""","=""""","=""""","=""0.000433""","=""""","=""                                                                             ""","="""""
"=""""","=""""","=""0 or 1""","=""""","=""3.7141085""","=""""","=""""","=""0.000744""","=""""","=""                                                                             ""","="""""
"=""""","=""""","=""2""","=""""","=""3.7142049""","=""""","=""""","=""0.000096""","=""""","=""                                                                             ""","="""""
"=""""","=""""","=""4""","=""""","=""3.7195119""","=""""","=""""","=""0.005307""","=""""","=""                                                                             ""","="""""
"=""""","=""""","=""6""","=""""","=""3.7223146""","=""""","=""""","=""0.002803""","=""1.103""","=""                                                                             ""","="""""
"=""""","=""*""","=""2 or 3""","=""""","=""3.7238381""","=""""","=""""","=""0.001524""","=""""","=""                                                                             ""","="""""
"=""""","=""*""","=""3""","=""""","=""3.7316995""","=""""","=""""","=""0.007861""","=""""","=""                                                                             ""","="""""
"=""""","=""*""","=""5""","=""""","=""3.7355102""","=""""","=""""","=""0.003811""","=""""","=""                                                                             ""","="""""
"=""""","=""*""","=""5""","=""""","=""3.7485013""","=""""","=""""","=""0.012991""","=""1.155?""","=""                                                                             ""","="""""
"=""""","=""*""","=""3""","=""""","=""3.7693820""","=""""","=""""","=""0.020881""","=""""","=""                                                                             ""","="""""
"=""""","=""*""","=""4""","=""""","=""3.7739891""","=""""","=""""","=""0.004607""","=""""","=""                                                                             ""","="""""
"=""""","=""*""","=""4 or 5""","=""""","=""3.7778470""","=""""","=""""","=""0.003858""","=""""","=""                                                                             ""","="""""
"=""""","=""*""","=""7""","=""""","=""3.7830008""","=""""","=""""","=""0.005154""","=""""","=""                                                                             ""","="""""
"=""""","=""*""","=""3""","=""""","=""3.7867625""","=""""","=""""","=""0.003762""","=""""","=""                                                                             ""","="""""
"=""""","=""*""","=""4 or 5""","=""""","=""3.7888668""","=""""","=""""","=""0.002104""","=""""","=""                                                                             ""","="""""
"=""""","=""*""","=""5""","=""""","=""3.7898185""","=""""","=""""","=""0.000952""","=""""","=""                                                                             ""","="""""
"=""""","=""*""","=""6""","=""""","=""3.7943329""","=""""","=""""","=""0.004514""","=""""","=""                                                                             ""","="""""
"=""""","=""*""","=""3 or 4""","=""""","=""3.7968973""","=""""","=""""","=""0.002564""","=""""","=""                                                                             ""","="""""
"=""""","=""*""","=""2""","=""""","=""3.8070976""","=""""","=""""","=""0.010200""","=""""","=""                                                                             ""","="""""
"=""""","=""*""","=""4""","=""""","=""3.8111838""","=""""","=""""","=""0.004086""","=""""","=""                                                                             ""","="""""
"=""""","=""*""","=""3""","=""""","=""3.8113839""","=""""","=""""","=""0.000200""","=""""","=""                                                                             ""","="""""
"=""""","=""*""","=""5""","=""""","=""3.8146277""","=""""","=""""","=""0.003244""","=""""","=""                                                                             ""","="""""
"=""""","=""*""","=""4""","=""""","=""3.8171807""","=""""","=""""","=""0.002553""","=""0.695?""","=""                                                                             ""","="""""
"=""""","=""*""","=""3""","=""""","=""3.8254149""","=""""","=""""","=""0.008234""","=""0.737""","=""                                                                             ""","="""""
"=""""","=""*""","=""7""","=""""","=""3.8281651""","=""""","=""""","=""0.002750""","=""""","=""                                                                             ""","="""""
"=""""","=""*""","=""2""","=""""","=""3.8424986""","=""""","=""""","=""0.014333""","=""""","=""                                                                             ""","="""""
"=""Ce II (4f.5s2.5p6.5d2 4H*<7/2>)""","=""Limit""","=""---""","=""""","=""5.5386""","=""""","=""0.0004""","=""""","=""""","=""                                                                             ""","=""L4277"""
