Configuration,Term,J,Prefix,Level (eV),Suffix,Uncertainty (eV),Splitting,Lande,Leading percentages,Reference
"=""3d5""","=""a 6S""","=""5/2""","=""""","=""0.00000000""","=""""","=""0.00000009""","=""""","=""""","=""                                         ""","=""L18847"""
"=""3d4.(5D).4s""","=""a 6D""","=""1/2""","=""""","=""1.48306754""","=""""","=""0.00000006""","=""1.4830675""","=""3.323""","=""                                         ""","=""L18847,L7185"""
"=""3d4.(5D).4s""","=""a 6D""","=""3/2""","=""""","=""1.49184541""","=""""","=""0.00000006""","=""0.00877787""","=""1.867""","=""                                         ""","=""L18847,L7185"""
"=""3d4.(5D).4s""","=""a 6D""","=""5/2""","=""""","=""1.50613169""","=""""","=""0.00000006""","=""0.01428628""","=""1.669""","=""                                         ""","=""L18847,L7185"""
"=""3d4.(5D).4s""","=""a 6D""","=""7/2""","=""""","=""1.52547926""","=""""","=""0.00000006""","=""0.01934757""","=""1.578""","=""                                         ""","=""L18847,L7185"""
"=""3d4.(5D).4s""","=""a 6D""","=""9/2""","=""""","=""1.54936314""","=""""","=""0.00000006""","=""0.02388388""","=""1.554""","=""                                         ""","=""L18847,L7185"""
"=""3d4.(5D).4s""","=""a 4D""","=""1/2""","=""""","=""2.42119186""","=""""","=""0.00000006""","=""0.87182872""","=""0.000""","=""                                         ""","=""L18847,L7185"""
"=""3d4.(5D).4s""","=""a 4D""","=""3/2""","=""""","=""2.43395932""","=""""","=""0.00000006""","=""0.01276746""","=""1.192""","=""                                         ""","=""L18847,L7185"""
"=""3d4.(5D).4s""","=""a 4D""","=""5/2""","=""""","=""2.45462173""","=""""","=""0.00000006""","=""0.02066241""","=""1.370""","=""                                         ""","=""L18847,L7185"""
"=""3d4.(5D).4s""","=""a 4D""","=""7/2""","=""""","=""2.48266104""","=""""","=""0.00000006""","=""0.02803931""","=""1.427""","=""                                         ""","=""L18847,L7185"""
"=""3d5""","=""a 4G""","=""5/2""","=""""","=""2.54317169""","=""""","=""0.00000006""","=""0.06051065""","=""0.599""","=""                                         ""","=""L18847,L7185"""
"=""3d5""","=""a 4G""","=""11/2""","=""""","=""2.54317577""","=""""","=""0.00000009""","=""0.0000041""","=""1.278""","=""                                         ""","=""L18847,L7185"""
"=""3d5""","=""a 4G""","=""7/2""","=""""","=""2.54388199""","=""""","=""0.00000006""","=""0.0007062""","=""0.994""","=""                                         ""","=""L18847,L7185"""
"=""3d5""","=""a 4G""","=""9/2""","=""""","=""2.54406517""","=""""","=""0.00000007""","=""0.00018318""","=""1.161""","=""                                         ""","=""L18847,L7185"""
"=""3d5""","=""a 4P""","=""5/2""","=""""","=""2.70564569""","=""""","=""0.00000006""","=""0.16158052""","=""1.590""","=""                                         ""","=""L18847,L7185"""
"=""3d5""","=""a 4P""","=""1/2""","=""""","=""2.70579643""","=""""","=""0.00000006""","=""0.00015074""","=""2.693""","=""                                         ""","=""L18847,L7185"""
"=""3d5""","=""a 4P""","=""3/2""","=""""","=""2.70584858""","=""""","=""0.00000006""","=""0.00005215""","=""1.717""","=""                                         ""","=""L18847,L7185"""
"=""3d5""","=""b 4D""","=""7/2""","=""""","=""3.10377925""","=""""","=""0.00000006""","=""0.39793067""","=""1.432""","=""                                         ""","=""L18847,L7185"""
"=""3d5""","=""b 4D""","=""1/2""","=""""","=""3.10398702""","=""""","=""0.00000010""","=""0.0002078""","=""-0.045""","=""                                         ""","=""L18847,L7185"""
"=""3d5""","=""b 4D""","=""3/2""","=""""","=""3.10490646""","=""""","=""0.00000006""","=""0.0009194""","=""1.207""","=""                                         ""","=""L18847,L7185"""
"=""3d5""","=""b 4D""","=""5/2""","=""""","=""3.10539681""","=""""","=""0.00000006""","=""0.00049035""","=""1.381""","=""                                         ""","=""L18847,L7185"""
"=""3d4.(a 3P).4s""","=""b 4P""","=""1/2""","=""""","=""3.71355192""","=""""","=""0.00000012""","=""0.6081551""","=""2.685""","=""                                         ""","=""L18847,L7185"""
"=""3d4.(a 3P).4s""","=""b 4P""","=""3/2""","=""""","=""3.75763463""","=""""","=""0.00000007""","=""0.0440827""","=""1.756""","=""                                         ""","=""L18847,L7185"""
"=""3d4.(a 3P).4s""","=""b 4P""","=""5/2""","=""""","=""3.82670196""","=""""","=""0.00000006""","=""0.06906733""","=""1.572""","=""                                         ""","=""L18847,L7185"""
"=""3d5""","=""a 2I""","=""11/2""","=""""","=""3.73728631""","=""""","=""0.00000011""","=""-0.0894156""","=""""","=""                                         ""","=""L18847"""
"=""3d5""","=""a 2I""","=""13/2""","=""""","=""3.73810805""","=""""","=""0.00000012""","=""0.0008217""","=""""","=""                                         ""","=""L18847"""
"=""3d4.(3H).4s""","=""a 4H""","=""7/2""","=""""","=""3.73895849""","=""""","=""0.00000009""","=""0.0008504""","=""0.667""","=""                                         ""","=""L18847,L7185"""
"=""3d4.(3H).4s""","=""a 4H""","=""9/2""","=""""","=""3.74665105""","=""""","=""0.00000006""","=""0.0076926""","=""0.978""","=""                                         ""","=""L18847,L7185"""
"=""3d4.(3H).4s""","=""a 4H""","=""11/2""","=""""","=""3.75653126""","=""""","=""0.00000009""","=""0.0098802""","=""1.162""","=""                                         ""","=""L18847,L7185"""
"=""3d4.(3H).4s""","=""a 4H""","=""13/2""","=""""","=""3.76810682""","=""""","=""0.00000007""","=""0.0115756""","=""1.234""","=""                                         ""","=""L18847,L7185"""
"=""3d4.(a 3F).4s""","=""a 4F""","=""3/2""","=""""","=""3.85378648""","=""""","=""0.00000009""","=""0.0856797""","=""0.418""","=""                                         ""","=""L18847,L7185"""
"=""3d4.(a 3F).4s""","=""a 4F""","=""5/2""","=""""","=""3.85805665""","=""""","=""0.00000006""","=""0.0042702""","=""1.032""","=""                                         ""","=""L18847,L7185"""
"=""3d4.(a 3F).4s""","=""a 4F""","=""7/2""","=""""","=""3.86441085""","=""""","=""0.00000006""","=""0.00635420""","=""1.246""","=""                                         ""","=""L18847,L7185"""
"=""3d4.(a 3F).4s""","=""a 4F""","=""9/2""","=""""","=""3.87070388""","=""""","=""0.00000006""","=""0.00629303""","=""1.340""","=""                                         ""","=""L18847,L7185"""
"=""3d5""","=""a 2D""","=""5/2""","=""""","=""3.88701293""","=""""","=""0.00000016""","=""0.0163090""","=""""","=""                                         ""","=""L18847"""
"=""3d5""","=""a 2D""","=""3/2""","=""""","=""3.90936761""","=""""","=""0.00000019""","=""0.0223547""","=""""","=""                                         ""","=""L18847"""
"=""3d5""","=""a 2F""","=""7/2""","=""""","=""4.01158980""","=""""","=""0.00000015""","=""0.1022222""","=""""","=""                                         ""","=""L18847"""
"=""3d5""","=""a 2F""","=""5/2""","=""""","=""4.04230010""","=""""","=""0.00000015""","=""0.0307103""","=""""","=""                                         ""","=""L18847"""
"=""3d5""","=""b 4F""","=""7/2""","=""""","=""4.07122606""","=""""","=""0.00000006""","=""0.0289260""","=""""","=""                                         ""","=""L18847"""
"=""3d5""","=""b 4F""","=""3/2""","=""""","=""4.07222465""","=""""","=""0.00000007""","=""0.00099859""","=""""","=""                                         ""","=""L18847"""
"=""3d5""","=""b 4F""","=""9/2""","=""""","=""4.07340781""","=""""","=""0.00000007""","=""0.00118316""","=""""","=""                                         ""","=""L18847"""
"=""3d5""","=""b 4F""","=""5/2""","=""""","=""4.07349339""","=""""","=""0.00000006""","=""0.00008558""","=""""","=""                                         ""","=""L18847"""
"=""3d4.(3G).4s""","=""b 4G""","=""5/2""","=""""","=""4.14330156""","=""""","=""0.00000007""","=""0.06980817""","=""0.588""","=""                                         ""","=""L18847,L7185"""
"=""3d4.(3G).4s""","=""b 4G""","=""7/2""","=""""","=""4.15608552""","=""""","=""0.00000006""","=""0.01278396""","=""1.024""","=""                                         ""","=""L18847,L7185"""
"=""3d4.(3G).4s""","=""b 4G""","=""9/2""","=""""","=""4.16821687""","=""""","=""0.00000006""","=""0.01213135""","=""1.185""","=""                                         ""","=""L18847,L7185"""
"=""3d4.(3G).4s""","=""b 4G""","=""11/2""","=""""","=""4.17754120""","=""""","=""0.00000009""","=""0.0093243""","=""1.276""","=""                                         ""","=""L18847,L7185"""
"=""3d4.(3H).4s""","=""a 2H""","=""9/2""","=""""","=""4.29368629""","=""""","=""0.00000006""","=""0.1161451""","=""""","=""  62         :    35  3d5           2H   ""","=""L18847,L7185"""
"=""3d4.(3H).4s""","=""a 2H""","=""11/2""","=""""","=""4.31625276""","=""""","=""0.00000006""","=""0.02256647""","=""""","=""  57         :    41  3d5           2H   ""","=""L18847,L7185"""
"=""3d4.(a 3P).4s""","=""a 2P""","=""1/2""","=""""","=""4.29719825""","=""""","=""0.00000012""","=""-0.0190545""","=""0.670""","=""                                         ""","=""L18847,L7185"""
"=""3d4.(a 3P).4s""","=""a 2P""","=""3/2""","=""""","=""4.38357248""","=""""","=""0.00000009""","=""0.0863742""","=""1.331""","=""                                         ""","=""L18847,L7185"""
"=""3d4.(a 3F).4s""","=""b 2F""","=""5/2""","=""""","=""4.41001659""","=""""","=""0.00000009""","=""0.0264441""","=""0.876""","=""                                         ""","=""L18847,L7185"""
"=""3d4.(a 3F).4s""","=""b 2F""","=""7/2""","=""""","=""4.41476847""","=""""","=""0.00000006""","=""0.0047519""","=""1.144""","=""                                         ""","=""L18847,L7185"""
"=""3d5""","=""b 2H""","=""9/2""","=""""","=""4.41511558""","=""""","=""0.00000010""","=""0.0003471""","=""""","=""  61         :    37  3d4.(3H).4s   2H   ""","=""L18847,L7185"""
"=""3d5""","=""b 2H""","=""11/2""","=""""","=""4.42716182""","=""""","=""0.00000007""","=""0.0120462""","=""""","=""  58         :    42  3d4.(3H).4s   2H   ""","=""L18847,L7185"""
"=""3d5""","=""a 2G""","=""7/2""","=""""","=""4.47601849""","=""""","=""0.00000014""","=""0.0488567""","=""""","=""                                         ""","=""L18847"""
"=""3d5""","=""a 2G""","=""9/2""","=""""","=""4.49721898""","=""""","=""0.00000014""","=""0.0212005""","=""""","=""                                         ""","=""L18847"""
"=""3d4.(3D).4s""","=""c 4D""","=""7/2""","=""""","=""4.74482189""","=""""","=""0.00000011""","=""0.2476029""","=""""","=""                                         ""","=""L18847"""
"=""3d4.(3D).4s""","=""c 4D""","=""5/2""","=""""","=""4.75043408""","=""""","=""0.00000011""","=""0.0056122""","=""""","=""                                         ""","=""L18847"""
"=""3d4.(3D).4s""","=""c 4D""","=""3/2""","=""""","=""4.75632941""","=""""","=""0.00000010""","=""0.0058953""","=""""","=""                                         ""","=""L18847"""
"=""3d4.(3D).4s""","=""c 4D""","=""1/2""","=""""","=""4.76052084""","=""""","=""0.00000025""","=""0.0041914""","=""""","=""                                         ""","=""L18847"""
"=""3d4.(3G).4s""","=""b 2G""","=""7/2""","=""""","=""4.77449784""","=""""","=""0.00000009""","=""0.0139770""","=""0.910""","=""                                         ""","=""L18847,L7185"""
"=""3d4.(3G).4s""","=""b 2G""","=""9/2""","=""""","=""4.78120297""","=""""","=""0.00000007""","=""0.0067051""","=""1.100""","=""                                         ""","=""L18847,L7185"""
"=""3d4.(a 1G).4s""","=""c 2G""","=""7/2""","=""""","=""4.92015384""","=""""","=""0.00000014""","=""0.1389509""","=""""","=""                                         ""","=""L18847"""
"=""3d4.(a 1G).4s""","=""c 2G""","=""9/2""","=""""","=""4.93759135""","=""""","=""0.00000014""","=""0.0174375""","=""""","=""                                         ""","=""L18847"""
"=""3d5""","=""c 2F""","=""5/2""","=""""","=""4.92738501""","=""""","=""0.00000014""","=""-0.0102063""","=""""","=""                                         ""","=""L18847"""
"=""3d5""","=""c 2F""","=""7/2""","=""""","=""4.94412218""","=""""","=""0.00000011""","=""0.0167372""","=""""","=""                                         ""","=""L18847"""
"=""3d4.(1I).4s""","=""b 2I""","=""13/2""","=""""","=""4.98442592""","=""""","=""0.00000010""","=""0.0403037""","=""""","=""                                         ""","=""L18847"""
"=""3d4.(1I).4s""","=""b 2I""","=""11/2""","=""""","=""4.98767267""","=""""","=""0.00000010""","=""0.0032468""","=""""","=""                                         ""","=""L18847"""
"=""3d4.(a 1S).4s""","=""a 2S""","=""1/2""","=""""","=""5.0108313""","=""""","=""0.0000004""","=""0.0231586""","=""""","=""                                         ""","=""L18847"""
"=""3d4.(3D).4s""","=""b 2D""","=""5/2""","=""""","=""5.31866860""","=""""","=""0.00000014""","=""0.3078373""","=""""","=""                                         ""","=""L18847"""
"=""3d4.(3D).4s""","=""b 2D""","=""3/2""","=""""","=""5.32965859""","=""""","=""0.00000016""","=""0.0109900""","=""""","=""                                         ""","=""L18847"""
"=""3d5""","=""b 2S""","=""1/2""","=""""","=""5.4933774""","=""""","=""0.0000004""","=""0.1637188""","=""""","=""                                         ""","=""L18847"""
"=""3d4.(a 1D).4s""","=""c 2D""","=""3/2""","=""""","=""5.66228372""","=""""","=""0.00000016""","=""0.1689063""","=""""","=""                                         ""","=""L18847"""
"=""3d4.(a 1D).4s""","=""c 2D""","=""5/2""","=""""","=""5.66987064""","=""""","=""0.00000012""","=""0.0075869""","=""""","=""                                         ""","=""L18847"""
"=""3d4.(5D).4p""","=""z 6F*""","=""1/2""","=""""","=""5.80535009""","=""""","=""0.00000009""","=""0.1354795""","=""-0.689""","="" 100                                     ""","=""L18847,L7185"""
"=""3d4.(5D).4p""","=""z 6F*""","=""3/2""","=""""","=""5.81549585""","=""""","=""0.00000007""","=""0.0101458""","=""1.124""","="" 100                                     ""","=""L18847,L7185"""
"=""3d4.(5D).4p""","=""z 6F*""","=""5/2""","=""""","=""5.83225085""","=""""","=""0.00000007""","=""0.01675500""","=""1.314""","="" 100                                     ""","=""L18847,L7185"""
"=""3d4.(5D).4p""","=""z 6F*""","=""7/2""","=""""","=""5.85542884""","=""""","=""0.00000007""","=""0.02317799""","=""1.378""","="" 100                                     ""","=""L18847,L7185"""
"=""3d4.(5D).4p""","=""z 6F*""","=""9/2""","=""""","=""5.88485505""","=""""","=""0.00000007""","=""0.02942621""","=""1.416""","="" 100                                     ""","=""L18847,L7185"""
"=""3d4.(5D).4p""","=""z 6F*""","=""11/2""","=""""","=""5.92044389""","=""""","=""0.00000007""","=""0.03558884""","=""""","="" 100                                     ""","=""L18847,L7185"""
"=""3d5""","=""d 2D""","=""5/2""","=""""","=""5.87119311""","=""""","=""0.00000025""","=""-0.0492508""","=""""","=""                                         ""","=""L18847"""
"=""3d5""","=""d 2D""","=""3/2""","=""""","=""5.8734334""","=""""","=""0.0000004""","=""0.0022403""","=""""","=""                                         ""","=""L18847"""
"=""3d4.(5D).4p""","=""z 6P*""","=""3/2""","=""""","=""6.00069536""","=""""","=""0.00000009""","=""0.1272620""","=""2.382""","=""  83                                     ""","=""L18847,L7185"""
"=""3d4.(5D).4p""","=""z 6P*""","=""5/2""","=""""","=""6.01212482""","=""""","=""0.00000009""","=""0.0114295""","=""1.875""","=""  98                                     ""","=""L18847,L7185"""
"=""3d4.(5D).4p""","=""z 6P*""","=""7/2""","=""""","=""6.02960685""","=""""","=""0.00000009""","=""0.0174820""","=""1.710""","="" 100                                     ""","=""L18847,L7185"""
"=""3d4.(5D).4p""","=""z 4P*""","=""1/2""","=""""","=""6.04414014""","=""""","=""0.00000009""","=""0.0145333""","=""2.844""","=""  67         :    31  3d4.(5D).4p   6D*  ""","=""L18847,L7185"""
"=""3d4.(5D).4p""","=""z 4P*""","=""3/2""","=""""","=""6.07595067""","=""""","=""0.00000009""","=""0.0318105""","=""1.802""","=""  55         :    42  3d4.(5D).4p   6D*  ""","=""L18847,L7185"""
"=""3d4.(5D).4p""","=""z 4P*""","=""5/2""","=""""","=""6.16279089""","=""""","=""0.00000009""","=""0.0868402""","=""1.624""","=""  71         :    27  3d4.(5D).4p   6D*  ""","=""L18847,L7185"""
"=""3d4.(5D).4p""","=""z 6D*""","=""5/2""","=""""","=""6.11883513""","=""""","=""0.00000009""","=""-0.0439558""","=""1.628""","=""  73         :    26  3d4.(5D).4p   4P*  ""","=""L18847,L7185"""
"=""3d4.(5D).4p""","=""z 6D*""","=""1/2""","=""""","=""6.13631411""","=""""","=""0.00000009""","=""0.0174790""","=""3.155""","=""  69         :    31  3d4.(5D).4p   4P*  ""","=""L18847,L7185"""
"=""3d4.(5D).4p""","=""z 6D*""","=""3/2""","=""""","=""6.14521527""","=""""","=""0.00000009""","=""0.0089012""","=""1.824""","=""  58         :    41  3d4.(5D).4p   4P*  ""","=""L18847,L7185"""
"=""3d4.(5D).4p""","=""z 6D*""","=""7/2""","=""""","=""6.15529544""","=""""","=""0.00000009""","=""0.0100802""","=""1.577""","=""  99                                     ""","=""L18847,L7185"""
"=""3d4.(5D).4p""","=""z 6D*""","=""9/2""","=""""","=""6.17917158""","=""""","=""0.00000009""","=""0.0238761""","=""1.570""","=""  98                                     ""","=""L18847,L7185"""
"=""3d4.(1F).4s""","=""d 2F""","=""7/2""","=""""","=""6.28193530""","=""""","=""0.00000012""","=""0.1027637""","=""""","=""                                         ""","=""L18847"""
"=""3d4.(1F).4s""","=""d 2F""","=""5/2""","=""""","=""6.28446415""","=""""","=""0.00000012""","=""0.0025289""","=""""","=""                                         ""","=""L18847"""
"=""3d4.(5D).4p""","=""z 4F*""","=""3/2""","=""""","=""6.39561334""","=""""","=""0.00000010""","=""0.1111492""","=""0.406""","=""  97                                     ""","=""L18847,L7185"""
"=""3d4.(5D).4p""","=""z 4F*""","=""5/2""","=""""","=""6.40618989""","=""""","=""0.00000010""","=""0.0105766""","=""1.025""","=""  97                                     ""","=""L18847,L7185"""
"=""3d4.(5D).4p""","=""z 4F*""","=""7/2""","=""""","=""6.42099470""","=""""","=""0.00000010""","=""0.0148048""","=""1.248""","=""  96                                     ""","=""L18847,L7185"""
"=""3d4.(5D).4p""","=""z 4F*""","=""9/2""","=""""","=""6.44006956""","=""""","=""0.00000010""","=""0.0190749""","=""1.338""","=""  96                                     ""","=""L18847,L7185"""
"=""3d5""","=""d 2G""","=""7/2""","=""""","=""6.48409747""","=""""","=""0.00000017""","=""0.0440279""","=""""","=""                                         ""","=""L18847"""
"=""3d5""","=""d 2G""","=""9/2""","=""""","=""6.4869745""","=""""","=""0.0000004""","=""0.0028770""","=""""","=""                                         ""","=""L18847"""
"=""3d3.4s2""","=""c 4F""","=""3/2""","=""""","=""6.5775271""","=""""","=""0.0000005""","=""0.0905526""","=""""","=""                                         ""","=""L18847"""
"=""3d3.4s2""","=""c 4F""","=""5/2""","=""""","=""6.6047631""","=""""","=""0.0000004""","=""0.0272360""","=""""","=""                                         ""","=""L18847"""
"=""3d3.4s2""","=""c 4F""","=""7/2""","=""""","=""6.64136871""","=""""","=""0.00000021""","=""0.0366056""","=""""","=""                                         ""","=""L18847"""
"=""3d3.4s2""","=""c 4F""","=""9/2""","=""""","=""6.68566402""","=""""","=""0.00000014""","=""0.0442953""","=""""","=""                                         ""","=""L18847"""
"=""3d4.(5D).4p""","=""z 4D*""","=""1/2""","=""""","=""6.74696652""","=""""","=""0.00000010""","=""0.0613025""","=""0.007""","=""  98                                     ""","=""L18847,L7185"""
"=""3d4.(5D).4p""","=""z 4D*""","=""3/2""","=""""","=""6.75707567""","=""""","=""0.00000010""","=""0.0101091""","=""1.178""","=""  98                                     ""","=""L18847,L7185"""
"=""3d4.(5D).4p""","=""z 4D*""","=""5/2""","=""""","=""6.77271056""","=""""","=""0.00000010""","=""0.0156349""","=""1.376""","=""  98                                     ""","=""L18847,L7185"""
"=""3d4.(5D).4p""","=""z 4D*""","=""7/2""","=""""","=""6.79240608""","=""""","=""0.00000010""","=""0.0196955""","=""1.430""","=""  98                                     ""","=""L18847,L7185"""
"=""3d4.(a 3F).4s""","=""d 4F""","=""9/2""","=""""","=""6.80270407""","=""""","=""0.00000012""","=""0.0102980""","=""""","=""                                         ""","=""L18847"""
"=""3d4.(a 3F).4s""","=""d 4F""","=""3/2""","=""""","=""6.8028266""","=""""","=""0.0000004""","=""0.0001225""","=""""","=""                                         ""","=""L18847"""
"=""3d4.(a 3F).4s""","=""d 4F""","=""5/2""","=""""","=""6.80468440""","=""""","=""0.00000025""","=""0.0018578""","=""""","=""                                         ""","=""L18847"""
"=""3d4.(a 3F).4s""","=""d 4F""","=""7/2""","=""""","=""6.80524292""","=""""","=""0.00000017""","=""0.0005585""","=""""","=""                                         ""","=""L18847"""
"=""3d4.(a 3P).4s""","=""c 4P""","=""5/2""","=""""","=""6.82198589""","=""""","=""0.00000015""","=""0.0167430""","=""""","=""                                         ""","=""L18847"""
"=""3d4.(a 3P).4s""","=""c 4P""","=""3/2""","=""""","=""6.86855974""","=""""","=""0.00000024""","=""0.0465739""","=""""","=""                                         ""","=""L18847"""
"=""3d4.(a 3P).4s""","=""c 4P""","=""1/2""","=""""","=""6.8967566""","=""""","=""0.0000004""","=""0.0281969""","=""""","=""                                         ""","=""L18847"""
"=""3d4.(a 3P).4s""","=""b 2P""","=""3/2""","=""""","=""7.3312259""","=""""","=""0.0000005""","=""0.4344693""","=""""","=""                                         ""","=""L18847"""
"=""3d4.(a 3P).4s""","=""b 2P""","=""1/2""","=""""","=""7.3803673""","=""""","=""0.0000011""","=""0.049141""","=""""","=""                                         ""","=""L18847"""
"=""3d4.(a 3F).4s""","=""e 2F""","=""7/2""","=""""","=""7.38575792""","=""""","=""0.00000025""","=""0.0053906""","=""""","=""                                         ""","=""L18847"""
"=""3d4.(a 3F).4s""","=""e 2F""","=""5/2""","=""""","=""7.3866918""","=""""","=""0.0000005""","=""0.0009339""","=""""","=""                                         ""","=""L18847"""
"=""3d4.(b 1G).4s""","=""e 2G""","=""9/2""","=""""","=""7.7724396""","=""""","=""0.0000005""","=""0.3857478""","=""""","=""                                         ""","=""L18847"""
"=""3d4.(b 1G).4s""","=""e 2G""","=""7/2""","=""""","=""7.7740240""","=""""","=""0.0000006""","=""0.0015844""","=""""","=""                                         ""","=""L18847"""
"=""3d4.(3H).4p""","=""z 4H*""","=""7/2""","=""""","=""7.88550172""","=""""","=""0.00000014""","=""0.1114777""","=""0.680""","=""  82         :    16  3d4.(3G).4p   4H*  ""","=""L18847,L7185"""
"=""3d4.(3H).4p""","=""z 4H*""","=""9/2""","=""""","=""7.89856848""","=""""","=""0.00000014""","=""0.0130668""","=""1.030""","=""  80         :    16  3d4.(3G).4p   4H*  ""","=""L18847,L7185"""
"=""3d4.(3H).4p""","=""z 4H*""","=""11/2""","=""""","=""7.91622942""","=""""","=""0.00000014""","=""0.0176609""","=""1.138""","=""  80         :    15  3d4.(3G).4p   4H*  ""","=""L18847,L7185"""
"=""3d4.(3H).4p""","=""z 4H*""","=""13/2""","=""""","=""7.93877087""","=""""","=""0.00000014""","=""0.0225415""","=""1.234""","=""  83         :    13  3d4.(3G).4p   4H*  ""","=""L18847,L7185"""
"=""3d4.(a 3P).4p""","=""y 4D*""","=""1/2""","=""""","=""7.91040883""","=""""","=""0.00000015""","=""-0.0283620""","=""0.000""","=""  87         :     7  3d4.(a 3F).4p 4D*  ""","=""L18847,L7185"""
"=""3d4.(a 3P).4p""","=""y 4D*""","=""3/2""","=""""","=""7.9426370""","=""""","=""0.0000004""","=""0.0322282""","=""1.199""","=""  86         :     8  3d4.(a 3F).4p 4D*  ""","=""L18847,L7185"""
"=""3d4.(a 3P).4p""","=""y 4D*""","=""5/2""","=""""","=""7.99062665""","=""""","=""0.00000014""","=""0.0479896""","=""1.380""","=""  85         :    10  3d4.(a 3F).4p 4D*  ""","=""L18847,L7185"""
"=""3d4.(a 3P).4p""","=""y 4D*""","=""7/2""","=""""","=""8.04960724""","=""""","=""0.00000014""","=""0.0589806""","=""1.411""","=""  80         :    14  3d4.(a 3F).4p 4D*  ""","=""L18847,L7185"""
"=""3d4.(a 3P).4p""","=""z 2S*""","=""1/2""","=""""","=""8.06260997""","=""""","=""0.00000014""","=""0.0130027""","=""""","=""  73         :     7  3d4.(a 3P).4p 4P*  ""","=""L18847,L7185"""
"=""3d4.(a 3F).4p""","=""z 4G*""","=""5/2""","=""""","=""8.07837512""","=""""","=""0.00000014""","=""0.0157652""","=""0.593""","=""  79         :    14  3d4.(3G).4p   4G*  ""","=""L18847,L7185"""
"=""3d4.(a 3F).4p""","=""z 4G*""","=""7/2""","=""""","=""8.09081840""","=""""","=""0.00000014""","=""0.0124433""","=""0.920""","=""  70         :    12  3d4.(3G).4p   4G*  ""","=""L18847,L7185"""
"=""3d4.(a 3F).4p""","=""z 4G*""","=""9/2""","=""""","=""8.10657087""","=""""","=""0.00000014""","=""0.0157525""","=""1.120""","=""  59         :    10  3d4.(3G).4p   4G*  ""","=""L18847,L7185"""
"=""3d4.(a 3F).4p""","=""z 4G*""","=""11/2""","=""""","=""8.14693247""","=""""","=""0.00000014""","=""0.0403616""","=""1.265""","=""  73         :    13  3d4.(3G).4p   4G*  ""","=""L18847,L7185"""
"=""3d4.(3H).4p""","=""z 4I*""","=""9/2""","=""""","=""8.08594033""","=""""","=""0.00000014""","=""-0.0609921""","=""""","=""  96                                     ""","=""L18847,L7185"""
"=""3d4.(3H).4p""","=""z 4I*""","=""11/2""","=""""","=""8.11098619""","=""""","=""0.00000014""","=""0.0250459""","=""""","=""  95                                     ""","=""L18847,L7185"""
"=""3d4.(3H).4p""","=""z 4I*""","=""13/2""","=""""","=""8.13558841""","=""""","=""0.00000014""","=""0.0246022""","=""""","=""  96                                     ""","=""L18847,L7185"""
"=""3d4.(3H).4p""","=""z 4I*""","=""15/2""","=""""","=""8.15972855""","=""""","=""0.00000014""","=""0.0241401""","=""""","="" 100                                     ""","=""L18847,L7185"""
"=""3d4.(3H).4p""","=""z 2G*""","=""7/2""","=""""","=""8.12628376""","=""""","=""0.00000014""","=""-0.0334448""","=""""","=""  49         :    33  3d4.(a 3F).4p 2G*  ""","=""L18847,L7185"""
"=""3d4.(3H).4p""","=""z 2G*""","=""9/2""","=""""","=""8.14328328""","=""""","=""0.00000014""","=""0.0169995""","=""""","=""  41         :    31  3d4.(a 3F).4p 2G*  ""","=""L18847,L7185"""
"=""3d3.4s2""","=""d 4P""","=""1/2""","=""""","=""8.16837819""","=""""","=""0.00000014""","=""0.0250949""","=""""","=""                                         ""","=""L18847"""
"=""3d3.4s2""","=""d 4P""","=""3/2""","=""""","=""8.18422748""","=""""","=""0.00000014""","=""0.0158493""","=""""","=""                                         ""","=""L18847"""
"=""3d3.4s2""","=""d 4P""","=""5/2""","=""""","=""8.21476635""","=""""","=""0.00000014""","=""0.0305389""","=""""","=""                                         ""","=""L18847"""
"=""3d4.(a 3P).4p""","=""y 4P*""","=""1/2""","=""""","=""8.21475184""","=""""","=""0.00000019""","=""-0.0000145""","=""2.545""","=""  76         :    13  3d4.(a 3P).4p 2S*  ""","=""L18847,L7185"""
"=""3d4.(a 3P).4p""","=""y 4P*""","=""3/2""","=""""","=""8.22694136""","=""""","=""0.00000014""","=""0.0121895""","=""1.671""","=""  90                                     ""","=""L18847,L7185"""
"=""3d4.(a 3P).4p""","=""y 4P*""","=""5/2""","=""""","=""8.27306662""","=""""","=""0.00000014""","=""0.0461253""","=""1.502""","=""  92                                     ""","=""L18847,L7185"""
"=""3d4.(a 3P).4p""","=""z 2P*""","=""3/2""","=""""","=""8.26347138""","=""""","=""0.00000014""","=""-0.0095952""","=""""","=""  53         :    15  3d4.(a 3F).4p 2D*  ""","=""L18847,L7185"""
"=""3d4.(a 3P).4p""","=""z 2P*""","=""1/2""","=""""","=""8.29105019""","=""""","=""0.00000014""","=""0.0275788""","=""""","=""  79         :    14  3d4.(a 3P).4p 2S*  ""","=""L18847,L7185"""
"=""3d4.(a 3F).4p""","=""y 4F*""","=""5/2""","=""""","=""8.30843845""","=""""","=""0.00000014""","=""0.0173883""","=""""","=""  71         :    13  3d4.(a 3F).4p 2D*  ""","=""L18847,L7185"""
"=""3d4.(a 3F).4p""","=""y 4F*""","=""3/2""","=""""","=""8.31567467""","=""""","=""0.00000015""","=""0.0072362""","=""""","=""  51         :    21  3d4.(a 3P).4p 2P*  ""","=""L18847,L7185"""
"=""3d4.(a 3F).4p""","=""y 4F*""","=""7/2""","=""""","=""8.35572282""","=""""","=""0.00000015""","=""0.0400482""","=""""","=""  76         :    10  3d4.(3H).4p   4G*  ""","=""L18847,L7185"""
"=""3d4.(a 3F).4p""","=""y 4F*""","=""9/2""","=""""","=""8.36255323""","=""""","=""0.00000015""","=""0.0068304""","=""""","=""  63         :    18  3d4.(3H).4p   4G*  ""","=""L18847,L7185"""
"=""3d4.(3H).4p""","=""y 4G*""","=""7/2""","=""""","=""8.34832442""","=""""","=""0.00000015""","=""-0.0142288""","=""""","=""  60         :    18  3d4.(a 3F).4p 4F*  ""","=""L18847,L7185"""
"=""3d4.(3H).4p""","=""y 4G*""","=""5/2""","=""""","=""8.34959270""","=""""","=""0.00000015""","=""0.0012683""","=""""","=""  66         :    13  3d4.(a 3F).4p 4G*  ""","=""L18847,L7185"""
"=""3d4.(3H).4p""","=""y 4G*""","=""9/2""","=""""","=""8.35074083""","=""""","=""0.00000015""","=""0.0011481""","=""""","=""  51         :    32  3d4.(a 3F).4p 4F*  ""","=""L18847,L7185"""
"=""3d4.(3H).4p""","=""y 4G*""","=""11/2""","=""""","=""8.35269998""","=""""","=""0.00000015""","=""0.0019592""","=""""","=""  65         :    22  3d4.(a 3F).4p 4G*  ""","=""L18847,L7185"""
"=""3d4.(a 3F).4p""","=""z 2D*""","=""3/2""","=""""","=""8.35396788""","=""""","=""0.00000015""","=""0.0012679""","=""""","=""  28         :    32  3d4.(a 3F).4p 4F*  ""","=""L18847,L7185"""
"=""3d4.(a 3F).4p""","=""z 2D*""","=""5/2""","=""""","=""8.35493441""","=""""","=""0.00000015""","=""0.0009665""","=""""","=""  50         :    18  3d4.(a 3F).4p 4F*  ""","=""L18847,L7185"""
"=""3d4.(3H).4p""","=""z 2I*""","=""11/2""","=""""","=""8.36968833""","=""""","=""0.00000015""","=""0.0147539""","=""""","=""  93                                     ""","=""L18847,L7185"""
"=""3d4.(3H).4p""","=""z 2I*""","=""13/2""","=""""","=""8.37995220""","=""""","=""0.00000015""","=""0.0102639""","=""""","=""  95                                     ""","=""L18847,L7185"""
"=""3d4.(a 3F).4p""","=""x 4D*""","=""1/2""","=""""","=""8.41351307""","=""""","=""0.00000015""","=""0.0335609""","=""""","=""  88         :    11  3d4.(a 3P).4p 4D*  ""","=""L18847,L7185"""
"=""3d4.(a 3F).4p""","=""x 4D*""","=""5/2""","=""""","=""8.41453313""","=""""","=""0.00000015""","=""0.0010201""","=""""","=""  77         :    13  3d4.(a 3P).4p 4D*  ""","=""L18847,L7185"""
"=""3d4.(a 3F).4p""","=""x 4D*""","=""3/2""","=""""","=""8.41483366""","=""""","=""0.00000015""","=""0.0003005""","=""""","=""  84         :    12  3d4.(a 3P).4p 4D*  ""","=""L18847,L7185"""
"=""3d4.(a 3F).4p""","=""x 4D*""","=""7/2""","=""""","=""8.41547321""","=""""","=""0.00000015""","=""0.0006396""","=""""","=""  69         :    19  3d4.(a 3P).4p 4D*  ""","=""L18847,L7185"""
"=""3d4.(a 3P).4p""","=""z 4S*""","=""3/2""","=""""","=""8.46880909""","=""""","=""0.00000015""","=""0.0533359""","=""1.978""","=""  70         :    17  3d4.(a 3P).4p 2P*  ""","=""L18847,L7185"""
"=""3d4.(3H).4p""","=""z 2H*""","=""9/2""","=""""","=""8.49005057""","=""""","=""0.00000015""","=""0.0212415""","=""""","=""  81         :    12  3d4.(a 1G).4p 2H*  ""","=""L18847,L7185"""
"=""3d4.(3H).4p""","=""z 2H*""","=""11/2""","=""""","=""8.52239749""","=""""","=""0.00000015""","=""0.0323469""","=""""","=""  84         :    10  3d4.(a 1G).4p 2H*  ""","=""L18847,L7185"""
"=""3d4.(a 3F).4p""","=""z 2F*""","=""5/2""","=""""","=""8.50324731""","=""""","=""0.00000015""","=""-0.0191502""","=""""","=""  50         :    21  3d4.(3G).4p   2F*  ""","=""L18847,L7185"""
"=""3d4.(a 3F).4p""","=""z 2F*""","=""7/2""","=""""","=""8.52512858""","=""""","=""0.00000015""","=""0.0218813""","=""""","=""  59         :    18  3d4.(3G).4p   2F*  ""","=""L18847,L7185"""
"=""3d4.(3G).4p""","=""y 4H*""","=""7/2""","=""""","=""8.53547798""","=""""","=""0.00000015""","=""0.0103494""","=""""","=""  83         :    16  3d4.(3H).4p   4H*  ""","=""L18847,L7185"""
"=""3d4.(3G).4p""","=""y 4H*""","=""9/2""","=""""","=""8.55396083""","=""""","=""0.00000015""","=""0.0184828""","=""""","=""  82         :    14  3d4.(3H).4p   4H*  ""","=""L18847,L7185"""
"=""3d4.(3G).4p""","=""y 4H*""","=""11/2""","=""""","=""8.57603073""","=""""","=""0.00000015""","=""0.0220699""","=""""","=""  82         :    13  3d4.(3H).4p   4H*  ""","=""L18847,L7185"""
"=""3d4.(3G).4p""","=""y 4H*""","=""13/2""","=""""","=""8.60303422""","=""""","=""0.00000015""","=""0.0270035""","=""""","=""  85         :    13  3d4.(3H).4p   4H*  ""","=""L18847,L7185"""
"=""3d4.(a 3P).4p""","=""2D*""","=""3/2""","=""""","=""8.59807389""","=""""","=""0.00000015""","=""-0.0049603""","=""""","=""  65         :    28  3d4.(a 3F).4p 2D*  ""","=""L18847,L7185"""
"=""3d4.(a 3P).4p""","=""2D*""","=""5/2""","=""""","=""8.67319703""","=""""","=""0.00000015""","=""0.0751231""","=""""","=""  66         :    20  3d4.(a 3F).4p 2D*  ""","=""L18847,L7185"""
"=""3d4.(3G).4p""","=""4F*""","=""5/2""","=""""","=""8.61416177""","=""""","=""0.00000015""","=""-0.0590353""","=""""","=""  71         :    11  3d4.(3D).4p   4F*  ""","=""L18847,L7185"""
"=""3d4.(3G).4p""","=""4F*""","=""9/2""","=""""","=""8.61668032""","=""""","=""0.00000015""","=""0.0025185""","=""""","=""  60         :    13  3d4.(a 3F).4p 2G*  ""","=""L18847,L7185"""
"=""3d4.(3G).4p""","=""4F*""","=""7/2""","=""""","=""8.61765378""","=""""","=""0.00000015""","=""0.0009735""","=""""","=""  60         :    11  3d4.(a 3F).4p 2G*  ""","=""L18847,L7185"""
"=""3d4.(3G).4p""","=""4F*""","=""3/2""","=""""","=""8.63408484""","=""""","=""0.00000015""","=""0.0164311""","=""""","=""  81         :    13  3d4.(3D).4p   4F*  ""","=""L18847,L7185"""
"=""3d4.(a 3F).4p""","=""y 2G*""","=""7/2""","=""""","=""8.66692728""","=""""","=""0.00000015""","=""0.0328424""","=""""","=""  42         :    25  3d4.(3H).4p   2G*  ""","=""L18847,L7185"""
"=""3d4.(a 3F).4p""","=""y 2G*""","=""9/2""","=""""","=""8.69223739""","=""""","=""0.00000015""","=""0.0253101""","=""""","=""  37         :    25  3d4.(3H).4p   2G*  ""","=""L18847,L7185"""
"=""3d4.(3G).4p""","=""x 4G*""","=""5/2""","=""""","=""8.71817474""","=""""","=""0.00000015""","=""0.0259373""","=""""","=""  60         :    17  3d4.(3H).4p   4G*  ""","=""L18847,L7185"""
"=""3d4.(3G).4p""","=""x 4G*""","=""7/2""","=""""","=""8.73183399""","=""""","=""0.00000015""","=""0.0136592""","=""""","=""  61         :    19  3d4.(3H).4p   4G*  ""","=""L18847,L7185"""
"=""3d4.(3G).4p""","=""x 4G*""","=""9/2""","=""""","=""8.76309041""","=""""","=""0.00000015""","=""0.0312564""","=""""","=""  44         :    22  3d4.(3G).4p   2H*  ""","=""L18847,L7185"""
"=""3d4.(3G).4p""","=""x 4G*""","=""11/2""","=""""","=""8.78796558""","=""""","=""0.00000015""","=""0.0248752""","=""""","=""  41         :    38  3d4.(3G).4p   2H*  ""","=""L18847,L7185"""
"=""3d4.(3G).4p""","=""y 2H*""","=""9/2""","=""""","=""8.72776170""","=""""","=""0.00000015""","=""-0.0602039""","=""""","=""  57         :    19  3d4.(3G).4p   4G*  ""","=""L18847,L7185"""
"=""3d4.(3G).4p""","=""y 2H*""","=""11/2""","=""""","=""8.72833855""","=""""","=""0.00000015""","=""0.0005768""","=""""","=""  47         :    34  3d4.(3G).4p   4G*  ""","=""L18847,L7185"""
"=""3d4.(3G).4p""","=""y 2F*""","=""5/2""","=""""","=""8.75134944""","=""""","=""0.00000015""","=""0.0230109""","=""""","=""  45         :    32  3d4.(a 3F).4p 2F*  ""","=""L18847,L7185"""
"=""3d4.(3G).4p""","=""y 2F*""","=""7/2""","=""""","=""8.78454853""","=""""","=""0.00000020""","=""0.0331991""","=""""","=""  59         :    20  3d4.(a 3F).4p 2F*  ""","=""L18847,L7185"""
"=""3d4.(3G).4p""","=""x 2G*""","=""7/2""","=""""","=""9.00726916""","=""""","=""0.00000019""","=""0.2227206""","=""""","=""  79         :    11  3d4.(3H).4p   2G*  ""","=""L18847,L7185"""
"=""3d4.(3G).4p""","=""x 2G*""","=""9/2""","=""""","=""9.01572397""","=""""","=""0.00000016""","=""0.0084548""","=""""","=""  75         :    13  3d4.(3H).4p   2G*  ""","=""L18847,L7185"""
"=""3d4.(3D).4p""","=""w 4D*""","=""1/2""","=""""","=""9.10129447""","=""""","=""0.00000021""","=""0.0855705""","=""""","=""  96                                     ""","=""L18847,L7185"""
"=""3d4.(3D).4p""","=""w 4D*""","=""3/2""","=""""","=""9.10191318""","=""""","=""0.00000016""","=""0.0006187""","=""""","=""  91                                     ""","=""L18847,L7185"""
"=""3d4.(3D).4p""","=""w 4D*""","=""5/2""","=""""","=""9.10491927""","=""""","=""0.00000024""","=""0.0030061""","=""""","=""  87                                     ""","=""L18847,L7185"""
"=""3d4.(3D).4p""","=""w 4D*""","=""7/2""","=""""","=""9.11105418""","=""""","=""0.00000016""","=""0.0061349""","=""""","=""  89                                     ""","=""L18847,L7185"""
"=""3d4.(a 1G).4p""","=""x 2F*""","=""7/2""","=""""","=""9.18900923""","=""""","=""0.00000016""","=""0.0779550""","=""""","=""  64         :    19  3d4.(3D).4p   4F*  ""","=""L18847,L7185"""
"=""3d4.(a 1G).4p""","=""x 2F*""","=""5/2""","=""""","=""9.22890141""","=""""","=""0.00000019""","=""0.0398922""","=""""","=""  77         :     7  3d4.(3D).4p   2F*  ""","=""L18847,L7185"""
"=""3d4.(3D).4p""","=""w 4F*""","=""3/2""","=""""","=""9.20872064""","=""""","=""0.00000025""","=""-0.0201808""","=""""","=""  82         :    13  3d4.(3G).4p   4F*  ""","=""L18847,L7185"""
"=""3d4.(3D).4p""","=""w 4F*""","=""5/2""","=""""","=""9.21436212""","=""""","=""0.00000016""","=""0.0056415""","=""""","=""  48         :    40  3d4.(3D).4p   4P*  ""","=""L18847,L7185"""
"=""3d4.(3D).4p""","=""w 4F*""","=""7/2""","=""""","=""9.22735958""","=""""","=""0.00000016""","=""0.0129975""","=""""","=""  89         :     6  3d4.(3D).4p   4F*  ""","=""L18847,L7185"""
"=""3d4.(3D).4p""","=""w 4F*""","=""9/2""","=""""","=""9.23733099""","=""""","=""0.00000016""","=""0.0099714""","=""""","=""  86         :    13  3d4.(3G).4p   4F*  ""","=""L18847,L7185"""
"=""3d4.(1I).4p""","=""2I*""","=""11/2""","=""""","=""9.22711878""","=""""","=""0.00000016""","=""-0.0102122""","=""""","=""  85         :    12  3d4.(a 1G).4p 2H*  ""","=""L18847,L7185"""
"=""3d4.(1I).4p""","=""2I*""","=""13/2""","=""""","=""9.2669740""","=""""","=""0.0000009""","=""0.0398552""","=""""","=""  64         :    35  3d4.(1I).4p   2K*  ""","=""L18847,L7185"""
"=""3d4.(1I).4p""","=""2K*""","=""13/2""","=""""","=""9.22741854""","=""""","=""0.00000016""","=""-0.0395555""","=""""","=""  65         :    33  3d4.(1I).4p   2I*  ""","=""L18847,L7185"""
"=""3d4.(1I).4p""","=""2K*""","=""15/2""","=""""","=""9.29371306""","=""""","=""0.00000016""","=""0.0662945""","=""""","="" 100                                     ""","=""L18847,L7185"""
"=""3d4.(a 1G).4p""","=""x 2H*""","=""9/2""","=""""","=""9.23134303""","=""""","=""0.00000016""","=""-0.0623700""","=""""","=""  82         :    11  3d4.(3H).4p   2H*  ""","=""L18847,L7185"""
"=""3d4.(a 1G).4p""","=""x 2H*""","=""11/2""","=""""","=""9.26253511""","=""""","=""0.00000016""","=""0.0311921""","=""""","=""  72         :    11  3d4.(1I).4p   2I*  ""","=""L18847,L7185"""
"=""3d4.(3D).4p""","=""x 4P*""","=""5/2""","=""""","=""9.23482757""","=""""","=""0.00000016""","=""-0.0277075""","=""""","=""  53         :    30  3d4.(3D).4p   4F*  ""","=""L18847,L7185"""
"=""3d4.(3D).4p""","=""x 4P*""","=""3/2""","=""""","=""9.26379646""","=""""","=""0.00000016""","=""0.0289689""","=""""","=""  93                                     ""","=""L18847,L7185"""
"=""3d4.(3D).4p""","=""x 4P*""","=""1/2""","=""""","=""9.2889444""","=""""","=""0.0000004""","=""0.0251479""","=""""","=""  96                                     ""","=""L18847,L7185"""
"=""3d4.(3D).4p""","=""y 2P*""","=""1/2""","=""""","=""9.2806952""","=""""","=""0.0000004""","=""-0.0082492""","=""""","=""  55         :    40  3d4.(a 1S).4p 2P*  ""","=""L18847,L7185"""
"=""3d4.(3D).4p""","=""y 2P*""","=""3/2""","=""""","=""9.29691748""","=""""","=""0.00000021""","=""0.0162223""","=""""","=""  61         :    33  3d4.(a 1S).4p 2P*  ""","=""L18847,L7185"""
"=""3d4.(a 1G).4p""","=""w 2G*""","=""7/2""","=""""","=""9.38764889""","=""""","=""0.00000016""","=""0.0907314""","=""""","=""  82         :     8  3d4.(3G).4p   2G*  ""","=""L18847,L7185"""
"=""3d4.(a 1G).4p""","=""w 2G*""","=""9/2""","=""""","=""9.39923892""","=""""","=""0.00000016""","=""0.0115900""","=""""","=""  80         :    12  3d4.(3G).4p   2G*  ""","=""L18847,L7185"""
"=""3d4.(3D).4p""","=""w 2F*""","=""7/2""","=""""","=""9.53177721""","=""""","=""0.00000017""","=""0.1325383""","=""""","=""  73         :    12  3d4.(a 1G).4p 2F*  ""","=""L18847,L7185"""
"=""3d4.(3D).4p""","=""w 2F*""","=""5/2""","=""""","=""9.54525142""","=""""","=""0.00000017""","=""0.0134742""","=""""","=""  72         :    13  3d4.(a 1G).4p 2F*  ""","=""L18847,L7185"""
"=""3d4.(1I).4p""","=""w 2H*""","=""11/2""","=""""","=""9.55656021""","=""""","=""0.00000024""","=""0.0113088""","=""""","=""  88         :     8  3d4.(3G).4p   2H*  ""","=""L18847,L7185"""
"=""3d4.(1I).4p""","=""w 2H*""","=""9/2""","=""""","=""9.58028602""","=""""","=""0.00000017""","=""0.0237258""","=""""","=""  90         :     8  3d4.(3G).4p   2H*  ""","=""L18847,L7185"""
"=""3d4.(a 1S).4p""","=""x 2P*""","=""3/2""","=""""","=""9.6352180""","=""""","=""0.0000004""","=""0.0549320""","=""""","=""  31         :    26  3d4.(3D).4p   2D*  ""","=""L18847,L7185"""
"=""3d4.(a 1S).4p""","=""x 2P*""","=""1/2""","=""""","=""9.6431557""","=""""","=""0.0000005""","=""0.0079377""","=""""","=""  48         :    32  3d4.(3D).4p   2P*  ""","=""L18847,L7185"""
"=""3d4.(3D).4p""","=""x 2D*""","=""5/2""","=""""","=""9.66273328""","=""""","=""0.00000020""","=""0.0195776""","=""""","=""  65         :    26  3d4.(a 1D).4p 2D*  ""","=""L18847,L7185"""
"=""3d4.(3D).4p""","=""x 2D*""","=""3/2""","=""""","=""9.68433959""","=""""","=""0.00000022""","=""0.0216063""","=""""","=""  48         :    22  3d4.(a 1S).4p 2P*  ""","=""L18847,L7185"""
"=""3d4.(a 1D).4p""","=""w 2D*""","=""3/2""","=""""","=""9.95444580""","=""""","=""0.00000025""","=""0.2701062""","=""""","=""  74         :    13  3d4.(3D).4p   2D*  ""","=""L18847,L7185"""
"=""3d4.(a 1D).4p""","=""w 2D*""","=""5/2""","=""""","=""9.97082917""","=""""","=""0.00000020""","=""0.0163834""","=""""","=""  65         :    21  3d4.(3D).4p   2D*  ""","=""L18847,L7185"""
"=""3d4.(a 1D).4p""","=""v 2F*""","=""5/2""","=""""","=""10.07159336""","=""""","=""0.00000019""","=""0.1007642""","=""""","=""  86                                     ""","=""L18847,L7185"""
"=""3d4.(a 1D).4p""","=""v 2F*""","=""7/2""","=""""","=""10.09630804""","=""""","=""0.00000019""","=""0.0247147""","=""""","=""  89                                     ""","=""L18847,L7185"""
"=""3d3.(4F).4s.4p.(3P*)""","=""y 6D*""","=""1/2""","=""""","=""10.123141""","=""""","=""0.000012""","=""0.026833""","=""""","=""                                         ""","=""L18847"""
"=""3d3.(4F).4s.4p.(3P*)""","=""y 6D*""","=""3/2""","=""""","=""10.130402""","=""""","=""0.000022""","=""0.00726""","=""""","=""                                         ""","=""L18847"""
"=""3d3.(4F).4s.4p.(3P*)""","=""y 6D*""","=""5/2""","=""""","=""10.143878""","=""""","=""0.000011""","=""0.01348""","=""""","=""                                         ""","=""L18847"""
"=""3d3.(4F).4s.4p.(3P*)""","=""y 6D*""","=""7/2""","=""""","=""10.163907""","=""""","=""0.000011""","=""0.02003""","=""""","=""                                         ""","=""L18847"""
"=""3d3.(4F).4s.4p.(3P*)""","=""y 6D*""","=""9/2""","=""""","=""10.190532""","=""""","=""0.000021""","=""0.02662""","=""""","=""                                         ""","=""L18847"""
"=""3d3.(4F).4s.4p.(3P*)""","=""y 6F*""","=""1/2""","=""""","=""10.133805""","=""""","=""0.000011""","=""-0.05673""","=""""","=""                                         ""","=""L18847"""
"=""3d3.(4F).4s.4p.(3P*)""","=""y 6F*""","=""3/2""","=""""","=""10.144892""","=""""","=""0.000011""","=""0.01109""","=""""","=""                                         ""","=""L18847"""
"=""3d3.(4F).4s.4p.(3P*)""","=""y 6F*""","=""5/2""","=""""","=""10.161977""","=""""","=""0.000009""","=""0.01708""","=""""","=""                                         ""","=""L18847"""
"=""3d3.(4F).4s.4p.(3P*)""","=""y 6F*""","=""7/2""","=""""","=""10.1843895""","=""""","=""0.0000024""","=""0.022412""","=""""","=""                                         ""","=""L18847"""
"=""3d3.(4F).4s.4p.(3P*)""","=""y 6F*""","=""9/2""","=""""","=""10.2115921""","=""""","=""0.0000007""","=""0.027203""","=""""","=""                                         ""","=""L18847"""
"=""3d3.(4F).4s.4p.(3P*)""","=""y 6F*""","=""11/2""","=""""","=""10.242650""","=""""","=""0.000004""","=""0.031058""","=""""","=""                                         ""","=""L18847"""
"=""3d4.(5D).5s""","=""e 6D""","=""1/2""","=""""","=""10.25250292""","=""""","=""0.00000019""","=""0.009853""","=""""","=""                                         ""","=""L18847"""
"=""3d4.(5D).5s""","=""e 6D""","=""3/2""","=""""","=""10.26138684""","=""""","=""0.00000019""","=""0.0088839""","=""""","=""                                         ""","=""L18847"""
"=""3d4.(5D).5s""","=""e 6D""","=""5/2""","=""""","=""10.27594646""","=""""","=""0.00000019""","=""0.0145596""","=""""","=""                                         ""","=""L18847"""
"=""3d4.(5D).5s""","=""e 6D""","=""7/2""","=""""","=""10.29581141""","=""""","=""0.00000019""","=""0.0198650""","=""""","=""                                         ""","=""L18847"""
"=""3d4.(5D).5s""","=""e 6D""","=""9/2""","=""""","=""10.32049674""","=""""","=""0.00000019""","=""0.0246853""","=""""","=""                                         ""","=""L18847"""
"=""3d4.(a 1D).4p""","=""w 2P*""","=""1/2""","=""""","=""10.2725740""","=""""","=""0.0000004""","=""-0.0479227""","=""""","=""  89         :     9  3d4.(3D).4p   2P*  ""","=""L18847,L7185"""
"=""3d4.(a 1D).4p""","=""w 2P*""","=""3/2""","=""""","=""10.28075860""","=""""","=""0.00000020""","=""0.0081846""","=""""","=""  78         :    11  3d4.(3D).4p   2P*  ""","=""L18847,L7185"""
"=""3d4.(5D).5s""","=""e 4D""","=""1/2""","=""""","=""10.44068248""","=""""","=""0.00000019""","=""0.1599239""","=""""","=""                                         ""","=""L18847"""
"=""3d4.(5D).5s""","=""e 4D""","=""3/2""","=""""","=""10.45436475""","=""""","=""0.00000019""","=""0.0136823""","=""""","=""                                         ""","=""L18847"""
"=""3d4.(5D).5s""","=""e 4D""","=""5/2""","=""""","=""10.47612089""","=""""","=""0.00000019""","=""0.0217561""","=""""","=""                                         ""","=""L18847"""
"=""3d4.(5D).5s""","=""e 4D""","=""7/2""","=""""","=""10.50476915""","=""""","=""0.00000019""","=""0.0286483""","=""""","=""                                         ""","=""L18847"""
"=""3d4.(1F).4p""","=""u 2F*""","=""5/2""","=""""","=""10.48963907""","=""""","=""0.00000019""","=""-0.0151301""","=""""","=""  89                                     ""","=""L18847,L7185"""
"=""3d4.(1F).4p""","=""u 2F*""","=""7/2""","=""""","=""10.49862330""","=""""","=""0.00000019""","=""0.0089842""","=""""","=""  87                                     ""","=""L18847,L7185"""
"=""3d3.(4F).4s.4p.(3P*)""","=""u 4D*""","=""1/2""","=""""","=""10.5989331""","=""""","=""0.0000010""","=""0.1003098""","=""""","=""                                         ""","=""L18847"""
"=""3d3.(4F).4s.4p.(3P*)""","=""u 4D*""","=""3/2""","=""""","=""10.6113763""","=""""","=""0.0000006""","=""0.012443""","=""""","=""                                         ""","=""L18847"""
"=""3d3.(4F).4s.4p.(3P*)""","=""u 4D*""","=""5/2""","=""""","=""10.6351972""","=""""","=""0.0000004""","=""0.0238209""","=""""","=""                                         ""","=""L18847"""
"=""3d3.(4F).4s.4p.(3P*)""","=""u 4D*""","=""7/2""","=""""","=""10.6724131""","=""""","=""0.0000004""","=""0.0372159""","=""""","=""                                         ""","=""L18847"""
"=""3d4.(1F).4p""","=""v 2G*""","=""7/2""","=""""","=""10.60971510""","=""""","=""0.00000020""","=""-0.0626980""","=""""","=""  95                                     ""","=""L18847,L7185"""
"=""3d4.(1F).4p""","=""v 2G*""","=""9/2""","=""""","=""10.65507988""","=""""","=""0.00000020""","=""0.0453648""","=""""","=""  97                                     ""","=""L18847,L7185"""
"=""3d4.(5D).4d""","=""e 4S""","=""3/2""","=""""","=""10.68313183""","=""""","=""0.00000020""","=""0.0280520""","=""""","=""                                         ""","=""L18847"""
"=""3d4.(1F).4p""","=""v 2D*""","=""5/2""","=""""","=""10.72554079""","=""""","=""0.00000020""","=""0.0424090""","=""""","=""  75         :    13  3d4.(b 3P).4p 2D*  ""","=""L18847,L7185"""
"=""3d4.(1F).4p""","=""v 2D*""","=""3/2""","=""""","=""10.77658294""","=""""","=""0.00000020""","=""0.0510422""","=""""","=""  79         :    12  3d4.(b 3P).4p 2D*  ""","=""L18847,L7185"""
"=""3d3.(4F).4s.4p.(3P*)""","=""u 4G*""","=""5/2""","=""""","=""10.7328730""","=""""","=""0.0000005""","=""-0.0437099""","=""""","=""                                         ""","=""L18847"""
"=""3d3.(4F).4s.4p.(3P*)""","=""u 4G*""","=""7/2""","=""""","=""10.7614868""","=""""","=""0.0000004""","=""0.0286138""","=""""","=""                                         ""","=""L18847"""
"=""3d3.(4F).4s.4p.(3P*)""","=""u 4G*""","=""9/2""","=""""","=""10.7981015""","=""""","=""0.0000005""","=""0.0366147""","=""""","=""                                         ""","=""L18847"""
"=""3d3.(4F).4s.4p.(3P*)""","=""u 4G*""","=""11/2""","=""""","=""10.84247196""","=""""","=""0.00000025""","=""0.0443705""","=""""","=""                                         ""","=""L18847"""
"=""3d4.(5D).4d""","=""e 6G""","=""3/2""","=""""","=""10.73633401""","=""""","=""0.00000020""","=""-0.1061379""","=""""","=""                                         ""","=""L18847"""
"=""3d4.(5D).4d""","=""e 6G""","=""5/2""","=""""","=""10.74374811""","=""""","=""0.00000020""","=""0.0074141""","=""""","=""                                         ""","=""L18847"""
"=""3d4.(5D).4d""","=""e 6G""","=""7/2""","=""""","=""10.75417535""","=""""","=""0.00000020""","=""0.0104272""","=""""","=""                                         ""","=""L18847"""
"=""3d4.(5D).4d""","=""e 6G""","=""9/2""","=""""","=""10.76765690""","=""""","=""0.00000020""","=""0.0134815""","=""""","=""                                         ""","=""L18847"""
"=""3d4.(5D).4d""","=""e 6G""","=""11/2""","=""""","=""10.78415513""","=""""","=""0.00000020""","=""0.0164982""","=""""","=""                                         ""","=""L18847"""
"=""3d4.(5D).4d""","=""e 6G""","=""13/2""","=""""","=""10.80361388""","=""""","=""0.00000020""","=""0.0194588""","=""""","=""                                         ""","=""L18847"""
"=""3d4.(5D).4d""","=""e 6P""","=""3/2""","=""""","=""10.74542753""","=""""","=""0.00000020""","=""-0.0581863""","=""""","=""                                         ""","=""L18847"""
"=""3d4.(5D).4d""","=""e 6P""","=""5/2""","=""""","=""10.74837835""","=""""","=""0.00000020""","=""0.0029508""","=""""","=""                                         ""","=""L18847"""
"=""3d4.(5D).4d""","=""e 6P""","=""7/2""","=""""","=""10.75960278""","=""""","=""0.00000020""","=""0.0112244""","=""""","=""                                         ""","=""L18847"""
"=""3d4.(5D).4d""","=""f 6D""","=""1/2""","=""""","=""10.84285037""","=""""","=""0.00000020""","=""0.0832476""","=""""","=""                                         ""","=""L18847"""
"=""3d4.(5D).4d""","=""f 6D""","=""3/2""","=""""","=""10.84496502""","=""""","=""0.00000020""","=""0.0021146""","=""""","=""                                         ""","=""L18847"""
"=""3d4.(5D).4d""","=""f 6D""","=""5/2""","=""""","=""10.85045216""","=""""","=""0.00000020""","=""0.0054871""","=""""","=""                                         ""","=""L18847"""
"=""3d4.(5D).4d""","=""f 6D""","=""7/2""","=""""","=""10.85951131""","=""""","=""0.00000020""","=""0.0090592""","=""""","=""                                         ""","=""L18847"""
"=""3d4.(5D).4d""","=""f 6D""","=""9/2""","=""""","=""10.87186553""","=""""","=""0.00000020""","=""0.0123542""","=""""","=""                                         ""","=""L18847"""
"=""3d4.(5D).4d""","=""e 6F""","=""1/2""","=""""","=""10.86034199""","=""""","=""0.00000020""","=""-0.0115235""","=""""","=""                                         ""","=""L18847"""
"=""3d4.(5D).4d""","=""e 6F""","=""3/2""","=""""","=""10.86922433""","=""""","=""0.00000020""","=""0.0088823""","=""""","=""                                         ""","=""L18847"""
"=""3d4.(5D).4d""","=""e 6F""","=""5/2""","=""""","=""10.88073694""","=""""","=""0.00000020""","=""0.0115126""","=""""","=""                                         ""","=""L18847"""
"=""3d4.(5D).4d""","=""e 6F""","=""7/2""","=""""","=""10.89306177""","=""""","=""0.00000020""","=""0.0123248""","=""""","=""                                         ""","=""L18847"""
"=""3d4.(5D).4d""","=""e 6F""","=""9/2""","=""""","=""10.90422840""","=""""","=""0.00000020""","=""0.0111666""","=""""","=""                                         ""","=""L18847"""
"=""3d4.(5D).4d""","=""e 6F""","=""11/2""","=""""","=""10.91077539""","=""""","=""0.00000020""","=""0.0065470""","=""""","=""                                         ""","=""L18847"""
"=""3d3.(4F).4s.4p.(3P*)""","=""u 4F*""","=""3/2""","=""""","=""10.8645782""","=""""","=""0.0000007""","=""-0.0461972""","=""""","=""                                         ""","=""L18847"""
"=""3d3.(4F).4s.4p.(3P*)""","=""u 4F*""","=""5/2""","=""""","=""10.8816693""","=""""","=""0.0000005""","=""0.0170911""","=""""","=""                                         ""","=""L18847"""
"=""3d3.(4F).4s.4p.(3P*)""","=""u 4F*""","=""7/2""","=""""","=""10.9002770""","=""""","=""0.0000004""","=""0.0186077""","=""""","=""                                         ""","=""L18847"""
"=""3d3.(4F).4s.4p.(3P*)""","=""u 4F*""","=""9/2""","=""""","=""10.9197142""","=""""","=""0.0000005""","=""0.0194372""","=""""","=""                                         ""","=""L18847"""
"=""3d3.(4F).4s.4p.(3P*)""","=""u 2D*""","=""3/2""","=""""","=""10.9855269""","=""""","=""0.0000009""","=""0.065813""","=""""","=""                                         ""","=""L18847"""
"=""3d3.(4F).4s.4p.(3P*)""","=""u 2D*""","=""5/2""","=""""","=""11.0549910""","=""""","=""0.0000006""","=""0.069464""","=""""","=""                                         ""","=""L18847"""
"=""3d4.(5D).4d""","=""e 4G""","=""5/2""","=""""","=""11.04153002""","=""""","=""0.00000020""","=""-0.0134610""","=""""","=""                                         ""","=""L18847"""
"=""3d4.(5D).4d""","=""e 4G""","=""7/2""","=""""","=""11.05616592""","=""""","=""0.00000020""","=""0.0146359""","=""""","=""                                         ""","=""L18847"""
"=""3d4.(5D).4d""","=""e 4G""","=""9/2""","=""""","=""11.07492308""","=""""","=""0.00000020""","=""0.0187572""","=""""","=""                                         ""","=""L18847"""
"=""3d4.(5D).4d""","=""e 4G""","=""11/2""","=""""","=""11.09763950""","=""""","=""0.00000020""","=""0.0227164""","=""""","=""                                         ""","=""L18847"""
"=""3d4.(5D).4d""","=""e 4P""","=""1/2""","=""""","=""11.06614392""","=""""","=""0.00000025""","=""-0.0314956""","=""""","=""                                         ""","=""L18847"""
"=""3d4.(5D).4d""","=""e 4P""","=""3/2""","=""""","=""11.06905157""","=""""","=""0.00000020""","=""0.0029076""","=""""","=""                                         ""","=""L18847"""
"=""3d4.(5D).4d""","=""e 4P""","=""5/2""","=""""","=""11.07635278""","=""""","=""0.00000020""","=""0.0073012""","=""""","=""                                         ""","=""L18847"""
"=""3d4.(b 3P).4p""","=""y 4P*""","=""3/2""","=""""","=""11.0869552""","=""""","=""0.0000004""","=""0.0106024""","=""""","=""  88         :     6  3d4.(b 3P).4p 4D*  ""","=""L18847,L7185"""
"=""3d4.(b 3P).4p""","=""y 4P*""","=""5/2""","=""""","=""11.09076210""","=""""","=""0.00000025""","=""0.0038069""","=""""","=""  82         :     7  3d4.(b 3P).4p 4D*  ""","=""L18847,L7185"""
"=""3d4.(b 3P).4p""","=""y 4P*""","=""1/2""","=""""","=""11.0975726""","=""""","=""0.0000007""","=""0.0068105""","=""""","=""  95                                     ""","=""L18847,L7185"""
"=""3d4.(5D).4d""","=""f 4D""","=""1/2""","=""""","=""11.11538437""","=""""","=""0.00000025""","=""0.0178118""","=""""","=""                                         ""","=""L18847"""
"=""3d4.(5D).4d""","=""f 4D""","=""3/2""","=""""","=""11.12437986""","=""""","=""0.00000021""","=""0.0089955""","=""""","=""                                         ""","=""L18847"""
"=""3d4.(5D).4d""","=""f 4D""","=""5/2""","=""""","=""11.13531835""","=""""","=""0.00000021""","=""0.0109385""","=""""","=""                                         ""","=""L18847"""
"=""3d4.(5D).4d""","=""f 4D""","=""7/2""","=""""","=""11.14432080""","=""""","=""0.00000021""","=""0.0090024""","=""""","=""                                         ""","=""L18847"""
"=""3d4.(b 3P).4p""","=""v 4D*""","=""7/2""","=""""","=""11.1856566""","=""""","=""0.0000004""","=""0.0413358""","=""""","=""  69         :    26  3d4.(b 3F).4p 4D*  ""","=""L18847,L7185"""
"=""3d4.(b 3P).4p""","=""v 4D*""","=""5/2""","=""""","=""11.1905888""","=""""","=""0.0000005""","=""0.0049322""","=""""","=""  51         :    20  3d4.(b 3F).4p 4D*  ""","=""L18847,L7185"""
"=""3d4.(b 3P).4p""","=""v 4D*""","=""3/2""","=""""","=""11.2144476""","=""""","=""0.0000006""","=""0.0238588""","=""""","=""  61         :    24  3d4.(b 3F).4p 4D*  ""","=""L18847,L7185"""
"=""3d4.(b 3P).4p""","=""v 4D*""","=""1/2""","=""""","=""11.2175155""","=""""","=""0.0000014""","=""0.003068""","=""""","=""  70         :    26  3d4.(b 3F).4p 4D*  ""","=""L18847,L7185"""
"=""3d4.(b 3F).4p""","=""v 4F*""","=""3/2""","=""""","=""11.1910765""","=""""","=""0.0000009""","=""-0.026439""","=""""","=""  97                                     ""","=""L18847,L7185"""
"=""3d4.(b 3F).4p""","=""v 4F*""","=""5/2""","=""""","=""11.2133483""","=""""","=""0.0000006""","=""0.022272""","=""""","=""  93                                     ""","=""L18847,L7185"""
"=""3d4.(b 3F).4p""","=""v 4F*""","=""7/2""","=""""","=""11.21930916""","=""""","=""0.00000025""","=""0.0059609""","=""""","=""  95                                     ""","=""L18847,L7185"""
"=""3d4.(b 3F).4p""","=""v 4F*""","=""9/2""","=""""","=""11.23154924""","=""""","=""0.00000021""","=""0.0122401""","=""""","=""  98                                     ""","=""L18847,L7185"""
"=""3d4.(5D).4d""","=""e 4F""","=""3/2""","=""""","=""11.22212111""","=""""","=""0.00000021""","=""-0.0094281""","=""""","=""                                         ""","=""L18847"""
"=""3d4.(5D).4d""","=""e 4F""","=""5/2""","=""""","=""11.23407899""","=""""","=""0.00000021""","=""0.0119579""","=""""","=""                                         ""","=""L18847"""
"=""3d4.(5D).4d""","=""e 4F""","=""7/2""","=""""","=""11.24856712""","=""""","=""0.00000021""","=""0.0144881""","=""""","=""                                         ""","=""L18847"""
"=""3d4.(5D).4d""","=""e 4F""","=""9/2""","=""""","=""11.26408390""","=""""","=""0.00000021""","=""0.0155168""","=""""","=""                                         ""","=""L18847"""
"=""3d4.(b 3F).4p""","=""t 2F*""","=""5/2""","=""""","=""11.2462129""","=""""","=""0.0000006""","=""-0.0178710""","=""""","=""  85         :     5  3d4.(b 3F).4p 4G*  ""","=""L18847,L7185"""
"=""3d4.(b 3F).4p""","=""t 2F*""","=""7/2""","=""""","=""11.2615832""","=""""","=""0.0000004""","=""0.0153703""","=""""","=""  87         :     5  3d4.(b 1G).4p 2F*  ""","=""L18847,L7185"""
"=""3d4.(b 3F).4p""","=""w 4G*""","=""5/2""","=""""","=""11.2923201""","=""""","=""0.0000005""","=""0.0307369""","=""""","=""                                         ""","=""L18847"""
"=""3d4.(b 3F).4p""","=""w 4G*""","=""7/2""","=""""","=""11.2977928""","=""""","=""0.0000004""","=""0.0054727""","=""""","=""  95                                     ""","=""L18847,L7185"""
"=""3d4.(b 3F).4p""","=""w 4G*""","=""9/2""","=""""","=""11.30605285""","=""""","=""0.00000021""","=""0.0082601""","=""""","=""  98                                     ""","=""L18847,L7185"""
"=""3d4.(b 3F).4p""","=""w 4G*""","=""11/2""","=""""","=""11.31876119""","=""""","=""0.00000021""","=""0.0127083""","=""""","=""                                         ""","=""L18847"""
"=""3d4.(b 3P).4p""","=""t 2D*""","=""5/2""","=""""","=""11.3353838""","=""""","=""0.0000004""","=""0.0166226""","=""""","=""  50         :    18  3d4.(1F).4p   2D*  ""","=""L18847,L7185"""
"=""3d4.(b 3P).4p""","=""t 2D*""","=""3/2""","=""""","=""11.3515418""","=""""","=""0.0000007""","=""0.0161580""","=""""","=""  53         :    21  3d4.(b 3F).4p 2D*  ""","=""L18847,L7185"""
"=""3d3.(4F).4s.4p.(3P*)""","=""t 2G*""","=""7/2""","=""""","=""11.3758200""","=""""","=""0.0000011""","=""0.024278""","=""""","=""                                         ""","=""L18847"""
"=""3d3.(4F).4s.4p.(3P*)""","=""t 2G*""","=""9/2""","=""""","=""11.4244201""","=""""","=""0.0000012""","=""0.048600""","=""""","=""                                         ""","=""L18847"""
"=""3d4.(5D).4d""","=""e 6S""","=""5/2""","=""""","=""11.40100838""","=""""","=""0.00000021""","=""-0.0234117""","=""""","=""                                         ""","=""L18847"""
"=""3d3.(4P).4s.4p.(3P*)""","=""x 6P*""","=""3/2""","=""""","=""11.4356754""","=""""","=""0.0000005""","=""0.0346670""","=""""","=""                                         ""","=""L18847"""
"=""3d3.(4P).4s.4p.(3P*)""","=""x 6P*""","=""5/2""","=""""","=""11.45836615""","=""""","=""0.00000021""","=""0.0226908""","=""""","=""                                         ""","=""L18847"""
"=""3d3.(4P).4s.4p.(3P*)""","=""x 6P*""","=""7/2""","=""""","=""11.48754100""","=""""","=""0.00000021""","=""0.0291749""","=""""","=""                                         ""","=""L18847"""
"=""3d4.(b 3P).4p""","=""y 4S*""","=""3/2""","=""""","=""11.48244951""","=""""","=""0.00000025""","=""-0.0050915""","=""""","=""  97                                     ""","=""L18847,L7185"""
"=""3d4.(5D).5p""","=""6F*""","=""1/2""","=""""","=""11.52914327""","=""""","=""0.00000021""","=""0.0466938""","=""""","=""                                         ""","=""L18847"""
"=""3d4.(5D).5p""","=""6F*""","=""3/2""","=""""","=""11.53639333""","=""""","=""0.00000021""","=""0.0072501""","=""""","=""                                         ""","=""L18847"""
"=""3d4.(5D).5p""","=""6F*""","=""5/2""","=""""","=""11.54836597""","=""""","=""0.00000021""","=""0.0119726""","=""""","=""                                         ""","=""L18847"""
"=""3d4.(5D).5p""","=""6F*""","=""7/2""","=""""","=""11.56485364""","=""""","=""0.00000021""","=""0.0164877""","=""""","=""                                         ""","=""L18847"""
"=""3d4.(5D).5p""","=""6F*""","=""9/2""","=""""","=""11.58559701""","=""""","=""0.00000021""","=""0.0207434""","=""""","=""                                         ""","=""L18847"""
"=""3d4.(5D).5p""","=""6F*""","=""11/2""","=""""","=""11.61029937""","=""""","=""0.00000021""","=""0.0247024""","=""""","=""                                         ""","=""L18847"""
"=""3d4.(b 3F).4p""","=""t 4D*""","=""7/2""","=""""","=""11.59645169""","=""""","=""0.00000021""","=""-0.0138477""","=""""","=""  73         :    27  3d4.(b 3P).4p 4D*  ""","=""L18847,L7185"""
"=""3d4.(b 3F).4p""","=""t 4D*""","=""5/2""","=""""","=""11.61372199""","=""""","=""0.00000025""","=""0.0172703""","=""""","=""  72         :    72  3d4.(b 3P).4p 4D*  ""","=""L18847,L7185"""
"=""3d4.(b 3F).4p""","=""t 4D*""","=""3/2""","=""""","=""11.62599531""","=""""","=""0.00000025""","=""0.0122733""","=""""","=""  72         :    27  3d4.(b 3P).4p 4D*  ""","=""L18847,L7185"""
"=""3d4.(b 3F).4p""","=""t 4D*""","=""1/2""","=""""","=""11.6297771""","=""""","=""0.0000004""","=""0.0037818""","=""""","=""  72         :    27  3d4.(b 3P).4p 4D*  ""","=""L18847,L7185"""
"=""3d4.(5D).5p""","=""6D*""","=""3/2""","=""""","=""11.60174917""","=""""","=""0.00000021""","=""-0.0280279""","=""""","=""                                         ""","=""L18847"""
"=""3d4.(5D).5p""","=""6D*""","=""5/2""","=""""","=""11.62675769""","=""""","=""0.00000021""","=""0.0250085""","=""""","=""                                         ""","=""L18847"""
"=""3d4.(5D).5p""","=""6D*""","=""7/2""","=""""","=""11.65035206""","=""""","=""0.00000021""","=""0.0235944""","=""""","=""                                         ""","=""L18847"""
"=""3d4.(5D).5p""","=""6D*""","=""9/2""","=""""","=""11.67647983""","=""""","=""0.00000021""","=""0.0261278""","=""""","=""                                         ""","=""L18847"""
"=""3d4.(b 3F).4p""","=""u 2G*""","=""9/2""","=""""","=""11.6100642""","=""""","=""0.0000004""","=""-0.0664156""","=""""","=""  98                                     ""","=""L18847,L7185"""
"=""3d4.(b 3F).4p""","=""u 2G*""","=""7/2""","=""""","=""11.6299086""","=""""","=""0.0000006""","=""0.0198444""","=""""","=""  98                                     ""","=""L18847,L7185"""
"=""3d4.(5D).5p""","=""4P*""","=""3/2""","=""""","=""11.6223086""","=""""","=""0.0000019""","=""-0.007600""","=""""","=""                                         ""","=""L18847"""
"=""3d4.(5D).5p""","=""4P*""","=""5/2""","=""""","=""11.65129365""","=""""","=""0.00000021""","=""0.0289850""","=""""","=""                                         ""","=""L18847"""
"=""3d3.(4F).4s.4p.(3P*)""","=""s 2F*""","=""5/2""","=""""","=""11.6409612""","=""""","=""0.0000009""","=""-0.0103324""","=""""","=""                                         ""","=""L18847"""
"=""3d3.(4F).4s.4p.(3P*)""","=""s 2F*""","=""7/2""","=""""","=""11.6816217""","=""""","=""0.0000007""","=""0.040661""","=""""","=""                                         ""","=""L18847"""
"=""3d3.(4P).4s.4p.(3P*)""","=""x 6D*""","=""1/2""","=""""","=""11.65063162""","=""""","=""0.00000021""","=""-0.0309901""","=""""","=""                                         ""","=""L18847"""
"=""3d3.(4P).4s.4p.(3P*)""","=""x 6D*""","=""3/2""","=""""","=""11.6666786""","=""""","=""0.0000004""","=""0.0160470""","=""""","=""                                         ""","=""L18847"""
"=""3d3.(4P).4s.4p.(3P*)""","=""x 6D*""","=""5/2""","=""""","=""11.68748151""","=""""","=""0.00000022""","=""0.0208029""","=""""","=""                                         ""","=""L18847"""
"=""3d3.(4P).4s.4p.(3P*)""","=""x 6D*""","=""7/2""","=""""","=""11.71063310""","=""""","=""0.00000022""","=""0.0231516""","=""""","=""                                         ""","=""L18847"""
"=""3d3.(4P).4s.4p.(3P*)""","=""x 6D*""","=""9/2""","=""""","=""11.73587498""","=""""","=""0.00000022""","=""0.0252419""","=""""","=""                                         ""","=""L18847"""
"=""3d4.(5D).5p""","=""6P*""","=""3/2""","=""""","=""11.6548237""","=""""","=""0.0000004""","=""-0.0810513""","=""""","=""                                         ""","=""L18847"""
"=""3d4.(5D).5p""","=""6P*""","=""5/2""","=""""","=""11.67241813""","=""""","=""0.00000021""","=""0.0175944""","=""""","=""                                         ""","=""L18847"""
"=""3d4.(5D).5p""","=""6P*""","=""7/2""","=""""","=""11.69958135""","=""""","=""0.00000022""","=""0.0271632""","=""""","=""                                         ""","=""L18847"""
"=""3d4.(5D).5p""","=""4F*""","=""3/2""","=""""","=""11.68626130""","=""""","=""0.00000022""","=""-0.0133201""","=""""","=""                                         ""","=""L18847"""
"=""3d4.(5D).5p""","=""4F*""","=""5/2""","=""""","=""11.69979291""","=""""","=""0.00000022""","=""0.0135316""","=""""","=""                                         ""","=""L18847"""
"=""3d4.(5D).5p""","=""4F*""","=""7/2""","=""""","=""11.71927239""","=""""","=""0.00000022""","=""0.0194795""","=""""","=""                                         ""","=""L18847"""
"=""3d4.(5D).5p""","=""4F*""","=""9/2""","=""""","=""11.74740732""","=""""","=""0.00000022""","=""0.0281349""","=""""","=""                                         ""","=""L18847"""
"=""3d4.(b 3P).4p""","=""v 2P*""","=""3/2""","=""""","=""11.7020192""","=""""","=""0.0000011""","=""-0.0453881""","=""""","=""  94                                     ""","=""L18847,L7185"""
"=""3d4.(b 3P).4p""","=""v 2P*""","=""1/2""","=""""","=""11.7319672""","=""""","=""0.0000016""","=""0.029948""","=""""","=""  92                                     ""","=""L18847,L7185"""
"=""3d4.(5D).5p""","=""4D*""","=""1/2""","=""""","=""11.75856812""","=""""","=""0.00000022""","=""0.0266009""","=""""","=""                                         ""","=""L18847"""
"=""3d4.(5D).5p""","=""4D*""","=""3/2""","=""""","=""11.77018471""","=""""","=""0.00000022""","=""0.0116166""","=""""","=""                                         ""","=""L18847"""
"=""3d4.(5D).5p""","=""4D*""","=""5/2""","=""""","=""11.78800963""","=""""","=""0.00000022""","=""0.0178249""","=""""","=""                                         ""","=""L18847"""
"=""3d4.(5D).5p""","=""4D*""","=""7/2""","=""""","=""11.80957832""","=""""","=""0.00000022""","=""0.0215687""","=""""","=""                                         ""","=""L18847"""
"=""3d4.(b 3P).4p""","=""y 2S*""","=""1/2""","=""""","=""11.932899""","=""""","=""0.000012""","=""0.123321""","=""""","=""  98                                     ""","=""L7185"""
"=""3d3.(2G).4s.4p.(3P*)""","=""t 4G*""","=""5/2""","=""""","=""12.0352658""","=""""","=""0.0000024""","=""0.102367""","=""""","=""                                         ""","=""L18847"""
"=""3d3.(2G).4s.4p.(3P*)""","=""t 4G*""","=""7/2""","=""""","=""12.0496646""","=""""","=""0.0000019""","=""0.014399""","=""""","=""                                         ""","=""L18847"""
"=""3d3.(2G).4s.4p.(3P*)""","=""t 4G*""","=""9/2""","=""""","=""12.0677694""","=""""","=""0.0000016""","=""0.018105""","=""""","=""                                         ""","=""L18847"""
"=""3d3.(2G).4s.4p.(3P*)""","=""t 4G*""","=""11/2""","=""""","=""12.0876559""","=""""","=""0.0000016""","=""0.019887""","=""""","=""                                         ""","=""L18847"""
"=""3d3.(4P).4s.4p.(3P*)""","=""w 4P*""","=""1/2""","=""""","=""12.047355""","=""""","=""0.000006""","=""-0.040301""","=""""","=""                                         ""","=""L18847"""
"=""3d3.(4P).4s.4p.(3P*)""","=""w 4P*""","=""5/2""","=""""","=""12.0491007""","=""""","=""0.0000012""","=""0.001746""","=""""","=""                                         ""","=""L18847"""
"=""3d3.(4P).4s.4p.(3P*)""","=""w 4P*""","=""3/2""","=""""","=""12.0629248""","=""""","=""0.0000025""","=""0.013824""","=""""","=""                                         ""","=""L18847"""
"=""3d4.(b 1G).4p""","=""v 2H*""","=""9/2""","=""""","=""12.0859975""","=""""","=""0.0000009""","=""0.023073""","=""""","=""  86         :    12  3d4.(b 1G).4p 2G*  ""","=""L18847,L7185"""
"=""3d4.(b 1G).4p""","=""v 2H*""","=""11/2""","=""""","=""12.1379731""","=""""","=""0.0000006""","=""0.051976""","=""""","=""  97                                     ""","=""L18847,L7185"""
"=""3d4.(b 1G).4p""","=""s 2G*""","=""7/2""","=""""","=""12.1167555""","=""""","=""0.0000015""","=""-0.021218""","=""""","=""  97                                     ""","=""L18847,L7185"""
"=""3d4.(b 1G).4p""","=""s 2G*""","=""9/2""","=""""","=""12.1385919""","=""""","=""0.0000005""","=""0.021836""","=""""","=""  86         :    12  3d4.(b 1G).4p 2H*  ""","=""L18847,L7185"""
"=""3d3.(4P).4s.4p.(3P*)""","=""z 6S*""","=""5/2""","=""""","=""12.1349550""","=""""","=""0.0000019""","=""-0.003637""","=""""","=""                                         ""","=""L18847"""
"=""3d4.(b 3F).4p""","=""s 2D*""","=""5/2""","=""""","=""12.1761669""","=""""","=""0.0000004""","=""0.041212""","=""""","=""  71         :    29  3d4.(b 3P).4p 2D*  ""","=""L18847,L7185"""
"=""3d4.(b 3F).4p""","=""s 2D*""","=""3/2""","=""""","=""12.1895078""","=""""","=""0.0000007""","=""0.0133409""","=""""","=""  70         :    29  3d4.(b 3P).4p 2D*  ""","=""L18847,L7185"""
"=""3d3.(2G).4s.4p.(3P*)""","=""t 4F*""","=""3/2""","=""""","=""12.222175""","=""""","=""0.000007""","=""0.032667""","=""""","=""                                         ""","=""L18847"""
"=""3d3.(2G).4s.4p.(3P*)""","=""t 4F*""","=""5/2""","=""""","=""12.230031""","=""""","=""0.000006""","=""0.007856""","=""""","=""                                         ""","=""L18847"""
"=""3d3.(2G).4s.4p.(3P*)""","=""t 4F*""","=""7/2""","=""""","=""12.239637""","=""""","=""0.000005""","=""0.009606""","=""""","=""                                         ""","=""L18847"""
"=""3d3.(2G).4s.4p.(3P*)""","=""t 4F*""","=""9/2""","=""""","=""12.251194""","=""""","=""0.000009""","=""0.01156""","=""""","=""                                         ""","=""L18847"""
"=""3d4.(b 1G).4p""","=""r 2F*""","=""7/2""","=""""","=""12.2830229""","=""""","=""0.0000007""","=""0.031829""","=""""","=""  87         :     8  3d4.(b 3F).4p 2F*  ""","=""L18847,L7185"""
"=""3d4.(b 1G).4p""","=""r 2F*""","=""5/2""","=""""","=""12.3046797""","=""""","=""0.0000014""","=""0.021657""","=""""","=""  86         :     6  3d4.(b 3F).4p 2F*  ""","=""L18847,L7185"""
"=""3d4.(a 3P).5s""","=""f 4P""","=""1/2""","=""""","=""12.3584783""","=""""","=""0.0000007""","=""0.053799""","=""""","=""                                         ""","=""L18847"""
"=""3d4.(a 3P).5s""","=""f 4P""","=""3/2""","=""""","=""12.40340029""","=""""","=""0.00000025""","=""0.0449220""","=""""","=""                                         ""","=""L18847"""
"=""3d4.(a 3P).5s""","=""f 4P""","=""5/2""","=""""","=""12.47906611""","=""""","=""0.00000025""","=""0.0756658""","=""""","=""                                         ""","=""L18847"""
"=""3d4.(3H).5s""","=""e 4H""","=""7/2""","=""""","=""12.40695709""","=""""","=""0.00000024""","=""-0.0721090""","=""""","=""                                         ""","=""L18847"""
"=""3d4.(3H).5s""","=""e 4H""","=""9/2""","=""""","=""12.41525406""","=""""","=""0.00000024""","=""0.0082970""","=""""","=""                                         ""","=""L18847"""
"=""3d4.(3H).5s""","=""e 4H""","=""11/2""","=""""","=""12.42589381""","=""""","=""0.00000024""","=""0.0106397""","=""""","=""                                         ""","=""L18847"""
"=""3d4.(3H).5s""","=""e 4H""","=""13/2""","=""""","=""12.43835214""","=""""","=""0.00000024""","=""0.0124583""","=""""","=""                                         ""","=""L18847"""
"=""3d3.(2P).4s.4p.(3P*)""","=""r 4D*""","=""3/2""","=""""","=""12.4841946""","=""""","=""0.0000025""","=""0.045842""","=""""","=""                                         ""","=""L18847"""
"=""3d3.(2P).4s.4p.(3P*)""","=""r 4D*""","=""5/2""","=""""","=""12.5316430""","=""""","=""0.0000017""","=""0.047448""","=""""","=""                                         ""","=""L18847"""
"=""3d3.(2P).4s.4p.(3P*)""","=""r 4D*""","=""7/2""","=""""","=""12.5861552""","=""""","=""0.0000011""","=""0.054512""","=""""","=""                                         ""","=""L18847"""
"=""3d4.(a 3P).5s""","=""e 2P""","=""1/2""","=""""","=""12.4954770""","=""""","=""0.0000011""","=""-0.090678""","=""""","=""                                         ""","=""L18847"""
"=""3d4.(a 3P).5s""","=""e 2P""","=""3/2""","=""""","=""12.5835058""","=""""","=""0.0000005""","=""0.088029""","=""""","=""                                         ""","=""L18847"""
"=""3d4.(3H).5s""","=""e 2H""","=""9/2""","=""""","=""12.52510648""","=""""","=""0.00000024""","=""-0.0583993""","=""""","=""                                         ""","=""L18847"""
"=""3d4.(3H).5s""","=""e 2H""","=""11/2""","=""""","=""12.54655414""","=""""","=""0.00000024""","=""0.0214477""","=""""","=""                                         ""","=""L18847"""
"=""3d3.(4P).4s.4p.(3P*)""","=""u 2P*""","=""3/2""","=""""","=""12.5419642""","=""""","=""0.0000017""","=""-0.0045899""","=""""","=""                                         ""","=""L18847"""
"=""3d3.(2H).4s.4p.(3P*)""","=""w 4H*""","=""7/2""","=""""","=""12.543522""","=""""","=""0.000006""","=""0.001558""","=""""","=""                                         ""","=""L18847"""
"=""3d3.(2H).4s.4p.(3P*)""","=""w 4H*""","=""9/2""","=""""","=""12.559170""","=""""","=""0.000007""","=""0.015648""","=""""","=""                                         ""","=""L18847"""
"=""3d3.(2H).4s.4p.(3P*)""","=""w 4H*""","=""11/2""","=""""","=""12.619479""","=""""","=""0.000012""","=""0.06031""","=""""","=""                                         ""","=""L18847"""
"=""3d3.(2H).4s.4p.(3P*)""","=""w 4H*""","=""13/2""","=""""","=""12.634062""","=""""","=""0.000011""","=""0.01458""","=""""","=""                                         ""","=""L18847"""
"=""3d4.(a 3F).5s""","=""f 4F""","=""3/2""","=""""","=""12.5527805""","=""""","=""0.0000005""","=""-0.08128""","=""""","=""                                         ""","=""L18847"""
"=""3d4.(a 3F).5s""","=""f 4F""","=""5/2""","=""""","=""12.5566914""","=""""","=""0.0000005""","=""0.0039109""","=""""","=""                                         ""","=""L18847"""
"=""3d4.(a 3F).5s""","=""f 4F""","=""7/2""","=""""","=""12.5623036""","=""""","=""0.0000005""","=""0.0056122""","=""""","=""                                         ""","=""L18847"""
"=""3d4.(a 3F).5s""","=""f 4F""","=""9/2""","=""""","=""12.5698824""","=""""","=""0.0000004""","=""0.0075788""","=""""","=""                                         ""","=""L18847"""
"=""3d3.(2G).4s.4p.(3P*)""","=""u 2H*""","=""9/2""","=""""","=""12.608716""","=""""","=""0.000004""","=""0.038834""","=""""","=""                                         ""","=""L18847"""
"=""3d3.(2G).4s.4p.(3P*)""","=""u 2H*""","=""11/2""","=""""","=""12.6379855""","=""""","=""0.0000017""","=""0.029269""","=""""","=""                                         ""","=""L18847"""
"=""3d3.(2G).4s.4p.(3P*)""","=""p 2F*""","=""7/2""","=""""","=""12.629547""","=""""","=""0.000004""","=""-0.008438""","=""""","=""                                         ""","=""L18847"""
"=""3d3.(2G).4s.4p.(3P*)""","=""p 2F*""","=""5/2""","=""""","=""12.664444""","=""""","=""0.000004""","=""0.034897""","=""""","=""                                         ""","=""L18847"""
"=""3d3.(2G).4s.4p.(3P*)""","=""r 2G*""","=""9/2""","=""""","=""12.638709""","=""""","=""0.000005""","=""-0.025735""","=""""","=""                                         ""","=""L18847"""
"=""3d3.(2G).4s.4p.(3P*)""","=""r 2G*""","=""7/2""","=""""","=""12.661513""","=""""","=""0.000005""","=""0.022804""","=""""","=""                                         ""","=""L18847"""
"=""3d3.(a 2D).4s.4p.(3P*)""","=""s 4F*""","=""3/2""","=""""","=""12.64477363""","=""""","=""0.00000024""","=""-0.016739""","=""""","=""                                         ""","=""L18847"""
"=""3d3.(a 2D).4s.4p.(3P*)""","=""s 4F*""","=""5/2""","=""""","=""12.683220""","=""""","=""0.000004""","=""0.038446""","=""""","=""                                         ""","=""L18847"""
"=""3d3.(a 2D).4s.4p.(3P*)""","=""s 4F*""","=""7/2""","=""""","=""12.7074542""","=""""","=""0.0000025""","=""0.024234""","=""""","=""                                         ""","=""L18847"""
"=""3d3.(a 2D).4s.4p.(3P*)""","=""s 4F*""","=""9/2""","=""""","=""12.7363440""","=""""","=""0.0000010""","=""0.028890""","=""""","=""                                         ""","=""L18847"""
"=""3d4.(a 3F).5s""","=""f 2F""","=""5/2""","=""""","=""12.6648257""","=""""","=""0.0000006""","=""-0.071518""","=""""","=""                                         ""","=""L18847"""
"=""3d4.(a 3F).5s""","=""f 2F""","=""7/2""","=""""","=""12.6765351""","=""""","=""0.0000005""","=""0.0117094""","=""""","=""                                         ""","=""L18847"""
"=""3d3.(4P).4s.4p.(3P*)""","=""q 4D*""","=""3/2""","=""""","=""12.7210654""","=""""","=""0.0000009""","=""0.044530""","=""""","=""                                         ""","=""L18847"""
"=""3d3.(4P).4s.4p.(3P*)""","=""q 4D*""","=""1/2""","=""""","=""12.723213""","=""""","=""0.000005""","=""0.002148""","=""""","=""                                         ""","=""L18847"""
"=""3d3.(4P).4s.4p.(3P*)""","=""q 4D*""","=""5/2""","=""""","=""12.727711""","=""""","=""0.000005""","=""0.004498""","=""""","=""                                         ""","=""L18847"""
"=""3d3.(4P).4s.4p.(3P*)""","=""q 4D*""","=""7/2""","=""""","=""12.7494921""","=""""","=""0.0000016""","=""0.021781""","=""""","=""                                         ""","=""L18847"""
"=""3d3.(4F).4s.4p.(1P*)""","=""s 4G*""","=""5/2""","=""""","=""12.7305734""","=""""","=""0.0000009""","=""-0.018919""","=""""","=""                                         ""","=""L18847"""
"=""3d3.(4F).4s.4p.(1P*)""","=""s 4G*""","=""7/2""","=""""","=""12.7598272""","=""""","=""0.0000004""","=""0.0292538""","=""""","=""                                         ""","=""L18847"""
"=""3d3.(4F).4s.4p.(1P*)""","=""s 4G*""","=""9/2""","=""""","=""12.7951446""","=""""","=""0.0000007""","=""0.0353174""","=""""","=""                                         ""","=""L18847"""
"=""3d3.(4F).4s.4p.(1P*)""","=""s 4G*""","=""11/2""","=""""","=""12.83404403""","=""""","=""0.00000025""","=""0.0388994""","=""""","=""                                         ""","=""L18847"""
"=""3d3.(2P).4s.4p.(3P*)""","=""x 4S*""","=""3/2""","=""""","=""12.731242""","=""""","=""0.000009""","=""-0.102802""","=""""","=""                                         ""","=""L18847"""
"=""3d4.(3G).5s""","=""f 4G""","=""7/2""","=""""","=""12.83576433""","=""""","=""0.00000024""","=""0.104522""","=""""","=""                                         ""","=""L18847"""
"=""3d4.(3G).5s""","=""f 4G""","=""9/2""","=""""","=""12.84811499""","=""""","=""0.00000025""","=""0.0123507""","=""""","=""                                         ""","=""L18847"""
"=""3d4.(3G).5s""","=""f 4G""","=""11/2""","=""""","=""12.86174879""","=""""","=""0.00000025""","=""0.0136338""","=""""","=""                                         ""","=""L18847"""
"=""3d4.(a 3P).4d""","=""4F""","=""3/2""","=""""","=""12.8504278""","=""""","=""0.0000004""","=""-0.0113210""","=""""","=""                                         ""","=""L18847"""
"=""3d4.(a 3P).4d""","=""4F""","=""5/2""","=""""","=""12.8679682""","=""""","=""0.0000005""","=""0.0175404""","=""""","=""                                         ""","=""L18847"""
"=""3d4.(a 3P).4d""","=""4F""","=""7/2""","=""""","=""12.89877953""","=""""","=""0.00000025""","=""0.0308113""","=""""","=""                                         ""","=""L18847"""
"=""3d4.(a 3P).4d""","=""4F""","=""9/2""","=""""","=""12.94360669""","=""""","=""0.00000025""","=""0.0448272""","=""""","=""                                         ""","=""L18847"""
"=""3d4.(3H).4d""","=""f 4I""","=""9/2""","=""""","=""12.86403076""","=""""","=""0.00000025""","=""-0.0795759""","=""""","=""                                         ""","=""L18847"""
"=""3d4.(3H).4d""","=""f 4I""","=""11/2""","=""""","=""12.87492965""","=""""","=""0.00000025""","=""0.0108989""","=""""","=""                                         ""","=""L18847"""
"=""3d4.(3H).4d""","=""f 4I""","=""13/2""","=""""","=""12.88794003""","=""""","=""0.00000025""","=""0.0130104""","=""""","=""                                         ""","=""L18847"""
"=""3d4.(3H).4d""","=""f 4I""","=""15/2""","=""""","=""12.90302401""","=""""","=""0.00000025""","=""0.0150840""","=""""","=""                                         ""","=""L18847"""
"=""3d4.(3H).4d""","=""f 4H""","=""7/2""","=""""","=""12.8880677""","=""""","=""0.0000005""","=""-0.0149563""","=""""","=""                                         ""","=""L18847"""
"=""3d4.(3H).4d""","=""f 4H""","=""9/2""","=""""","=""12.89732696""","=""""","=""0.00000025""","=""0.0092593""","=""""","=""                                         ""","=""L18847"""
"=""3d4.(3H).4d""","=""f 4H""","=""11/2""","=""""","=""12.90755808""","=""""","=""0.00000025""","=""0.0102311""","=""""","=""                                         ""","=""L18847"""
"=""3d4.(3H).4d""","=""f 4H""","=""13/2""","=""""","=""12.91797687""","=""""","=""0.00000025""","=""0.0104188""","=""""","=""                                         ""","=""L18847"""
"=""3d4.(a 3P).4d""","=""4D""","=""1/2""","=""""","=""12.9072524""","=""""","=""0.0000005""","=""-0.0107245""","=""""","=""                                         ""","=""L18847"""
"=""3d4.(a 3P).4d""","=""4D""","=""3/2""","=""""","=""12.9135499""","=""""","=""0.0000004""","=""0.0062975""","=""""","=""                                         ""","=""L18847"""
"=""3d4.(a 3P).4d""","=""4D""","=""5/2""","=""""","=""12.93527762""","=""""","=""0.00000025""","=""0.0217277""","=""""","=""                                         ""","=""L18847"""
"=""3d4.(a 3P).4d""","=""4D""","=""7/2""","=""""","=""12.97174306""","=""""","=""0.00000025""","=""0.0364654""","=""""","=""                                         ""","=""L18847"""
"=""3d3.(a 2D).4s.4p.(3P*)""","=""o 4D*""","=""3/2""","=""""","=""12.928401""","=""""","=""0.000004""","=""-0.043342""","=""""","=""                                         ""","=""L18847"""
"=""3d3.(a 2D).4s.4p.(3P*)""","=""o 4D*""","=""5/2""","=""""","=""12.9523563""","=""""","=""0.0000015""","=""0.023955""","=""""","=""                                         ""","=""L18847"""
"=""3d3.(a 2D).4s.4p.(3P*)""","=""o 4D*""","=""7/2""","=""""","=""12.978763""","=""""","=""0.000004""","=""0.026407""","=""""","=""                                         ""","=""L18847"""
"=""3d4.(3H).4d""","=""2G""","=""7/2""","=""""","=""12.94169532""","=""""","=""0.00000025""","=""-0.037068""","=""""","=""                                         ""","=""L18847"""
"=""3d4.(3H).4d""","=""2G""","=""9/2""","=""""","=""12.95929087""","=""""","=""0.00000025""","=""0.0175956""","=""""","=""                                         ""","=""L18847"""
"=""3d4.(a 3P).4d""","=""2P""","=""3/2""","=""""","=""12.9435379""","=""""","=""0.0000009""","=""-0.0157530""","=""""","=""                                         ""","=""L18847"""
"=""3d4.(a 3P).4d""","=""2P""","=""1/2""","=""""","=""12.9769718""","=""""","=""0.0000007""","=""0.033434""","=""""","=""                                         ""","=""L18847"""
"=""3d3.(4F).4s.4p.(1P*)""","=""p 4D*""","=""1/2""","=""""","=""12.9488643""","=""""","=""0.0000014""","=""-0.028107""","=""""","=""                                         ""","=""L18847"""
"=""3d3.(4F).4s.4p.(1P*)""","=""p 4D*""","=""3/2""","=""""","=""12.9707618""","=""""","=""0.0000007""","=""0.021897""","=""""","=""                                         ""","=""L18847"""
"=""3d3.(4F).4s.4p.(1P*)""","=""p 4D*""","=""5/2""","=""""","=""13.0021123""","=""""","=""0.0000004""","=""0.0313505""","=""""","=""                                         ""","=""L18847"""
"=""3d3.(4F).4s.4p.(1P*)""","=""p 4D*""","=""7/2""","=""""","=""13.04397011""","=""""","=""0.00000025""","=""0.0418578""","=""""","=""                                         ""","=""L18847"""
"=""3d3.(4F).4s.4p.(1P*)""","=""r 4F*""","=""3/2""","=""""","=""12.9497445""","=""""","=""0.0000007""","=""-0.0942256""","=""""","=""                                         ""","=""L18847"""
"=""3d3.(4F).4s.4p.(1P*)""","=""r 4F*""","=""5/2""","=""""","=""12.9724783""","=""""","=""0.0000019""","=""0.022734""","=""""","=""                                         ""","=""L18847"""
"=""3d3.(4F).4s.4p.(1P*)""","=""r 4F*""","=""7/2""","=""""","=""13.0028803""","=""""","=""0.0000004""","=""0.030402""","=""""","=""                                         ""","=""L18847"""
"=""3d3.(4F).4s.4p.(1P*)""","=""r 4F*""","=""9/2""","=""""","=""13.0435663""","=""""","=""0.0000004""","=""0.0406860""","=""""","=""                                         ""","=""L18847"""
"=""3d4.(3H).4d""","=""a 4K""","=""11/2""","=""""","=""12.95141040""","=""""","=""0.00000025""","=""-0.0921559""","=""""","=""                                         ""","=""L18847"""
"=""3d4.(3H).4d""","=""a 4K""","=""13/2""","=""""","=""12.96130572""","=""""","=""0.00000025""","=""0.0098953""","=""""","=""                                         ""","=""L18847"""
"=""3d4.(3H).4d""","=""a 4K""","=""15/2""","=""""","=""12.97285017""","=""""","=""0.00000025""","=""0.0115444""","=""""","=""                                         ""","=""L18847"""
"=""3d4.(3H).4d""","=""a 4K""","=""17/2""","=""""","=""12.98542406""","=""""","=""0.00000025""","=""0.0125739""","=""""","=""                                         ""","=""L18847"""
"=""3d4.(3G).5s""","=""g 2G""","=""7/2""","=""""","=""12.9616939""","=""""","=""0.0000004""","=""-0.0237302""","=""""","=""                                         ""","=""L18847"""
"=""3d4.(3G).5s""","=""g 2G""","=""9/2""","=""""","=""12.9769738""","=""""","=""0.0000004""","=""0.0152799""","=""""","=""                                         ""","=""L18847"""
"=""3d4.(3H).4d""","=""4F""","=""5/2""","=""""","=""13.0005465""","=""""","=""0.0000004""","=""0.0235727""","=""""","=""                                         ""","=""L18847"""
"=""3d4.(3H).4d""","=""4F""","=""3/2""","=""""","=""13.00307206""","=""""","=""0.00000025""","=""0.0025256""","=""""","=""                                         ""","=""L18847"""
"=""3d4.(3H).4d""","=""4F""","=""7/2""","=""""","=""13.00957937""","=""""","=""0.00000025""","=""0.0065073""","=""""","=""                                         ""","=""L18847"""
"=""3d4.(3H).4d""","=""4F""","=""9/2""","=""""","=""13.02601610""","=""""","=""0.00000025""","=""0.0164367""","=""""","=""                                         ""","=""L18847"""
"=""3d4.(a 3P).4d""","=""4P""","=""5/2""","=""""","=""13.0074300""","=""""","=""0.0000004""","=""-0.0185861""","=""""","=""                                         ""","=""L18847"""
"=""3d4.(a 3P).4d""","=""4P""","=""3/2""","=""""","=""13.0244909""","=""""","=""0.0000005""","=""0.0170609""","=""""","=""                                         ""","=""L18847"""
"=""3d4.(3H).4d""","=""2F""","=""5/2""","=""""","=""13.0150199""","=""""","=""0.0000004""","=""-0.0094710""","=""""","=""                                         ""","=""L18847"""
"=""3d4.(3H).4d""","=""2F""","=""7/2""","=""""","=""13.0646789""","=""""","=""0.0000005""","=""0.0496590""","=""""","=""                                         ""","=""L18847"""
"=""3d4.(5D).6s""","=""6D""","=""1/2""","=""""","=""13.03060135""","=""""","=""0.00000025""","=""-0.0340776""","=""""","=""                                         ""","=""L18847"""
"=""3d4.(5D).6s""","=""6D""","=""3/2""","=""""","=""13.03926570""","=""""","=""0.00000025""","=""0.0086644""","=""""","=""                                         ""","=""L18847"""
"=""3d4.(5D).6s""","=""6D""","=""5/2""","=""""","=""13.05371471""","=""""","=""0.00000025""","=""0.0144490""","=""""","=""                                         ""","=""L18847"""
"=""3d4.(5D).6s""","=""6D""","=""7/2""","=""""","=""13.07376100""","=""""","=""0.00000025""","=""0.0200463""","=""""","=""                                         ""","=""L18847"""
"=""3d4.(5D).6s""","=""6D""","=""9/2""","=""""","=""13.09899567""","=""""","=""0.00000025""","=""0.0252347""","=""""","=""                                         ""","=""L18847"""
"=""3d4.(5D<0>).4f""","=""2[3]*""","=""5/2""","=""""","=""13.03347189""","=""""","=""0.00000025""","=""-0.0655238""","=""""","=""                                         ""","=""L18847"""
"=""3d4.(5D<0>).4f""","=""2[3]*""","=""7/2""","=""""","=""13.03984221""","=""""","=""0.00000025""","=""0.0063703""","=""""","=""                                         ""","=""L18847"""
"=""3d4.(3H).4d""","=""a 2K""","=""13/2""","=""""","=""13.03381849""","=""""","=""0.00000025""","=""-0.0060237""","=""""","=""                                         ""","=""L18847"""
"=""3d4.(3H).4d""","=""a 2K""","=""15/2""","=""""","=""13.05372811""","=""""","=""0.00000025""","=""0.0199096""","=""""","=""                                         ""","=""L18847"""
"=""3d4.(5D<1>).4f""","=""2[3]*""","=""5/2""","=""""","=""13.03873255""","=""""","=""0.00000025""","=""-0.0149956""","=""""","=""                                         ""","=""L18847"""
"=""3d4.(5D<1>).4f""","=""2[3]*""","=""7/2""","=""""","=""13.04280164""","=""""","=""0.00000025""","=""0.0040691""","=""""","=""                                         ""","=""L18847"""
"=""3d4.(a 3F).4d""","=""g 4H""","=""7/2""","=""""","=""13.04301244""","=""""","=""0.00000025""","=""0.0002108""","=""""","=""                                         ""","=""L18847"""
"=""3d4.(a 3F).4d""","=""g 4H""","=""9/2""","=""""","=""13.04999461""","=""""","=""0.00000025""","=""0.0069822""","=""""","=""                                         ""","=""L18847"""
"=""3d4.(a 3F).4d""","=""g 4H""","=""11/2""","=""""","=""13.06023679""","=""""","=""0.00000025""","=""0.0102422""","=""""","=""                                         ""","=""L18847"""
"=""3d4.(a 3F).4d""","=""g 4H""","=""13/2""","=""""","=""13.07219382""","=""""","=""0.00000025""","=""0.0119570""","=""""","=""                                         ""","=""L18847"""
"=""3d4.(3H).4d""","=""g 4G""","=""5/2""","=""""","=""13.0490347""","=""""","=""0.0000004""","=""-0.0231591""","=""""","=""                                         ""","=""L18847"""
"=""3d4.(3H).4d""","=""g 4G""","=""7/2""","=""""","=""13.05292970""","=""""","=""0.00000025""","=""0.0038950""","=""""","=""                                         ""","=""L18847"""
"=""3d4.(3H).4d""","=""g 4G""","=""9/2""","=""""","=""13.06365748""","=""""","=""0.00000025""","=""0.0107278""","=""""","=""                                         ""","=""L18847"""
"=""3d4.(3H).4d""","=""g 4G""","=""11/2""","=""""","=""13.07082845""","=""""","=""0.00000025""","=""0.0071710""","=""""","=""                                         ""","=""L18847"""
"=""3d4.(5D<1>).4f""","=""2[4]*""","=""9/2""","=""""","=""13.05100160""","=""""","=""0.00000025""","=""-0.0198269""","=""""","=""                                         ""","=""L18847"""
"=""3d4.(5D<1>).4f""","=""2[4]*""","=""7/2""","=""""","=""13.05336408""","=""""","=""0.00000025""","=""0.0023625""","=""""","=""                                         ""","=""L18847"""
"=""3d4.(5D<1>).4f""","=""2[2]*""","=""3/2""","=""""","=""13.05348276""","=""""","=""0.00000025""","=""0.0001187""","=""""","=""                                         ""","=""L18847"""
"=""3d4.(5D<1>).4f""","=""2[2]*""","=""5/2""","=""""","=""13.05443931""","=""""","=""0.00000025""","=""0.0009565""","=""""","=""                                         ""","=""L18847"""
"=""3d4.(3H).4d""","=""2H""","=""9/2""","=""""","=""13.0601523""","=""""","=""0.0000004""","=""0.0057130""","=""""","=""                                         ""","=""L18847"""
"=""3d4.(3H).4d""","=""2H""","=""11/2""","=""""","=""13.07418503""","=""""","=""0.00000025""","=""0.0140327""","=""""","=""                                         ""","=""L18847"""
"=""3d4.(5D<2>).4f""","=""2[5]*""","=""11/2""","=""""","=""13.06394552""","=""""","=""0.00000025""","=""-0.0102395""","=""""","=""                                         ""","=""L18847"""
"=""3d4.(5D<2>).4f""","=""2[5]*""","=""9/2""","=""""","=""13.06879101""","=""""","=""0.00000025""","=""0.0048455""","=""""","=""                                         ""","=""L18847"""
"=""3d4.(5D<2>).4f""","=""2[1]*""","=""1/2""","=""""","=""13.0669930""","=""""","=""0.0000005""","=""-0.0017980""","=""""","=""                                         ""","=""L18847"""
"=""3d4.(5D<2>).4f""","=""2[1]*""","=""3/2""","=""""","=""13.06902297""","=""""","=""0.00000025""","=""0.0020300""","=""""","=""                                         ""","=""L18847"""
"=""3d4.(5D<2>).4f""","=""2[4]*""","=""9/2""","=""""","=""13.06770442""","=""""","=""0.00000025""","=""-0.0013186""","=""""","=""                                         ""","=""L18847"""
"=""3d4.(5D<2>).4f""","=""2[4]*""","=""7/2""","=""""","=""13.07041098""","=""""","=""0.00000025""","=""0.0027066""","=""""","=""                                         ""","=""L18847"""
"=""3d4.(a 3P).4d""","=""2D""","=""3/2""","=""""","=""13.0722711""","=""""","=""0.0000005""","=""0.0018601""","=""""","=""                                         ""","=""L18847"""
"=""3d4.(a 3P).4d""","=""2D""","=""5/2""","=""""","=""13.0932563""","=""""","=""0.0000005""","=""0.0209852""","=""""","=""                                         ""","=""L18847"""
"=""3d4.(5D<2>).4f""","=""2[3]*""","=""5/2""","=""""","=""13.0726816""","=""""","=""0.0000005""","=""-0.0205747""","=""""","=""                                         ""","=""L18847"""
"=""3d4.(5D<2>).4f""","=""2[3]*""","=""7/2""","=""""","=""13.08126538""","=""""","=""0.00000025""","=""0.0085838""","=""""","=""                                         ""","=""L18847"""
"=""3d4.(5D<2>).4f""","=""2[2]*""","=""3/2""","=""""","=""13.07450099""","=""""","=""0.00000025""","=""-0.0067644""","=""""","=""                                         ""","=""L18847"""
"=""3d4.(5D<2>).4f""","=""2[2]*""","=""5/2""","=""""","=""13.08431454""","=""""","=""0.00000025""","=""0.0098135""","=""""","=""                                         ""","=""L18847"""
"=""3d4.(5D<3>).4f""","=""2[6]*""","=""13/2""","=""""","=""13.08131857""","=""""","=""0.00000025""","=""-0.0029960""","=""""","=""                                         ""","=""L18847"""
"=""3d4.(5D<3>).4f""","=""2[6]*""","=""11/2""","=""""","=""13.08770727""","=""""","=""0.00000025""","=""0.0063887""","=""""","=""                                         ""","=""L18847"""
"=""3d4.(5D<3>).4f""","=""2[1]*""","=""1/2""","=""""","=""13.0835264""","=""""","=""0.0000004""","=""-0.0041809""","=""""","=""                                         ""","=""L18847"""
"=""3d4.(5D<3>).4f""","=""2[1]*""","=""3/2""","=""""","=""13.08989642""","=""""","=""0.00000025""","=""0.0063700""","=""""","=""                                         ""","=""L18847"""
"=""3d4.(5D<3>).4f""","=""2[0]*""","=""1/2""","=""""","=""13.08587110""","=""""","=""0.00000025""","=""-0.0040253""","=""""","=""                                         ""","=""L18847"""
"=""3d4.(a 3F).4d""","=""4D""","=""1/2""","=""""","=""13.0870888""","=""""","=""0.0000009""","=""0.0012177""","=""""","=""                                         ""","=""L18847"""
"=""3d4.(a 3F).4d""","=""4D""","=""3/2""","=""""","=""13.09762309""","=""""","=""0.00000025""","=""0.0105343""","=""""","=""                                         ""","=""L18847"""
"=""3d4.(a 3F).4d""","=""4D""","=""5/2""","=""""","=""13.10905214""","=""""","=""0.00000025""","=""0.0114290""","=""""","=""                                         ""","=""L18847"""
"=""3d4.(a 3F).4d""","=""4D""","=""7/2""","=""""","=""13.11563577""","=""""","=""0.00000025""","=""0.0065836""","=""""","=""                                         ""","=""L18847"""
"=""3d4.(5D<3>).4f""","=""2[2]*""","=""5/2""","=""""","=""13.09214500""","=""""","=""0.00000025""","=""-0.0234908""","=""""","=""                                         ""","=""L18847"""
"=""3d4.(5D<3>).4f""","=""2[2]*""","=""3/2""","=""""","=""13.09400783""","=""""","=""0.00000025""","=""0.0018628""","=""""","=""                                         ""","=""L18847"""
"=""3d4.(5D<3>).4f""","=""2[3]*""","=""7/2""","=""""","=""13.09389314""","=""""","=""0.00000025""","=""-0.0001147""","=""""","=""                                         ""","=""L18847"""
"=""3d4.(5D<3>).4f""","=""2[3]*""","=""5/2""","=""""","=""13.10233879""","=""""","=""0.00000025""","=""0.0084456""","=""""","=""                                         ""","=""L18847"""
"=""3d4.(5D<3>).4f""","=""2[4]*""","=""9/2""","=""""","=""13.09564749""","=""""","=""0.00000025""","=""-0.0066913""","=""""","=""                                         ""","=""L18847"""
"=""3d4.(5D<3>).4f""","=""2[4]*""","=""7/2""","=""""","=""13.10818628""","=""""","=""0.00000025""","=""0.0125388""","=""""","=""                                         ""","=""L18847"""
"=""3d4.(5D<3>).4f""","=""2[5]*""","=""11/2""","=""""","=""13.09753223""","=""""","=""0.00000025""","=""-0.0106540""","=""""","=""                                         ""","=""L18847"""
"=""3d4.(5D<3>).4f""","=""2[5]*""","=""9/2""","=""""","=""13.12624893""","=""""","=""0.00000025""","=""0.0287167""","=""""","=""                                         ""","=""L18847"""
"=""3d4.(5D<4>).4f""","=""2[1]*""","=""1/2""","=""""","=""13.1027475""","=""""","=""0.0000004""","=""-0.0235014""","=""""","=""                                         ""","=""L18847"""
"=""3d4.(5D<4>).4f""","=""2[1]*""","=""3/2""","=""""","=""13.10476458""","=""""","=""0.00000025""","=""0.0020171""","=""""","=""                                         ""","=""L18847"""
"=""3d4.(5D<4>).4f""","=""2[7]*""","=""15/2""","=""""","=""13.10297580""","=""""","=""0.00000025""","=""-0.0017888""","=""""","=""                                         ""","=""L18847"""
"=""3d4.(5D<4>).4f""","=""2[7]*""","=""13/2""","=""""","=""13.11040507""","=""""","=""0.00000025""","=""0.0074293""","=""""","=""                                         ""","=""L18847"""
"=""3d4.(5D<4>).4f""","=""2[2]*""","=""5/2""","=""""","=""13.11317699""","=""""","=""0.00000025""","=""0.0027719""","=""""","=""                                         ""","=""L18847"""
"=""3d4.(5D<4>).4f""","=""2[2]*""","=""3/2""","=""""","=""13.11786591""","=""""","=""0.00000025""","=""0.0046889""","=""""","=""                                         ""","=""L18847"""
"=""3d4.(5D<4>).4f""","=""2[4]*""","=""9/2""","=""""","=""13.11628226""","=""""","=""0.00000025""","=""-0.0015837""","=""""","=""                                         ""","=""L18847"""
"=""3d4.(5D<4>).4f""","=""2[4]*""","=""7/2""","=""""","=""13.14053262""","=""""","=""0.00000025""","=""0.0242504""","=""""","=""                                         ""","=""L18847"""
"=""3d4.(a 3F).4d""","=""4F""","=""5/2""","=""""","=""13.1183987""","=""""","=""0.0000004""","=""-0.0221339""","=""""","=""                                         ""","=""L18847"""
"=""3d4.(a 3F).4d""","=""4F""","=""3/2""","=""""","=""13.11933024""","=""""","=""0.00000025""","=""0.0009315""","=""""","=""                                         ""","=""L18847"""
"=""3d4.(a 3F).4d""","=""4F""","=""7/2""","=""""","=""13.12576066""","=""""","=""0.00000025""","=""0.0064304""","=""""","=""                                         ""","=""L18847"""
"=""3d4.(a 3F).4d""","=""4F""","=""9/2""","=""""","=""13.13744623""","=""""","=""0.00000025""","=""0.0116856""","=""""","=""                                         ""","=""L18847"""
"=""3d4.(5D<4>).4f""","=""2[3]*""","=""7/2""","=""""","=""13.12047511""","=""""","=""0.00000025""","=""-0.0169711""","=""""","=""                                         ""","=""L18847"""
"=""3d4.(5D<4>).4f""","=""2[3]*""","=""5/2""","=""""","=""13.13029383""","=""""","=""0.00000025""","=""0.0098187""","=""""","=""                                         ""","=""L18847"""
"=""3d4.(5D<4>).4f""","=""2[6]*""","=""13/2""","=""""","=""13.12936870""","=""""","=""0.00000025""","=""-0.0009251""","=""""","=""                                         ""","=""L18847"""
"=""3d4.(5D<4>).4f""","=""2[6]*""","=""11/2""","=""""","=""13.14630927""","=""""","=""0.00000025""","=""0.0169406""","=""""","=""                                         ""","=""L18847"""
"=""3d4.(5D<4>).4f""","=""2[5]*""","=""11/2""","=""""","=""13.12968043""","=""""","=""0.00000025""","=""-0.0166288""","=""""","=""                                         ""","=""L18847"""
"=""3d4.(5D<4>).4f""","=""2[5]*""","=""9/2""","=""""","=""13.14796159""","=""""","=""0.00000025""","=""0.0182812""","=""""","=""                                         ""","=""L18847"""
"=""3d4.(a 3F).4d""","=""4G""","=""5/2""","=""""","=""13.13283283""","=""""","=""0.00000025""","=""-0.0151288""","=""""","=""                                         ""","=""L18847"""
"=""3d4.(a 3F).4d""","=""4G""","=""7/2""","=""""","=""13.14615751""","=""""","=""0.00000025""","=""0.0133247""","=""""","=""                                         ""","=""L18847"""
"=""3d4.(a 3F).4d""","=""4G""","=""9/2""","=""""","=""13.16076587""","=""""","=""0.00000025""","=""0.0146084""","=""""","=""                                         ""","=""L18847"""
"=""3d4.(a 3F).4d""","=""4G""","=""11/2""","=""""","=""13.17870671""","=""""","=""0.00000025""","=""0.0179408""","=""""","=""                                         ""","=""L18847"""
"=""3d4.(5D).6s""","=""4D""","=""1/2""","=""""","=""13.1328329""","=""""","=""0.0000004""","=""-0.0458738""","=""""","=""                                         ""","=""L18847"""
"=""3d4.(5D).6s""","=""4D""","=""3/2""","=""""","=""13.13990099""","=""""","=""0.00000025""","=""0.0070681""","=""""","=""                                         ""","=""L18847"""
"=""3d4.(5D).6s""","=""4D""","=""5/2""","=""""","=""13.15417910""","=""""","=""0.00000025""","=""0.0142781""","=""""","=""                                         ""","=""L18847"""
"=""3d4.(5D).6s""","=""4D""","=""7/2""","=""""","=""13.17644241""","=""""","=""0.00000025""","=""0.0222633""","=""""","=""                                         ""","=""L18847"""
"=""3d4.(3H).4d""","=""f 2I""","=""11/2""","=""""","=""13.16033140""","=""""","=""0.00000025""","=""-0.0161110""","=""""","=""                                         ""","=""L18847"""
"=""3d4.(3H).4d""","=""f 2I""","=""13/2""","=""""","=""13.18483867""","=""""","=""0.00000025""","=""0.0245073""","=""""","=""                                         ""","=""L18847"""
"=""3d3.(2H).4s.4p.(3P*)""","=""t 2H*""","=""11/2""","=""""","=""13.162539""","=""""","=""0.000006""","=""-0.022300""","=""""","=""                                         ""","=""L18847"""
"=""3d3.(2H).4s.4p.(3P*)""","=""t 2H*""","=""9/2""","=""""","=""13.1628248""","=""""","=""0.0000015""","=""0.000286""","=""""","=""                                         ""","=""L18847"""
"=""3d4.(a 3F).4d""","=""2P""","=""3/2""","=""""","=""13.1924655""","=""""","=""0.0000009""","=""0.029641""","=""""","=""                                         ""","=""L18847"""
"=""3d4.(a 3F).4d""","=""2P""","=""1/2""","=""""","=""13.2060904""","=""""","=""0.0000007""","=""0.013625""","=""""","=""                                         ""","=""L18847"""
"=""3d4.(a 3F).4d""","=""2F""","=""5/2""","=""""","=""13.2087175""","=""""","=""0.0000006""","=""0.0026271""","=""""","=""                                         ""","=""L18847"""
"=""3d4.(a 3F).4d""","=""2F""","=""7/2""","=""""","=""13.2279464""","=""""","=""0.0000005""","=""0.0192289""","=""""","=""                                         ""","=""L18847"""
"=""3d4.(5D).5d""","=""4P""","=""3/2""","=""""","=""13.2200835""","=""""","=""0.0000004""","=""-0.0078629""","=""""","=""                                         ""","=""L18847"""
"=""3d4.(5D).5d""","=""4P""","=""5/2""","=""""","=""13.23191068""","=""""","=""0.00000025""","=""0.0118272""","=""""","=""                                         ""","=""L18847"""
"=""3d3.(2H).4s.4p.(3P*)""","=""r 4G*""","=""5/2""","=""""","=""13.231499""","=""""","=""0.000012""","=""-0.000412""","=""""","=""                                         ""","=""L18847"""
"=""3d3.(2H).4s.4p.(3P*)""","=""r 4G*""","=""7/2""","=""""","=""13.23892551""","=""""","=""0.00000025""","=""0.007427""","=""""","=""                                         ""","=""L18847"""
"=""3d3.(2H).4s.4p.(3P*)""","=""r 4G*""","=""9/2""","=""""","=""13.2405156""","=""""","=""0.0000025""","=""0.001590""","=""""","=""                                         ""","=""L18847"""
"=""3d3.(2H).4s.4p.(3P*)""","=""r 4G*""","=""11/2""","=""""","=""13.2449034""","=""""","=""0.0000010""","=""0.004388""","=""""","=""                                         ""","=""L18847"""
"=""3d3.(4P).4s.4p.(3P*)""","=""w 4S*""","=""3/2""","=""""","=""13.2323480""","=""""","=""0.0000010""","=""-0.012555""","=""""","=""                                         ""","=""L18847"""
"=""3d4.(a 3F).4d""","=""i 2G""","=""7/2""","=""""","=""13.2495424""","=""""","=""0.0000005""","=""0.017194""","=""""","=""                                         ""","=""L18847"""
"=""3d4.(a 3F).4d""","=""i 2G""","=""9/2""","=""""","=""13.25688729""","=""""","=""0.00000025""","=""0.0073449""","=""""","=""                                         ""","=""L18847"""
"=""3d4.(5D).5d""","=""6G""","=""3/2""","=""""","=""13.25107943""","=""""","=""0.00000025""","=""-0.0058079""","=""""","=""                                         ""","=""L18847"""
"=""3d4.(5D).5d""","=""6G""","=""5/2""","=""""","=""13.25755317""","=""""","=""0.00000025""","=""0.0064737""","=""""","=""                                         ""","=""L18847"""
"=""3d4.(5D).5d""","=""6G""","=""7/2""","=""""","=""13.26708417""","=""""","=""0.00000025""","=""0.0095310""","=""""","=""                                         ""","=""L18847"""
"=""3d4.(5D).5d""","=""6G""","=""9/2""","=""""","=""13.28016578""","=""""","=""0.00000025""","=""0.0130816""","=""""","=""                                         ""","=""L18847"""
"=""3d4.(5D).5d""","=""6G""","=""11/2""","=""""","=""13.29690755""","=""""","=""0.00000025""","=""0.0167418""","=""""","=""                                         ""","=""L18847"""
"=""3d4.(5D).5d""","=""6G""","=""13/2""","=""""","=""13.31739444""","=""""","=""0.00000025""","=""0.0204869""","=""""","=""                                         ""","=""L18847"""
"=""3d4.(5D).5d""","=""4S""","=""3/2""","=""""","=""13.25698467""","=""""","=""0.00000025""","=""-0.0604098""","=""""","=""                                         ""","=""L18847"""
"=""3d3.(a 2D).4s.4p.(3P*)""","=""o 2F*""","=""5/2""","=""""","=""13.2690545""","=""""","=""0.0000009""","=""0.0120698""","=""""","=""                                         ""","=""L18847"""
"=""3d3.(a 2D).4s.4p.(3P*)""","=""o 2F*""","=""7/2""","=""""","=""13.2852825""","=""""","=""0.0000025""","=""0.016228""","=""""","=""                                         ""","=""L18847"""
"=""3d4.(5D).5d""","=""6P""","=""5/2""","=""""","=""13.26943945""","=""""","=""0.00000025""","=""-0.015843""","=""""","=""                                         ""","=""L18847"""
"=""3d4.(5D).5d""","=""6P""","=""3/2""","=""""","=""13.27331102""","=""""","=""0.00000025""","=""0.0038716""","=""""","=""                                         ""","=""L18847"""
"=""3d4.(5D).5d""","=""6P""","=""7/2""","=""""","=""13.28053353""","=""""","=""0.00000025""","=""0.0072225""","=""""","=""                                         ""","=""L18847"""
"=""3d4.(a 3F).4d""","=""2H""","=""9/2""","=""""","=""13.28498667""","=""""","=""0.00000025""","=""0.0044531""","=""""","=""                                         ""","=""L18847"""
"=""3d4.(a 3F).4d""","=""2H""","=""11/2""","=""""","=""13.30711828""","=""""","=""0.00000025""","=""0.0221316""","=""""","=""                                         ""","=""L18847"""
"=""3d3.(4P).4s.4p.(3P*)""","=""q 2D*""","=""3/2""","=""""","=""13.2926385""","=""""","=""0.0000025""","=""-0.014480""","=""""","=""                                         ""","=""L18847"""
"=""3d3.(4P).4s.4p.(3P*)""","=""q 2D*""","=""5/2""","=""""","=""13.3103819""","=""""","=""0.0000022""","=""0.017743""","=""""","=""                                         ""","=""L18847"""
"=""3d4.(5D).5d""","=""6F""","=""3/2""","=""""","=""13.29852239""","=""""","=""0.00000025""","=""-0.0118595""","=""""","=""                                         ""","=""L18847"""
"=""3d4.(5D).5d""","=""6F""","=""5/2""","=""""","=""13.30466035""","=""""","=""0.00000025""","=""0.0061380""","=""""","=""                                         ""","=""L18847"""
"=""3d4.(5D).5d""","=""6F""","=""7/2""","=""""","=""13.31418676""","=""""","=""0.00000025""","=""0.0095264""","=""""","=""                                         ""","=""L18847"""
"=""3d4.(5D).5d""","=""6F""","=""9/2""","=""""","=""13.32278165""","=""""","=""0.00000025""","=""0.0085949""","=""""","=""                                         ""","=""L18847"""
"=""3d4.(5D).5d""","=""6F""","=""11/2""","=""""","=""13.35325680""","=""""","=""0.00000025""","=""0.0304752""","=""""","=""                                         ""","=""L18847"""
"=""3d4.(a 3P).4d""","=""2F""","=""5/2""","=""""","=""13.3001996""","=""""","=""0.0000005""","=""-0.0530572""","=""""","=""                                         ""","=""L18847"""
"=""3d4.(a 3P).4d""","=""2F""","=""7/2""","=""""","=""13.34046117""","=""""","=""0.00000025""","=""0.0402616""","=""""","=""                                         ""","=""L18847"""
"=""3d4.(5D).5d""","=""6D""","=""1/2""","=""""","=""13.30626579""","=""""","=""0.00000025""","=""-0.0341954""","=""""","=""                                         ""","=""L18847"""
"=""3d4.(5D).5d""","=""6D""","=""3/2""","=""""","=""13.31771617""","=""""","=""0.00000025""","=""0.0114504""","=""""","=""                                         ""","=""L18847"""
"=""3d4.(5D).5d""","=""6D""","=""5/2""","=""""","=""13.33070385""","=""""","=""0.00000025""","=""0.0129877""","=""""","=""                                         ""","=""L18847"""
"=""3d4.(5D).5d""","=""6D""","=""7/2""","=""""","=""13.34408959""","=""""","=""0.00000025""","=""0.0133857""","=""""","=""                                         ""","=""L18847"""
"=""3d4.(5D).5d""","=""6D""","=""9/2""","=""""","=""13.35263388""","=""""","=""0.00000025""","=""0.0085443""","=""""","=""                                         ""","=""L18847"""
"=""3d4.(3G).4d""","=""4G""","=""5/2""","=""""","=""13.31599962""","=""""","=""0.00000025""","=""-0.0366343""","=""""","=""                                         ""","=""L18847"""
"=""3d4.(3G).4d""","=""4G""","=""7/2""","=""""","=""13.32834412""","=""""","=""0.00000025""","=""0.0123445""","=""""","=""                                         ""","=""L18847"""
"=""3d4.(3G).4d""","=""4G""","=""9/2""","=""""","=""13.34469484""","=""""","=""0.00000025""","=""0.0163507""","=""""","=""                                         ""","=""L18847"""
"=""3d4.(3G).4d""","=""4G""","=""11/2""","=""""","=""13.36476469""","=""""","=""0.00000025""","=""0.0200698""","=""""","=""                                         ""","=""L18847"""
"=""3d4.(5D).5d""","=""4F""","=""3/2""","=""""","=""13.33037300""","=""""","=""0.00000025""","=""-0.0343917""","=""""","=""                                         ""","=""L18847"""
"=""3d4.(5D).5d""","=""4F""","=""5/2""","=""""","=""13.35641781""","=""""","=""0.00000025""","=""0.0260448""","=""""","=""                                         ""","=""L18847"""
"=""3d4.(5D).5d""","=""4F""","=""7/2""","=""""","=""13.37176428""","=""""","=""0.00000025""","=""0.0153465""","=""""","=""                                         ""","=""L18847"""
"=""3d4.(5D).5d""","=""4F""","=""9/2""","=""""","=""13.38384576""","=""""","=""0.00000025""","=""0.0120815""","=""""","=""                                         ""","=""L18847"""
"=""3d4.(5D).5d""","=""4D""","=""5/2""","=""""","=""13.34040309""","=""""","=""0.00000025""","=""-0.0434427""","=""""","=""                                         ""","=""L18847"""
"=""3d4.(5D).5d""","=""4D""","=""7/2""","=""""","=""13.35511460""","=""""","=""0.00000025""","=""0.0147115""","=""""","=""                                         ""","=""L18847"""
"=""3d4.(3G).4d""","=""g 4I""","=""9/2""","=""""","=""13.35393399""","=""""","=""0.00000025""","=""-0.0011806""","=""""","=""                                         ""","=""L18847"""
"=""3d4.(3G).4d""","=""g 4I""","=""11/2""","=""""","=""13.36062457""","=""""","=""0.00000025""","=""0.0066906""","=""""","=""                                         ""","=""L18847"""
"=""3d4.(3G).4d""","=""g 4I""","=""13/2""","=""""","=""13.37128228""","=""""","=""0.00000025""","=""0.0106577""","=""""","=""                                         ""","=""L18847"""
"=""3d4.(3G).4d""","=""g 4I""","=""15/2""","=""""","=""13.38802624""","=""""","=""0.00000025""","=""0.0167440""","=""""","=""                                         ""","=""L18847"""
"=""3d3.(2H).4s.4p.(3P*)""","=""q 2G*""","=""9/2""","=""""","=""13.3579618""","=""""","=""0.0000015""","=""-0.0300644""","=""""","=""                                         ""","=""L18847"""
"=""3d3.(2H).4s.4p.(3P*)""","=""q 2G*""","=""7/2""","=""""","=""13.3801936""","=""""","=""0.0000017""","=""0.022232""","=""""","=""                                         ""","=""L18847"""
"=""3d4.(3G).4d""","=""h 4H""","=""7/2""","=""""","=""13.36915499""","=""""","=""0.00000025""","=""-0.0110386""","=""""","=""                                         ""","=""L18847"""
"=""3d4.(3G).4d""","=""h 4H""","=""9/2""","=""""","=""13.38067915""","=""""","=""0.00000025""","=""0.0115242""","=""""","=""                                         ""","=""L18847"""
"=""3d4.(3G).4d""","=""h 4H""","=""11/2""","=""""","=""13.39252287""","=""""","=""0.00000025""","=""0.0118437""","=""""","=""                                         ""","=""L18847"""
"=""3d4.(3G).4d""","=""h 4H""","=""13/2""","=""""","=""13.40318203""","=""""","=""0.00000025""","=""0.0106592""","=""""","=""                                         ""","=""L18847"""
"=""3d3.(2H).4s.4p.(3P*)""","=""x 2I*""","=""11/2""","=""""","=""13.371714""","=""""","=""0.000011""","=""-0.031468""","=""""","=""                                         ""","=""L18847"""
"=""3d3.(2H).4s.4p.(3P*)""","=""x 2I*""","=""13/2""","=""""","=""13.394122""","=""""","=""0.000011""","=""0.02241""","=""""","=""                                         ""","=""L18847"""
"=""3d4.(a 3F).4d""","=""2D""","=""5/2""","=""""","=""13.3888362""","=""""","=""0.0000004""","=""-0.00529""","=""""","=""                                         ""","=""L18847"""
"=""3d4.(3D).5s""","=""4D""","=""5/2""","=""""","=""13.45607102""","=""""","=""0.00000025""","=""0.0672348""","=""""","=""                                         ""","=""L18847"""
"=""3d4.(3G).4d""","=""2I""","=""11/2""","=""""","=""13.48557839""","=""""","=""0.00000025""","=""0.0295074""","=""""","=""                                         ""","=""L18847"""
"=""3d4.(3G).4d""","=""2I""","=""13/2""","=""""","=""13.54312788""","=""""","=""0.00000025""","=""0.0575495""","=""""","=""                                         ""","=""L18847"""
"=""3d4.(1I).5s""","=""2I""","=""13/2""","=""""","=""13.5053680""","=""""","=""0.0000004""","=""-0.0377599""","=""""","=""                                         ""","=""L18847"""
"=""3d4.(1I).5s""","=""2I""","=""11/2""","=""""","=""13.53127276""","=""""","=""0.00000025""","=""0.0259048""","=""""","=""                                         ""","=""L18847"""
"=""3d4.(3G).4d""","=""2F""","=""7/2""","=""""","=""13.5257262""","=""""","=""0.0000004""","=""-0.0055466""","=""""","=""                                         ""","=""L18847"""
"=""3d4.(3G).4d""","=""2H""","=""9/2""","=""""","=""13.5278751""","=""""","=""0.0000004""","=""0.0021489""","=""""","=""                                         ""","=""L18847"""
"=""3d4.(3G).4d""","=""2H""","=""11/2""","=""""","=""13.5391728""","=""""","=""0.0000006""","=""0.0112977""","=""""","=""                                         ""","=""L18847"""
"=""3d4.(3D).5s""","=""2D""","=""5/2""","=""""","=""13.55649747""","=""""","=""0.00000025""","=""0.0173247""","=""""","=""                                         ""","=""L18847"""
"=""3d4.(3D).5s""","=""2D""","=""3/2""","=""""","=""13.5653108""","=""""","=""0.0000005""","=""0.0088133""","=""""","=""                                         ""","=""L18847"""
"=""3d4.(5D).5d""","=""6S""","=""5/2""","=""""","=""13.56317985""","=""""","=""0.00000025""","=""-0.0021310""","=""""","=""                                         ""","=""L18847"""
"=""3d4.(a 3F).5d""","=""4P""","=""3/2""","=""""","=""13.5696098""","=""""","=""0.0000004""","=""0.0064300""","=""""","=""                                         ""","=""L18847"""
"=""3d4.(a 3F).5d""","=""4P""","=""5/2""","=""""","=""13.57105099""","=""""","=""0.00000025""","=""0.0014412""","=""""","=""                                         ""","=""L18847"""
"=""3d4.(a 3F).5d""","=""4P""","=""1/2""","=""""","=""13.5745354""","=""""","=""0.0000006""","=""0.0034844""","=""""","=""                                         ""","=""L18847"""
"=""3d4.(5D).6p""","=""6F*""","=""1/2""","=""""","=""13.58431568""","=""""","=""0.00000025""","=""0.0097803""","=""""","=""                                         ""","=""L18847"""
"=""3d4.(5D).6p""","=""6F*""","=""3/2""","=""""","=""13.59005256""","=""""","=""0.00000025""","=""0.0057369""","=""""","=""                                         ""","=""L18847"""
"=""3d4.(5D).6p""","=""6F*""","=""5/2""","=""""","=""13.60036073""","=""""","=""0.00000025""","=""0.0103082""","=""""","=""                                         ""","=""L18847"""
"=""3d4.(5D).6p""","=""6F*""","=""7/2""","=""""","=""13.61495181""","=""""","=""0.00000025""","=""0.0145911""","=""""","=""                                         ""","=""L18847"""
"=""3d4.(5D).6p""","=""6F*""","=""9/2""","=""""","=""13.63400185""","=""""","=""0.00000025""","=""0.0190500""","=""""","=""                                         ""","=""L18847"""
"=""3d4.(5D).6p""","=""6F*""","=""11/2""","=""""","=""13.65735229""","=""""","=""0.00000025""","=""0.0233504""","=""""","=""                                         ""","=""L18847"""
"=""3d4.(5D).6p""","=""4P*""","=""3/2""","=""""","=""13.59627334""","=""""","=""0.00000025""","=""-0.0610790""","=""""","=""                                         ""","=""L18847"""
"=""3d4.(5D).6p""","=""4P*""","=""5/2""","=""""","=""13.63503489""","=""""","=""0.00000025""","=""0.0387616""","=""""","=""                                         ""","=""L18847"""
"=""3d4.(3G).4d""","=""4D""","=""1/2""","=""""","=""13.5998412""","=""""","=""0.0000006""","=""-0.0351937""","=""""","=""                                         ""","=""L18847"""
"=""3d4.(3G).4d""","=""4D""","=""3/2""","=""""","=""13.6210867""","=""""","=""0.0000006""","=""0.0212455""","=""""","=""                                         ""","=""L18847"""
"=""3d4.(3G).4d""","=""4D""","=""5/2""","=""""","=""13.63554434""","=""""","=""0.00000025""","=""0.0144576""","=""""","=""                                         ""","=""L18847"""
"=""3d4.(3G).4d""","=""4D""","=""7/2""","=""""","=""13.64709607""","=""""","=""0.00000025""","=""0.0115517""","=""""","=""                                         ""","=""L18847"""
"=""3d4.(3G).4d""","=""4F""","=""3/2""","=""""","=""13.60300519""","=""""","=""0.00000025""","=""-0.0440909""","=""""","=""                                         ""","=""L18847"""
"=""3d4.(3G).4d""","=""4F""","=""5/2""","=""""","=""13.6091300""","=""""","=""0.0000004""","=""0.0061248""","=""""","=""                                         ""","=""L18847"""
"=""3d4.(3G).4d""","=""4F""","=""7/2""","=""""","=""13.61880610""","=""""","=""0.00000025""","=""0.0096761""","=""""","=""                                         ""","=""L18847"""
"=""3d4.(3G).4d""","=""4F""","=""9/2""","=""""","=""13.64371242""","=""""","=""0.00000025""","=""0.0249063""","=""""","=""                                         ""","=""L18847"""
"=""3d4.(5D).6p""","=""6P*""","=""3/2""","=""""","=""13.61002901""","=""""","=""0.00000025""","=""-0.0336834""","=""""","=""                                         ""","=""L18847"""
"=""3d4.(5D).6p""","=""6P*""","=""5/2""","=""""","=""13.62150871""","=""""","=""0.00000025""","=""0.0114797""","=""""","=""                                         ""","=""L18847"""
"=""3d4.(5D).6p""","=""6P*""","=""7/2""","=""""","=""13.65029363""","=""""","=""0.00000025""","=""0.0287849""","=""""","=""                                         ""","=""L18847"""
"=""3d3.(a 2D).4s.4p.(3P*)""","=""p 2D*""","=""3/2""","=""""","=""13.62765746""","=""""","=""0.00000025""","=""-0.0226362""","=""""","=""                                         ""","=""L18847"""
"=""3d3.(a 2D).4s.4p.(3P*)""","=""p 2D*""","=""5/2""","=""""","=""13.631241""","=""""","=""0.000004""","=""0.003584""","=""""","=""                                         ""","=""L18847"""
"=""3d4.(5D).6p""","=""6D*""","=""1/2""","=""""","=""13.62876290""","=""""","=""0.00000025""","=""-0.002478""","=""""","=""                                         ""","=""L18847"""
"=""3d4.(5D).6p""","=""6D*""","=""3/2""","=""""","=""13.63919208""","=""""","=""0.00000025""","=""0.0104292""","=""""","=""                                         ""","=""L18847"""
"=""3d4.(5D).6p""","=""6D*""","=""5/2""","=""""","=""13.65539533""","=""""","=""0.00000025""","=""0.0162032""","=""""","=""                                         ""","=""L18847"""
"=""3d4.(5D).6p""","=""6D*""","=""7/2""","=""""","=""13.67199483""","=""""","=""0.00000025""","=""0.0165995""","=""""","=""                                         ""","=""L18847"""
"=""3d4.(5D).6p""","=""6D*""","=""9/2""","=""""","=""13.68608638""","=""""","=""0.00000025""","=""0.0140916""","=""""","=""                                         ""","=""L18847"""
"=""3d4.(5D).5d""","=""4G""","=""5/2""","=""""","=""13.67487721""","=""""","=""0.00000025""","=""-0.0112092""","=""""","=""                                         ""","=""L18847"""
"=""3d4.(5D).5d""","=""4G""","=""7/2""","=""""","=""13.67994792""","=""""","=""0.00000025""","=""0.0050707""","=""""","=""                                         ""","=""L18847"""
"=""3d4.(5D).5d""","=""4G""","=""9/2""","=""""","=""13.68432654""","=""""","=""0.00000025""","=""0.0043786""","=""""","=""                                         ""","=""L18847"""
"=""3d4.(5D).5d""","=""4G""","=""11/2""","=""""","=""13.68500672""","=""""","=""0.00000025""","=""0.0006802""","=""""","=""                                         ""","=""L18847"""
"=""3d4.(5D).6p""","=""4F*""","=""5/2""","=""""","=""13.67731772""","=""""","=""0.00000025""","=""-0.0076890""","=""""","=""                                         ""","=""L18847"""
"=""3d4.(5D).6p""","=""4F*""","=""7/2""","=""""","=""13.69669508""","=""""","=""0.00000025""","=""0.0193774""","=""""","=""                                         ""","=""L18847"""
"=""3d4.(5D).6p""","=""4F*""","=""9/2""","=""""","=""13.72076934""","=""""","=""0.00000025""","=""0.0240743""","=""""","=""                                         ""","=""L18847"""
"=""3d4.(5D).6p""","=""4D*""","=""3/2""","=""""","=""13.75377121""","=""""","=""0.00000025""","=""0.0330019""","=""""","=""                                         ""","=""L18847"""
"=""3d4.(5D).6p""","=""4D*""","=""5/2""","=""""","=""13.77245030""","=""""","=""0.00000025""","=""0.0186791""","=""""","=""                                         ""","=""L18847"""
"=""3d4.(5D).6p""","=""4D*""","=""7/2""","=""""","=""13.79561625""","=""""","=""0.00000025""","=""0.0231660""","=""""","=""                                         ""","=""L18847"""
"=""3d4.(a 1G).4d""","=""2H""","=""11/2""","=""""","=""13.95183609""","=""""","=""0.00000025""","=""0.1562198""","=""""","=""                                         ""","=""L18847"""
"=""3d4.(a 1G).4d""","=""2H""","=""9/2""","=""""","=""13.9530492""","=""""","=""0.0000006""","=""0.0012131""","=""""","=""                                         ""","=""L18847"""
"=""3d4.(1I).4d""","=""2K""","=""13/2""","=""""","=""13.9930279""","=""""","=""0.0000007""","=""0.0399787""","=""""","=""                                         ""","=""L18847"""
"=""3d4.(3D).4d""","=""2F""","=""7/2""","=""""","=""14.0006472""","=""""","=""0.0000006""","=""0.0076193""","=""""","=""                                         ""","=""L18847"""
"=""3d4.(3D).4d""","=""4F""","=""9/2""","=""""","=""14.00803590""","=""""","=""0.00000025""","=""0.0073887""","=""""","=""                                         ""","=""L18847"""
"=""3d4.(3D).4d""","=""2G""","=""9/2""","=""""","=""14.0172635""","=""""","=""0.0000007""","=""0.0092276""","=""""","=""                                         ""","=""L18847"""
"=""3d4.(3D).4d""","=""4G""","=""9/2""","=""""","=""14.03096839""","=""""","=""0.00000025""","=""0.0137049""","=""""","=""                                         ""","=""L18847"""
"=""3d4.(a 1G).4d""","=""2G""","=""7/2""","=""""","=""14.08514452""","=""""","=""0.00000025""","=""0.0541761""","=""""","=""                                         ""","=""L18847"""
"=""3d4.(a 1G).4d""","=""2G""","=""9/2""","=""""","=""14.0917774""","=""""","=""0.0000004""","=""0.0066329""","=""""","=""                                         ""","=""L18847"""
"=""3d4.(3D).4d""","=""4P""","=""3/2""","=""""","=""14.0982030""","=""""","=""0.0000005""","=""0.0064256""","=""""","=""                                         ""","=""L18847"""
"=""3d4.(3D).4d""","=""4P""","=""5/2""","=""""","=""14.0982113""","=""""","=""0.0000004""","=""0.0000083""","=""""","=""                                         ""","=""L18847"""
"=""3d4.(3D).4d""","=""4P""","=""1/2""","=""""","=""14.0983415""","=""""","=""0.0000004""","=""0.0001302""","=""""","=""                                         ""","=""L18847"""
"=""3d4.(3D).4d""","=""4D""","=""7/2""","=""""","=""14.13382592""","=""""","=""0.00000025""","=""0.0354844""","=""""","=""                                         ""","=""L18847"""
"=""3d4.(3D).4d""","=""4D""","=""5/2""","=""""","=""14.13930454""","=""""","=""0.00000025""","=""0.0054786""","=""""","=""                                         ""","=""L18847"""
"=""3d4.(3D).4d""","=""4D""","=""1/2""","=""""","=""14.13971344""","=""""","=""0.00000025""","=""0.0004089""","=""""","=""                                         ""","=""L18847"""
"=""3d4.(3D).4d""","=""4D""","=""3/2""","=""""","=""14.1403516""","=""""","=""0.0000005""","=""0.0006382""","=""""","=""                                         ""","=""L18847"""
"=""3d4.(5D<2>).5f""","=""2[1]*""","=""1/2""","=""""","=""14.27683934""","=""""","=""0.00000025""","=""0.1364877""","=""""","=""                                         ""","=""L18847"""
"=""3d4.(5D<2>).5f""","=""2[1]*""","=""3/2""","=""""","=""14.30440376""","=""""","=""0.00000025""","=""0.0275644""","=""""","=""                                         ""","=""L18847"""
"=""3d4.(1I).4d""","=""2I""","=""11/2""","=""""","=""14.28290812""","=""""","=""0.00000025""","=""-0.0214956""","=""""","=""                                         ""","=""L18847"""
"=""3d4.(1I).4d""","=""2I""","=""13/2""","=""""","=""14.30978170""","=""""","=""0.00000025""","=""0.0268736""","=""""","=""                                         ""","=""L18847"""
"=""3d4.(5D<1>).5f""","=""2[3]*""","=""5/2""","=""""","=""14.28401059""","=""""","=""0.00000025""","=""-0.0257711""","=""""","=""                                         ""","=""L18847"""
"=""3d4.(5D<1>).5f""","=""2[3]*""","=""7/2""","=""""","=""14.28908477""","=""""","=""0.00000025""","=""0.0050742""","=""""","=""                                         ""","=""L18847"""
"=""3d4.(5D<0>).5f""","=""2[3]*""","=""7/2""","=""""","=""14.28526766""","=""""","=""0.00000025""","=""-0.0038171""","=""""","=""                                         ""","=""L18847"""
"=""3d4.(5D).7s""","=""6D""","=""1/2""","=""""","=""14.28725042""","=""""","=""0.00000025""","=""0.0019828""","=""""","=""                                         ""","=""L18847"""
"=""3d4.(5D).7s""","=""6D""","=""3/2""","=""""","=""14.29563249""","=""""","=""0.00000025""","=""0.0083821""","=""""","=""                                         ""","=""L18847"""
"=""3d4.(5D).7s""","=""6D""","=""5/2""","=""""","=""14.30998280""","=""""","=""0.00000025""","=""0.0143503""","=""""","=""                                         ""","=""L18847"""
"=""3d4.(5D).7s""","=""6D""","=""7/2""","=""""","=""14.33028447""","=""""","=""0.00000025""","=""0.0203017""","=""""","=""                                         ""","=""L18847"""
"=""3d4.(5D).7s""","=""6D""","=""9/2""","=""""","=""14.35591870""","=""""","=""0.00000025""","=""0.0256342""","=""""","=""                                         ""","=""L18847"""
"=""3d4.(1I).4d""","=""2H""","=""9/2""","=""""","=""14.29347492""","=""""","=""0.00000025""","=""-0.0624438""","=""""","=""                                         ""","=""L18847"""
"=""3d4.(1I).4d""","=""2H""","=""11/2""","=""""","=""14.32613509""","=""""","=""0.00000025""","=""0.0326602""","=""""","=""                                         ""","=""L18847"""
"=""3d4.(5D<1>).5f""","=""2[4]*""","=""9/2""","=""""","=""14.29398276""","=""""","=""0.00000025""","=""-0.0321523""","=""""","=""                                         ""","=""L18847"""
"=""3d4.(5D<1>).5f""","=""2[4]*""","=""7/2""","=""""","=""14.29650621""","=""""","=""0.00000025""","=""0.0025234""","=""""","=""                                         ""","=""L18847"""
"=""3d4.(5D<1>).5f""","=""2[2]*""","=""3/2""","=""""","=""14.29518665""","=""""","=""0.00000025""","=""-0.0013196""","=""""","=""                                         ""","=""L18847"""
"=""3d4.(5D<1>).5f""","=""2[2]*""","=""5/2""","=""""","=""14.29656424""","=""""","=""0.00000025""","=""0.0013776""","=""""","=""                                         ""","=""L18847"""
"=""3d4.(5D<0>).5g""","=""2[4]""","=""7/2""","=""""","=""14.30419782""","=""""","=""0.00000025""","=""0.0076336""","=""""","=""                                         ""","=""L18847"""
"=""3d4.(5D<0>).5g""","=""2[4]""","=""9/2""","=""""","=""14.30421233""","=""""","=""0.00000025""","=""0.0000145""","=""""","=""                                         ""","=""L18847"""
"=""3d4.(5D<1>).5f""","=""2[5]*""","=""9/2""","=""""","=""14.30695771""","=""""","=""0.00000025""","=""0.0027454""","=""""","=""                                         ""","=""L18847"""
"=""3d4.(5D<1>).5f""","=""2[5]*""","=""11/2""","=""""","=""14.30737591""","=""""","=""0.00000025""","=""0.0004182""","=""""","=""                                         ""","=""L18847"""
"=""3d4.(5D<2>).5f""","=""2[4]*""","=""7/2""","=""""","=""14.30757602""","=""""","=""0.00000025""","=""0.0002001""","=""""","=""                                         ""","=""L18847"""
"=""3d4.(5D<2>).5f""","=""2[4]*""","=""9/2""","=""""","=""14.31154562""","=""""","=""0.00000025""","=""0.0039696""","=""""","=""                                         ""","=""L18847"""
"=""3d4.(5D<2>).5f""","=""2[3]*""","=""5/2""","=""""","=""14.30877544""","=""""","=""0.00000025""","=""-0.0027702""","=""""","=""                                         ""","=""L18847"""
"=""3d4.(5D<2>).5f""","=""2[3]*""","=""7/2""","=""""","=""14.31367331""","=""""","=""0.00000025""","=""0.0048979""","=""""","=""                                         ""","=""L18847"""
"=""3d4.(5D<1>).5g""","=""2[4]""","=""9/2""","=""""","=""14.30923245""","=""""","=""0.00000025""","=""-0.0044409""","=""""","=""                                         ""","=""L18847"""
"=""3d4.(5D<1>).5g""","=""2[4]""","=""7/2""","=""""","=""14.30925538""","=""""","=""0.00000025""","=""0.0000229""","=""""","=""                                         ""","=""L18847"""
"=""3d4.(5D<2>).5f""","=""2[2]*""","=""3/2""","=""""","=""14.31160253""","=""""","=""0.00000025""","=""0.0023472""","=""""","=""                                         ""","=""L18847"""
"=""3d4.(5D<2>).5f""","=""2[2]*""","=""5/2""","=""""","=""14.31542880""","=""""","=""0.00000025""","=""0.0038263""","=""""","=""                                         ""","=""L18847"""
"=""3d4.(5D<1>).5g""","=""2[5]""","=""11/2""","=""""","=""14.31321593""","=""""","=""0.00000025""","=""-0.0022129""","=""""","=""                                         ""","=""L18847"""
"=""3d4.(5D<1>).5g""","=""2[5]""","=""9/2""","=""""","=""14.31321742""","=""""","=""0.00000025""","=""0.0000015""","=""""","=""                                         ""","=""L18847"""
"=""3d4.(5D<1>).5g""","=""2[3]""","=""5/2""","=""""","=""14.31415363""","=""""","=""0.00000025""","=""0.0009362""","=""""","=""                                         ""","=""L18847"""
"=""3d4.(5D<1>).5g""","=""2[3]""","=""7/2""","=""""","=""14.31416330""","=""""","=""0.00000025""","=""0.0000097""","=""""","=""                                         ""","=""L18847"""
"=""3d4.(5D<3>).5f""","=""2[6]*""","=""13/2""","=""""","=""14.32594291""","=""""","=""0.00000025""","=""0.0117796""","=""""","=""                                         ""","=""L18847"""
"=""3d4.(5D<3>).5f""","=""2[6]*""","=""11/2""","=""""","=""14.33072845""","=""""","=""0.00000025""","=""0.0047855""","=""""","=""                                         ""","=""L18847"""
"=""3d4.(5D<2>).5g""","=""2[5]""","=""11/2""","=""""","=""14.32696814""","=""""","=""0.00000025""","=""-0.0037603""","=""""","=""                                         ""","=""L18847"""
"=""3d4.(5D<2>).5g""","=""2[5]""","=""9/2""","=""""","=""14.32698289""","=""""","=""0.00000025""","=""0.0000148""","=""""","=""                                         ""","=""L18847"""
"=""3d4.(5D<2>).5g""","=""2[4]""","=""7/2""","=""""","=""14.32713762""","=""""","=""0.00000025""","=""0.0001547""","=""""","=""                                         ""","=""L18847"""
"=""3d4.(5D<2>).5g""","=""2[4]""","=""9/2""","=""""","=""14.32715349""","=""""","=""0.00000025""","=""0.0000159""","=""""","=""                                         ""","=""L18847"""
"=""3d4.(5D<2>).5g""","=""2[3]""","=""5/2""","=""""","=""14.32767448""","=""""","=""0.00000025""","=""0.0005210""","=""""","=""                                         ""","=""L18847"""
"=""3d4.(5D<2>).5g""","=""2[3]""","=""7/2""","=""""","=""14.32768005""","=""""","=""0.00000025""","=""0.0000056""","=""""","=""                                         ""","=""L18847"""
"=""3d4.(5D<2>).5g""","=""2[6]""","=""13/2""","=""""","=""14.32771675""","=""""","=""0.00000025""","=""0.0000367""","=""""","=""                                         ""","=""L18847"""
"=""3d4.(5D<2>).5g""","=""2[6]""","=""11/2""","=""""","=""14.32773002""","=""""","=""0.00000025""","=""0.0000133""","=""""","=""                                         ""","=""L18847"""
"=""3d4.(5D<2>).5g""","=""2[2]""","=""3/2""","=""""","=""14.3283993""","=""""","=""0.0000004""","=""0.0006693""","=""""","=""                                         ""","=""L18847"""
"=""3d4.(5D<2>).5g""","=""2[2]""","=""5/2""","=""""","=""14.32842061""","=""""","=""0.00000025""","=""0.0000213""","=""""","=""                                         ""","=""L18847"""
"=""3d4.(5D<3>).5f""","=""2[2]*""","=""5/2""","=""""","=""14.32895709""","=""""","=""0.00000025""","=""0.0005365""","=""""","=""                                         ""","=""L18847"""
"=""3d4.(5D<3>).5f""","=""2[2]*""","=""3/2""","=""""","=""14.33330162""","=""""","=""0.00000025""","=""0.0043445""","=""""","=""                                         ""","=""L18847"""
"=""3d4.(5D<3>).5f""","=""2[3]*""","=""7/2""","=""""","=""14.33147224""","=""""","=""0.00000025""","=""-0.0018294""","=""""","=""                                         ""","=""L18847"""
"=""3d4.(5D<3>).5f""","=""2[4]*""","=""9/2""","=""""","=""14.33162486""","=""""","=""0.00000025""","=""0.0001526""","=""""","=""                                         ""","=""L18847"""
"=""3d4.(5D<3>).5f""","=""2[4]*""","=""7/2""","=""""","=""14.33600783""","=""""","=""0.00000025""","=""0.0043830""","=""""","=""                                         ""","=""L18847"""
"=""3d4.(5D<3>).5f""","=""2[5]*""","=""11/2""","=""""","=""14.33243435""","=""""","=""0.00000025""","=""-0.0035735""","=""""","=""                                         ""","=""L18847"""
"=""3d4.(5D<3>).5f""","=""2[5]*""","=""9/2""","=""""","=""14.34159678""","=""""","=""0.00000025""","=""0.0091624""","=""""","=""                                         ""","=""L18847"""
"=""3d4.(5D).7s""","=""4D""","=""3/2""","=""""","=""14.33757585""","=""""","=""0.00000025""","=""-0.0040209""","=""""","=""                                         ""","=""L18847"""
"=""3d4.(5D).7s""","=""4D""","=""5/2""","=""""","=""14.35965087""","=""""","=""0.00000025""","=""0.0220750""","=""""","=""                                         ""","=""L18847"""
"=""3d4.(5D).7s""","=""4D""","=""7/2""","=""""","=""14.38809470""","=""""","=""0.00000025""","=""0.0284438""","=""""","=""                                         ""","=""L18847"""
"=""3d4.(5D<3>).5g""","=""2[1]""","=""1/2""","=""""","=""14.34735945""","=""""","=""0.00000025""","=""-0.0407352""","=""""","=""                                         ""","=""L18847"""
"=""3d4.(5D<3>).5g""","=""2[1]""","=""3/2""","=""""","=""14.34738623""","=""""","=""0.00000025""","=""0.0000268""","=""""","=""                                         ""","=""L18847"""
"=""3d4.(5D<3>).5g""","=""2[7]""","=""15/2""","=""""","=""14.34789419""","=""""","=""0.00000025""","=""0.0005080""","=""""","=""                                         ""","=""L18847"""
"=""3d4.(5D<3>).5g""","=""2[7]""","=""13/2""","=""""","=""14.34791725""","=""""","=""0.00000025""","=""0.0000231""","=""""","=""                                         ""","=""L18847"""
"=""3d4.(5D<3>).5g""","=""2[2]""","=""3/2""","=""""","=""14.34808550""","=""""","=""0.00000025""","=""0.0001682""","=""""","=""                                         ""","=""L18847"""
"=""3d4.(5D<3>).5g""","=""2[2]""","=""5/2""","=""""","=""14.34810806""","=""""","=""0.00000025""","=""0.0000226""","=""""","=""                                         ""","=""L18847"""
"=""3d4.(5D<3>).5g""","=""2[3]""","=""7/2""","=""""","=""14.34892983""","=""""","=""0.00000025""","=""0.0008218""","=""""","=""                                         ""","=""L18847"""
"=""3d4.(5D<3>).5g""","=""2[3]""","=""5/2""","=""""","=""14.34895103""","=""""","=""0.00000025""","=""0.0000212""","=""""","=""                                         ""","=""L18847"""
"=""3d4.(5D<4>).5f""","=""2[7]*""","=""15/2""","=""""","=""14.34928207""","=""""","=""0.00000025""","=""0.0003310""","=""""","=""                                         ""","=""L18847"""
"=""3d4.(5D<4>).5f""","=""2[7]*""","=""13/2""","=""""","=""14.35523653""","=""""","=""0.00000025""","=""0.0059545""","=""""","=""                                         ""","=""L18847"""
"=""3d4.(5D<3>).5g""","=""2[4]""","=""9/2""","=""""","=""14.34971391""","=""""","=""0.00000025""","=""-0.0055226""","=""""","=""                                         ""","=""L18847"""
"=""3d4.(5D<3>).5g""","=""2[4]""","=""7/2""","=""""","=""14.34971949""","=""""","=""0.00000025""","=""0.0000056""","=""""","=""                                         ""","=""L18847"""
"=""3d4.(5D<3>).5g""","=""2[6]""","=""13/2""","=""""","=""14.35005288""","=""""","=""0.00000025""","=""0.0003334""","=""""","=""                                         ""","=""L18847"""
"=""3d4.(5D<3>).5g""","=""2[6]""","=""11/2""","=""""","=""14.35007668""","=""""","=""0.00000025""","=""0.0000238""","=""""","=""                                         ""","=""L18847"""
"=""3d4.(5D<3>).5g""","=""2[5]""","=""11/2""","=""""","=""14.35021046""","=""""","=""0.00000025""","=""0.0001338""","=""""","=""                                         ""","=""L18847"""
"=""3d4.(5D<3>).5g""","=""2[5]""","=""9/2""","=""""","=""14.35022894""","=""""","=""0.00000025""","=""0.0000185""","=""""","=""                                         ""","=""L18847"""
"=""3d4.(5D<4>).5f""","=""2[2]*""","=""3/2""","=""""","=""14.35086560""","=""""","=""0.00000025""","=""0.0006367""","=""""","=""                                         ""","=""L18847"""
"=""3d4.(5D<4>).5f""","=""2[2]*""","=""5/2""","=""""","=""14.35328465""","=""""","=""0.00000025""","=""0.0024191""","=""""","=""                                         ""","=""L18847"""
"=""3d4.(5D<4>).5f""","=""2[3]*""","=""7/2""","=""""","=""14.35702277""","=""""","=""0.00000025""","=""0.0037381""","=""""","=""                                         ""","=""L18847"""
"=""3d4.(5D<4>).5f""","=""2[3]*""","=""5/2""","=""""","=""14.35864387""","=""""","=""0.00000025""","=""0.0016211""","=""""","=""                                         ""","=""L18847"""
"=""3d4.(5D<4>).5f""","=""2[4]*""","=""9/2""","=""""","=""14.36039750""","=""""","=""0.00000025""","=""0.0017536""","=""""","=""                                         ""","=""L18847"""
"=""3d4.(5D<4>).5f""","=""2[4]*""","=""7/2""","=""""","=""14.36755424""","=""""","=""0.00000025""","=""0.0071567""","=""""","=""                                         ""","=""L18847"""
"=""3d4.(5D<4>).5f""","=""2[6]*""","=""13/2""","=""""","=""14.36189982""","=""""","=""0.00000025""","=""-0.0056544""","=""""","=""                                         ""","=""L18847"""
"=""3d4.(5D<4>).5f""","=""2[6]*""","=""11/2""","=""""","=""14.37177082""","=""""","=""0.00000025""","=""0.0098710""","=""""","=""                                         ""","=""L18847"""
"=""3d4.(5D<4>).5f""","=""2[5]*""","=""11/2""","=""""","=""14.36237579""","=""""","=""0.00000025""","=""-0.0093950""","=""""","=""                                         ""","=""L18847"""
"=""3d4.(5D<4>).5f""","=""2[5]*""","=""9/2""","=""""","=""14.37315634""","=""""","=""0.00000025""","=""0.0107805""","=""""","=""                                         ""","=""L18847"""
"=""3d4.(5D<4>).5g""","=""2[0]""","=""1/2""","=""""","=""14.36980059""","=""""","=""0.00000025""","=""-0.0033557""","=""""","=""                                         ""","=""L18847"""
"=""3d4.(5D<4>).5g""","=""2[1]""","=""1/2""","=""""","=""14.37102059""","=""""","=""0.00000025""","=""0.0012200""","=""""","=""                                         ""","=""L18847"""
"=""3d4.(5D<4>).5g""","=""2[1]""","=""3/2""","=""""","=""14.37102890""","=""""","=""0.00000025""","=""0.0000083""","=""""","=""                                         ""","=""L18847"""
"=""3d4.(5D<4>).5g""","=""2[2]""","=""3/2""","=""""","=""14.37305864""","=""""","=""0.00000025""","=""0.0020297""","=""""","=""                                         ""","=""L18847"""
"=""3d4.(5D<4>).5g""","=""2[2]""","=""5/2""","=""""","=""14.37306782""","=""""","=""0.00000025""","=""0.0000092""","=""""","=""                                         ""","=""L18847"""
"=""3d4.(5D<4>).5g""","=""2[8]""","=""17/2""","=""""","=""14.37311134""","=""""","=""0.00000025""","=""0.0000435""","=""""","=""                                         ""","=""L18847"""
"=""3d4.(5D<4>).5g""","=""2[8]""","=""15/2""","=""""","=""14.37314022""","=""""","=""0.00000025""","=""0.0000289""","=""""","=""                                         ""","=""L18847"""
"=""3d3.(4P).4s.4p.(1P*)""","=""4P*""","=""1/2""","=""""","=""14.37517257""","=""""","=""0.00000025""","=""0.0020324""","=""""","=""                                         ""","=""L18847"""
"=""3d3.(4P).4s.4p.(1P*)""","=""4P*""","=""3/2""","=""""","=""14.37801752""","=""""","=""0.00000025""","=""0.0028450""","=""""","=""                                         ""","=""L18847"""
"=""3d3.(4P).4s.4p.(1P*)""","=""4P*""","=""5/2""","=""""","=""14.38731608""","=""""","=""0.00000025""","=""0.0092986""","=""""","=""                                         ""","=""L18847"""
"=""3d4.(5D<4>).5g""","=""2[3]""","=""7/2""","=""""","=""14.37538930""","=""""","=""0.00000025""","=""-0.0119268""","=""""","=""                                         ""","=""L18847"""
"=""3d4.(5D<4>).5g""","=""2[3]""","=""5/2""","=""""","=""14.37539227""","=""""","=""0.00000025""","=""0.0000030""","=""""","=""                                         ""","=""L18847"""
"=""3d4.(5D<4>).5g""","=""2[4]""","=""9/2""","=""""","=""14.37752976""","=""""","=""0.00000025""","=""0.0021375""","=""""","=""                                         ""","=""L18847"""
"=""3d4.(5D<4>).5g""","=""2[4]""","=""7/2""","=""""","=""14.37754538""","=""""","=""0.00000025""","=""0.0000156""","=""""","=""                                         ""","=""L18847"""
"=""3d4.(5D<4>).5g""","=""2[7]""","=""15/2""","=""""","=""14.37829202""","=""""","=""0.00000025""","=""0.0007466""","=""""","=""                                         ""","=""L18847"""
"=""3d4.(5D<4>).5g""","=""2[7]""","=""13/2""","=""""","=""14.37833058""","=""""","=""0.00000025""","=""0.0000386""","=""""","=""                                         ""","=""L18847"""
"=""3d4.(5D<4>).5g""","=""2[5]""","=""11/2""","=""""","=""14.37908031""","=""""","=""0.00000025""","=""0.0007497""","=""""","=""                                         ""","=""L18847"""
"=""3d4.(5D<4>).5g""","=""2[5]""","=""9/2""","=""""","=""14.37910771""","=""""","=""0.00000025""","=""0.0000274""","=""""","=""                                         ""","=""L18847"""
"=""3d4.(5D<4>).5g""","=""2[6]""","=""13/2""","=""""","=""14.37958666""","=""""","=""0.00000025""","=""0.0004789""","=""""","=""                                         ""","=""L18847"""
"=""3d4.(5D<4>).5g""","=""2[6]""","=""11/2""","=""""","=""14.37962063""","=""""","=""0.00000025""","=""0.0000340""","=""""","=""                                         ""","=""L18847"""
"=""3d4.(5D).6d""","=""6G""","=""3/2""","=""""","=""14.40344519""","=""""","=""0.00000025""","=""0.0238246""","=""""","=""                                         ""","=""L18847"""
"=""3d4.(5D).6d""","=""6G""","=""5/2""","=""""","=""14.40861210""","=""""","=""0.00000025""","=""0.0051669""","=""""","=""                                         ""","=""L18847"""
"=""3d4.(5D).6d""","=""6G""","=""7/2""","=""""","=""14.41711320""","=""""","=""0.00000025""","=""0.0085011""","=""""","=""                                         ""","=""L18847"""
"=""3d4.(5D).6d""","=""6G""","=""9/2""","=""""","=""14.43038038""","=""""","=""0.00000025""","=""0.0132672""","=""""","=""                                         ""","=""L18847"""
"=""3d4.(5D).6d""","=""6G""","=""11/2""","=""""","=""14.44802420""","=""""","=""0.00000025""","=""0.0176438""","=""""","=""                                         ""","=""L18847"""
"=""3d4.(5D).6d""","=""6G""","=""13/2""","=""""","=""14.47001974""","=""""","=""0.00000025""","=""0.0219955""","=""""","=""                                         ""","=""L18847"""
"=""3d4.(5D).6d""","=""6P""","=""3/2""","=""""","=""14.4135678""","=""""","=""0.0000004""","=""-0.0564519""","=""""","=""                                         ""","=""L18847"""
"=""3d4.(5D).6d""","=""6P""","=""5/2""","=""""","=""14.41873901""","=""""","=""0.00000025""","=""0.0051712""","=""""","=""                                         ""","=""L18847"""
"=""3d4.(5D).6d""","=""6P""","=""7/2""","=""""","=""14.42997309""","=""""","=""0.00000025""","=""0.0112341""","=""""","=""                                         ""","=""L18847"""
"=""3d4.(a 1G).4d""","=""2F""","=""7/2""","=""""","=""14.42289918""","=""""","=""0.00000025""","=""-0.0070739""","=""""","=""                                         ""","=""L18847"""
"=""3d4.(a 1G).4d""","=""2F""","=""5/2""","=""""","=""14.4279064""","=""""","=""0.0000007""","=""0.0050072""","=""""","=""                                         ""","=""L18847"""
"=""3d4.(5D).6d""","=""4S""","=""3/2""","=""""","=""14.42623894""","=""""","=""0.00000025""","=""-0.0016675""","=""""","=""                                         ""","=""L18847"""
"=""3d4.(5D).6d""","=""6F""","=""1/2""","=""""","=""14.42691217""","=""""","=""0.00000025""","=""0.0006732""","=""""","=""                                         ""","=""L18847"""
"=""3d4.(5D).6d""","=""6F""","=""3/2""","=""""","=""14.43537323""","=""""","=""0.00000025""","=""0.0084611""","=""""","=""                                         ""","=""L18847"""
"=""3d4.(5D).6d""","=""6F""","=""5/2""","=""""","=""14.44135931""","=""""","=""0.00000025""","=""0.0059861""","=""""","=""                                         ""","=""L18847"""
"=""3d4.(5D).6d""","=""6F""","=""7/2""","=""""","=""14.45312727""","=""""","=""0.00000025""","=""0.0117680""","=""""","=""                                         ""","=""L18847"""
"=""3d4.(5D).6d""","=""6F""","=""9/2""","=""""","=""14.45675108""","=""""","=""0.00000025""","=""0.0036238""","=""""","=""                                         ""","=""L18847"""
"=""3d4.(5D).6d""","=""6F""","=""11/2""","=""""","=""14.48494099""","=""""","=""0.00000025""","=""0.0281899""","=""""","=""                                         ""","=""L18847"""
"=""3d3.(2F).4s.4p.(3P*)""","=""4D*""","=""1/2""","=""""","=""14.4541664""","=""""","=""0.0000004""","=""-0.0307746""","=""""","=""                                         ""","=""L18847"""
"=""3d3.(2F).4s.4p.(3P*)""","=""4D*""","=""3/2""","=""""","=""14.4585603""","=""""","=""0.0000004""","=""0.0043939""","=""""","=""                                         ""","=""L18847"""
"=""3d3.(2F).4s.4p.(3P*)""","=""4D*""","=""5/2""","=""""","=""14.46510439""","=""""","=""0.00000025""","=""0.0065441""","=""""","=""                                         ""","=""L18847"""
"=""3d3.(2F).4s.4p.(3P*)""","=""4D*""","=""7/2""","=""""","=""14.4678189""","=""""","=""0.0000004""","=""0.0027145""","=""""","=""                                         ""","=""L18847"""
"=""3d4.(5D).6d""","=""6D""","=""3/2""","=""""","=""14.45428268""","=""""","=""0.00000025""","=""-0.0135362""","=""""","=""                                         ""","=""L18847"""
"=""3d4.(5D).6d""","=""6D""","=""5/2""","=""""","=""14.46735792""","=""""","=""0.00000025""","=""0.0130752""","=""""","=""                                         ""","=""L18847"""
"=""3d4.(5D).6d""","=""6D""","=""7/2""","=""""","=""14.48014169""","=""""","=""0.00000025""","=""0.0127838""","=""""","=""                                         ""","=""L18847"""
"=""3d4.(5D).6d""","=""6D""","=""9/2""","=""""","=""14.4852776""","=""""","=""0.0000009""","=""0.0051359""","=""""","=""                                         ""","=""L18847"""
"=""3d4.(5D).6d""","=""4G""","=""5/2""","=""""","=""14.4909117""","=""""","=""0.0000005""","=""0.005634""","=""""","=""                                         ""","=""L18847"""
"=""3d4.(5D).6d""","=""4G""","=""7/2""","=""""","=""14.50432257""","=""""","=""0.00000025""","=""0.0134109""","=""""","=""                                         ""","=""L18847"""
"=""3d4.(5D).6d""","=""4G""","=""9/2""","=""""","=""14.52369362""","=""""","=""0.00000025""","=""0.0193711""","=""""","=""                                         ""","=""L18847"""
"=""3d4.(5D).6d""","=""4G""","=""11/2""","=""""","=""14.54859386""","=""""","=""0.00000025""","=""0.0249002""","=""""","=""                                         ""","=""L18847"""
"=""3d4.(5D).6d""","=""4D""","=""5/2""","=""""","=""14.51517082""","=""""","=""0.00000025""","=""-0.0334230""","=""""","=""                                         ""","=""L18847"""
"=""3d4.(5D).6d""","=""4D""","=""7/2""","=""""","=""14.53880593""","=""""","=""0.00000025""","=""0.0236351""","=""""","=""                                         ""","=""L18847"""
"=""3d4.(5D).6d""","=""4F""","=""5/2""","=""""","=""14.53447045""","=""""","=""0.00000025""","=""-0.0043355""","=""""","=""                                         ""","=""L18847"""
"=""3d4.(5D).6d""","=""4F""","=""9/2""","=""""","=""14.56670671""","=""""","=""0.00000025""","=""0.0322363""","=""""","=""                                         ""","=""L18847"""
"=""3d4.(5D).6d""","=""4F""","=""7/2""","=""""","=""14.57070446""","=""""","=""0.00000025""","=""0.0039977""","=""""","=""                                         ""","=""L18847"""
"=""3d4.(5D).6d""","=""4P""","=""3/2""","=""""","=""14.5534559""","=""""","=""0.0000015""","=""-0.0172486""","=""""","=""                                         ""","=""L18847"""
"=""3d4.(5D).6d""","=""4P""","=""5/2""","=""""","=""14.56580721""","=""""","=""0.00000025""","=""0.0123513""","=""""","=""                                         ""","=""L18847"""
"=""3d4.(5D).6d""","=""6S""","=""5/2""","=""""","=""14.58952662""","=""""","=""0.00000025""","=""0.0237194""","=""""","=""                                         ""","=""L18847"""
"=""3d3.(4P).4s.4p.(1P*)""","=""4D*""","=""3/2""","=""""","=""14.70732041""","=""""","=""0.00000025""","=""0.1177938""","=""""","=""                                         ""","=""L18847"""
"=""3d3.(4P).4s.4p.(1P*)""","=""4D*""","=""5/2""","=""""","=""14.70950502""","=""""","=""0.00000025""","=""0.0021846""","=""""","=""                                         ""","=""L18847"""
"=""3d3.(4P).4s.4p.(1P*)""","=""4D*""","=""1/2""","=""""","=""14.71218419""","=""""","=""0.00000025""","=""0.0026792""","=""""","=""                                         ""","=""L18847"""
"=""3d3.(4P).4s.4p.(1P*)""","=""4D*""","=""7/2""","=""""","=""14.72357611""","=""""","=""0.00000025""","=""0.0113919""","=""""","=""                                         ""","=""L18847"""
"=""3d3.(4P).4s.4p.(1P*)""","=""4S*""","=""3/2""","=""""","=""14.84119000""","=""""","=""0.00000025""","=""0.1176139""","=""""","=""                                         ""","=""L18847"""
"=""3d4.(5D).8s""","=""6D""","=""1/2""","=""""","=""14.965215""","=""""","=""0.000025""","=""0.12403""","=""""","=""                                         ""","=""L7185"""
"=""3d4.(5D).8s""","=""6D""","=""3/2""","=""""","=""14.971972""","=""""","=""0.000025""","=""0.00676""","=""""","=""                                         ""","=""L7185"""
"=""3d4.(5D).8s""","=""6D""","=""5/2""","=""""","=""14.9860464""","=""""","=""0.0000014""","=""0.01407""","=""""","=""                                         ""","=""L18847"""
"=""3d4.(5D).8s""","=""6D""","=""7/2""","=""""","=""15.006596""","=""""","=""0.000011""","=""0.020550""","=""""","=""                                         ""","=""L18847"""
"=""3d4.(5D).8s""","=""6D""","=""9/2""","=""""","=""15.0326791""","=""""","=""0.0000005""","=""0.02608""","=""""","=""                                         ""","=""L18847"""
"=""3d4.(5D<0>).6h""","=""2[5]*""","=""9/2""","=""""","=""14.97351796""","=""""","=""0.00000025""","=""-0.0591611""","=""""","=""                                         ""","=""L18847"""
"=""3d4.(5D<0>).6h""","=""2[5]*""","=""11/2""","=""""","=""14.97351970""","=""""","=""0.00000025""","=""0.0000017""","=""""","=""                                         ""","=""L18847"""
"=""3d4.(5D<1>).6g""","=""2[4]""","=""9/2""","=""""","=""14.9774279""","=""""","=""0.0000004""","=""0.0039082""","=""""","=""                                         ""","=""L18847"""
"=""3d4.(5D<1>).6g""","=""2[5]""","=""11/2""","=""""","=""14.97976664""","=""""","=""0.00000025""","=""0.0023387""","=""""","=""                                         ""","=""L18847"""
"=""3d4.(5D<1>).6g""","=""2[5]""","=""9/2""","=""""","=""14.9797753""","=""""","=""0.0000005""","=""0.0000087""","=""""","=""                                         ""","=""L18847"""
"=""3d4.(5D<1>).6h""","=""2[5]*""","=""11/2""","=""""","=""14.98028192""","=""""","=""0.00000025""","=""0.0005066""","=""""","=""                                         ""","=""L18847"""
"=""3d4.(5D<1>).6h""","=""2[5]*""","=""9/2""","=""""","=""14.98028551""","=""""","=""0.00000025""","=""0.0000036""","=""""","=""                                         ""","=""L18847"""
"=""3d4.(5D<1>).6h""","=""2[6]*""","=""11/2""","=""""","=""14.98180271""","=""""","=""0.00000025""","=""0.0015172""","=""""","=""                                         ""","=""L18847"""
"=""3d4.(5D<1>).6h""","=""2[6]*""","=""13/2""","=""""","=""14.98180655""","=""""","=""0.00000025""","=""0.0000038""","=""""","=""                                         ""","=""L18847"""
"=""3d4.(5D<1>).6h""","=""2[4]*""","=""7/2""","=""""","=""14.98190685""","=""""","=""0.00000025""","=""0.0001003""","=""""","=""                                         ""","=""L18847"""
"=""3d4.(5D<1>).6h""","=""2[4]*""","=""9/2""","=""""","=""14.98190834""","=""""","=""0.00000025""","=""0.0000015""","=""""","=""                                         ""","=""L18847"""
"=""3d4.(5D<2>).6g""","=""2[5]""","=""11/2""","=""""","=""14.99385620""","=""""","=""0.00000025""","=""0.0119479""","=""""","=""                                         ""","=""L18847"""
"=""3d4.(5D<2>).6g""","=""2[5]""","=""9/2""","=""""","=""14.99386687""","=""""","=""0.00000025""","=""0.0000107""","=""""","=""                                         ""","=""L18847"""
"=""3d4.(5D<2>).6g""","=""2[4]""","=""9/2""","=""""","=""14.9938989""","=""""","=""0.0000005""","=""0.0000320""","=""""","=""                                         ""","=""L18847"""
"=""3d4.(5D<2>).6g""","=""2[6]""","=""13/2""","=""""","=""14.99447042""","=""""","=""0.00000025""","=""0.0005715""","=""""","=""                                         ""","=""L18847"""
"=""3d4.(5D<2>).6g""","=""2[6]""","=""11/2""","=""""","=""14.9944896""","=""""","=""0.0000004""","=""0.0000192""","=""""","=""                                         ""","=""L18847"""
"=""3d4.(5D<2>).6h""","=""2[6]*""","=""11/2""","=""""","=""14.99603113""","=""""","=""0.00000025""","=""0.0015415""","=""""","=""                                         ""","=""L18847"""
"=""3d4.(5D<2>).6h""","=""2[6]*""","=""13/2""","=""""","=""14.99603237""","=""""","=""0.00000025""","=""0.0000012""","=""""","=""                                         ""","=""L18847"""
"=""3d4.(5D<2>).6h""","=""2[5]*""","=""9/2""","=""""","=""14.99603151""","=""""","=""0.00000025""","=""-0.0000009""","=""""","=""                                         ""","=""L18847"""
"=""3d4.(5D<2>).6h""","=""2[5]*""","=""11/2""","=""""","=""14.99603287""","=""""","=""0.00000025""","=""0.0000014""","=""""","=""                                         ""","=""L18847"""
"=""3d4.(5D<2>).6h""","=""2[7]*""","=""13/2""","=""""","=""14.99644152""","=""""","=""0.00000025""","=""0.0004086""","=""""","=""                                         ""","=""L18847"""
"=""3d4.(5D<2>).6h""","=""2[7]*""","=""15/2""","=""""","=""14.99644326""","=""""","=""0.00000025""","=""0.0000017""","=""""","=""                                         ""","=""L18847"""
"=""3d4.(5D<2>).6h""","=""2[3]*""","=""5/2""","=""""","=""14.9966242""","=""""","=""0.0000005""","=""0.0001809""","=""""","=""                                         ""","=""L18847"""
"=""3d4.(5D<2>).6h""","=""2[3]*""","=""7/2""","=""""","=""14.99662440""","=""""","=""0.00000025""","=""0.0000002""","=""""","=""                                         ""","=""L18847"""
"=""3d4.(5D<3>).6g""","=""2[7]""","=""15/2""","=""""","=""15.01519438""","=""""","=""0.00000025""","=""0.0185700""","=""""","=""                                         ""","=""L18847"""
"=""3d4.(5D<3>).6g""","=""2[7]""","=""13/2""","=""""","=""15.0152215""","=""""","=""0.0000005""","=""0.0000271""","=""""","=""                                         ""","=""L18847"""
"=""3d4.(5D<3>).6g""","=""2[6]""","=""13/2""","=""""","=""15.0162156""","=""""","=""0.0000004""","=""0.0009941""","=""""","=""                                         ""","=""L18847"""
"=""3d4.(5D<3>).6g""","=""2[6]""","=""11/2""","=""""","=""15.01624341""","=""""","=""0.00000025""","=""0.0000278""","=""""","=""                                         ""","=""L18847"""
"=""3d4.(5D<3>).6g""","=""2[5]""","=""11/2""","=""""","=""15.0163737""","=""""","=""0.0000004""","=""0.0001303""","=""""","=""                                         ""","=""L18847"""
"=""3d4.(5D<3>).6g""","=""2[5]""","=""9/2""","=""""","=""15.0163948""","=""""","=""0.0000009""","=""0.0000211""","=""""","=""                                         ""","=""L18847"""
"=""3d4.(5D<3>).6h""","=""2[2]*""","=""5/2""","=""""","=""15.01729926""","=""""","=""0.00000025""","=""0.0009045""","=""""","=""                                         ""","=""L18847"""
"=""3d4.(5D<3>).6h""","=""2[8]*""","=""15/2""","=""""","=""15.01746416""","=""""","=""0.00000025""","=""0.0001649""","=""""","=""                                         ""","=""L18847"""
"=""3d4.(5D<3>).6h""","=""2[8]*""","=""17/2""","=""""","=""15.01746614""","=""""","=""0.00000025""","=""0.0000020""","=""""","=""                                         ""","=""L18847"""
"=""3d4.(5D<3>).6h""","=""2[3]*""","=""5/2""","=""""","=""15.0175431""","=""""","=""0.0000004""","=""0.0000770""","=""""","=""                                         ""","=""L18847"""
"=""3d4.(5D<3>).6h""","=""2[3]*""","=""7/2""","=""""","=""15.01754338""","=""""","=""0.00000025""","=""0.0000003""","=""""","=""                                         ""","=""L18847"""
"=""3d4.(5D<3>).6h""","=""2[4]*""","=""9/2""","=""""","=""15.01780164""","=""""","=""0.00000025""","=""0.0002583""","=""""","=""                                         ""","=""L18847"""
"=""3d4.(5D<3>).6h""","=""2[4]*""","=""7/2""","=""""","=""15.01780202""","=""""","=""0.00000025""","=""0.0000004""","=""""","=""                                         ""","=""L18847"""
"=""3d4.(5D<3>).6h""","=""2[7]*""","=""13/2""","=""""","=""15.01798241""","=""""","=""0.00000025""","=""0.0001804""","=""""","=""                                         ""","=""L18847"""
"=""3d4.(5D<3>).6h""","=""2[7]*""","=""15/2""","=""""","=""15.01798378""","=""""","=""0.00000025""","=""0.0000014""","=""""","=""                                         ""","=""L18847"""
"=""3d4.(5D<3>).6h""","=""2[5]*""","=""9/2""","=""""","=""15.01801576""","=""""","=""0.00000025""","=""0.0000320""","=""""","=""                                         ""","=""L18847"""
"=""3d4.(5D<3>).6h""","=""2[5]*""","=""11/2""","=""""","=""15.01801713""","=""""","=""0.00000025""","=""0.0000014""","=""""","=""                                         ""","=""L18847"""
"=""3d4.(5D<3>).6h""","=""2[6]*""","=""11/2""","=""""","=""15.01811061""","=""""","=""0.00000025""","=""0.0000935""","=""""","=""                                         ""","=""L18847"""
"=""3d4.(5D<3>).6h""","=""2[6]*""","=""13/2""","=""""","=""15.01811173""","=""""","=""0.00000025""","=""0.0000011""","=""""","=""                                         ""","=""L18847"""
"=""3d4.(5D<4>).6g""","=""2[8]""","=""17/2""","=""""","=""15.04120143""","=""""","=""0.00000025""","=""0.0230897""","=""""","=""                                         ""","=""L18847"""
"=""3d4.(5D<4>).6g""","=""2[8]""","=""15/2""","=""""","=""15.04123503""","=""""","=""0.00000025""","=""0.0000336""","=""""","=""                                         ""","=""L18847"""
"=""3d4.(5D<4>).6h""","=""2[2]*""","=""5/2""","=""""","=""15.0433359""","=""""","=""0.0000005""","=""0.0021009""","=""""","=""                                         ""","=""L18847"""
"=""3d4.(5D<4>).6g""","=""2[4]""","=""9/2""","=""""","=""15.0436261""","=""""","=""0.0000005""","=""0.0002902""","=""""","=""                                         ""","=""L18847"""
"=""3d4.(5D<4>).6g""","=""2[4]""","=""7/2""","=""""","=""15.043654""","=""""","=""0.000012""","=""0.00003""","=""""","=""                                         ""","=""L7185"""
"=""3d4.(5D<4>).6h""","=""2[9]*""","=""17/2""","=""""","=""15.04391594""","=""""","=""0.00000025""","=""0.000262""","=""""","=""                                         ""","=""L18847"""
"=""3d4.(5D<4>).6h""","=""2[9]*""","=""19/2""","=""""","=""15.04391879""","=""""","=""0.00000025""","=""0.0000028""","=""""","=""                                         ""","=""L18847"""
"=""3d4.(5D<4>).6g""","=""2[7]""","=""15/2""","=""""","=""15.0440275""","=""""","=""0.0000007""","=""0.0001087""","=""""","=""                                         ""","=""L18847"""
"=""3d4.(5D<4>).6g""","=""2[7]""","=""13/2""","=""""","=""15.0440679""","=""""","=""0.0000009""","=""0.000040""","=""""","=""                                         ""","=""L18847"""
"=""3d4.(5D<4>).6h""","=""2[3]*""","=""7/2""","=""""","=""15.04427549""","=""""","=""0.00000025""","=""0.0002076""","=""""","=""                                         ""","=""L18847"""
"=""3d4.(5D<4>).6g""","=""2[5]""","=""11/2""","=""""","=""15.0445432""","=""""","=""0.0000006""","=""0.0002677""","=""""","=""                                         ""","=""L18847"""
"=""3d4.(5D<4>).6g""","=""2[5]""","=""9/2""","=""""","=""15.0445747""","=""""","=""0.0000004""","=""0.0000315""","=""""","=""                                         ""","=""L18847"""
"=""3d4.(5D<4>).6g""","=""2[6]""","=""13/2""","=""""","=""15.0448275""","=""""","=""0.0000011""","=""0.000253""","=""""","=""                                         ""","=""L18847"""
"=""3d4.(5D<4>).6g""","=""2[6]""","=""11/2""","=""""","=""15.0448648""","=""""","=""0.0000004""","=""0.000037""","=""""","=""                                         ""","=""L18847"""
"=""3d4.(5D<4>).6h""","=""2[8]*""","=""15/2""","=""""","=""15.04544838""","=""""","=""0.00000025""","=""0.0005836""","=""""","=""                                         ""","=""L18847"""
"=""3d4.(5D<4>).6h""","=""2[8]*""","=""17/2""","=""""","=""15.04545000""","=""""","=""0.00000025""","=""0.0000016""","=""""","=""                                         ""","=""L18847"""
"=""3d4.(5D<4>).6h""","=""2[5]*""","=""9/2""","=""""","=""15.04559444""","=""""","=""0.00000025""","=""0.0001444""","=""""","=""                                         ""","=""L18847"""
"=""3d4.(5D<4>).6h""","=""2[5]*""","=""11/2""","=""""","=""15.04559580""","=""""","=""0.00000025""","=""0.0000014""","=""""","=""                                         ""","=""L18847"""
"=""3d4.(5D<4>).6h""","=""2[6]*""","=""13/2""","=""""","=""15.04599553""","=""""","=""0.00000025""","=""0.0003997""","=""""","=""                                         ""","=""L18847"""
"=""3d4.(5D<4>).6h""","=""2[6]*""","=""11/2""","=""""","=""15.04599639""","=""""","=""0.00000025""","=""0.0000009""","=""""","=""                                         ""","=""L18847"""
"=""3d4.(5D<4>).6h""","=""2[7]*""","=""13/2""","=""""","=""15.04601958""","=""""","=""0.00000025""","=""0.0000232""","=""""","=""                                         ""","=""L18847"""
"=""3d4.(5D<4>).6h""","=""2[7]*""","=""15/2""","=""""","=""15.04602045""","=""""","=""0.00000025""","=""0.0000009""","=""""","=""                                         ""","=""L18847"""
"=""3d4.(5D).9s""","=""6D""","=""7/2""","=""""","=""15.412567""","=""""","=""0.000012""","=""0.366547""","=""""","=""                                         ""","=""L7185"""
"=""3d4.(5D).9s""","=""6D""","=""9/2""","=""""","=""15.4389824""","=""""","=""0.0000010""","=""0.02642""","=""""","=""                                         ""","=""L18847"""
"=""Cr III (3d4 5D<0>)""","=""Limit""","=""---""","=""""","=""16.486305""","=""""","=""0.000015""","=""""","=""""","=""                                         ""","=""L18847"""
