Configuration,Term,J,Prefix,Level (eV),Suffix,Uncertainty (eV),Splitting,Lande,Leading percentages,Reference
"=""3d10""","=""1S""","=""0""","=""""","=""0.0000000""","=""""","=""0.0000021""","=""""","=""""","=""  97                                    :     2  3d9.4d               1S       ""","=""L19804"""
"=""3d9.4s""","=""3D""","=""3""","=""""","=""2.71881633""","=""""","=""0.00000017""","=""2.718816""","=""1.32""","=""  98                                                                           ""","=""L19804,L10559"""
"=""3d9.4s""","=""3D""","=""2""","=""""","=""2.83268156""","=""""","=""0.00000006""","=""0.1138652""","=""1.16""","=""  89                                    :     9  3d9.4s               1D       ""","=""L19804,L10559"""
"=""3d9.4s""","=""3D""","=""1""","=""""","=""2.97541889""","=""""","=""0.00000011""","=""0.1427373""","=""0.48""","=""  98                                                                           ""","=""L19804,L10559"""
"=""3d9.4s""","=""1D""","=""2""","=""""","=""3.25638920""","=""""","=""0.00000015""","=""0.2809703""","=""1.00""","=""  89                                    :     9  3d9.4s               3D       ""","=""L19804,L10559"""
"=""3d9.4p""","=""3P*""","=""2""","=""""","=""8.23486741""","=""""","=""0.00000017""","=""4.9784782""","=""1.49""","=""  96                                    :     2  3d9.4p               3D*      ""","=""L19804,L10559"""
"=""3d9.4p""","=""3P*""","=""1""","=""""","=""8.42057990""","=""""","=""0.00000014""","=""0.1857125""","=""1.49""","=""  95                                    :     2  3d9.4p               1P*      ""","=""L19804,L10559"""
"=""3d9.4p""","=""3P*""","=""0""","=""""","=""8.53634465""","=""""","=""0.00000017""","=""0.1157648""","=""""","=""  98                                                                           ""","=""L19804"""
"=""3d9.4p""","=""3F*""","=""3""","=""""","=""8.48643755""","=""""","=""0.00000016""","=""-0.0499071""","=""1.06""","=""  62                                    :    34  3d9.4p               1F*      ""","=""L19804,L10559"""
"=""3d9.4p""","=""3F*""","=""4""","=""""","=""8.52154401""","=""""","=""0.00000021""","=""0.0351065""","=""1.23""","=""  98                                                                           ""","=""L19804,L10559"""
"=""3d9.4p""","=""3F*""","=""2""","=""""","=""8.66252610""","=""""","=""0.00000014""","=""0.1409821""","=""0.67""","=""  88                                    :     6  3d9.4p               3D*      ""","=""L19804,L10559"""
"=""3d8.4s2""","=""3F""","=""4""","=""""","=""8.64228154""","=""""","=""0.00000024""","=""-0.0202446""","=""""","=""  95                                    :     4  3d8.(3F).4p2.(1S)    3F       ""","=""L19804"""
"=""3d8.4s2""","=""3F""","=""3""","=""""","=""8.8687809""","=""""","=""0.0000004""","=""0.2264994""","=""""","=""  95                                    :     4  3d8.(3F).4p2.(1S)    3F       ""","=""L19804"""
"=""3d8.4s2""","=""3F""","=""2""","=""""","=""9.0166042""","=""""","=""0.0000005""","=""0.1478233""","=""""","=""  94                                    :     4  3d8.(3F).4p2.(1S)    3F       ""","=""L19804"""
"=""3d9.4p""","=""1F*""","=""3""","=""""","=""8.78322249""","=""""","=""0.00000017""","=""-0.2333817""","=""""","=""  49                                    :    31  3d9.4p               3D*      ""","=""L19804"""
"=""3d9.4p""","=""1D*""","=""2""","=""""","=""8.86410828""","=""""","=""0.00000009""","=""0.0808858""","=""1.08""","=""  54                                    :    35  3d9.4p               3D*      ""","=""L19804,L10559"""
"=""3d9.4p""","=""3D*""","=""3""","=""""","=""8.91695547""","=""""","=""0.00000010""","=""0.0528472""","=""""","=""  64                                    :    19  3d9.4p               3F*      ""","=""L19804"""
"=""3d9.4p""","=""3D*""","=""1""","=""""","=""9.06349793""","=""""","=""0.00000009""","=""0.1465425""","=""0.47""","=""  92                                    :     3  3d9.4p               1P*      ""","=""L19804,L10559"""
"=""3d9.4p""","=""3D*""","=""2""","=""""","=""9.09464957""","=""""","=""0.00000010""","=""0.0311516""","=""0.99""","=""  54                                    :    41  3d9.4p               1D*      ""","=""L19804,L10559"""
"=""3d9.4p""","=""1P*""","=""1""","=""""","=""9.12471804""","=""""","=""0.00000022""","=""0.0300685""","=""1.04""","=""  93                                    :     4  3d9.4p               3D*      ""","=""L19804,L10559"""
"=""3d8.4s2""","=""1D""","=""2""","=""""","=""10.5868585""","=""""","=""0.0000004""","=""1.4621405""","=""""","=""  73                                    :    21  3d8.4s2              3P       ""","=""L19804"""
"=""3d8.4s2""","=""3P""","=""2""","=""""","=""10.9554919""","=""""","=""0.0000004""","=""0.3686334""","=""""","=""  74                                    :    21  3d8.4s2              1D       ""","=""L19804"""
"=""3d8.4s2""","=""3P""","=""1""","=""""","=""10.9856318""","=""""","=""0.0000005""","=""0.0301399""","=""""","=""  95                                    :     4  3d8.(3P).4p2.(1S)    3P       ""","=""L19804"""
"=""3d8.4s2""","=""3P""","=""0""","=""""","=""11.0254191""","=""""","=""0.0000004""","=""0.0397873""","=""""","=""  95                                    :     4  3d8.(3P).4p2.(1S)    3P       ""","=""L19804"""
"=""3d8.4s2""","=""1G""","=""4""","=""""","=""11.8486267""","=""""","=""0.0000004""","=""0.8232076""","=""0.98""","=""  95                                    :     4  3d8.(1G).4p2.(1S)    1G       ""","=""L19804,L10559"""
"=""3d8.(3F).4s.4p.(3P*)""","=""5D*""","=""4""","=""""","=""13.3832009""","=""""","=""0.0000012""","=""1.534574""","=""""","=""  93                                    :     4  3d8.(3P).4s.4p.(3P*) 5D*      ""","=""L19804"""
"=""3d8.(3F).4s.4p.(3P*)""","=""5D*""","=""3""","=""""","=""13.5484991""","=""""","=""0.0000007""","=""0.165298""","=""""","=""  91                                    :     4  3d8.(3P).4s.4p.(3P*) 5D*      ""","=""L19804"""
"=""3d8.(3F).4s.4p.(3P*)""","=""5D*""","=""2""","=""""","=""13.6833580""","=""""","=""0.0000010""","=""0.134859""","=""""","=""  91                                    :     5  3d8.(3P).4s.4p.(3P*) 5D*      ""","=""L19804"""
"=""3d8.(3F).4s.4p.(3P*)""","=""5D*""","=""1""","=""""","=""13.777668""","=""""","=""0.000017""","=""0.09431""","=""""","=""  93                                    :     5  3d8.(3P).4s.4p.(3P*) 5D*      ""","=""L19804"""
"=""3d9.(2D<5/2>).5s""","=""2[5/2]""","=""3""","=""""","=""13.39213301""","=""""","=""0.00000015""","=""-0.38553""","=""""","="" 100                                    :                                      ""","=""L19804"""
"=""3d9.(2D<5/2>).5s""","=""2[5/2]""","=""2""","=""""","=""13.43190349""","=""""","=""0.00000015""","=""0.0397705""","=""""","=""  98                                    :     2  3d9.(2D<3/2>).5s     2[3/2]   ""","=""L19804"""
"=""3d9.(2D<3/2>).5s""","=""2[3/2]""","=""1""","=""""","=""13.64873568""","=""""","=""0.00000014""","=""0.2168322""","=""""","="" 100                                    :                                      ""","=""L19804"""
"=""3d9.(2D<3/2>).5s""","=""2[3/2]""","=""2""","=""""","=""13.68365916""","=""""","=""0.00000014""","=""0.0349235""","=""""","=""  98                                    :     2  3d9.(2D<5/2>).5s     2[5/2]   ""","=""L19804"""
"=""3d8.(3F).4s.4p.(3P*)""","=""5G*""","=""5""","=""""","=""13.7165202""","=""""","=""0.0000011""","=""0.0328610""","=""""","=""  82                                    :    13  3d8.(3F).4s.4p.(3P*) 5F*      ""","=""L19804"""
"=""3d8.(3F).4s.4p.(3P*)""","=""5G*""","=""4""","=""""","=""13.7893620""","=""""","=""0.0000010""","=""0.072842""","=""""","=""  83                                    :    10  3d8.(3F).4s.4p.(3P*) 5F*      ""","=""L19804"""
"=""3d8.(3F).4s.4p.(3P*)""","=""5G*""","=""3""","=""""","=""13.8709073""","=""""","=""0.0000010""","=""0.081545""","=""""","=""  89                                    :     7  3d8.(3F).4s.4p.(3P*) 5F*      ""","=""L19804"""
"=""3d8.(3F).4s.4p.(3P*)""","=""5G*""","=""2""","=""""","=""13.938884""","=""""","=""0.000003""","=""0.067977""","=""""","=""  95                                    :     3  3d8.(3F).4s.4p.(3P*) 5F*      ""","=""L19804"""
"=""3d8.(3F).4s.4p.(3P*)""","=""5F*""","=""5""","=""""","=""13.936026""","=""""","=""0.000003""","=""-0.002858""","=""""","=""  86                                    :    12  3d8.(3F).4s.4p.(3P*) 5G*      ""","=""L19804"""
"=""3d8.(3F).4s.4p.(3P*)""","=""5F*""","=""4""","=""""","=""14.0477597""","=""""","=""0.0000007""","=""0.111734""","=""""","=""  84                                    :     9  3d8.(3F).4s.4p.(3P*) 5G*      ""","=""L19804"""
"=""3d8.(3F).4s.4p.(3P*)""","=""5F*""","=""3""","=""""","=""14.1342547""","=""""","=""0.0000009""","=""0.086495""","=""""","=""  86                                    :     7  3d8.(3F).4s.4p.(3P*) 5G*      ""","=""L19804"""
"=""3d8.(3F).4s.4p.(3P*)""","=""5F*""","=""2""","=""""","=""14.1939186""","=""""","=""0.0000007""","=""0.059664""","=""""","=""  92                                    :     3  3d8.(3F).4s.4p.(3P*) 5G*      ""","=""L19804"""
"=""3d8.(3F).4s.4p.(3P*)""","=""5F*""","=""1""","=""""","=""14.2279248""","=""""","=""0.0000014""","=""0.034006""","=""""","=""  97                                                                           ""","=""L19804"""
"=""3d9.(2D<5/2>).4d""","=""2[1/2]""","=""1""","=""""","=""14.19758413""","=""""","=""0.00000015""","=""-0.0303407""","=""""","=""  91                                    :     7  3d9.(2D<3/2>).4d     2[1/2]   ""","=""L19804"""
"=""3d9.(2D<5/2>).4d""","=""2[1/2]""","=""0""","=""""","=""14.45365331""","=""""","=""0.00000022""","=""0.2560692""","=""""","=""  53                                    :    45  3d9.(2D<3/2>).4d     2[1/2]   ""","=""L19804"""
"=""3d8.(3F).4s.4p.(3P*)""","=""3G*""","=""4""","=""""","=""14.3027591""","=""""","=""0.0000006""","=""-0.1508942""","=""""","=""  71                                    :    20  3d8.(3F).4s.4p.(3P*) 1G*      ""","=""L19804"""
"=""3d8.(3F).4s.4p.(3P*)""","=""3G*""","=""5""","=""""","=""14.3258923""","=""""","=""0.0000014""","=""0.023133""","=""""","=""  93                                    :     6  3d8.(3F).4s.4p.(3P*) 5G*      ""","=""L19804"""
"=""3d8.(3F).4s.4p.(3P*)""","=""3G*""","=""3""","=""""","=""14.4620079""","=""""","=""0.0000004""","=""0.136116""","=""""","=""  57                                    :    36  3d8.(3F).4s.4p.(3P*) 3D*      ""","=""L19804"""
"=""3d9.(2D<5/2>).4d""","=""2[9/2]""","=""5""","=""""","=""14.32872921""","=""""","=""0.00000015""","=""-0.1332787""","=""""","=""  99                                    :                                      ""","=""L19804"""
"=""3d9.(2D<5/2>).4d""","=""2[9/2]""","=""4""","=""""","=""14.34033006""","=""""","=""0.00000017""","=""0.0116008""","=""""","=""  97                                    :     1  3d9.(2D<5/2>).4d     2[7/2]   ""","=""L19804"""
"=""3d9.(2D<5/2>).4d""","=""2[3/2]""","=""2""","=""""","=""14.33738437""","=""""","=""0.00000014""","=""-0.0029457""","=""""","=""  93                                    :     4  3d9.(2D<5/2>).4d     2[5/2]   ""","=""L19804"""
"=""3d9.(2D<5/2>).4d""","=""2[3/2]""","=""1""","=""""","=""14.34065139""","=""""","=""0.00000014""","=""0.0032670""","=""""","=""  97                                    :     1  3d9.(2D<3/2>).4d     2[1/2]   ""","=""L19804"""
"=""3d9.(2D<5/2>).4d""","=""2[5/2]""","=""3""","=""""","=""14.39211349""","=""""","=""0.00000012""","=""0.0514621""","=""""","=""  97                                    :     1  3d9.(2D<5/2>).4d     2[7/2]   ""","=""L19804"""
"=""3d9.(2D<5/2>).4d""","=""2[5/2]""","=""2""","=""""","=""14.43024652""","=""""","=""0.00000012""","=""0.0381330""","=""""","=""  92                                    :     3  3d9.(2D<3/2>).4d     2[3/2]   ""","=""L19804"""
"=""3d9.(2D<5/2>).4d""","=""2[7/2]""","=""3""","=""""","=""14.42257530""","=""""","=""0.00000014""","=""-0.0076712""","=""""","=""  93                                    :     4  3d9.(2D<3/2>).4d     2[7/2]   ""","=""L19804"""
"=""3d9.(2D<5/2>).4d""","=""2[7/2]""","=""4""","=""""","=""14.42818752""","=""""","=""0.00000014""","=""0.0056122""","=""""","=""  95                                    :     2  3d9.(2D<3/2>).4d     2[7/2]   ""","=""L19804"""
"=""3d8.(3F).4s.4p.(3P*)""","=""3D*""","=""3""","=""""","=""14.4287114""","=""""","=""0.0000004""","=""0.0005239""","=""""","=""  44                                    :    35  3d8.(3F).4s.4p.(3P*) 3G*      ""","=""L19804"""
"=""3d8.(3F).4s.4p.(3P*)""","=""3D*""","=""2""","=""""","=""14.5223113""","=""""","=""0.0000004""","=""0.0935999""","=""""","=""  75                                    :    10  3d8.(3F).4s.4p.(3P*) 3F*      ""","=""L19804"""
"=""3d8.(3F).4s.4p.(3P*)""","=""3D*""","=""1""","=""""","=""14.6389757""","=""""","=""0.0000004""","=""0.1166644""","=""""","=""  87                                    :     6  3d8.(1D).4s.4p.(3P*) 3D*      ""","=""L19804"""
"=""3d9.(2D<3/2>).4d""","=""2[1/2]""","=""1""","=""""","=""14.53484133""","=""""","=""0.00000024""","=""-0.1041344""","=""""","=""  91                                    :     7  3d9.(2D<5/2>).4d     2[1/2]   ""","=""L19804"""
"=""3d9.(2D<3/2>).4d""","=""2[1/2]""","=""0""","=""""","=""15.1776443""","=""""","=""0.0000004""","=""0.6428030""","=""""","=""  45                                    :    34  3d9.(2D<5/2>).4d     2[1/2]   ""","=""L19804"""
"=""3d8.(3F).4s.4p.(3P*)""","=""3F*""","=""4""","=""""","=""14.5888023""","=""""","=""0.0000006""","=""-0.5888420""","=""""","=""  88                                    :     3  3d8.(3F).4s.4p.(3P*) 5F*      ""","=""L19804"""
"=""3d8.(3F).4s.4p.(3P*)""","=""3F*""","=""3""","=""""","=""14.6478590""","=""""","=""0.0000004""","=""0.0590567""","=""""","=""  63                                    :    14  3d8.(3F).4s.4p.(3P*) 1F*      ""","=""L19804"""
"=""3d8.(3F).4s.4p.(3P*)""","=""3F*""","=""2""","=""""","=""14.75903379""","=""""","=""0.00000024""","=""0.1111748""","=""""","=""  82                                    :     8  3d8.(3F).4s.4p.(3P*) 3D*      ""","=""L19804"""
"=""3d9.(2D<3/2>).4d""","=""2[7/2]""","=""3""","=""""","=""14.59881086""","=""""","=""0.00000019""","=""-0.1602229""","=""""","=""  95                                    :     4  3d9.(2D<5/2>).4d     2[7/2]   ""","=""L19804"""
"=""3d9.(2D<3/2>).4d""","=""2[7/2]""","=""4""","=""""","=""14.61564148""","=""""","=""0.00000016""","=""0.0168306""","=""""","=""  96                                    :     2  3d9.(2D<5/2>).4d     2[7/2]   ""","=""L19804"""
"=""3d9.(2D<3/2>).4d""","=""2[3/2]""","=""1""","=""""","=""14.62123579""","=""""","=""0.00000022""","=""0.0055943""","=""""","=""  98                                    :                                      ""","=""L19804"""
"=""3d9.(2D<3/2>).4d""","=""2[3/2]""","=""2""","=""""","=""14.65037786""","=""""","=""0.00000019""","=""0.0291421""","=""""","=""  82                                    :    12  3d9.(2D<3/2>).4d     2[5/2]   ""","=""L19804"""
"=""3d9.(2D<3/2>).4d""","=""2[5/2]""","=""3""","=""""","=""14.69012064""","=""""","=""0.00000019""","=""0.0397428""","=""""","=""  98                                    :     1  3d9.(2D<5/2>).4d     2[5/2]   ""","=""L19804"""
"=""3d9.(2D<3/2>).4d""","=""2[5/2]""","=""2""","=""""","=""14.69608333""","=""""","=""0.00000020""","=""0.0059627""","=""""","=""  86                                    :    12  3d9.(2D<3/2>).4d     2[3/2]   ""","=""L19804"""
"=""3d8.(3F).4s.4p.(3P*)""","=""1G*""","=""4""","=""""","=""14.7530447""","=""""","=""0.0000009""","=""0.0569614""","=""""","=""  75                                    :    20  3d8.(3F).4s.4p.(3P*) 3G*      ""","=""L19804"""
"=""3d9.(2D<5/2>).5p""","=""2[3/2]*""","=""2""","=""""","=""14.88955782""","=""""","=""0.00000015""","=""0.1365131""","=""""","=""  96                                    :     2  3d8.4s.4p                     ""","=""L19804"""
"=""3d9.(2D<5/2>).5p""","=""2[3/2]*""","=""1""","=""""","=""14.99211615""","=""""","=""0.00000015""","=""0.1025583""","=""""","=""  83                                    :    15  3d9.(2D<3/2>).5p     2[1/2]*  ""","=""L19804"""
"=""3d9.(2D<5/2>).5p""","=""2[7/2]*""","=""3""","=""""","=""14.96299738""","=""""","=""0.00000016""","=""-0.0291188""","=""""","=""  86                                    :    13  3d8.4s.4p                     ""","=""L19804"""
"=""3d9.(2D<5/2>).5p""","=""2[7/2]*""","=""4""","=""""","=""14.97602760""","=""""","=""0.00000016""","=""0.0130302""","=""""","=""  95                                    :     4  3d8.4s.4p                     ""","=""L19804"""
"=""3d9.(2D<5/2>).5p""","=""2[5/2]*""","=""2""","=""""","=""14.98671572""","=""""","=""0.00000019""","=""0.0106881""","=""""","=""  51                                    :    41  3d8.4s.4p                     ""","=""L19804"""
"=""3d9.(2D<5/2>).5p""","=""2[5/2]*""","=""3""","=""""","=""15.01190137""","=""""","=""0.00000015""","=""0.0251857""","=""""","=""  54                                    :    35  3d8.4s.4p                     ""","=""L19804"""
"=""3d8.(3F).4s.4p.(3P*)""","=""1F*""","=""3""","=""""","=""15.06716123""","=""""","=""0.00000017""","=""0.0552599""","=""""","=""  39                                    :    43  3d9.5p               3D*      ""","=""L19804"""
"=""3d8.(3F).4s.4p.(3P*)""","=""1D*""","=""2""","=""""","=""15.12382247""","=""""","=""0.00000019""","=""0.0566612""","=""""","=""  36                                    :    32  3d9.5p               3D*      ""","=""L19804"""
"=""3d9.(2D<3/2>).5p""","=""2[1/2]*""","=""0""","=""""","=""15.15384714""","=""""","=""0.00000025""","=""0.0300247""","=""""","=""  99                                                                           ""","=""L19804"""
"=""3d9.(2D<3/2>).5p""","=""2[1/2]*""","=""1""","=""""","=""15.23365834""","=""""","=""0.00000019""","=""0.0798112""","=""""","=""  75                                    :    14  3d9.(2D<5/2>).5p     2[3/2]*  ""","=""L19804"""
"=""3d9.(2D<3/2>).5p""","=""2[5/2]*""","=""2""","=""""","=""15.21855811""","=""""","=""0.00000016""","=""-0.0151002""","=""""","=""  85                                    :     4  3d9.(2D<3/2>).5p     2[3/2]*  ""","=""L19804"""
"=""3d9.(2D<3/2>).5p""","=""2[5/2]*""","=""3""","=""""","=""15.25214151""","=""""","=""0.00000017""","=""0.0335834""","=""""","=""  91                                    :     7  3d8.4s.4p                     ""","=""L19804"""
"=""3d9.(2D<3/2>).5p""","=""2[3/2]*""","=""1""","=""""","=""15.2878496""","=""""","=""0.0000004""","=""0.0357081""","=""""","=""  86                                    :     9  3d9.(2D<3/2>).5p     2[1/2]*  ""","=""L19804"""
"=""3d9.(2D<3/2>).5p""","=""2[3/2]*""","=""2""","=""""","=""15.31909404""","=""""","=""0.00000020""","=""0.0312444""","=""""","=""  76                                    :    13  3d8.4s.4p                     ""","=""L19804"""
"=""3d8.(3P).4s.4p.(3P*)""","=""5P*""","=""3""","=""""","=""15.5265487""","=""""","=""0.0000021""","=""0.207455""","=""""","=""  88                                    :     8  3d8.(1D).4s.4p.(3P*) 3D*      ""","=""L19804"""
"=""3d8.(3P).4s.4p.(3P*)""","=""5P*""","=""2""","=""""","=""15.5287879""","=""""","=""0.0000010""","=""0.002239""","=""""","=""  88                                    :     3  3d8.(1D).4s.4p.(3P*) 3P*      ""","=""L19804"""
"=""3d8.(3P).4s.4p.(3P*)""","=""5P*""","=""1""","=""""","=""15.568613""","=""""","=""0.000005""","=""0.039825""","=""""","=""  94                                    :     2  3d8.(1D).4s.4p.(3P*) 3P*      ""","=""L19804"""
"=""3d8.(1D).4s.4p.(3P*)""","=""3F*""","=""2""","=""""","=""15.9153229""","=""""","=""0.0000007""","=""0.346710""","=""""","=""  69                                    :    15  3d8.(1D).4s.4p.(3P*) 3D*      ""","=""L19804"""
"=""3d8.(1D).4s.4p.(3P*)""","=""3F*""","=""3""","=""""","=""15.9393235""","=""""","=""0.0000010""","=""0.024001""","=""""","=""  68                                    :    11  3d8.(3P).4s.4p.(3P*) 5D*      ""","=""L19804"""
"=""3d8.(1D).4s.4p.(3P*)""","=""3F*""","=""4""","=""""","=""15.9664417""","=""""","=""0.0000021""","=""0.027118""","=""""","=""  64                                    :    28  3d8.(3P).4s.4p.(3P*) 5D*      ""","=""L19804"""
"=""3d8.(1D).4s.4p.(3P*)""","=""3D*""","=""1""","=""""","=""15.9405430""","=""""","=""0.0000010""","=""-0.025899""","=""""","=""  66                                    :     9  3d8.(1D).4s.4p.(3P*) 3P*      ""","=""L19804"""
"=""3d8.(1D).4s.4p.(3P*)""","=""3D*""","=""2""","=""""","=""15.9758644""","=""""","=""0.0000010""","=""0.035321""","=""""","=""  59                                    :    19  3d8.(1D).4s.4p.(3P*) 3F*      ""","=""L19804"""
"=""3d8.(1D).4s.4p.(3P*)""","=""3D*""","=""3""","=""""","=""16.0084397""","=""""","=""0.0000014""","=""0.032575""","=""""","=""  69                                    :    10  3d8.(1D).4s.4p.(3P*) 3F*      ""","=""L19804"""
"=""3d8.4s2""","=""1S""","=""0""","=""""","=""15.982807""","=""""","=""0.000007""","=""-0.025633""","=""""","=""  94                                    :     5  3d8.(1S).4p2.(1S)    1S       ""","=""L19804"""
"=""3d8.(1D).4s.4p.(3P*)""","=""3P*""","=""0""","=""""","=""16.0070764""","=""""","=""0.0000011""","=""0.024269""","=""""","=""  63                                    :    32  3d8.(3P).4s.4p.(3P*) 3P*      ""","=""L19804"""
"=""3d8.(1D).4s.4p.(3P*)""","=""3P*""","=""1""","=""""","=""16.0881586""","=""""","=""0.0000007""","=""0.081082""","=""""","=""  56                                    :    19  3d8.(1D).4s.4p.(3P*) 3D*      ""","=""L19804"""
"=""3d8.(1D).4s.4p.(3P*)""","=""3P*""","=""2""","=""""","=""16.1658538""","=""""","=""0.0000020""","=""0.077695""","=""""","=""  74                                    :    12  3d8.(3P).4s.4p.(3P*) 3P*      ""","=""L19804"""
"=""3d8.(3P).4s.4p.(3P*)""","=""5D*""","=""1""","=""""","=""16.2345514""","=""""","=""0.0000010""","=""0.068698""","=""""","=""  91                                    :     5  3d8.(3F).4s.4p.(3P*) 5D*      ""","=""L19804"""
"=""3d8.(3P).4s.4p.(3P*)""","=""5D*""","=""2""","=""""","=""16.2349448""","=""""","=""0.0000011""","=""0.000393""","=""""","=""  88                                    :     5  3d8.(3F).4s.4p.(3P*) 5D*      ""","=""L19804"""
"=""3d8.(3P).4s.4p.(3P*)""","=""5D*""","=""0""","=""""","=""16.2361719""","=""""","=""0.0000020""","=""0.001227""","=""""","=""  91                                    :     6  3d8.(3F).4s.4p.(3P*) 5D*      ""","=""L19804"""
"=""3d8.(3P).4s.4p.(3P*)""","=""5D*""","=""3""","=""""","=""16.2474237""","=""""","=""0.0000010""","=""0.011252""","=""""","=""  81                                    :    11  3d8.(1D).4s.4p.(3P*) 3F*      ""","=""L19804"""
"=""3d8.(3P).4s.4p.(3P*)""","=""5D*""","=""4""","=""""","=""16.2806659""","=""""","=""0.0000016""","=""0.033242""","=""""","=""  66                                    :    25  3d8.(1D).4s.4p.(3P*) 3F*      ""","=""L19804"""
"=""3d9.(2D<5/2>).6s""","=""2[5/2]""","=""3""","=""""","=""16.56357381""","=""""","=""0.00000016""","=""0.282908""","=""""","="" 100                                    :                                      ""","=""L19804"""
"=""3d9.(2D<5/2>).6s""","=""2[5/2]""","=""2""","=""""","=""16.58016369""","=""""","=""0.00000016""","=""0.0165899""","=""""","="" 100                                    :                                      ""","=""L19804"""
"=""3d8.(3P).4s.4p.(3P*)""","=""3P*""","=""2""","=""""","=""16.5923003""","=""""","=""0.0000005""","=""0.0121366""","=""""","=""  55                                    :    22  3d8.(3P).4s.4p.(3P*) 3D*      ""","=""L19804"""
"=""3d8.(3P).4s.4p.(3P*)""","=""3P*""","=""1""","=""""","=""16.7546255""","=""""","=""0.0000004""","=""0.1623252""","=""""","=""  38                                    :    32  3d8.(3P).4s.4p.(3P*) 3D*      ""","=""L19804"""
"=""3d8.(3P).4s.4p.(3P*)""","=""3P*""","=""0""","=""""","=""16.7978844""","=""""","=""0.0000005""","=""0.0432589""","=""""","=""  60                                    :    31  3d8.(1D).4s.4p.(3P*) 3P*      ""","=""L19804"""
"=""3d8.(3P).4s.4p.(3P*)""","=""3D*""","=""3""","=""""","=""16.6119391""","=""""","=""0.0000005""","=""-0.1859453""","=""""","=""  47                                    :    31  3d8.(3F).4s.4p.(1P*) 3D*      ""","=""L19804"""
"=""3d8.(3P).4s.4p.(3P*)""","=""3D*""","=""1""","=""""","=""16.6584979""","=""""","=""0.0000004""","=""0.0465588""","=""""","=""  52                                    :    24  3d8.(3P).4s.4p.(3P*) 3P*      ""","=""L19804"""
"=""3d8.(3P).4s.4p.(3P*)""","=""3D*""","=""2""","=""""","=""16.6976366""","=""""","=""0.0000004""","=""0.0391387""","=""""","=""  50                                    :    22  3d8.(3P).4s.4p.(3P*) 3P*      ""","=""L19804"""
"=""3d8.(3F).4s.4p.(1P*)""","=""3G*""","=""5""","=""""","=""16.6276287""","=""""","=""0.0000005""","=""-0.0700079""","=""""","=""  93                                    :     2  3d9.4f               3G*      ""","=""L19804"""
"=""3d8.(3F).4s.4p.(1P*)""","=""3G*""","=""4""","=""""","=""16.84135293""","=""""","=""0.00000024""","=""0.2137242""","=""""","=""  49                                    :    22  3d8.(3F).4s.4p.(1P*) 3F*      ""","=""L19804"""
"=""3d8.(3F).4s.4p.(1P*)""","=""3G*""","=""3""","=""""","=""16.9955295""","=""""","=""0.0000006""","=""0.1541766""","=""""","=""  52                                    :    19  3d8.(3F).4s.4p.(1P*) 3F*      ""","=""L19804"""
"=""3d8.(3F).4s.4p.(1P*)""","=""3F*""","=""4""","=""""","=""16.7059859""","=""""","=""0.0000004""","=""-0.2895436""","=""""","=""  50                                    :    31  3d8.(3F).4s.4p.(1P*) 3G*      ""","=""L19804"""
"=""3d8.(3F).4s.4p.(1P*)""","=""3F*""","=""3""","=""""","=""16.9166293""","=""""","=""0.0000004""","=""0.2106434""","=""""","=""  25                                    :    25  3d8.(3F).4s.4p.(1P*) 3G*      ""","=""L19804"""
"=""3d8.(3F).4s.4p.(1P*)""","=""3F*""","=""2""","=""""","=""17.3218932""","=""""","=""0.0000005""","=""0.4052639""","=""""","=""  19                                    :    42  3d9.6p               1D*      ""","=""L19804"""
"=""3d9.(2D<3/2>).6s""","=""2[3/2]""","=""1""","=""""","=""16.82025682""","=""""","=""0.00000019""","=""-0.5016364""","=""""","="" 100                                    :                                      ""","=""L19804"""
"=""3d9.(2D<3/2>).6s""","=""2[3/2]""","=""2""","=""""","=""16.83211397""","=""""","=""0.00000020""","=""0.0118572""","=""""","=""  99                                    :                                      ""","=""L19804"""
"=""3d8.(3F).4s.4p.(1P*)""","=""3D*""","=""3""","=""""","=""16.8288009""","=""""","=""0.0000004""","=""-0.0033131""","=""""","=""  26  3d8.(3P).4s.4p.(3P*) 3D*          :    14  3d8.(3F).4s.4p.(1P*) 3F*      ""","=""L19804"""
"=""3d8.(3F).4s.4p.(1P*)""","=""3D*""","=""2""","=""""","=""16.9610553""","=""""","=""0.0000004""","=""0.1322544""","=""""","=""  41                                    :    18  3d8.(3P).4s.4p.(3P*) 1D*      ""","=""L19804"""
"=""3d8.(3F).4s.4p.(1P*)""","=""3D*""","=""1""","=""""","=""17.0990886""","=""""","=""0.0000005""","=""0.1380333""","=""""","=""  28                                    :    16  3d9.4f               3D*      ""","=""L19804"""
"=""3d9.(2D<5/2>).4f""","=""2[1/2]*""","=""1""","=""""","=""16.84495017""","=""""","=""0.00000020""","=""-0.2541384""","=""""","=""  97                                    :     2  3d8.4s.4p                     ""","=""L19804"""
"=""3d9.(2D<5/2>).4f""","=""2[1/2]*""","=""0""","=""""","=""16.8497175""","=""""","=""0.0000003""","=""0.0047673""","=""""","=""  94                                    :     4  3d8.4s.4p                     ""","=""L19804"""
"=""3d9.(2D<5/2>).4f""","=""2[3/2]*""","=""2""","=""""","=""16.85078224""","=""""","=""0.00000014""","=""0.0010647""","=""""","=""  94                                    :     4  3d9.(2D<5/2>).4f     2[5/2]*  ""","=""L19804"""
"=""3d9.(2D<5/2>).4f""","=""2[3/2]*""","=""1""","=""""","=""16.85666744""","=""""","=""0.00000020""","=""0.0058852""","=""""","=""  97                                    :     2  3d8.4s.4p                     ""","=""L19804"""
"=""3d9.(2D<5/2>).4f""","=""2[11/2]*""","=""6""","=""""","=""16.85329783""","=""""","=""0.00000015""","=""-0.0033696""","=""""","=""  99                                    :     1  3d8.4s.4p                     ""","=""L19804"""
"=""3d9.(2D<5/2>).4f""","=""2[11/2]*""","=""5""","=""""","=""16.85365501""","=""""","=""0.00000024""","=""0.0003572""","=""""","=""  98                                    :     1  3d8.4s.4p                     ""","=""L19804"""
"=""3d8.(3P).4s.4p.(3P*)""","=""5S*""","=""2""","=""""","=""16.8559343""","=""""","=""0.0000006""","=""0.0022793""","=""""","=""  83                                    :     4  3d9.4f               1D*      ""","=""L19804"""
"=""3d9.(2D<5/2>).4f""","=""2[7/2]*""","=""3""","=""""","=""16.86060093""","=""""","=""0.00000015""","=""0.0046666""","=""""","=""  41                                    :    37  3d8.4s.4p                     ""","=""L19804"""
"=""3d9.(2D<5/2>).4f""","=""2[7/2]*""","=""4""","=""""","=""16.87831334""","=""""","=""0.00000012""","=""0.0177124""","=""""","=""  88                                    :     8  3d9.(2D<5/2>).4f     2[9/2]*  ""","=""L19804"""
"=""3d9.(2D<5/2>).4f""","=""2[5/2]*""","=""2""","=""""","=""16.86358269""","=""""","=""0.00000014""","=""-0.0147306""","=""""","=""  84                                    :     9  3d8.4s.4p                     ""","=""L19804"""
"=""3d9.(2D<5/2>).4f""","=""2[5/2]*""","=""3""","=""""","=""16.86623170""","=""""","=""0.00000012""","=""0.0026490""","=""""","=""  86                                    :    11  3d9.(2D<5/2>).4f     2[7/2]*  ""","=""L19804"""
"=""3d9.(2D<5/2>).4f""","=""2[9/2]*""","=""5""","=""""","=""16.88176511""","=""""","=""0.00000014""","=""0.0155334""","=""""","=""  98                                    :     2  3d8.4s.4p                     ""","=""L19804"""
"=""3d9.(2D<5/2>).4f""","=""2[9/2]*""","=""4""","=""""","=""16.89532667""","=""""","=""0.00000017""","=""0.0135616""","=""""","=""  75                                    :    14  3d8.4s.4p                     ""","=""L19804"""
"=""3d9.(2D<5/2>).5d""","=""2[1/2]""","=""1""","=""""","=""16.90362090""","=""""","=""0.00000025""","=""0.0082942""","=""""","=""  98                                    :     1  3d9.(2D<3/2>).5d     2[1/2]   ""","=""L19804"""
"=""3d9.(2D<5/2>).5d""","=""2[1/2]""","=""0""","=""""","=""17.0619788""","=""""","=""0.0000005""","=""0.1583579""","=""""","=""  60                                    :    37  3d9.(2D<3/2>).5d     2[1/2]   ""","=""L19804"""
"=""3d8.(1G).4s.4p.(3P*)""","=""3H*""","=""4""","=""""","=""16.9478896""","=""""","=""0.0000004""","=""-0.1140892""","=""""","=""  97                                                                           ""","=""L19804"""
"=""3d8.(1G).4s.4p.(3P*)""","=""3H*""","=""5""","=""""","=""16.9960236""","=""""","=""0.0000006""","=""0.0481340""","=""""","=""  96                                    :     2  3d9.4f               1H*      ""","=""L19804"""
"=""3d9.(2D<5/2>).5d""","=""2[9/2]""","=""5""","=""""","=""16.95184535""","=""""","=""0.00000016""","=""-0.0441783""","=""""","="" 100                                    :                                      ""","=""L19804"""
"=""3d9.(2D<5/2>).5d""","=""2[9/2]""","=""4""","=""""","=""16.95674247""","=""""","=""0.00000022""","=""0.0048971""","=""""","=""  99                                    :                                      ""","=""L19804"""
"=""3d9.(2D<5/2>).5d""","=""2[3/2]""","=""2""","=""""","=""16.95534876""","=""""","=""0.00000022""","=""-0.0013937""","=""""","=""  97                                    :     2  3d9.(2D<5/2>).5d     2[5/2]   ""","=""L19804"""
"=""3d9.(2D<5/2>).5d""","=""2[3/2]""","=""1""","=""""","=""16.9577120""","=""""","=""0.0000003""","=""0.0023632""","=""""","=""  99                                    :                                      ""","=""L19804"""
"=""3d9.(2D<5/2>).5d""","=""2[5/2]""","=""3""","=""""","=""16.97583600""","=""""","=""0.00000017""","=""0.0181240""","=""""","=""  99                                    :     1  3d9.(2D<5/2>).5d     2[7/2]   ""","=""L19804"""
"=""3d9.(2D<5/2>).5d""","=""2[5/2]""","=""2""","=""""","=""16.99496619""","=""""","=""0.00000024""","=""0.0191302""","=""""","=""  97                                    :     2  3d9.(2D<5/2>).5d     2[3/2]   ""","=""L19804"""
"=""3d9.(2D<5/2>).5d""","=""2[7/2]""","=""3""","=""""","=""16.9901471""","=""""","=""0.0000004""","=""-0.0048191""","=""""","=""  99                                    :     1  3d9.(2D<5/2>).5d     2[5/2]   ""","=""L19804"""
"=""3d9.(2D<5/2>).5d""","=""2[7/2]""","=""4""","=""""","=""16.99134811""","=""""","=""0.00000021""","=""0.0012010""","=""""","=""  99                                    :                                      ""","=""L19804"""
"=""3d8.(1G).4s.4p.(3P*)""","=""3F*""","=""2""","=""""","=""17.0122164""","=""""","=""0.0000005""","=""0.0208683""","=""""","=""  36                                    :    36  3d8.(3F).4s.4p.(1P*) 3F*      ""","=""L19804"""
"=""3d8.(1G).4s.4p.(3P*)""","=""3F*""","=""4""","=""""","=""17.1022444""","=""""","=""0.0000009""","=""0.090028""","=""""","=""  49                                    :    39  3d9.6p               3F*      ""","=""L19804"""
"=""3d8.(1G).4s.4p.(3P*)""","=""3F*""","=""3""","=""""","=""17.2748608""","=""""","=""0.0000004""","=""0.1726164""","=""""","=""  21                                    :    46  3d9.6p               1F*      ""","=""L19804"""
"=""3d8.(3P).4s.4p.(3P*)""","=""1P*""","=""1""","=""""","=""17.0159527""","=""""","=""0.0000010""","=""-0.258908""","=""""","=""  82                                    :     5  3d8.(3P).4s.4p.(3P*) 3P*      ""","=""L19804"""
"=""3d8.(3P).4s.4p.(3P*)""","=""1D*""","=""2""","=""""","=""17.0662761""","=""""","=""0.0000005""","=""0.050323""","=""""","=""  50                                    :     9  3d8.(3P).4s.4p.(3P*) 3D*      ""","=""L19804"""
"=""3d9.(2D<3/2>).4f""","=""2[3/2]*""","=""2""","=""""","=""17.1101772""","=""""","=""0.0000003""","=""0.0439011""","=""""","=""  94                                    :     3  3d8.4s.4p                     ""","=""L19804"""
"=""3d9.(2D<3/2>).4f""","=""2[3/2]*""","=""1""","=""""","=""17.1133386""","=""""","=""0.0000004""","=""0.0031614""","=""""","=""  59                                    :    26  3d8.4s.4p                     ""","=""L19804"""
"=""3d9.(2D<3/2>).4f""","=""2[9/2]*""","=""5""","=""""","=""17.1177912""","=""""","=""0.0000003""","=""0.0044526""","=""""","=""  99                                    :     1  3d8.4s.4p                     ""","=""L19804"""
"=""3d9.(2D<3/2>).4f""","=""2[9/2]*""","=""4""","=""""","=""17.1189425""","=""""","=""0.0000003""","=""0.0011513""","=""""","=""  98                                    :     1  3d8.4s.4p                     ""","=""L19804"""
"=""3d9.(2D<3/2>).4f""","=""2[5/2]*""","=""3""","=""""","=""17.12600360""","=""""","=""0.00000019""","=""0.0070611""","=""""","=""  97                                    :     1  3d9.(2D<3/2>).4f     2[7/2]*  ""","=""L19804"""
"=""3d9.(2D<3/2>).4f""","=""2[5/2]*""","=""2""","=""""","=""17.13174967""","=""""","=""0.00000022""","=""0.0057461""","=""""","=""  89                                    :     7  3d8.4s.4p                     ""","=""L19804"""
"=""3d9.(2D<3/2>).4f""","=""2[7/2]*""","=""4""","=""""","=""17.13707861""","=""""","=""0.00000019""","=""0.0053289""","=""""","=""  98                                    :                                      ""","=""L19804"""
"=""3d9.(2D<3/2>).4f""","=""2[7/2]*""","=""3""","=""""","=""17.14225144""","=""""","=""0.00000021""","=""0.0051728""","=""""","=""  93                                    :     1  3d8.4s.4p                     ""","=""L19804"""
"=""3d9.(2D<5/2>).6p""","=""2[7/2]*""","=""3""","=""""","=""17.1596556""","=""""","=""0.0000004""","=""0.0174042""","=""""","=""  62                                    :    29  3d8.4s.4p                     ""","=""L19804"""
"=""3d9.(2D<5/2>).6p""","=""2[7/2]*""","=""4""","=""""","=""17.2828748""","=""""","=""0.0000005""","=""0.1232192""","=""""","=""  59                                    :    37  3d8.4s.4p                     ""","=""L19804"""
"=""3d8.(3P).4s.4p.(3P*)""","=""3S*""","=""1""","=""""","=""17.173856""","=""""","=""0.000004""","=""-0.109019""","=""""","=""  97                                                                           ""","=""L19804"""
"=""3d9.(2D<3/2>).5d""","=""2[1/2]""","=""1""","=""""","=""17.1833477""","=""""","=""0.0000004""","=""0.009492""","=""""","=""  98                                    :     1  3d9.(2D<5/2>).5d     2[1/2]   ""","=""L19804"""
"=""3d9.(2D<3/2>).5d""","=""2[1/2]""","=""0""","=""""","=""17.4308571""","=""""","=""0.0000007""","=""0.2475094""","=""""","=""  47                                    :    20  3d9.(2D<5/2>).6d     2[1/2]   ""","=""L19804"""
"=""3d9.(2D<5/2>).6p""","=""2[3/2]*""","=""2""","=""""","=""17.2022889""","=""""","=""0.0000006""","=""-0.2285682""","=""""","=""  91                                    :     4  3d8.4s.4p                     ""","=""L19804"""
"=""3d9.(2D<5/2>).6p""","=""2[3/2]*""","=""1""","=""""","=""17.2636999""","=""""","=""0.0000006""","=""0.0614110""","=""""","=""  73                                    :     7  3d9.(2D<3/2>).6p     2[3/2]*  ""","=""L19804"""
"=""3d9.(2D<3/2>).5d""","=""2[7/2]""","=""3""","=""""","=""17.21137034""","=""""","=""0.00000024""","=""-0.0523296""","=""""","=""  99                                    :     1  3d9.(2D<5/2>).5d     2[7/2]   ""","=""L19804"""
"=""3d9.(2D<3/2>).5d""","=""2[7/2]""","=""4""","=""""","=""17.21928405""","=""""","=""0.00000024""","=""0.0079137""","=""""","=""  99                                    :                                      ""","=""L19804"""
"=""3d9.(2D<3/2>).5d""","=""2[3/2]""","=""1""","=""""","=""17.2211986""","=""""","=""0.0000004""","=""0.0019146""","=""""","=""  99                                    :                                      ""","=""L19804"""
"=""3d9.(2D<3/2>).5d""","=""2[3/2]""","=""2""","=""""","=""17.2314784""","=""""","=""0.0000004""","=""0.0102798""","=""""","=""  97                                    :     2  3d9.(2D<3/2>).5d     2[5/2]   ""","=""L19804"""
"=""3d9.(2D<5/2>).6p""","=""2[5/2]*""","=""2""","=""""","=""17.2373625""","=""""","=""0.0000006""","=""0.0058841""","=""""","=""  41                                    :    40  3d8.4s.4p                     ""","=""L19804"""
"=""3d9.(2D<5/2>).6p""","=""2[5/2]*""","=""3""","=""""","=""17.3256879""","=""""","=""0.0000004""","=""0.0883254""","=""""","=""  59                                    :    31  3d8.4s.4p                     ""","=""L19804"""
"=""3d9.(2D<3/2>).5d""","=""2[5/2]""","=""3""","=""""","=""17.24861095""","=""""","=""0.00000025""","=""-0.0770769""","=""""","="" 100                                    :                                      ""","=""L19804"""
"=""3d9.(2D<3/2>).5d""","=""2[5/2]""","=""2""","=""""","=""17.2514154""","=""""","=""0.0000004""","=""0.0028044""","=""""","=""  97                                    :     2  3d9.(2D<3/2>).5d     2[3/2]   ""","=""L19804"""
"=""3d9.(2D<3/2>).6p""","=""2[1/2]*""","=""1""","=""""","=""17.4794795""","=""""","=""0.0000006""","=""0.2280641""","=""""","=""  94                                    :     3  3d9.(2D<5/2>).6p     2[3/2]*  ""","=""L19804"""
"=""3d9.(2D<3/2>).6p""","=""2[5/2]*""","=""3""","=""""","=""17.5068946""","=""""","=""0.0000007""","=""0.0274151""","=""""","=""  89                                    :     8  3d8.4s.4p                     ""","=""L19804"""
"=""3d9.(2D<3/2>).6p""","=""2[5/2]*""","=""2""","=""""","=""17.5120931""","=""""","=""0.0000007""","=""0.0051985""","=""""","=""  62                                    :    22  3d8.4s.4p                     ""","=""L19804"""
"=""3d9.(2D<3/2>).6p""","=""2[3/2]*""","=""2""","=""""","=""17.5489715""","=""""","=""0.0000006""","=""0.0368784""","=""""","=""  73                                    :    13  3d9.(2D<3/2>).6p     2[5/2]*  ""","=""L19804"""
"=""3d9.(2D<3/2>).6p""","=""2[3/2]*""","=""1""","=""""","=""17.5727981""","=""""","=""0.0000006""","=""0.0238266""","=""""","=""  79                                    :    16  3d8.4s.4p                     ""","=""L19804"""
"=""3d8.(1G).4s.4p.(3P*)""","=""3G*""","=""3""","=""""","=""17.7822252""","=""""","=""0.0000025""","=""0.209427""","=""""","=""  99                                                                           ""","=""L19804"""
"=""3d9.(2D<5/2>).7s""","=""2[5/2]""","=""3""","=""""","=""17.95476076""","=""""","=""0.00000017""","=""0.172536""","=""""","="" 100                                    :                                      ""","=""L19804"""
"=""3d9.(2D<5/2>).7s""","=""2[5/2]""","=""2""","=""""","=""17.96320087""","=""""","=""0.00000020""","=""0.0084401""","=""""","="" 100                                    :                                      ""","=""L19804"""
"=""3d9.(2D<5/2>).5f""","=""2[1/2]*""","=""0""","=""""","=""18.0879721""","=""""","=""0.0000005""","=""0.1247712""","=""""","="" 100                                    :                                      ""","=""L19804"""
"=""3d9.(2D<5/2>).5f""","=""2[1/2]*""","=""1""","=""""","=""18.0894066""","=""""","=""0.0000004""","=""0.0014345""","=""""","=""  84                                    :    16  3d9.(2D<5/2>).5f     2[3/2]*  ""","=""L19804"""
"=""3d9.(2D<5/2>).5f""","=""2[3/2]*""","=""2""","=""""","=""18.0926708""","=""""","=""0.0000004""","=""0.0032642""","=""""","="" 100                                    :                                      ""","=""L19804"""
"=""3d9.(2D<5/2>).5f""","=""2[3/2]*""","=""1""","=""""","=""18.0961691""","=""""","=""0.0000005""","=""0.0034983""","=""""","=""  84                                    :    16  3d9.(2D<5/2>).5f     2[1/2]*  ""","=""L19804"""
"=""3d9.(2D<5/2>).5f""","=""2[11/2]*""","=""5""","=""""","=""18.09494785""","=""""","=""0.00000024""","=""-0.0012213""","=""""","="" 100                                    :                                      ""","=""L19804"""
"=""3d9.(2D<5/2>).5f""","=""2[11/2]*""","=""6""","=""""","=""18.09568344""","=""""","=""0.00000017""","=""0.0007356""","=""""","="" 100                                    :                                      ""","=""L19804"""
"=""3d9.(2D<5/2>).5f""","=""2[5/2]*""","=""3""","=""""","=""18.0989829""","=""""","=""0.0000004""","=""0.0032995""","=""""","=""  98                                    :     2  3d9.(2D<5/2>).5f     2[7/2]*  ""","=""L19804"""
"=""3d9.(2D<5/2>).5f""","=""2[5/2]*""","=""2""","=""""","=""18.0998579""","=""""","=""0.0000004""","=""0.0008750""","=""""","="" 100                                    :                                      ""","=""L19804"""
"=""3d9.(2D<5/2>).5f""","=""2[7/2]*""","=""3""","=""""","=""18.1043312""","=""""","=""0.0000004""","=""0.0044733""","=""""","=""  98                                    :     2  3d9.(2D<5/2>).5f     2[5/2]*  ""","=""L19804"""
"=""3d9.(2D<5/2>).5f""","=""2[7/2]*""","=""4""","=""""","=""18.1046515""","=""""","=""0.0000004""","=""0.0003203""","=""""","=""  86                                    :    14  3d9.(2D<5/2>).5f     2[9/2]*  ""","=""L19804"""
"=""3d9.(2D<5/2>).5f""","=""2[9/2]*""","=""4""","=""""","=""18.1053319""","=""""","=""0.0000004""","=""0.0006804""","=""""","=""  86                                    :    14  3d9.(2D<5/2>).5f     2[7/2]*  ""","=""L19804"""
"=""3d9.(2D<5/2>).5f""","=""2[9/2]*""","=""5""","=""""","=""18.1056931""","=""""","=""0.0000003""","=""0.0003612""","=""""","="" 100                                    :                                      ""","=""L19804"""
"=""3d9.(2D<5/2>).5g""","=""2[3/2]""","=""1""","=""""","=""18.1080308""","=""""","=""0.0000005""","=""0.0023377""","=""""","="" 100                                    :                                      ""","=""L19804"""
"=""3d9.(2D<5/2>).5g""","=""2[3/2]""","=""2""","=""""","=""18.1080463""","=""""","=""0.0000004""","=""0.0000155""","=""""","="" 100                                    :                                      ""","=""L19804"""
"=""3d9.(2D<5/2>).5g""","=""2[13/2]""","=""6""","=""""","=""18.11022940""","=""""","=""0.00000024""","=""0.0021831""","=""""","="" 100                                    :                                      ""","=""L19804"""
"=""3d9.(2D<5/2>).5g""","=""2[13/2]""","=""7""","=""""","=""18.11023616""","=""""","=""0.00000015""","=""0.0000068""","=""""","="" 100                                    :                                      ""","=""L19804"""
"=""3d9.(2D<5/2>).5g""","=""2[5/2]""","=""3""","=""""","=""18.11071578""","=""""","=""0.00000025""","=""0.0004796""","=""""","="" 100                                    :                                      ""","=""L19804"""
"=""3d9.(2D<5/2>).5g""","=""2[5/2]""","=""2""","=""""","=""18.11072068""","=""""","=""0.00000022""","=""0.0000049""","=""""","="" 100                                    :                                      ""","=""L19804"""
"=""3d9.(2D<5/2>).5g""","=""2[7/2]""","=""3""","=""""","=""18.11333896""","=""""","=""0.00000017""","=""0.0026183""","=""""","="" 100                                    :                                      ""","=""L19804"""
"=""3d9.(2D<5/2>).5g""","=""2[7/2]""","=""4""","=""""","=""18.11334172""","=""""","=""0.00000015""","=""0.0000028""","=""""","="" 100                                    :                                      ""","=""L19804"""
"=""3d9.(2D<5/2>).5g""","=""2[11/2]""","=""5""","=""""","=""18.11449091""","=""""","=""0.00000022""","=""0.0011492""","=""""","="" 100                                    :                                      ""","=""L19804"""
"=""3d9.(2D<5/2>).5g""","=""2[11/2]""","=""6""","=""""","=""18.11449521""","=""""","=""0.00000014""","=""0.0000043""","=""""","="" 100                                    :                                      ""","=""L19804"""
"=""3d9.(2D<5/2>).5g""","=""2[9/2]""","=""4""","=""""","=""18.11497188""","=""""","=""0.00000020""","=""0.0004767""","=""""","="" 100                                    :                                      ""","=""L19804"""
"=""3d9.(2D<5/2>).5g""","=""2[9/2]""","=""5""","=""""","=""18.11497525""","=""""","=""0.00000012""","=""0.0000034""","=""""","="" 100                                    :                                      ""","=""L19804"""
"=""3d9.(2D<5/2>).6d""","=""2[1/2]""","=""1""","=""""","=""18.1284282""","=""""","=""0.0000005""","=""0.0134529""","=""""","=""  98                                    :     1  3d9.(2D<5/2>).6d     2[3/2]   ""","=""L19804"""
"=""3d9.(2D<5/2>).6d""","=""2[1/2]""","=""0""","=""""","=""18.2378072""","=""""","=""0.0000006""","=""0.1093790""","=""""","=""  60                                    :    29  3d9.(2D<3/2>).6d     2[1/2]   ""","=""L19804"""
"=""3d9.(2D<5/2>).6d""","=""2[9/2]""","=""5""","=""""","=""18.1516233""","=""""","=""0.0000005""","=""-0.0861839""","=""""","="" 100                                    :                                      ""","=""L19804"""
"=""3d9.(2D<5/2>).6d""","=""2[9/2]""","=""4""","=""""","=""18.1541632""","=""""","=""0.0000004""","=""0.0025399""","=""""","="" 100                                    :                                      ""","=""L19804"""
"=""3d9.(2D<5/2>).6d""","=""2[3/2]""","=""2""","=""""","=""18.1532207""","=""""","=""0.0000005""","=""-0.0009425""","=""""","=""  97                                    :     2  3d9.(2D<5/2>).6d     2[5/2]   ""","=""L19804"""
"=""3d9.(2D<5/2>).6d""","=""2[3/2]""","=""1""","=""""","=""18.1547518""","=""""","=""0.0000004""","=""0.0015311""","=""""","=""  99                                    :     1  3d9.(2D<5/2>).6d     2[1/2]   ""","=""L19804"""
"=""3d9.(2D<5/2>).6d""","=""2[5/2]""","=""3""","=""""","=""18.1632015""","=""""","=""0.0000004""","=""0.0084497""","=""""","=""  99                                    :     1  3d9.(2D<5/2>).6d     2[7/2]   ""","=""L19804"""
"=""3d9.(2D<5/2>).6d""","=""2[5/2]""","=""2""","=""""","=""18.1729964""","=""""","=""0.0000004""","=""0.0097949""","=""""","=""  97                                    :     2  3d9.(2D<5/2>).6d     2[3/2]   ""","=""L19804"""
"=""3d9.(2D<5/2>).6d""","=""2[7/2]""","=""3""","=""""","=""18.1706754""","=""""","=""0.0000004""","=""-0.0023210""","=""""","=""  99                                    :     1  3d9.(2D<5/2>).6d     2[5/2]   ""","=""L19804"""
"=""3d9.(2D<5/2>).6d""","=""2[7/2]""","=""4""","=""""","=""18.1710873""","=""""","=""0.0000004""","=""0.0004119""","=""""","="" 100                                    :                                      ""","=""L19804"""
"=""3d9.(2D<3/2>).7s""","=""2[3/2]""","=""1""","=""""","=""18.2115636""","=""""","=""0.0000003""","=""0.0404763""","=""""","="" 100                                    :                                      ""","=""L19804"""
"=""3d9.(2D<3/2>).7s""","=""2[3/2]""","=""2""","=""""","=""18.21778161""","=""""","=""0.00000022""","=""0.0062180""","=""""","=""  99                                    :                                      ""","=""L19804"""
"=""3d9.(2D<5/2>).7p""","=""2[3/2]*""","=""2""","=""""","=""18.2663017""","=""""","=""0.0000009""","=""0.0485201""","=""""","=""  94                                    :     4  3d8.4s.4p                     ""","=""L19804"""
"=""3d9.(2D<5/2>).7p""","=""2[3/2]*""","=""1""","=""""","=""18.2954396""","=""""","=""0.0000007""","=""0.029138""","=""""","=""  94                                    :     3  3d8.4s.4p                     ""","=""L19804"""
"=""3d9.(2D<5/2>).7p""","=""2[7/2]*""","=""3""","=""""","=""18.290884""","=""""","=""0.000007""","=""-0.004556""","=""""","=""  98                                    :     1  3d8.4s.4p                     ""","=""L19804"""
"=""3d9.(2D<5/2>).7p""","=""2[7/2]*""","=""4""","=""""","=""18.2996530""","=""""","=""0.0000007""","=""0.008769""","=""""","="" 100                                    :                                      ""","=""L19804"""
"=""3d9.(2D<5/2>).7p""","=""2[5/2]*""","=""2""","=""""","=""18.3059816""","=""""","=""0.0000011""","=""0.006329""","=""""","=""  94                                    :     3  3d8.4s.4p                     ""","=""L19804"""
"=""3d9.(2D<5/2>).7p""","=""2[5/2]*""","=""3""","=""""","=""18.3202759""","=""""","=""0.0000006""","=""0.014294""","=""""","=""  98                                    :                                      ""","=""L19804"""
"=""3d9.(2D<3/2>).5f""","=""2[3/2]*""","=""2""","=""""","=""18.3480941""","=""""","=""0.0000005""","=""0.0278182""","=""""","=""  99                                    :                                      ""","=""L19804"""
"=""3d9.(2D<3/2>).5f""","=""2[3/2]*""","=""1""","=""""","=""18.3516646""","=""""","=""0.0000005""","=""0.0035705""","=""""","=""  99                                    :     1  3d9.(2D<5/2>).7p     2[3/2]*  ""","=""L19804"""
"=""3d9.(2D<3/2>).5f""","=""2[9/2]*""","=""5""","=""""","=""18.3532242""","=""""","=""0.0000003""","=""0.0015596""","=""""","="" 100                                    :                                      ""","=""L19804"""
"=""3d9.(2D<3/2>).5f""","=""2[9/2]*""","=""4""","=""""","=""18.3538240""","=""""","=""0.0000004""","=""0.0005998""","=""""","="" 100                                    :                                      ""","=""L19804"""
"=""3d9.(2D<3/2>).5f""","=""2[5/2]*""","=""3""","=""""","=""18.3572823""","=""""","=""0.0000004""","=""0.0034583""","=""""","=""  97                                    :     2  3d9.(2D<3/2>).5f     2[7/2]*  ""","=""L19804"""
"=""3d9.(2D<3/2>).5f""","=""2[5/2]*""","=""2""","=""""","=""18.3578457""","=""""","=""0.0000004""","=""0.0005634""","=""""","=""  99                                    :                                      ""","=""L19804"""
"=""3d9.(2D<3/2>).5f""","=""2[7/2]*""","=""3""","=""""","=""18.3624300""","=""""","=""0.0000004""","=""0.0045843""","=""""","=""  97                                    :     3  3d9.(2D<3/2>).5f     2[5/2]*  ""","=""L19804"""
"=""3d9.(2D<3/2>).5f""","=""2[7/2]*""","=""4""","=""""","=""18.3627251""","=""""","=""0.0000004""","=""0.0002951""","=""""","="" 100                                    :                                      ""","=""L19804"""
"=""3d9.(2D<3/2>).5g""","=""2[5/2]""","=""3""","=""""","=""18.3662476""","=""""","=""0.0000004""","=""0.0035225""","=""""","="" 100                                    :                                      ""","=""L19804"""
"=""3d9.(2D<3/2>).5g""","=""2[5/2]""","=""2""","=""""","=""18.3662544""","=""""","=""0.0000006""","=""0.0000068""","=""""","="" 100                                    :                                      ""","=""L19804"""
"=""3d9.(2D<3/2>).5g""","=""2[11/2]""","=""5""","=""""","=""18.3677371""","=""""","=""0.0000003""","=""0.0014827""","=""""","="" 100                                    :                                      ""","=""L19804"""
"=""3d9.(2D<3/2>).5g""","=""2[11/2]""","=""6""","=""""","=""18.3677408""","=""""","=""0.0000003""","=""0.0000037""","=""""","="" 100                                    :                                      ""","=""L19804"""
"=""3d9.(2D<3/2>).5g""","=""2[7/2]""","=""3""","=""""","=""18.3704358""","=""""","=""0.0000004""","=""0.0026950""","=""""","="" 100                                    :                                      ""","=""L19804"""
"=""3d9.(2D<3/2>).5g""","=""2[7/2]""","=""4""","=""""","=""18.37044013""","=""""","=""0.00000021""","=""0.0000043""","=""""","="" 100                                    :                                      ""","=""L19804"""
"=""3d9.(2D<3/2>).5g""","=""2[9/2]""","=""4""","=""""","=""18.37187365""","=""""","=""0.00000024""","=""0.0014335""","=""""","="" 100                                    :                                      ""","=""L19804"""
"=""3d9.(2D<3/2>).5g""","=""2[9/2]""","=""5""","=""""","=""18.37187722""","=""""","=""0.00000020""","=""0.0000036""","=""""","="" 100                                    :                                      ""","=""L19804"""
"=""3d9.(2D<3/2>).6d""","=""2[1/2]""","=""1""","=""""","=""18.3944869""","=""""","=""0.0000005""","=""0.0226097""","=""""","=""  99                                    :                                      ""","=""L19804"""
"=""3d9.(2D<3/2>).6d""","=""2[1/2]""","=""0""","=""""","=""18.4987656""","=""""","=""0.0000009""","=""0.104279""","=""""","=""  51                                    :    28  3d9.(2D<5/2>).7d     2[1/2]   ""","=""L19804"""
"=""3d9.(2D<3/2>).6d""","=""2[7/2]""","=""3""","=""""","=""18.4093924""","=""""","=""0.0000004""","=""-0.0893732""","=""""","="" 100                                    :                                      ""","=""L19804"""
"=""3d9.(2D<3/2>).6d""","=""2[7/2]""","=""4""","=""""","=""18.4135792""","=""""","=""0.0000005""","=""0.0041868""","=""""","="" 100                                    :                                      ""","=""L19804"""
"=""3d9.(2D<3/2>).6d""","=""2[3/2]""","=""1""","=""""","=""18.4143284""","=""""","=""0.0000004""","=""0.0007492""","=""""","="" 100                                    :                                      ""","=""L19804"""
"=""3d9.(2D<3/2>).6d""","=""2[3/2]""","=""2""","=""""","=""18.4190873""","=""""","=""0.0000004""","=""0.0047589""","=""""","=""  99                                    :     1  3d9.(2D<3/2>).6d     2[5/2]   ""","=""L19804"""
"=""3d9.(2D<3/2>).6d""","=""2[5/2]""","=""3""","=""""","=""18.4279073""","=""""","=""0.0000004""","=""0.0088200""","=""""","="" 100                                    :                                      ""","=""L19804"""
"=""3d9.(2D<3/2>).6d""","=""2[5/2]""","=""2""","=""""","=""18.4293199""","=""""","=""0.0000004""","=""0.0014126""","=""""","=""  99                                    :     1  3d9.(2D<3/2>).6d     2[3/2]   ""","=""L19804"""
"=""3d9.(2D<3/2>).7p""","=""2[1/2]*""","=""0""","=""""","=""18.519654""","=""""","=""0.000010""","=""0.09033""","=""""","=""  94                                    :     5  3d8.4s.4p                     ""","=""L19804"""
"=""3d9.(2D<3/2>).7p""","=""2[1/2]*""","=""1""","=""""","=""18.5336677""","=""""","=""0.0000010""","=""0.01401""","=""""","=""  95                                    :     4  3d8.4s.4p                     ""","=""L19804"""
"=""3d9.(2D<3/2>).7p""","=""2[5/2]*""","=""2""","=""""","=""18.538858""","=""""","=""0.000006""","=""0.005190""","=""""","=""  64                                    :    26  3d9.(2D<3/2>).7p     2[3/2]*  ""","=""L19804"""
"=""3d9.(2D<3/2>).7p""","=""2[5/2]*""","=""3""","=""""","=""18.551070""","=""""","=""0.000006""","=""0.012212""","=""""","=""  92                                    :     6  3d8.4s.4p                     ""","=""L19804"""
"=""3d9.(2D<3/2>).7p""","=""2[3/2]*""","=""2""","=""""","=""18.563744""","=""""","=""0.000006""","=""0.012674""","=""""","=""  63                                    :    33  3d9.(2D<3/2>).7p     2[5/2]*  ""","=""L19804"""
"=""3d9.(2D<3/2>).7p""","=""2[3/2]*""","=""1""","=""""","=""18.568603""","=""""","=""0.000006""","=""0.004859""","=""""","=""  95                                    :     4  3d8.4s.4p                     ""","=""L19804"""
"=""3d8.(1D).4s.4p.(1P*)""","=""1D*""","=""2""","=""""","=""18.6286118""","=""""","=""0.0000010""","=""0.060009""","=""""","=""  38                                    :    28  3d8.(3P).4s.4p.(1P*) 3P*      ""","=""L19804"""
"=""3d9.(2D<5/2>).8s""","=""2[5/2]""","=""3""","=""""","=""18.6897371""","=""""","=""0.0000004""","=""0.061125""","=""""","="" 100                                    :                                      ""","=""L19804"""
"=""3d9.(2D<5/2>).8s""","=""2[5/2]""","=""2""","=""""","=""18.6946417""","=""""","=""0.0000004""","=""0.0049046""","=""""","="" 100                                    :                                      ""","=""L19804"""
"=""3d9.(2D<5/2>).6f""","=""2[1/2]*""","=""1""","=""""","=""18.7416224""","=""""","=""0.0000009""","=""0.0469807""","=""""","=""  63                                    :    21  3d8.4s.4p                     ""","=""L19804"""
"=""3d9.(2D<5/2>).6f""","=""2[1/2]*""","=""0""","=""""","=""18.7621893""","=""""","=""0.0000010""","=""0.020567""","=""""","=""  98                                    :     1  3d8.4s.4p                     ""","=""L19804"""
"=""3d9.(2D<5/2>).6f""","=""2[11/2]*""","=""5""","=""""","=""18.7677770""","=""""","=""0.0000005""","=""0.005588""","=""""","="" 100                                    :                                      ""","=""L19804"""
"=""3d9.(2D<5/2>).6f""","=""2[11/2]*""","=""6""","=""""","=""18.7684413""","=""""","=""0.0000006""","=""0.0006643""","=""""","="" 100                                    :                                      ""","=""L19804"""
"=""3d9.(2D<5/2>).6f""","=""2[3/2]*""","=""1""","=""""","=""18.7679642""","=""""","=""0.0000007""","=""-0.0004771""","=""""","=""  96                                    :     3  3d9.(2D<5/2>).6f     2[1/2]*  ""","=""L19804"""
"=""3d9.(2D<5/2>).6f""","=""2[3/2]*""","=""2""","=""""","=""18.7681475""","=""""","=""0.0000005""","=""0.0001833""","=""""","=""  52                                    :    46  3d9.(2D<5/2>).6f     2[5/2]*  ""","=""L19804"""
"=""3d9.(2D<5/2>).6f""","=""2[5/2]*""","=""3""","=""""","=""18.7715326""","=""""","=""0.0000005""","=""0.0033851""","=""""","=""  71                                    :    28  3d9.(2D<5/2>).6f     2[7/2]*  ""","=""L19804"""
"=""3d9.(2D<5/2>).6f""","=""2[5/2]*""","=""2""","=""""","=""18.7716964""","=""""","=""0.0000005""","=""0.0001638""","=""""","=""  53                                    :    44  3d9.(2D<5/2>).6f     2[3/2]*  ""","=""L19804"""
"=""3d9.(2D<5/2>).6f""","=""2[7/2]*""","=""4""","=""""","=""18.7735661""","=""""","=""0.0000005""","=""0.0018697""","=""""","=""  90                                    :    10  3d9.(2D<5/2>).6f     2[9/2]*  ""","=""L19804"""
"=""3d9.(2D<5/2>).6f""","=""2[7/2]*""","=""3""","=""""","=""18.7764025""","=""""","=""0.0000007""","=""0.0028364""","=""""","=""  70                                    :    27  3d9.(2D<5/2>).6f     2[5/2]*  ""","=""L19804"""
"=""3d9.(2D<5/2>).6f""","=""2[9/2]*""","=""4""","=""""","=""18.7739094""","=""""","=""0.0000005""","=""-0.0024931""","=""""","=""  90                                    :    10  3d9.(2D<5/2>).6f     2[7/2]*  ""","=""L19804"""
"=""3d9.(2D<5/2>).6f""","=""2[9/2]*""","=""5""","=""""","=""18.7740662""","=""""","=""0.0000005""","=""0.0001568""","=""""","="" 100                                    :                                      ""","=""L19804"""
"=""3d9.(2D<5/2>).8p""","=""2[3/2]*""","=""1""","=""""","=""18.7742131""","=""""","=""0.0000005""","=""0.0001469""","=""""","=""  33  3d9.(2D<5/2>).6f 2[1/2]*          :    36  3d8.4s.4p                     ""","=""L19804"""
"=""3d9.(2D<5/2>).8p""","=""2[3/2]*""","=""2""","=""""","=""18.852390""","=""""","=""0.000004""","=""0.078177""","=""""","=""  53                                    :    21  3d9.(2D<5/2>).8p     2[5/2]*  ""","=""L19804"""
"=""3d9.(2D<5/2>).6g""","=""2[3/2]""","=""1""","=""""","=""18.7761783""","=""""","=""0.0000010""","=""-0.076212""","=""""","="" 100                                    :                                      ""","=""L19804"""
"=""3d9.(2D<5/2>).6g""","=""2[3/2]""","=""2""","=""""","=""18.7761891""","=""""","=""0.0000007""","=""0.000011""","=""""","="" 100                                    :                                      ""","=""L19804"""
"=""3d9.(2D<5/2>).6g""","=""2[13/2]""","=""6""","=""""","=""18.7774582""","=""""","=""0.0000009""","=""0.001269""","=""""","="" 100                                    :                                      ""","=""L19804"""
"=""3d9.(2D<5/2>).6g""","=""2[13/2]""","=""7""","=""""","=""18.7774674""","=""""","=""0.0000004""","=""0.0000092""","=""""","="" 100                                    :                                      ""","=""L19804"""
"=""3d9.(2D<5/2>).6g""","=""2[5/2]""","=""3""","=""""","=""18.7777404""","=""""","=""0.0000009""","=""0.0002730""","=""""","="" 100                                    :                                      ""","=""L19804"""
"=""3d9.(2D<5/2>).6g""","=""2[5/2]""","=""2""","=""""","=""18.7777417""","=""""","=""0.0000007""","=""0.000001""","=""""","="" 100                                    :                                      ""","=""L19804"""
"=""3d9.(2D<5/2>).6h""","=""2[5/2]*""","=""2""","=""[""","=""18.7784""","=""]""","=""0.0007""","=""0.0007""","=""""","="" 100                                    :                                      ""","=""L19804c166"""
"=""3d9.(2D<5/2>).6h""","=""2[5/2]*""","=""3""","=""[""","=""18.7784""","=""]""","=""0.0007""","=""0.0000""","=""""","="" 100                                    :                                      ""","=""L19804c166"""
"=""3d9.(2D<5/2>).6h""","=""2[15/2]*""","=""7""","=""[""","=""18.7789""","=""]""","=""0.0007""","=""0.0005""","=""""","="" 100                                    :                                      ""","=""L19804c166"""
"=""3d9.(2D<5/2>).6h""","=""2[15/2]*""","=""8""","=""[""","=""18.7789""","=""]""","=""0.0007""","=""0.0000""","=""""","="" 100                                    :                                      ""","=""L19804c166"""
"=""3d9.(2D<5/2>).6h""","=""2[7/2]*""","=""3""","=""[""","=""18.7791""","=""]""","=""0.0007""","=""0.0002""","=""""","="" 100                                    :                                      ""","=""L19804c166"""
"=""3d9.(2D<5/2>).6h""","=""2[7/2]*""","=""4""","=""[""","=""18.7791""","=""]""","=""0.0007""","=""0.0000""","=""""","="" 100                                    :                                      ""","=""L19804c166"""
"=""3d9.(2D<5/2>).6g""","=""2[7/2]""","=""3""","=""""","=""18.7792405""","=""""","=""0.0000007""","=""0.0001""","=""""","="" 100                                    :                                      ""","=""L19804"""
"=""3d9.(2D<5/2>).6g""","=""2[7/2]""","=""4""","=""""","=""18.7792413""","=""""","=""0.0000006""","=""0.0000008""","=""""","="" 100                                    :                                      ""","=""L19804"""
"=""3d9.(2D<5/2>).6h""","=""2[9/2]*""","=""4""","=""[""","=""18.7798""","=""]""","=""0.0007""","=""0.0006""","=""""","="" 100                                    :                                      ""","=""L19804c166"""
"=""3d9.(2D<5/2>).6h""","=""2[9/2]*""","=""5""","=""[""","=""18.7798""","=""]""","=""0.0007""","=""0.0000""","=""""","="" 100                                    :                                      ""","=""L19804c166"""
"=""3d9.(2D<5/2>).6h""","=""2[13/2]*""","=""6""","=""[""","=""18.7799""","=""]""","=""0.0007""","=""0.0001""","=""""","="" 100                                    :                                      ""","=""L19804c166"""
"=""3d9.(2D<5/2>).6h""","=""2[13/2]*""","=""7""","=""[""","=""18.7799""","=""]""","=""0.0007""","=""0.0000""","=""""","="" 100                                    :                                      ""","=""L19804c166"""
"=""3d9.(2D<5/2>).6g""","=""2[11/2]""","=""5""","=""""","=""18.7799005""","=""""","=""0.0000004""","=""0.0000""","=""""","="" 100                                    :                                      ""","=""L19804"""
"=""3d9.(2D<5/2>).6g""","=""2[11/2]""","=""6""","=""""","=""18.7799027""","=""""","=""0.0000006""","=""0.0000022""","=""""","="" 100                                    :                                      ""","=""L19804"""
"=""3d9.(2D<5/2>).6h""","=""2[11/2]*""","=""5""","=""[""","=""18.7800""","=""]""","=""0.0007""","=""0.0001""","=""""","="" 100                                    :                                      ""","=""L19804c166"""
"=""3d9.(2D<5/2>).6h""","=""2[11/2]*""","=""6""","=""[""","=""18.7801""","=""]""","=""0.0007""","=""0.0001""","=""""","="" 100                                    :                                      ""","=""L19804c166"""
"=""3d9.(2D<5/2>).6g""","=""2[9/2]""","=""4""","=""""","=""18.7801672""","=""""","=""0.0000006""","=""0.0001""","=""""","="" 100                                    :                                      ""","=""L19804"""
"=""3d9.(2D<5/2>).6g""","=""2[9/2]""","=""5""","=""""","=""18.7801690""","=""""","=""0.0000006""","=""0.0000018""","=""""","="" 100                                    :                                      ""","=""L19804"""
"=""3d9.(2D<5/2>).7d""","=""2[1/2]""","=""1""","=""""","=""18.7900769""","=""""","=""0.0000009""","=""0.009908""","=""""","=""  98                                    :     1  3d9.(2D<5/2>).7d     2[3/2]   ""","=""L19804"""
"=""3d9.(2D<5/2>).7d""","=""2[1/2]""","=""0""","=""""","=""18.8677977""","=""""","=""0.0000009""","=""0.077721""","=""""","=""  52                                    :    28  3d9.(2D<3/2>).7d     2[1/2]   ""","=""L19804"""
"=""3d9.(2D<5/2>).7d""","=""2[9/2]""","=""5""","=""""","=""18.8029869""","=""""","=""0.0000006""","=""-0.064811""","=""""","="" 100                                    :                                      ""","=""L19804"""
"=""3d9.(2D<5/2>).7d""","=""2[9/2]""","=""4""","=""""","=""18.8044761""","=""""","=""0.0000006""","=""0.0014892""","=""""","=""  99                                    :                                      ""","=""L19804"""
"=""3d9.(2D<5/2>).7d""","=""2[3/2]""","=""2""","=""""","=""18.8038136""","=""""","=""0.0000006""","=""-0.0006625""","=""""","=""  96                                    :     4  3d9.(2D<5/2>).7d     2[5/2]   ""","=""L19804"""
"=""3d9.(2D<5/2>).7d""","=""2[3/2]""","=""1""","=""""","=""18.8048899""","=""""","=""0.0000007""","=""0.0010763""","=""""","=""  99                                    :     1  3d9.(2D<5/2>).7d     2[1/2]   ""","=""L19804"""
"=""3d9.(2D<5/2>).7d""","=""2[5/2]""","=""3""","=""""","=""18.8094378""","=""""","=""0.0000005""","=""0.0045479""","=""""","=""  99                                    :     1  3d9.(2D<5/2>).7d     2[7/2]   ""","=""L19804"""
"=""3d9.(2D<5/2>).7d""","=""2[5/2]""","=""2""","=""""","=""18.8155445""","=""""","=""0.0000005""","=""0.0061067""","=""""","=""  96                                    :     4  3d9.(2D<5/2>).7d     2[3/2]   ""","=""L19804"""
"=""3d9.(2D<5/2>).7d""","=""2[7/2]""","=""3""","=""""","=""18.8138034""","=""""","=""0.0000004""","=""-0.0017411""","=""""","=""  99                                    :     1  3d9.(2D<5/2>).7d     2[5/2]   ""","=""L19804"""
"=""3d9.(2D<5/2>).7d""","=""2[7/2]""","=""4""","=""""","=""18.8139718""","=""""","=""0.0000006""","=""0.0001684""","=""""","=""  99                                    :                                      ""","=""L19804"""
"=""3d9.(2D<5/2>).8p""","=""2[5/2]*""","=""2""","=""""","=""18.917533""","=""""","=""0.000006""","=""0.103561""","=""""","=""  65                                    :    27  3d9.(2D<5/2>).8p     2[3/2]*  ""","=""L19804"""
"=""3d8.(3P).4s.4p.(1P*)""","=""3P*""","=""0""","=""""","=""18.942729""","=""""","=""0.000006""","=""0.025196""","=""""","=""  77                                    :     9  3d9.8p               3P*      ""","=""L19804"""
"=""3d8.(3P).4s.4p.(1P*)""","=""3P*""","=""2""","=""""","=""18.962653""","=""""","=""0.000006""","=""0.019924""","=""""","=""  39                                    :    19  3d8.(1D).4s.4p.(1P*) 1D*      ""","=""L19804"""
"=""3d9.(2D<3/2>).8s""","=""2[3/2]""","=""1""","=""""","=""18.9465253""","=""""","=""0.0000009""","=""-0.016128""","=""""","="" 100                                    :                                      ""","=""L19804"""
"=""3d9.(2D<3/2>).8s""","=""2[3/2]""","=""2""","=""""","=""18.9498038""","=""""","=""0.0000006""","=""0.003279""","=""""","="" 100                                    :                                      ""","=""L19804"""
"=""3d8.(1D).4s.4p.(1P*)""","=""1P*""","=""1""","=""""","=""18.990070""","=""""","=""0.000005""","=""0.040266""","=""""","=""  22                                    :    18  3d9.6f               3D*      ""","=""L19804"""
"=""3d9.(2D<3/2>).6f""","=""2[5/2]*""","=""3""","=""""","=""19.0204422""","=""""","=""0.0000007""","=""0.030372""","=""""","=""  89                                    :     8  3d8.4s.4p                     ""","=""L19804"""
"=""3d9.(2D<3/2>).6f""","=""2[5/2]*""","=""2""","=""""","=""19.0300455""","=""""","=""0.0000006""","=""0.0096033""","=""""","=""  56                                    :    37  3d9.(2D<3/2>).6f     2[3/2]*  ""","=""L19804"""
"=""3d9.(2D<3/2>).6f""","=""2[3/2]*""","=""2""","=""""","=""19.0224780""","=""""","=""0.0000007""","=""-0.0075675""","=""""","=""  52                                    :    42  3d9.(2D<3/2>).6f     2[5/2]*  ""","=""L19804"""
"=""3d9.(2D<3/2>).6f""","=""2[3/2]*""","=""1""","=""""","=""19.0263358""","=""""","=""0.0000011""","=""0.003858""","=""""","=""  55                                    :    23  3d8.4s.4p                     ""","=""L19804"""
"=""3d9.(2D<3/2>).6f""","=""2[9/2]*""","=""5""","=""""","=""19.0253297""","=""""","=""0.0000006""","=""-0.001006""","=""""","="" 100                                    :                                      ""","=""L19804"""
"=""3d9.(2D<3/2>).6f""","=""2[9/2]*""","=""4""","=""""","=""19.0260172""","=""""","=""0.0000006""","=""0.0006875""","=""""","="" 100                                    :                                      ""","=""L19804"""
"=""3d9.(2D<3/2>).6f""","=""2[7/2]*""","=""4""","=""""","=""19.0310604""","=""""","=""0.0000007""","=""0.0050432""","=""""","="" 100                                    :                                      ""","=""L19804"""
"=""3d9.(2D<3/2>).6f""","=""2[7/2]*""","=""3""","=""""","=""19.0314299""","=""""","=""0.0000007""","=""0.0003695""","=""""","=""  98                                    :     2  3d9.(2D<3/2>).6f     2[5/2]*  ""","=""L19804"""
"=""3d9.(2D<3/2>).6g""","=""2[5/2]""","=""3""","=""""","=""19.0337944""","=""""","=""0.0000009""","=""0.002365""","=""""","="" 100                                    :                                      ""","=""L19804"""
"=""3d9.(2D<3/2>).6g""","=""2[5/2]""","=""2""","=""""","=""19.0338043""","=""""","=""0.0000010""","=""0.000010""","=""""","="" 100                                    :                                      ""","=""L19804"""
"=""3d9.(2D<3/2>).6g""","=""2[11/2]""","=""5""","=""""","=""19.0346658""","=""""","=""0.0000006""","=""0.000861""","=""""","="" 100                                    :                                      ""","=""L19804"""
"=""3d9.(2D<3/2>).6g""","=""2[11/2]""","=""6""","=""""","=""19.0346679""","=""""","=""0.0000009""","=""0.000002""","=""""","="" 100                                    :                                      ""","=""L19804"""
"=""3d9.(2D<3/2>).6g""","=""2[7/2]""","=""3""","=""""","=""19.0362108""","=""""","=""0.0000009""","=""0.001543""","=""""","="" 100                                    :                                      ""","=""L19804"""
"=""3d9.(2D<3/2>).6g""","=""2[7/2]""","=""4""","=""""","=""19.0362132""","=""""","=""0.0000007""","=""0.000002""","=""""","="" 100                                    :                                      ""","=""L19804"""
"=""3d9.(2D<3/2>).6h""","=""2[7/2]*""","=""3""","=""[""","=""19.0370""","=""]""","=""0.0007""","=""0.0008""","=""""","="" 100                                    :                                      ""","=""L19804c166"""
"=""3d9.(2D<3/2>).6h""","=""2[7/2]*""","=""4""","=""[""","=""19.0370""","=""]""","=""0.0007""","=""0.0000""","=""""","="" 100                                    :                                      ""","=""L19804c166"""
"=""3d9.(2D<3/2>).6g""","=""2[9/2]""","=""4""","=""""","=""19.0370365""","=""""","=""0.0000006""","=""0.0000""","=""""","="" 100                                    :                                      ""","=""L19804"""
"=""3d9.(2D<3/2>).6g""","=""2[9/2]""","=""5""","=""""","=""19.0370383""","=""""","=""0.0000009""","=""0.000002""","=""""","="" 100                                    :                                      ""","=""L19804"""
"=""3d9.(2D<3/2>).6h""","=""2[13/2]*""","=""6""","=""[""","=""19.0373""","=""]""","=""0.0007""","=""0.0003""","=""""","="" 100                                    :                                      ""","=""L19804c166"""
"=""3d9.(2D<3/2>).6h""","=""2[13/2]*""","=""7""","=""[""","=""19.0373""","=""]""","=""0.0007""","=""0.0000""","=""""","="" 100                                    :                                      ""","=""L19804c166"""
"=""3d9.(2D<3/2>).6h""","=""2[9/2]*""","=""4""","=""[""","=""19.0380""","=""]""","=""0.0007""","=""0.0007""","=""""","="" 100                                    :                                      ""","=""L19804c166"""
"=""3d9.(2D<3/2>).6h""","=""2[9/2]*""","=""5""","=""[""","=""19.0380""","=""]""","=""0.0007""","=""0.0000""","=""""","="" 100                                    :                                      ""","=""L19804c166"""
"=""3d9.(2D<3/2>).6h""","=""2[11/2]*""","=""5""","=""[""","=""19.0383""","=""]""","=""0.0007""","=""0.0003""","=""""","="" 100                                    :                                      ""","=""L19804c166"""
"=""3d9.(2D<3/2>).6h""","=""2[11/2]*""","=""6""","=""[""","=""19.0383""","=""]""","=""0.0007""","=""0.0000""","=""""","="" 100                                    :                                      ""","=""L19804c166"""
"=""3d9.(2D<3/2>).7d""","=""2[1/2]""","=""1""","=""""","=""19.0512343""","=""""","=""0.0000007""","=""0.0129""","=""""","=""  99                                    :                                      ""","=""L19804"""
"=""3d9.(2D<3/2>).7d""","=""2[1/2]""","=""0""","=""""","=""19.0754355""","=""""","=""0.0000014""","=""0.024201""","=""""","=""  49                                    :    44  3d9.(2D<5/2>).8d     2[1/2]   ""","=""L19804"""
"=""3d9.(2D<3/2>).7d""","=""2[7/2]""","=""3""","=""""","=""19.0602068""","=""""","=""0.0000006""","=""-0.015229""","=""""","="" 100                                    :                                      ""","=""L19804"""
"=""3d9.(2D<3/2>).7d""","=""2[7/2]""","=""4""","=""""","=""19.0626760""","=""""","=""0.0000006""","=""0.0024692""","=""""","="" 100                                    :                                      ""","=""L19804"""
"=""3d9.(2D<3/2>).7d""","=""2[3/2]""","=""1""","=""""","=""19.0630340""","=""""","=""0.0000009""","=""0.000358""","=""""","="" 100                                    :                                      ""","=""L19804"""
"=""3d9.(2D<3/2>).7d""","=""2[3/2]""","=""2""","=""""","=""19.0655317""","=""""","=""0.0000007""","=""0.002498""","=""""","=""  97                                    :     3  3d9.(2D<3/2>).7d     2[5/2]   ""","=""L19804"""
"=""3d9.(2D<3/2>).7d""","=""2[5/2]""","=""3""","=""""","=""19.0707093""","=""""","=""0.0000007""","=""0.0051776""","=""""","="" 100                                    :                                      ""","=""L19804"""
"=""3d9.(2D<3/2>).7d""","=""2[5/2]""","=""2""","=""""","=""19.0714896""","=""""","=""0.0000007""","=""0.0007803""","=""""","=""  97                                    :     3  3d9.(2D<3/2>).7d     2[3/2]   ""","=""L19804"""
"=""3d8.(3P).4s.4p.(1P*)""","=""3D*""","=""3""","=""""","=""19.074991""","=""""","=""0.000005""","=""0.003501""","=""""","=""  62                                    :     9  3d8.(1D).4s.4p.(1P*) 1F*      ""","=""L19804"""
"=""3d9.(2D<3/2>).8p""","=""2[3/2]*""","=""1""","=""""","=""19.121489""","=""""","=""0.000005""","=""0.046498""","=""""","=""  38                                    :    44  3d8.4s.4p                     ""","=""L19804"""
"=""3d9.(2D<5/2>).9s""","=""2[5/2]""","=""3""","=""""","=""19.1252836""","=""""","=""0.0000006""","=""0.003795""","=""""","="" 100                                    :                                      ""","=""L19804"""
"=""3d9.(2D<5/2>).9s""","=""2[5/2]""","=""2""","=""""","=""19.1284372""","=""""","=""0.0000010""","=""0.003154""","=""""","="" 100                                    :                                      ""","=""L19804"""
"=""3d9.(2D<5/2>).7f""","=""2[11/2]*""","=""5""","=""""","=""19.1730890""","=""""","=""0.0000007""","=""0.044652""","=""""","=""  99                                    :                                      ""","=""L19804"""
"=""3d9.(2D<5/2>).7f""","=""2[11/2]*""","=""6""","=""""","=""19.1737913""","=""""","=""0.0000006""","=""0.0007023""","=""""","="" 100                                    :                                      ""","=""L19804"""
"=""3d9.(2D<5/2>).7f""","=""2[3/2]*""","=""1""","=""""","=""19.174624""","=""?""","=""0.000009""","=""0.000833""","=""""","=""  51                                    :    25  3d9.(2D<3/2>).8p     2[3/2]*  ""","=""L19804"""
"=""3d9.(2D<5/2>).7f""","=""2[5/2]*""","=""3""","=""""","=""19.1768992""","=""""","=""0.0000007""","=""0.002275""","=""""","=""  62                                    :    37  3d9.(2D<5/2>).7f     2[7/2]*  ""","=""L19804"""
"=""3d9.(2D<5/2>).7f""","=""2[5/2]*""","=""2""","=""""","=""19.1801432""","=""""","=""0.0000025""","=""0.003244""","=""""","=""  39                                    :    28  3d9.(2D<3/2>).8p     2[3/2]*  ""","=""L19804"""
"=""3d9.(2D<5/2>).7f""","=""2[7/2]*""","=""4""","=""""","=""19.1769789""","=""""","=""0.0000007""","=""-0.003164""","=""""","=""  91                                    :     9  3d9.(2D<5/2>).7f     2[9/2]*  ""","=""L19804"""
"=""3d9.(2D<5/2>).7f""","=""2[7/2]*""","=""3""","=""""","=""19.1777366""","=""""","=""0.0000010""","=""0.000758""","=""""","=""  62                                    :    36  3d9.(2D<5/2>).7f     2[5/2]*  ""","=""L19804"""
"=""3d9.(2D<5/2>).7f""","=""2[9/2]*""","=""4""","=""""","=""19.1772002""","=""""","=""0.0000007""","=""-0.000536""","=""""","=""  91                                    :     9  3d9.(2D<5/2>).7f     2[7/2]*  ""","=""L19804"""
"=""3d9.(2D<5/2>).7f""","=""2[9/2]*""","=""5""","=""""","=""19.1772865""","=""""","=""0.0000006""","=""0.0000863""","=""""","="" 100                                    :                                      ""","=""L19804"""
"=""3d9.(2D<5/2>).7g""","=""2[3/2]""","=""1""","=""""","=""19.1788702""","=""""","=""0.0000014""","=""0.001584""","=""""","="" 100                                    :                                      ""","=""L19804"""
"=""3d9.(2D<5/2>).7g""","=""2[3/2]""","=""2""","=""""","=""19.1788816""","=""""","=""0.0000011""","=""0.000011""","=""""","="" 100                                    :                                      ""","=""L19804"""
"=""3d9.(2D<5/2>).7g""","=""2[13/2]""","=""6""","=""""","=""19.1796846""","=""""","=""0.0000010""","=""0.000803""","=""""","="" 100                                    :                                      ""","=""L19804"""
"=""3d9.(2D<5/2>).7g""","=""2[13/2]""","=""7""","=""""","=""19.1796883""","=""""","=""0.0000010""","=""0.000004""","=""""","="" 100                                    :                                      ""","=""L19804"""
"=""3d9.(2D<5/2>).7g""","=""2[5/2]""","=""3""","=""""","=""19.1798592""","=""""","=""0.0000010""","=""0.000171""","=""""","="" 100                                    :                                      ""","=""L19804"""
"=""3d9.(2D<5/2>).7g""","=""2[5/2]""","=""2""","=""""","=""19.1798607""","=""""","=""0.0000009""","=""0.000001""","=""""","="" 100                                                                           ""","=""L19804"""
"=""3d9.(2D<5/2>).7h""","=""2[5/2]*""","=""2""","=""[""","=""19.18065""","=""]""","=""0.00025""","=""0.0008""","=""""","="" 100                                    :                                      ""","=""L19804c166"""
"=""3d9.(2D<5/2>).7h""","=""2[5/2]*""","=""3""","=""[""","=""19.18067""","=""]""","=""0.00025""","=""0.0000""","=""""","="" 100                                    :                                      ""","=""L19804c166"""
"=""3d9.(2D<5/2>).7g""","=""2[7/2]""","=""3""","=""""","=""19.1808015""","=""""","=""0.0000010""","=""0.0001""","=""""","="" 100                                    :                                      ""","=""L19804"""
"=""3d9.(2D<5/2>).7g""","=""2[7/2]""","=""4""","=""""","=""19.1808049""","=""""","=""0.0000010""","=""0.000003""","=""""","="" 100                                    :                                      ""","=""L19804"""
"=""3d9.(2D<5/2>).7h""","=""2[15/2]*""","=""7""","=""[""","=""19.18093""","=""]""","=""0.00025""","=""0.0001""","=""""","="" 100                                    :                                      ""","=""L19804c166"""
"=""3d9.(2D<5/2>).7h""","=""2[15/2]*""","=""8""","=""[""","=""19.18093""","=""]""","=""0.00025""","=""0.0000""","=""""","="" 100                                    :                                      ""","=""L19804c166"""
"=""3d9.(2D<5/2>).7h""","=""2[7/2]*""","=""3""","=""[""","=""19.18110""","=""]""","=""0.00025""","=""0.0002""","=""""","="" 100                                    :                                      ""","=""L19804c166"""
"=""3d9.(2D<5/2>).7h""","=""2[7/2]*""","=""4""","=""[""","=""19.18111""","=""]""","=""0.00025""","=""0.0000""","=""""","="" 100                                    :                                      ""","=""L19804c166"""
"=""3d9.(2D<5/2>).7g""","=""2[11/2]""","=""5""","=""""","=""19.1812124""","=""""","=""0.0000009""","=""0.0001""","=""""","="" 100                                    :                                      ""","=""L19804"""
"=""3d9.(2D<5/2>).7g""","=""2[9/2]""","=""4""","=""""","=""19.1813765""","=""""","=""0.0000009""","=""0.000164""","=""""","="" 100                                    :                                      ""","=""L19804"""
"=""3d9.(2D<5/2>).7g""","=""2[9/2]""","=""5""","=""""","=""19.1813776""","=""""","=""0.0000009""","=""0.000001""","=""""","="" 100                                    :                                      ""","=""L19804"""
"=""3d9.(2D<5/2>).7h""","=""2[9/2]*""","=""4""","=""[""","=""19.18148""","=""]""","=""0.00025""","=""0.0001""","=""""","="" 100                                    :                                      ""","=""L19804c166"""
"=""3d9.(2D<5/2>).7h""","=""2[9/2]*""","=""5""","=""[""","=""19.18148""","=""]""","=""0.00025""","=""0.0000""","=""""","="" 100                                    :                                      ""","=""L19804c166"""
"=""3d9.(2D<5/2>).7h""","=""2[13/2]*""","=""6""","=""[""","=""19.18156""","=""]""","=""0.00025""","=""0.0001""","=""""","="" 100                                    :                                      ""","=""L19804c166"""
"=""3d9.(2D<5/2>).7h""","=""2[13/2]*""","=""7""","=""[""","=""19.18157""","=""]""","=""0.00025""","=""0.0000""","=""""","="" 100                                    :                                      ""","=""L19804c166"""
"=""3d9.(2D<5/2>).7h""","=""2[11/2]*""","=""5""","=""[""","=""19.18168""","=""]""","=""0.00025""","=""0.0001""","=""""","="" 100                                    :                                      ""","=""L19804c166"""
"=""3d9.(2D<5/2>).7h""","=""2[11/2]*""","=""6""","=""[""","=""19.18169""","=""]""","=""0.00025""","=""0.0000""","=""""","="" 100                                    :                                      ""","=""L19804c166"""
"=""3d9.(2D<3/2>).8p""","=""2[1/2]*""","=""1""","=""""","=""19.182722""","=""""","=""0.000004""","=""0.0010""","=""""","=""  29                                    :    32  3d9.(2D<3/2>).8p     2[3/2]*  ""","=""L19804"""
"=""3d9.(2D<5/2>).8d""","=""2[1/2]""","=""1""","=""""","=""19.188543""","=""""","=""0.000003""","=""0.005821""","=""""","=""  98                                    :     1  3d9.(2D<5/2>).8d     2[3/2]   ""","=""L19804"""
"=""3d9.(2D<5/2>).8d""","=""2[1/2]""","=""0""","=""""","=""19.247907""","=""?""","=""0.000003""","=""0.059364""","=""""","=""  32                                    :    29  3d9.(2D<5/2>).9d     2[1/2]   ""","=""L19804"""
"=""3d9.(2D<5/2>).8d""","=""2[9/2]""","=""5""","=""""","=""19.1963145""","=""""","=""0.0000010""","=""-0.051593""","=""""","="" 100                                    :                                      ""","=""L19804"""
"=""3d9.(2D<5/2>).8d""","=""2[9/2]""","=""4""","=""""","=""19.1972712""","=""""","=""0.0000007""","=""0.000957""","=""""","="" 100                                    :                                      ""","=""L19804"""
"=""3d9.(2D<5/2>).8d""","=""2[3/2]""","=""2""","=""""","=""19.1968029""","=""""","=""0.0000014""","=""-0.000468""","=""""","=""  95                                    :     5  3d9.(2D<5/2>).8d     2[5/2]   ""","=""L19804"""
"=""3d9.(2D<5/2>).8d""","=""2[3/2]""","=""1""","=""""","=""19.1975860""","=""?""","=""0.0000016""","=""0.000783""","=""""","=""  98                                    :     1  3d9.(2D<5/2>).8d     2[1/2]   ""","=""L19804"""
"=""3d9.(2D<5/2>).8d""","=""2[5/2]""","=""3""","=""""","=""19.2002848""","=""""","=""0.0000007""","=""0.002699""","=""""","=""  98                                    :     1  3d9.(2D<5/2>).8d     2[7/2]   ""","=""L19804"""
"=""3d9.(2D<5/2>).8d""","=""2[5/2]""","=""2""","=""""","=""19.2042740""","=""""","=""0.0000025""","=""0.003989""","=""""","=""  95                                    :     5  3d9.(2D<5/2>).8d     2[3/2]   ""","=""L19804"""
"=""3d9.(2D<5/2>).8d""","=""2[7/2]""","=""3""","=""""","=""19.2030575""","=""""","=""0.0000011""","=""-0.001217""","=""""","=""  98                                    :     1  3d9.(2D<5/2>).8d     2[5/2]   ""","=""L19804"""
"=""3d9.(2D<5/2>).8d""","=""2[7/2]""","=""4""","=""""","=""19.2031221""","=""""","=""0.0000009""","=""0.000065""","=""""","="" 100                                    :                                      ""","=""L19804"""
"=""3d9.(2D<3/2>).9s""","=""2[3/2]""","=""1""","=""""","=""19.3820670""","=""""","=""0.0000022""","=""0.178945""","=""""","="" 100                                    :                                      ""","=""L19804"""
"=""3d9.(2D<3/2>).9s""","=""2[3/2]""","=""2""","=""""","=""19.3839224""","=""""","=""0.0000011""","=""0.001855""","=""""","=""  99                                    :     1  3d9.(2D<5/2>).10s    2[5/2]   ""","=""L19804"""
"=""3d9.(2D<5/2>).10s""","=""2[5/2]""","=""3""","=""""","=""19.404581""","=""""","=""0.000003""","=""0.020659""","=""""","="" 100                                    :                                      ""","=""L19804"""
"=""3d9.(2D<5/2>).10s""","=""2[5/2]""","=""2""","=""""","=""19.4068047""","=""""","=""0.0000019""","=""0.002224""","=""""","=""  99                                    :     1  3d9.(2D<3/2>).9s     2[3/2]   ""","=""L19804"""
"=""3d9.(2D<3/2>).7f""","=""2[9/2]*""","=""5""","=""""","=""19.4297986""","=""""","=""0.0000009""","=""0.022994""","=""""","=""  91                                    :     6  3d9.(2D<5/2>).8f     2[11/2]* ""","=""L19804"""
"=""3d9.(2D<3/2>).7f""","=""2[9/2]*""","=""4""","=""""","=""19.4309657""","=""""","=""0.0000009""","=""0.001167""","=""""","=""  97                                    :     3  3d9.(2D<5/2>).8f     2[9/2]*  ""","=""L19804"""
"=""3d9.(2D<3/2>).7f""","=""2[7/2]*""","=""4""","=""[""","=""19.4351""","=""]""","=""0.0009""","=""0.0041""","=""""","=""  99                                    :     1  3d9.(2D<5/2>).8f     2[7/2]*  ""","=""L19804c165"""
"=""3d9.(2D<5/2>).8f""","=""2[11/2]*""","=""5""","=""""","=""19.4359419""","=""""","=""0.0000010""","=""0.0008""","=""""","=""  94                                    :     6  3d9.(2D<3/2>).7f     2[9/2]*  ""","=""L19804"""
"=""3d9.(2D<5/2>).8f""","=""2[11/2]*""","=""6""","=""""","=""19.4366390""","=""""","=""0.0000020""","=""0.000697""","=""""","="" 100                                    :                                      ""","=""L19804"""
"=""3d9.(2D<3/2>).7g""","=""2[5/2]""","=""3""","=""""","=""19.4361404""","=""""","=""0.0000017""","=""-0.000499""","=""""","=""  99                                    :     1  3d9.(2D<5/2>).8g     2[5/2]   ""","=""L19804"""
"=""3d9.(2D<3/2>).7g""","=""2[5/2]""","=""2""","=""""","=""19.4361461""","=""""","=""0.0000014""","=""0.000006""","=""""","=""  99                                    :     1  3d9.(2D<5/2>).8g     2[5/2]   ""","=""L19804"""
"=""3d9.(2D<3/2>).7g""","=""2[11/2]""","=""6""","=""""","=""19.4367063""","=""""","=""0.0000014""","=""0.000560""","=""""","=""  99                                    :     1  3d9.(2D<5/2>).8g     2[11/2]  ""","=""L19804"""
"=""3d9.(2D<3/2>).7g""","=""2[11/2]""","=""5""","=""""","=""19.4367089""","=""""","=""0.0000014""","=""0.000003""","=""""","=""  99                                    :     1  3d9.(2D<5/2>).8g     2[11/2]  ""","=""L19804"""
"=""3d9.(2D<3/2>).7g""","=""2[7/2]""","=""3""","=""""","=""19.4376729""","=""""","=""0.0000017""","=""0.000964""","=""""","=""  99                                    :     1  3d9.(2D<5/2>).8g     2[7/2]   ""","=""L19804"""
"=""3d9.(2D<3/2>).7g""","=""2[7/2]""","=""4""","=""""","=""19.4376760""","=""""","=""0.0000017""","=""0.000003""","=""""","=""  99                                    :     1  3d9.(2D<5/2>).8g     2[7/2]   ""","=""L19804"""
"=""3d9.(2D<5/2>).8f""","=""2[7/2]*""","=""4""","=""[""","=""19.4382""","=""]""","=""0.0009""","=""0.0005""","=""""","=""  94                                    :     5  3d9.(2D<5/2>).8f     2[9/2]*  ""","=""L19804c165"""
"=""3d9.(2D<3/2>).7g""","=""2[9/2]""","=""4""","=""""","=""19.4382237""","=""""","=""0.0000017""","=""0.0000""","=""""","="" 100                                    :                                      ""","=""L19804"""
"=""3d9.(2D<3/2>).7g""","=""2[9/2]""","=""5""","=""""","=""19.4382247""","=""""","=""0.0000017""","=""0.000001""","=""""","="" 100                                    :                                      ""","=""L19804"""
"=""3d9.(2D<5/2>).8f""","=""2[9/2]*""","=""4""","=""[""","=""19.4385""","=""]""","=""0.0009""","=""0.0003""","=""""","=""  92                                    :     5  3d9.(2D<5/2>).8f     2[7/2]*  ""","=""L19804c165"""
"=""3d9.(2D<5/2>).8f""","=""2[9/2]*""","=""5""","=""[""","=""19.4385""","=""]""","=""0.0009""","=""0.000""","=""""","=""  97                                    :     3  3d9.(2D<3/2>).7f     2[9/2]*  ""","=""L19804c165"""
"=""3d9.(2D<5/2>).8g""","=""2[3/2]""","=""2""","=""[""","=""19.44039""","=""]""","=""0.00025""","=""0.0019""","=""""","="" 100                                    :                                      ""","=""L19804c166"""
"=""3d9.(2D<5/2>).8g""","=""2[7/2]""","=""3""","=""[""","=""19.44143""","=""]""","=""0.00025""","=""0.0010""","=""""","=""  99                                    :     1  3d9.(2D<3/2>).7g     2[7/2]   ""","=""L19804c166"""
"=""3d9.(2D<5/2>).8g""","=""2[9/2]""","=""5""","=""[""","=""19.44169""","=""]""","=""0.00025""","=""0.0003""","=""""","="" 100                                                                           ""","=""L19804c166"""
"=""3d9.(2D<5/2>).8g""","=""2[11/2]""","=""6""","=""""","=""19.4417376""","=""?""","=""0.0000012""","=""0.0000""","=""""","=""  99                                    :     1  3d9.(2D<3/2>).7g     2[11/2]  ""","=""L19804"""
"=""3d9.(2D<5/2>).9d""","=""2[9/2]""","=""5""","=""[""","=""19.45169""","=""]""","=""0.00025""","=""0.0100""","=""""","="" 100                                    :                                      ""","=""L19804c165"""
"=""3d9.(2D<5/2>).9d""","=""2[9/2]""","=""4""","=""""","=""19.4547003""","=""""","=""0.0000014""","=""0.0030""","=""""","=""  51                                    :    44  3d9.(2D<3/2>).8d     2[7/2]   ""","=""L19804"""
"=""3d9.(2D<3/2>).8d""","=""2[5/2]""","=""2""","=""""","=""19.460325""","=""?""","=""0.000007""","=""0.005625""","=""""","=""  42                                    :    38  3d9.(2D<5/2>).9d     2[5/2]   ""","=""L19804"""
"=""3d9.(2D<5/2>).9g""","=""2[3/2]""","=""2""","=""[""","=""19.61940""","=""]""","=""0.00025""","=""0.1591""","=""""","="" 100                                    :                                      ""","=""L19804c166"""
"=""3d9.(2D<5/2>).9g""","=""2[7/2]""","=""3""","=""[""","=""19.62010""","=""]""","=""0.00025""","=""0.0007""","=""""","="" 100                                    :                                      ""","=""L19804c166"""
"=""3d9.(2D<5/2>).10d""","=""2[1/2]""","=""1""","=""[""","=""19.6248""","=""]""","=""0.0005""","=""0.0047""","=""""","=""  98                                    :     2  3d9.(2D<5/2>).10d    2[3/2]   ""","=""L19804c165"""
"=""3d9.(2D<5/2>).10d""","=""2[3/2]""","=""2""","=""[""","=""19.6274""","=""]""","=""0.0006""","=""0.0026""","=""""","=""  95                                    :     4  3d9.(2D<5/2>).10d    2[5/2]   ""","=""L19804c165"""
"=""3d9.(2D<5/2>).10d""","=""2[3/2]""","=""1""","=""[""","=""19.6279""","=""]""","=""0.0005""","=""0.0005""","=""""","=""  98                                    :     2  3d9.(2D<5/2>).10d    2[1/2]   ""","=""L19804c165"""
"=""3d9.(2D<5/2>).10d""","=""2[9/2]""","=""5""","=""[""","=""19.62755""","=""]""","=""0.00025""","=""-0.0004""","=""""","="" 100                                    :                                      ""","=""L19804c165"""
"=""3d9.(2D<5/2>).10d""","=""2[9/2]""","=""4""","=""[""","=""19.62780""","=""]""","=""0.00025""","=""0.0003""","=""""","="" 100                                    :                                      ""","=""L19804c165"""
"=""3d9.(2D<5/2>).10d""","=""2[5/2]""","=""3""","=""[""","=""19.6296""","=""]""","=""0.0005""","=""0.0018""","=""""","=""  98                                    :     2  3d9.(2D<5/2>).10d    2[7/2]   ""","=""L19804c165"""
"=""3d9.(2D<5/2>).10d""","=""2[5/2]""","=""2""","=""[""","=""19.6308""","=""]""","=""0.0006""","=""0.0012""","=""""","=""  95                                    :     4  3d9.(2D<5/2>).10d    2[3/2]   ""","=""L19804c165"""
"=""3d9.(2D<5/2>).10d""","=""2[7/2]""","=""3""","=""[""","=""19.6309""","=""]""","=""0.0005""","=""0.0001""","=""""","=""  98                                    :     2  3d9.(2D<5/2>).10d    2[5/2]   ""","=""L19804c165"""
"=""3d9.(2D<5/2>).10d""","=""2[7/2]""","=""4""","=""[""","=""19.63094""","=""]""","=""0.00025""","=""0.0000""","=""""","="" 100                                    :                                      ""","=""L19804c165"""
"=""3d9.(2D<3/2>).10s""","=""2[3/2]""","=""1""","=""""","=""19.661331""","=""""","=""0.000017""","=""0.0304""","=""""","="" 100                                    :                                      ""","=""L19804"""
"=""3d9.(2D<3/2>).8f""","=""2[9/2]*""","=""4""","=""[""","=""19.6950""","=""]""","=""0.0010""","=""0.0337""","=""""","="" 100                                    :                                      ""","=""L19804c165"""
"=""3d9.(2D<3/2>).8f""","=""2[7/2]*""","=""4""","=""[""","=""19.6966""","=""]""","=""0.0010""","=""0.002""","=""""","="" 100                                    :                                      ""","=""L19804c165"""
"=""3d9.(2D<3/2>).8g""","=""2[5/2]""","=""3""","=""[""","=""19.69728""","=""]""","=""0.00025""","=""0.0007""","=""""","="" 100                                    :                                      ""","=""L19804c166"""
"=""3d9.(2D<3/2>).8g""","=""2[11/2]""","=""6""","=""[""","=""19.69758""","=""]""","=""0.00025""","=""0.0003""","=""""","="" 100                                    :                                      ""","=""L19804c166"""
"=""3d9.(2D<3/2>).8g""","=""2[7/2]""","=""4""","=""[""","=""19.69809""","=""]""","=""0.00025""","=""0.0005""","=""""","="" 100                                    :                                      ""","=""L19804c166"""
"=""3d9.(2D<3/2>).8h""","=""2[7/2]*""","=""3""","=""[""","=""19.69823""","=""]""","=""0.00025""","=""0.0001""","=""""","="" 100                                    :                                      ""","=""L19804c166"""
"=""3d9.(2D<3/2>).8h""","=""2[7/2]*""","=""4""","=""[""","=""19.69824""","=""]""","=""0.00025""","=""0.0000""","=""""","="" 100                                    :                                      ""","=""L19804c166"""
"=""3d9.(2D<3/2>).8h""","=""2[13/2]*""","=""6""","=""[""","=""19.69835""","=""]""","=""0.00025""","=""0.0001""","=""""","="" 100                                    :                                      ""","=""L19804c166"""
"=""3d9.(2D<3/2>).8h""","=""2[13/2]*""","=""7""","=""[""","=""19.69836""","=""]""","=""0.00025""","=""0.0000""","=""""","="" 100                                    :                                      ""","=""L19804c166"""
"=""3d9.(2D<3/2>).8g""","=""2[9/2]""","=""5""","=""[""","=""19.69836""","=""]""","=""0.00025""","=""0.0000""","=""""","="" 100                                    :                                      ""","=""L19804c166"""
"=""3d9.(2D<3/2>).8h""","=""2[9/2]*""","=""4""","=""[""","=""19.69866""","=""]""","=""0.00025""","=""0.0003""","=""""","="" 100                                    :                                      ""","=""L19804c166"""
"=""3d9.(2D<3/2>).8h""","=""2[9/2]*""","=""5""","=""[""","=""19.69867""","=""]""","=""0.00025""","=""0.0000""","=""""","="" 100                                    :                                      ""","=""L19804c166"""
"=""3d9.(2D<3/2>).8h""","=""2[11/2]*""","=""5""","=""[""","=""19.69878""","=""]""","=""0.00025""","=""0.0001""","=""""","="" 100                                    :                                      ""","=""L19804c166"""
"=""3d9.(2D<3/2>).8h""","=""2[11/2]*""","=""6""","=""[""","=""19.69880""","=""]""","=""0.00025""","=""0.0000""","=""""","="" 100                                    :                                      ""","=""L19804c166"""
"=""3d9.(2D<3/2>).9d""","=""2[1/2]""","=""1""","=""[""","=""19.7056""","=""]""","=""0.0005""","=""0.0068""","=""""","=""  99                                    :                                      ""","=""L19804c165"""
"=""3d9.(2D<3/2>).9d""","=""2[7/2]""","=""3""","=""[""","=""19.70866""","=""]""","=""0.00025""","=""0.0031""","=""""","="" 100                                    :                                      ""","=""L19804c165"""
"=""3d9.(2D<3/2>).9d""","=""2[7/2]""","=""4""","=""[""","=""19.70936""","=""]""","=""0.00025""","=""0.0007""","=""""","="" 100                                    :                                      ""","=""L19804c165"""
"=""3d9.(2D<3/2>).9d""","=""2[3/2]""","=""1""","=""[""","=""19.70987""","=""]""","=""0.00025""","=""0.0005""","=""""","="" 100                                    :                                      ""","=""L19804c165"""
"=""3d9.(2D<3/2>).9d""","=""2[3/2]""","=""2""","=""[""","=""19.7106""","=""]""","=""0.0006""","=""0.0007""","=""""","=""  96                                    :     4  3d9.(2D<3/2>).9d     2[5/2]   ""","=""L19804c165"""
"=""3d9.(2D<3/2>).9d""","=""2[5/2]""","=""3""","=""[""","=""19.71341""","=""]""","=""0.00025""","=""0.0028""","=""""","="" 100                                    :                                      ""","=""L19804c165"""
"=""3d9.(2D<3/2>).9d""","=""2[5/2]""","=""2""","=""[""","=""19.7135""","=""]""","=""0.0006""","=""0.0001""","=""""","=""  96                                    :     4  3d9.(2D<3/2>).9d     2[3/2]   ""","=""L19804c165"""
"=""3d9.(2D<5/2>).10g""","=""2[3/2]""","=""2""","=""[""","=""19.74737""","=""]""","=""0.00025""","=""0.0339""","=""""","="" 100                                    :                                      ""","=""L19804c166"""
"=""3d9.(2D<5/2>).10g""","=""2[7/2]""","=""3""","=""[""","=""19.74788""","=""]""","=""0.00025""","=""0.0005""","=""""","="" 100                                    :                                      ""","=""L19804c166"""
"=""3d9.(2D<3/2>).9g""","=""2[5/2]""","=""3""","=""[""","=""19.87622""","=""]""","=""0.00025""","=""0.1283""","=""""","="" 100                                    :                                      ""","=""L19804c166"""
"=""3d9.(2D<3/2>).9g""","=""2[11/2]""","=""6""","=""[""","=""19.87642""","=""]""","=""0.00025""","=""0.0002""","=""""","="" 100                                    :                                      ""","=""L19804c166"""
"=""3d9.(2D<3/2>).9g""","=""2[7/2]""","=""4""","=""[""","=""19.87677""","=""]""","=""0.00025""","=""0.0004""","=""""","="" 100                                    :                                      ""","=""L19804c166"""
"=""3d9.(2D<3/2>).9g""","=""2[9/2]""","=""5""","=""[""","=""19.87696""","=""]""","=""0.00025""","=""0.0002""","=""""","="" 100                                    :                                      ""","=""L19804c166"""
"=""3d9.(2D<3/2>).10d""","=""2[1/2]""","=""1""","=""[""","=""19.8824""","=""]""","=""0.0005""","=""0.0054""","=""""","=""  99                                    :                                      ""","=""L19804c165"""
"=""3d9.(2D<3/2>).10d""","=""2[7/2]""","=""3""","=""[""","=""19.88439""","=""]""","=""0.00025""","=""0.0020""","=""""","="" 100                                    :                                      ""","=""L19804c165"""
"=""3d9.(2D<3/2>).10d""","=""2[7/2]""","=""4""","=""[""","=""19.88486""","=""]""","=""0.00025""","=""0.0005""","=""""","="" 100                                    :                                      ""","=""L19804c165"""
"=""3d9.(2D<3/2>).10d""","=""2[3/2]""","=""1""","=""[""","=""19.88521""","=""]""","=""0.00025""","=""0.0004""","=""""","="" 100                                    :                                      ""","=""L19804c165"""
"=""3d9.(2D<3/2>).10d""","=""2[3/2]""","=""2""","=""[""","=""19.8857""","=""]""","=""0.0006""","=""0.0005""","=""""","=""  96                                    :     3  3d9.(2D<3/2>).10d    2[5/2]   ""","=""L19804c165"""
"=""3d9.(2D<3/2>).10d""","=""2[5/2]""","=""3""","=""[""","=""19.88762""","=""]""","=""0.00025""","=""0.0019""","=""""","="" 100                                    :                                      ""","=""L19804c165"""
"=""3d9.(2D<3/2>).10d""","=""2[5/2]""","=""2""","=""[""","=""19.8877""","=""]""","=""0.0006""","=""0.0001""","=""""","=""  96                                    :     3  3d9.(2D<3/2>).10d    2[3/2]   ""","=""L19804c165"""
"=""3d9.(2D<3/2>).10g""","=""2[5/2]""","=""3""","=""[""","=""20.00414""","=""]""","=""0.00025""","=""0.1164""","=""""","="" 100                                    :                                      ""","=""L19804c166"""
"=""3d9.(2D<3/2>).10g""","=""2[11/2]""","=""6""","=""[""","=""20.00428""","=""]""","=""0.00025""","=""0.0001""","=""""","="" 100                                    :                                      ""","=""L19804c166"""
"=""3d9.(2D<3/2>).10g""","=""2[7/2]""","=""4""","=""[""","=""20.00455""","=""]""","=""0.00025""","=""0.0003""","=""""","="" 100                                    :                                      ""","=""L19804c166"""
"=""3d9.(2D<3/2>).10g""","=""2[9/2]""","=""5""","=""[""","=""20.00468""","=""]""","=""0.00025""","=""0.0001""","=""""","="" 100                                    :                                      ""","=""L19804c166"""
"=""Cu III (3d9 2D<5/2>)""","=""Limit""","=""---""","=""""","=""20.29239""","=""""","=""0.00006""","=""""","=""""","=""                                                                               ""","=""L869,L19804"""
