Configuration,Term,J,Prefix,Level (eV),Suffix,Uncertainty (eV),Splitting,Lande,Leading percentages,Reference
"=""4f10.(5I<8>).6s<1/2>""","=""(8,1/2)""","=""17/2""","=""""","=""0.0000000""","=""""","=""0""","=""""","=""1.290""","=""             or  :    95                (5I) 6I  ""","=""L3974"""
"=""4f10.(5I<8>).6s<1/2>""","=""(8,1/2)""","=""15/2""","=""""","=""0.1026978""","=""""","=""""","=""0.1026978""","=""1.203""","=""             or  :    72                (5I) 4I  ""","=""L11757"""
"=""4f10.(5I<7>).6s<1/2>""","=""(7,1/2)""","=""15/2""","=""""","=""0.5382283""","=""""","=""""","=""0.435530""","=""1.225""","=""             or  :    75                (5I) 6I  ""","=""L11757"""
"=""4f10.(5I<7>).6s<1/2>""","=""(7,1/2)""","=""13/2""","=""""","=""0.5896283""","=""""","=""""","=""0.051400""","=""1.130""","=""             or  :    50                (5I) 4I  ""","=""L11757"""
"=""4f10.(5I<6>).6s<1/2>""","=""(6,1/2)""","=""11/2""","=""""","=""0.9254063""","=""""","=""""","=""0.335778""","=""1.015""","=""             or  :    69                (5I) 6I  ""","=""L11757"""
"=""4f10.(5I<6>).6s<1/2>""","=""(6,1/2)""","=""13/2""","=""""","=""0.9280362""","=""""","=""""","=""0.002630""","=""1.134""","=""             or  :    49                (5I) 6I  ""","=""L11757"""
"=""4f10.(5I<5>).6s<1/2>""","=""(5,1/2)""","=""9/2""","=""""","=""1.1694320""","=""""","=""""","=""0.241396""","=""0.825""","=""             or  :    82                (5I) 6I  ""","=""L11757"""
"=""4f10.(5I<5>).6s<1/2>""","=""(5,1/2)""","=""11/2""","=""""","=""1.2238515""","=""""","=""""","=""0.054420""","=""0.997""","=""             or  :    66                (5I) 4I  ""","=""L11757"""
"=""4f9.(6H*).5d (7H*).6s""","=""8H*""","=""7/2""","=""""","=""""","=""""","=""""","=""""","=""""","=""                                                 ""","=""L3974"""
"=""4f9.(6H*).5d (7H*).6s""","=""8H*""","=""3/2""","=""""","=""""","=""""","=""""","=""""","=""""","=""                                                 ""","=""L3974"""
"=""4f9.(6H*).5d (7H*).6s""","=""8H*""","=""5/2""","=""""","=""""","=""""","=""""","=""""","=""""","=""                                                 ""","=""L3974"""
"=""4f9.(6H*).5d (7H*).6s""","=""8H*""","=""17/2""","=""""","=""1.3135130""","=""""","=""""","=""""","=""1.400""","=""  83                                             ""","=""L11757"""
"=""4f9.(6H*).5d (7H*).6s""","=""8H*""","=""15/2""","=""""","=""1.4127890""","=""""","=""""","=""0.099276""","=""1.383""","=""  67                                             ""","=""L11757"""
"=""4f9.(6H*).5d (7H*).6s""","=""8H*""","=""13/2""","=""""","=""1.5714618""","=""""","=""""","=""0.158673""","=""1.350""","=""  56                                             ""","=""L11757"""
"=""4f9.(6H*).5d (7H*).6s""","=""8H*""","=""11/2""","=""""","=""1.7788267""","=""""","=""""","=""0.207365""","=""1.302""","=""  55                                             ""","=""L11757"""
"=""4f9.(6H*).5d (7H*).6s""","=""8H*""","=""9/2""","=""""","=""1.9856558""","=""""","=""""","=""0.206829""","=""1.193""","=""  61                                             ""","=""L11757"""
"=""4f10.(5I<4>).6s<1/2>""","=""(4,1/2)""","=""7/2""","=""""","=""1.3581209""","=""""","=""""","=""-0.627535""","=""0.470""","=""             or  :    92                (5I) 6I  ""","=""L11757"""
"=""4f10.(5I<4>).6s<1/2>""","=""(4,1/2)""","=""9/2""","=""""","=""1.4631440""","=""""","=""""","=""0.105023""","=""0.756""","=""             or  :    80                (5I) 4I  ""","=""L11757"""
"=""4f9.6s2""","=""6H*""","=""5/2""","=""""","=""""","=""""","=""""","=""""","=""""","=""                                                 ""","=""L3974"""
"=""4f9.6s2""","=""6H*""","=""7/2""","=""""","=""""","=""""","=""""","=""""","=""""","=""                                                 ""","=""L3974"""
"=""4f9.6s2""","=""6H*""","=""9/2""","=""""","=""""","=""""","=""""","=""""","=""""","=""                                                 ""","=""L3974"""
"=""4f9.6s2""","=""6H*""","=""15/2""","=""""","=""1.5295080""","=""""","=""""","=""""","=""1.333""","=""  90                                             ""","=""L11757"""
"=""4f9.6s2""","=""6H*""","=""13/2""","=""""","=""1.9616989""","=""""","=""""","=""0.432191""","=""1.275""","=""  64                                             ""","=""L11757"""
"=""4f9.6s2""","=""6H*""","=""11/2""","=""""","=""2.2467772""","=""""","=""""","=""0.285078""","=""1.215""","=""  90                                             ""","=""L11757"""
"=""4f10.(5F<5>).6s<1/2>""","=""(5,1/2)""","=""11/2""","=""""","=""1.653735""","=""""","=""""","=""-0.593042""","=""1.413""","=""             or  :    85                (5F) 6F  ""","=""L3974"""
"=""4f10.(5F<5>).6s<1/2>""","=""(5,1/2)""","=""9/2""","=""""","=""1.751516""","=""""","=""""","=""0.09778""","=""1.32""","=""             or  :    62                (5F) 4F  ""","=""L3974"""
"=""4f9.(6H*).5d (7I*).6s""","=""8I*""","=""5/2""","=""""","=""""","=""""","=""""","=""""","=""""","=""                                                 ""","=""L3974"""
"=""4f9.(6H*).5d (7I*).6s""","=""8I*""","=""9/2""","=""""","=""""","=""""","=""""","=""""","=""""","=""                                                 ""","=""L3974"""
"=""4f9.(6H*).5d (7I*).6s""","=""8I*""","=""7/2""","=""""","=""""","=""""","=""""","=""""","=""""","=""                                                 ""","=""L3974"""
"=""4f9.(6H*).5d (7I*).6s""","=""8I*""","=""19/2""","=""""","=""1.662457""","=""""","=""""","=""""","=""1.364""","=""  93                                             ""","=""L3974"""
"=""4f9.(6H*).5d (7I*).6s""","=""8I*""","=""17/2""","=""""","=""1.846752""","=""""","=""""","=""0.18429""","=""1.315""","=""  58                                             ""","=""L3974"""
"=""4f9.(6H*).5d (7I*).6s""","=""8I*""","=""13/2""","=""""","=""2.181671""","=""""","=""""","=""0.33492""","=""1.28""","=""  41                                             ""","=""L3974"""
"=""4f9.(6H*).5d (7I*).6s""","=""8I*""","=""11/2""","=""""","=""2.378479""","=""""","=""""","=""0.19681""","=""1.163""","=""  59                                             ""","=""L3974"""
"=""4f9.(6H*).5d (7H*).6s""","=""6H*""","=""15/2""","=""""","=""1.687513""","=""""","=""""","=""-0.69097""","=""1.33""","=""  65                                             ""","=""L3974"""
"=""4f9.(6H*).5d (7F*).6s""","=""8F*""","=""13/2""","=""""","=""1.788084""","=""""","=""""","=""0.10057""","=""1.438""","=""  51                                             ""","=""L3974"""
"=""4f10.(5I).5d""","=""6I""","=""17/2""","=""""","=""1.840658""","=""""","=""""","=""0.05257""","=""1.25""","=""  78             :    13                (5I) 6K  ""","=""L3974"""
"=""4f10.(5I).5d""","=""6H""","=""15/2""","=""""","=""1.853829""","=""""","=""""","=""0.01317""","=""1.30""","=""  56             :    28                (5I) 6I  ""","=""L3974"""
"=""4f9.(6H*).5d (7H*).6s""","=""*""","=""13/2""","=""""","=""1.925488""","=""""","=""""","=""0.07166""","=""1.358""","=""  26  6H*                                        ""","=""L3974"""
"=""4f10.(5I).5d""","=""6G""","=""13/2""","=""""","=""1.945559""","=""""","=""""","=""0.02007""","=""1.34""","=""  65             :    21                (5I) 6H  ""","=""L3974"""
"=""4f10.(5S<2>).6s<1/2>""","=""(2,1/2)""","=""5/2""","=""""","=""1.970093""","=""""","=""""","=""0.02453""","=""1.85""","=""             or  :    81                (5S) 6S  ""","=""L3974"""
"=""4f10.(5S<2>).6s<1/2>""","=""(2,1/2)""","=""3/2""","=""""","=""2.077841""","=""""","=""""","=""0.10775""","=""1.72""","=""             or  :    72                (5S) 4S  ""","=""L3974"""
"=""4f10.(5F<4>).6s<1/2>""","=""(4,1/2)""","=""9/2""","=""""","=""1.981177""","=""""","=""""","=""-0.09666""","=""1.40""","=""             or  :    70                (5F) 6F  ""","=""L3974"""
"=""4f10.(5F<4>).6s<1/2>""","=""(4,1/2)""","=""7/2""","=""""","=""2.035688""","=""""","=""""","=""0.05451""","=""1.309""","=""             or  :    52                (5F) 6F  ""","=""L3974"""
"=""4f10.(5I).5d""","=""6K""","=""19/2""","=""""","=""1.998303""","=""""","=""""","=""-0.03739""","=""1.24""","=""  75             :    12                (5I) 6L  ""","=""L3974"""
"=""4f9.(6H*).5d (7G*).6s""","=""*""","=""15/2""","=""""","=""2.016033""","=""""","=""""","=""0.01773""","=""1.365""","=""  43  8G*                                        ""","=""L3974"""
"=""4f9.(6H*).5d (7F*).6s""","=""*""","=""11/2""","=""""","=""2.058382""","=""""","=""""","=""0.04235""","=""1.408""","=""  36  8F*                                        ""","=""L3974"""
"=""4f9.(6H*).5d (7G*).6s""","=""*""","=""15/2""","=""""","=""2.092345""","=""""","=""""","=""0.03396""","=""1.328""","=""  30  8G*                                        ""","=""L3974"""
"=""4f9.(6H*).5d (7K*).6s""","=""8K*""","=""11/2""","=""""","=""""","=""""","=""""","=""""","=""""","=""                                                 ""","=""L3974"""
"=""4f9.(6H*).5d (7K*).6s""","=""8K*""","=""7/2""","=""""","=""""","=""""","=""""","=""""","=""""","=""                                                 ""","=""L3974"""
"=""4f9.(6H*).5d (7K*).6s""","=""8K*""","=""9/2""","=""""","=""""","=""""","=""""","=""""","=""""","=""                                                 ""","=""L3974"""
"=""4f9.(6H*).5d (7K*).6s""","=""8K*""","=""21/2""","=""""","=""2.093018""","=""""","=""""","=""""","=""1.33""","="" 100                                             ""","=""L3974"""
"=""4f9.(6H*).5d (7K*).6s""","=""8K*""","=""19/2""","=""""","=""2.182946""","=""""","=""""","=""0.08993""","=""1.28""","=""  54                                             ""","=""L3974"""
"=""4f9.(6H*).5d (7K*).6s""","=""8K*""","=""17/2""","=""""","=""2.299803""","=""""","=""""","=""0.11686""","=""1.22""","=""  31                                             ""","=""L3974"""
"=""4f9.(6H*).5d (7K*).6s""","=""8K*""","=""15/2""","=""""","=""2.537673""","=""""","=""""","=""0.23787""","=""1.204""","=""  26                                             ""","=""L3974"""
"=""4f9.(6H*).5d (7K*).6s""","=""8K*""","=""13/2""","=""""","=""2.749057""","=""""","=""""","=""0.21138""","=""1.145""","=""  44                                             ""","=""L3974"""
"=""4f9.(6H*).5d (7H*).6s""","=""*""","=""11/2""","=""""","=""2.108612""","=""""","=""""","=""-0.64045""","=""1.317""","=""  39  6H*                                        ""","=""L3974"""
"=""4f9.(6H*).5d (7I*).6s""","=""6I*""","=""17/2""","=""""","=""2.112263""","=""""","=""""","=""0.00365""","=""1.29""","=""  62                                             ""","=""L3974"""
"=""4f10.(5I).5d""","=""6L""","=""21/2""","=""""","=""2.158142""","=""""","=""""","=""0.04588""","=""1.24""","=""  94             :     4                (3K2) 4M ""","=""L3974"""
"=""4f10.(5I).5d""","=""4K""","=""17/2""","=""""","=""2.180823""","=""""","=""""","=""0.02268""","=""1.20""","=""  52             :    23                (5I) 6K  ""","=""L3974"""
"=""4f10.(5F<3>).6s<1/2>""","=""(3,1/2)""","=""5/2""","=""""","=""2.204437""","=""""","=""""","=""0.02361""","=""1.29""","=""             or  :    78                (5F) 6F  ""","=""L3974"""
"=""4f10.(5F<3>).6s<1/2>""","=""(3,1/2)""","=""7/2""","=""""","=""2.220904""","=""""","=""""","=""0.01647""","=""1.30""","=""             or  :    52                (5F) 4F  ""","=""L3974"""
"=""4f10.(5I).5d""","=""4L""","=""19/2""","=""""","=""2.205533""","=""""","=""""","=""-0.01537""","=""1.17""","=""  62             :    16                (5I) 6K  ""","=""L3974"""
"=""4f10.(5I).5d""","=""""","=""13/2""","=""""","=""2.258957""","=""""","=""""","=""0.05342""","=""1.24""","=""  29  6I         :    25                (5I) 6G  ""","=""L3974"""
"=""4f10.(5I).5d""","=""""","=""15/2""","=""""","=""2.260846""","=""""","=""""","=""0.00189""","=""1.24""","=""  34  6H         :    33                (5I) 6I  ""","=""L3974"""
"=""4f9.(6H*).5d (7F*).6s""","=""*""","=""11/2""","=""""","=""2.293037""","=""""","=""""","=""0.03219""","=""1.40""","=""  31  6F*                                        ""","=""L3974"""
"=""4f9.(6H*).5d (5I*).6s""","=""*""","=""15/2""","=""""","=""2.315831""","=""""","=""""","=""0.02279""","=""1.272""","=""  27  4I*                                        ""","=""L3974"""
"=""4f9.(6H*).5d (7F*).6s""","=""*""","=""9/2""","=""""","=""2.323267""","=""""","=""""","=""0.00744""","=""1.42""","=""  27  8F*                                        ""","=""L3974"""
"=""4f10.(5I).5d""","=""6G""","=""11/2""","=""""","=""2.339149""","=""""","=""""","=""0.01588""","=""1.26""","=""  48             :    29                (5I) 6H  ""","=""L3974"""
"=""4f9.(6F*).5d (7H*).6s""","=""*""","=""9/2""","=""""","=""2.350191""","=""""","=""""","=""0.01104""","=""1.21""","=""  44  6H*                                        ""","=""L3974"""
"=""4f9.(6H*).5d (7G*).6s""","=""*""","=""13/2""","=""""","=""2.353001""","=""""","=""""","=""0.00281""","=""1.331""","=""  22  8G*                                        ""","=""L3974"""
"=""4f9.(6H*).5d (5I*).6s""","=""6I*""","=""17/2""","=""""","=""2.386920""","=""""","=""""","=""0.03392""","=""1.28""","=""  65                                             ""","=""L3974"""
"=""4f9.(6H*).5d (5H*).6s""","=""*""","=""15/2""","=""""","=""2.411660""","=""""","=""""","=""0.02474""","=""1.39""","=""  31  6H*                                        ""","=""L3974"""
"=""4f9.(6F*).5d (7P*).6s""","=""8P*""","=""9/2""","=""""","=""2.413629""","=""""","=""""","=""0.00197""","=""1.660""","=""  58                                             ""","=""L3974"""
"=""4f9.(6H*).5d2.(3F)""","=""*""","=""13/2""","=""""","=""2.416719""","=""""","=""""","=""0.00309""","=""1.436""","=""  26  8G*                                        ""","=""L3974"""
"=""4f9.(6H*).5d (7K*).6s""","=""6K*""","=""19/2""","=""""","=""2.426588""","=""""","=""""","=""0.00987""","=""1.267""","=""  54                                             ""","=""L3974"""
"=""4f9.6s2""","=""6F*""","=""11/2""","=""""","=""2.470712""","=""""","=""""","=""0.04412""","=""1.445""","=""  84                                             ""","=""L3974"""
"=""4f9.(6H*).5d (7G*).6s""","=""*""","=""13/2""","=""""","=""2.474309""","=""""","=""""","=""0.00360""","=""1.310""","=""  19  6G*                                        ""","=""L3974"""
"=""4f9.(6H*).5d (5H*).6s""","=""*""","=""15/2""","=""""","=""2.500321""","=""""","=""""","=""0.02601""","=""1.313""","=""  43  6H*                                        ""","=""L3974"""
"=""4f9.(6H*).5d2.(3F)""","=""*""","=""11/2""","=""""","=""2.543832""","=""""","=""""","=""0.04351""","=""1.463""","=""  33  8F*                                        ""","=""L3974"""
"=""4f10.(5I).5d""","=""""","=""17/2""","=""""","=""2.566546""","=""""","=""""","=""0.02271""","=""1.16""","=""  36  4K         :    27                (5I) 6K  ""","=""L3974"""
"=""4f10.(5I).5d""","=""""","=""13/2""","=""""","=""2.572477""","=""""","=""""","=""0.00593""","=""1.17""","=""  35  6I         :    29                (5I) 4H  ""","=""L3974"""
"=""4f9.(6H*).5d (5K*).6s""","=""*""","=""17/2""","=""""","=""2.578020""","=""""","=""""","=""0.00554""","=""1.225""","=""  40  4K*                                        ""","=""L3974"""
"=""4f9.(6H*).5d (7G*).6s""","=""*""","=""11/2""","=""""","=""2.580999""","=""""","=""""","=""0.00298""","=""1.44""","=""  40  8G*                                        ""","=""L3974"""
"=""4f9.(6H*).5d2.(3F)""","=""*""","=""17/2""","=""""","=""2.589338""","=""""","=""""","=""0.00834""","=""1.35""","=""  33  8I*                                        ""","=""L3974"""
"=""4f9.(6H*).5d (5H*).6s""","=""4H*""","=""13/2""","=""""","=""2.590820""","=""""","=""""","=""0.00148""","=""1.33""","=""  66                                             ""","=""L3974"""
"=""4f9.(6H*).5d (7K*).6s""","=""*""","=""19/2""","=""""","=""2.601885""","=""""","=""""","=""0.01106""","=""1.29""","=""  35  8K*                                        ""","=""L3974"""
"=""4f10.(5I).5d""","=""6K""","=""15/2""","=""""","=""2.613100""","=""""","=""""","=""0.01122""","=""1.13""","=""  46             :    16                (5I) 4I  ""","=""L3974"""
"=""4f9.(6H*).5d (7I*).6s""","=""*""","=""13/2""","=""""","=""2.620378""","=""""","=""""","=""0.00728""","=""1.24""","=""  19  6I*                                        ""","=""L3974"""
"=""4f10.(5I).5d""","=""""","=""11/2""","=""""","=""2.625718""","=""""","=""""","=""0.00534""","=""1.15""","=""  42  6I         :    23                (5I) 6G  ""","=""L3974"""
"=""4f9.(6H*).5d (7I*).6s""","=""*""","=""15/2""","=""""","=""2.637401""","=""""","=""""","=""0.01168""","=""1.21""","=""  28  6I*                                        ""","=""L3974"""
"=""4f10.(5I).5d""","=""4I""","=""15/2""","=""""","=""2.645618""","=""""","=""""","=""0.00822""","=""1.18""","=""  50             :    24                (5I) 6I  ""","=""L3974"""
"=""4f9.(6H*).5d (5G*).6s""","=""6G*""","=""13/2""","=""""","=""2.648062""","=""""","=""""","=""0.00244""","=""1.31""","=""  53                                             ""","=""L3974"""
"=""4f9.(6H*).5d2.(3F)""","=""*""","=""19/2""","=""""","=""2.661318""","=""""","=""""","=""0.01326""","=""1.316""","=""  36  8I*                                        ""","=""L3974"""
"=""4f10.(5I).5d""","=""""","=""17/2""","=""""","=""2.681472""","=""""","=""""","=""0.02015""","=""1.12""","=""  39  4L         :    30                (5I) 6K  ""","=""L3974"""
"=""4f10.(5I).5d""","=""6L""","=""19/2""","=""""","=""2.703713""","=""""","=""""","=""0.02224""","=""1.17""","=""  69             :    25                (5I) 4L  ""","=""L3974"""
"=""4f10.(5I).5d""","=""""","=""9/2""","=""""","=""2.704482""","=""""","=""""","=""0.00077""","=""1.10""","=""  41  6H         :    36                (5I) 6G  ""","=""L3974"""
"=""4f9.(6H*).5d2.(3F)""","=""8K*""","=""21/2""","=""""","=""2.731617""","=""""","=""""","=""0.02713""","=""1.322""","=""  87                                             ""","=""L3974"""
"=""4f9.(6F*).5d (7G*).6s""","=""*""","=""13/2""","=""""","=""2.737981""","=""""","=""""","=""0.00636""","=""1.402""","=""  29  6G*                                        ""","=""L3974"""
"=""4f10.(5I).5d""","=""""","=""13/2""","=""""","=""2.742074""","=""""","=""""","=""0.00409""","=""1.20""","=""  40  4H         :    31                (5I) 6H  ""","=""L3974"""
"=""4f9.(6F*).5d (7H*).6s""","=""*""","=""15/2""","=""""","=""2.785565""","=""""","=""""","=""0.04349""","=""1.314""","=""  44  8H*                                        ""","=""L3974"""
"=""""","=""*""","=""9/2""","=""""","=""2.808669""","=""""","=""""","=""0.02310""","=""1.45""","=""                                                 ""","=""L3974"""
"=""4f9.(6H*).5d (5I*).6s""","=""*""","=""15/2""","=""""","=""2.811037""","=""""","=""""","=""0.00237""","=""1.364""","=""  21  6I*                                        ""","=""L3974"""
"=""4f9.(6H*).5d (5I*).6s""","=""*""","=""15/2""","=""""","=""2.833620""","=""""","=""""","=""0.02258""","=""1.28""","=""  26  6I*                                        ""","=""L3974"""
"=""4f9.(6H*).5d2.(3F)""","=""*""","=""13/2""","=""""","=""2.835667""","=""""","=""""","=""0.00205""","=""1.387""","=""  29  8F*                                        ""","=""L3974"""
"=""4f9.(6H*).5d (7K*).6s""","=""*""","=""17/2""","=""""","=""2.840236""","=""""","=""""","=""0.00457""","=""1.24""","=""  31  6K*                                        ""","=""L3974"""
"=""4f9.(6F*).5d (7H*).6s""","=""8H*""","=""17/2""","=""""","=""2.850503""","=""""","=""""","=""0.01027""","=""1.40""","=""  91                                             ""","=""L3974"""
"=""4f9.(6H*).5d (5K*).6s""","=""*""","=""15/2""","=""""","=""2.876771""","=""""","=""""","=""0.02627""","=""1.186""","=""  29  4K*                                        ""","=""L3974"""
"=""4f9.(6H*).5d (5H*).6s""","=""*""","=""13/2""","=""""","=""2.889211""","=""""","=""""","=""0.01244""","=""1.31""","=""  31  6H*                                        ""","=""L3974"""
"=""4f10.(5I).5d""","=""""","=""11/2""","=""""","=""2.890047""","=""""","=""""","=""0.00084""","=""1.105""","=""  32  6H         :    24                (5I) 6I  ""","=""L3974"""
"=""4f10.(5I).5d""","=""""","=""13/2""","=""""","=""2.898181""","=""""","=""""","=""0.00813""","=""0.994""","=""  29  6K         :    20  (3K2).6s      4K       ""","=""L3974"""
"=""4f10.(3K<2>).6s""","=""""","=""13/2""","=""""","=""2.911135""","=""""","=""""","=""0.01295""","=""1.00""","=""  26  4K         :    23  (5I).5d       6K       ""","=""L3974"""
"=""4f10.(5I).5d""","=""6I""","=""9/2""","=""""","=""2.913034""","=""""","=""""","=""0.00190""","=""1.00""","=""  48             :    34                (5I) 6G  ""","=""L3974"""
"=""""","=""*""","=""11/2""","=""""","=""2.921264""","=""""","=""""","=""0.00823""","=""1.368""","=""                                                 ""","=""L3974"""
"=""4f9.(6F*).5d (7H*).6s""","=""*""","=""13/2""","=""""","=""2.922946""","=""""","=""""","=""0.00168""","=""1.330""","=""  20  8H*                                        ""","=""L3974"""
"=""4f9.(6H*).5d2.(3F)""","=""*""","=""19/2""","=""""","=""2.939316""","=""""","=""""","=""0.01637""","=""1.30""","=""  29  8K*                                        ""","=""L3974"""
"=""4f9.(6H*).5d2.(3F)""","=""*""","=""17/2""","=""""","=""2.946584""","=""""","=""""","=""0.00727""","=""1.27""","=""  28  8H*                                        ""","=""L3974"""
"=""4f10.(5I).5d""","=""6L""","=""15/2""","=""""","=""2.955814""","=""""","=""""","=""0.00923""","=""1.036""","=""  59             :    19                (5I) 4K  ""","=""L3974"""
"=""4f10.(5I).5d""","=""6H""","=""7/2""","=""""","=""2.972739""","=""""","=""""","=""0.01692""","=""0.837""","=""  46             :    24                (5I) 6G  ""","=""L3974"""
"=""4f9.(6H*).5d (5I*).6s""","=""*""","=""13/2""","=""""","=""2.988570""","=""""","=""""","=""0.01583""","=""1.173""","=""  28  4I*                                        ""","=""L3974"""
"=""4f9.(6H*).5d (5K*).6s""","=""6K*""","=""17/2""","=""""","=""3.014811""","=""""","=""""","=""0.02624""","=""1.23""","=""  45                                             ""","=""L3974"""
"=""4f9.(6H*).5d (7K*).6s""","=""*""","=""13/2""","=""""","=""3.038456""","=""""","=""""","=""0.02365""","=""1.10""","=""  25  6K*                                        ""","=""L3974"""
"=""4f10.(5I).5d""","=""""","=""15/2""","=""""","=""3.060628""","=""""","=""""","=""0.02217""","=""1.10""","=""  34  4K         :    32                (5I) 6K  ""","=""L3974"""
"=""4f9.(6H*).5d2.(3F)""","=""8L*""","=""13/2""","=""""","=""3.073118""","=""""","=""""","=""0.01249""","=""1.303""","=""  99                                             ""","=""L3974"""
"=""4f9.5d2""","=""*""","=""15/2""","=""""","=""3.075635""","=""""","=""""","=""0.00252""","=""1.28""","=""                                                 ""","=""L3974"""
"=""4f9.5d2""","=""*""","=""13/2""","=""""","=""3.077078""","=""""","=""""","=""0.00144""","=""1.303""","=""                                                 ""","=""L3974"""
"=""4f9.(6H*).5d2.(3F)""","=""*""","=""13/2""","=""""","=""3.095552""","=""""","=""""","=""0.01847""","=""1.283""","=""  16  8I*                                        ""","=""L3974"""
"=""4f9.(6F*).5d (7H*).6s""","=""*""","=""11/2""","=""""","=""3.104163""","=""""","=""""","=""0.00861""","=""1.335""","=""  36  8H*                                        ""","=""L3974"""
"=""4f10.(5I).5d""","=""""","=""17/2""","=""""","=""3.105989""","=""""","=""""","=""0.00183""","=""1.10""","=""  48  4L         :    42                (5I) 6L  ""","=""L3974"""
"=""4f10.(5I).5d""","=""6K""","=""11/2""","=""""","=""3.110385""","=""""","=""""","=""0.00440""","=""0.89""","=""  63             :    11                (5I) 6I  ""","=""L3974"""
"=""4f10.(5I).6p""","=""*""","=""15/2""","=""""","=""3.1234148""","=""""","=""""","=""0.013030""","=""1.293""","=""  22  6H*                                        ""","=""L11757"""
"=""4f10.(5I).5d""","=""""","=""9/2""","=""""","=""3.126186""","=""""","=""""","=""0.002771""","=""1.01""","=""  38  6H         :    19                (5I) 6G  ""","=""L3974"""
"=""4f10.(5I).5d""","=""6I""","=""7/2""","=""""","=""3.135869""","=""""","=""""","=""0.00968""","=""0.743""","=""  55             :    32                (5I) 6G  ""","=""L3974"""
"=""4f9.(6H*).5d2.(3P)""","=""*""","=""17/2""","=""""","=""3.1421845""","=""""","=""""","=""0.006315""","=""1.255""","=""  17  8I*                                        ""","=""L11757"""
"=""4f9.(6H*).5d (5I*).6s""","=""*""","=""13/2""","=""""","=""3.157701""","=""""","=""""","=""0.015516""","=""1.15""","=""  31  6I*                                        ""","=""L3974"""
"=""""","=""*""","=""11/2""","=""""","=""3.180058""","=""""","=""""","=""0.02236""","=""1.02""","=""                                                 ""","=""L3974"""
"=""4f10.(5I).5d""","=""6L""","=""13/2""","=""""","=""3.192169""","=""""","=""""","=""0.01211""","=""0.888""","=""  70             :     7                (5I) 4L  ""","=""L3974"""
"=""4f9.(6H*).5d2.(3F)""","=""8L*""","=""21/2""","=""""","=""3.193373""","=""""","=""""","=""0.00120""","=""1.26""","=""  57                                             ""","=""L3974"""
"=""4f9.(6H*).5d (7G*).6s""","=""*""","=""13/2""","=""""","=""3.195427""","=""""","=""""","=""0.00205""","=""1.37""","=""  29  8G*                                        ""","=""L3974"""
"=""4f10.(5I).6p""","=""*""","=""17/2""","=""""","=""3.2010780""","=""""","=""""","=""0.005651""","=""1.27""","=""  37  4K*                                        ""","=""L11757"""
"=""4f9.(6F*).5d (7H*).6s""","=""*""","=""15/2""","=""""","=""3.202931""","=""""","=""""","=""0.001853""","=""1.22""","=""  22  6H*                                        ""","=""L3974"""
"=""4f10.(5I).5d""","=""6H""","=""5/2""","=""""","=""3.215368""","=""""","=""""","=""0.01244""","=""0.45""","=""  62             :    25                (5I) 6G  ""","=""L3974"""
"=""""","=""*""","=""11/2""","=""""","=""3.229523""","=""""","=""""","=""0.01416""","=""1.15""","=""                                                 ""","=""L3974"""
"=""4f9.(6H*).5d2.(3P)""","=""*""","=""19/2""","=""""","=""3.258264""","=""""","=""""","=""0.02874""","=""1.26""","=""  19  8I*                                        ""","=""L3974"""
"=""""","=""*""","=""11/2""","=""""","=""3.274103""","=""""","=""""","=""0.01584""","=""1.11""","=""                                                 ""","=""L3974"""
"=""4f10.(5I).5d""","=""""","=""7/2""","=""""","=""3.291787""","=""""","=""""","=""0.01768""","=""0.91""","=""  35  6G         :    35                (5I) 6H  ""","=""L3974"""
"=""4f9.(6H*).5d2.(3P)""","=""*""","=""15/2""","=""""","=""3.302220""","=""""","=""""","=""0.01043""","=""1.290""","=""  21  8G*                                        ""","=""L3974"""
"=""4f9.5d2""","=""*""","=""13/2""","=""""","=""3.329437""","=""""","=""""","=""0.02722""","=""1.320""","=""                                                 ""","=""L3974"""
"=""4f9.(6F*).5d (5H*).6s""","=""*""","=""13/2""","=""""","=""3.371509""","=""""","=""""","=""0.04207""","=""1.295""","=""  15  4H*                                        ""","=""L3974"""
"=""4f9.(6H*).5d2.(3F)""","=""*""","=""19/2""","=""""","=""3.373599""","=""""","=""""","=""0.00209""","=""1.22""","=""  37  8L*                                        ""","=""L3974"""
"=""4f9.(6F*).5d (5H*).6s""","=""*""","=""15/2""","=""""","=""3.374469""","=""""","=""""","=""0.00087""","=""1.30""","=""  34  6H*                                        ""","=""L3974"""
"=""4f9.(6H*).5d2.(3F)""","=""*""","=""17/2""","=""""","=""3.376423""","=""""","=""""","=""0.00195""","=""1.24""","=""  36  6I*                                        ""","=""L3974"""
"=""4f9.(6H*).5d2.(3P)""","=""*""","=""15/2""","=""""","=""3.4015228""","=""""","=""""","=""0.025100""","=""1.308""","=""  16  8I*                                        ""","=""L11757"""
"=""""","=""*""","=""11/2""","=""""","=""3.404902""","=""""","=""""","=""0.003379""","=""1.18""","=""                                                 ""","=""L3974"""
"=""""","=""*""","=""9/2""","=""""","=""3.406699""","=""""","=""""","=""0.00180""","=""1.18""","=""                                                 ""","=""L3974"""
"=""4f10.(5I).5d""","=""6G""","=""5/2""","=""""","=""3.408903""","=""""","=""""","=""0.00220""","=""0.75""","=""  66             :    21                (5I) 6H  ""","=""L3974"""
"=""""","=""*""","=""13/2""","=""""","=""3.409929""","=""""","=""""","=""0.00103""","=""1.20""","=""                                                 ""","=""L3974"""
"=""4f10.(5I).5d""","=""4L""","=""15/2""","=""""","=""3.412004""","=""""","=""""","=""0.00208""","=""1.00""","=""  62             :    22  4f10.(5I).5d  6L       ""","=""L3974"""
"=""""","=""*""","=""13/2""","=""""","=""3.445828""","=""""","=""""","=""0.03382""","=""1.18""","=""                                                 ""","=""L3974"""
"=""4f9.(6H*).5d2.(3F)""","=""*""","=""15/2""","=""""","=""3.4573729""","=""""","=""""","=""0.011545""","=""1.251""","=""  21  6I*                                        ""","=""L11757"""
"=""""","=""*""","=""11/2""","=""""","=""3.470351""","=""""","=""""","=""0.012978""","=""1.291""","=""                                                 ""","=""L3974"""
"=""4f9.5d2""","=""*""","=""19/2""","=""""","=""3.472285""","=""""","=""""","=""0.00193""","=""1.32""","=""                                                 ""","=""L3974"""
"=""4f9.(6H*).5d2.(3F)""","=""*""","=""13/2""","=""""","=""3.474000""","=""""","=""""","=""0.00172""","=""1.25""","=""  21  6G*                                        ""","=""L3974"""
"=""4f10.(5I).5d""","=""6G""","=""3/2""","=""""","=""3.498204""","=""""","=""""","=""0.02420""","=""0.04""","=""  90             :     4  4f10.(3H4).5d 4F       ""","=""L3974"""
"=""4f9.(6H*).5d2.(1G)""","=""*""","=""17/2""","=""""","=""3.5028458""","=""""","=""""","=""0.004642""","=""1.235""","=""  15  6I*                                        ""","=""L11757"""
"=""4f10.(5I).6p""","=""6K*""","=""19/2""","=""""","=""3.5096012""","=""""","=""""","=""0.006755""","=""1.26""","=""  76                                             ""","=""L11757"""
"=""4f9.(6F*).5d (7H*).6s""","=""*""","=""13/2""","=""""","=""3.528109""","=""""","=""""","=""0.018508""","=""1.25""","=""  16  6H*                                        ""","=""L3974"""
"=""4f9.(6F*).5d (5H*).6s""","=""*""","=""13/2""","=""""","=""3.539838""","=""""","=""""","=""0.01173""","=""1.25""","=""  17  6H*                                        ""","=""L3974"""
"=""""","=""*""","=""7/2""","=""""","=""3.552008""","=""""","=""""","=""0.01217""","=""0.965""","=""                                                 ""","=""L3974"""
"=""""","=""*""","=""13/2""","=""""","=""3.568822""","=""""","=""""","=""0.01681""","=""1.03""","=""                                                 ""","=""L3974"""
"=""4f10.(5I).6p""","=""*""","=""15/2""","=""""","=""3.5813323""","=""""","=""""","=""0.012510""","=""1.254""","=""  25  6K*                                        ""","=""L11757"""
"=""""","=""*""","=""11/2""","=""""","=""3.584171""","=""""","=""""","=""0.002839""","=""1.23""","=""                                                 ""","=""L3974"""
"=""4f9.(6H*).5d2.(3F)""","=""*""","=""17/2""","=""""","=""3.597331""","=""""","=""""","=""0.01316""","=""1.256""","=""  15  8K*                                        ""","=""L3974"""
"=""4f9.(6H*).5d2.(3F)""","=""*""","=""15/2""","=""""","=""3.609067""","=""""","=""""","=""0.01174""","=""1.230""","=""  16  8L*                                        ""","=""L3974"""
"=""4f10.(5I).6p""","=""6I*""","=""17/2""","=""""","=""3.6372120""","=""""","=""""","=""0.028145""","=""1.268""","=""  52                                             ""","=""L11757"""
"=""4f9.5d2""","=""*""","=""21/2""","=""""","=""3.642276""","=""""","=""""","=""0.005064""","=""1.26""","=""                                                 ""","=""L3974"""
"=""4f10.(5I).6p""","=""*""","=""15/2""","=""""","=""3.6496745""","=""""","=""""","=""0.007399""","=""1.222""","=""  42  4I*                                        ""","=""L11757"""
"=""4f9.(6H*).5d2.(3F)""","=""*""","=""19/2""","=""""","=""3.680068""","=""""","=""""","=""0.030393""","=""1.21""","=""  42  4L*                                        ""","=""L3974"""
"=""""","=""*""","=""11/2""","=""""","=""3.680488""","=""""","=""""","=""0.00042""","=""1.26""","=""                                                 ""","=""L3974"""
"=""""","=""*""","=""17/2""","=""""","=""3.690481""","=""""","=""""","=""0.00999""","=""1.19""","=""                                                 ""","=""L3974"""
"=""4f9.(6H*).5d2.(3F)""","=""*""","=""13/2""","=""""","=""3.690923""","=""""","=""""","=""0.00044""","=""1.250""","=""  16  6G*                                        ""","=""L3974"""
"=""4f9.(6H*).5d2.(3F)""","=""*""","=""13/2""","=""""","=""3.704340""","=""""","=""""","=""0.01342""","=""1.406""","=""  32  8F*                                        ""","=""L3974"""
"=""4f9.(6H*).5d2.(1G)""","=""*""","=""15/2""","=""""","=""3.733526""","=""""","=""""","=""0.02919""","=""1.208""","=""  30  6I*                                        ""","=""L3974"""
"=""4f10.(5I).6p""","=""*""","=""13/2""","=""""","=""3.755154""","=""""","=""""","=""0.02163""","=""1.216""","=""  18  6H*                                        ""","=""L3974"""
"=""4f10.(5I).6p""","=""4H*""","=""13/2""","=""""","=""3.7643847""","=""""","=""""","=""0.009231""","=""1.194""","=""  53                                             ""","=""L11757"""
"=""4f9.(6H*).5d2.(3F)""","=""*""","=""15/2""","=""""","=""3.7690089""","=""""","=""""","=""0.004624""","=""1.201""","=""  23  6H*                                        ""","=""L11757"""
"=""""","=""*""","=""11/2""","=""""","=""3.788167""","=""""","=""""","=""0.019158""","=""1.31""","=""                                                 ""","=""L3974"""
"=""""","=""*""","=""17/2""","=""""","=""3.791507""","=""""","=""""","=""0.00334""","=""1.33""","=""                                                 ""","=""L3974"""
"=""""","=""*""","=""13/2""","=""""","=""3.798696""","=""""","=""""","=""0.00719""","=""1.20""","=""                                                 ""","=""L3974"""
"=""""","=""*""","=""11/2""","=""""","=""3.808574""","=""""","=""""","=""0.00988""","=""1.300""","=""                                                 ""","=""L3974"""
"=""4f9.(6F*).5d2.(3F)""","=""*""","=""15/2""","=""""","=""3.812145""","=""""","=""""","=""0.00357""","=""1.32""","=""  13  8H*                                        ""","=""L3974"""
"=""""","=""*""","=""9/2""","=""""","=""3.822575""","=""""","=""""","=""0.01043""","=""1.350""","=""                                                 ""","=""L3974"""
"=""""","=""*""","=""19/2""","=""""","=""3.830422""","=""""","=""""","=""0.00785""","=""1.32""","=""                                                 ""","=""L3974"""
"=""4f9.(6H*).5d2.(3F)""","=""*""","=""13/2""","=""""","=""3.840283""","=""""","=""""","=""0.00986""","=""1.139""","=""  35  8L*                                        ""","=""L3974"""
"=""4f9.(6H*).5d2.(1G)""","=""*""","=""13/2""","=""""","=""3.866212""","=""""","=""""","=""0.02593""","=""1.16""","=""  18  6I*                                        ""","=""L3974"""
"=""4f9.(6H*).5d2.(3F)""","=""*""","=""15/2""","=""""","=""3.881508""","=""""","=""""","=""0.01530""","=""1.22""","=""  30  4I*                                        ""","=""L3974"""
"=""""","=""*""","=""11/2""","=""""","=""3.882362""","=""""","=""""","=""0.00085""","=""1.375""","=""                                                 ""","=""L3974"""
"=""""","=""*""","=""11/2""","=""""","=""3.909111""","=""""","=""""","=""0.02675""","=""1.04""","=""                                                 ""","=""L3974"""
"=""4f9.(6H*).5d2.(1G)""","=""*""","=""19/2""","=""""","=""3.910051""","=""""","=""""","=""0.00094""","=""1.26""","=""  38  6K*                                        ""","=""L3974"""
"=""""","=""*""","=""9/2""","=""""","=""3.926261""","=""""","=""""","=""0.01621""","=""1.14""","=""                                                 ""","=""L3974"""
"=""""","=""*""","=""11/2""","=""""","=""3.930505""","=""""","=""""","=""0.00424""","=""1.075""","=""                                                 ""","=""L3974"""
"=""""","=""*""","=""13/2""","=""""","=""3.932171""","=""""","=""""","=""0.00167""","=""0.94""","=""                                                 ""","=""L3974"""
"=""4f9.(6H*).5d2.(1D)""","=""*""","=""15/2""","=""""","=""3.945964""","=""""","=""""","=""0.01379""","=""1.33""","=""  23  6H*                                        ""","=""L3974"""
"=""""","=""*""","=""9/2""","=""""","=""3.950991""","=""""","=""""","=""0.00503""","=""1.28""","=""                                                 ""","=""L3974"""
"=""4f10.(5I).6p""","=""6K*""","=""17/2""","=""""","=""3.9525735""","=""""","=""""","=""0.001583""","=""1.17""","=""  46                                             ""","=""L11757"""
"=""4f9.(6H*).5d2.(3P)""","=""*""","=""13/2""","=""""","=""3.964872""","=""""","=""""","=""0.012298""","=""1.232""","=""  30  6G*                                        ""","=""L3974"""
"=""4f10.(5I).6p""","=""*""","=""13/2""","=""""","=""3.994582""","=""""","=""""","=""0.02971""","=""1.157""","=""  40  6K*                                        ""","=""L3974"""
"=""""","=""*""","=""17/2""","=""""","=""4.002438""","=""""","=""""","=""0.00786""","=""1.20""","=""                                                 ""","=""L3974"""
"=""""","=""*""","=""11/2""","=""""","=""4.015414""","=""""","=""""","=""0.01298""","=""1.22""","=""                                                 ""","=""L3974"""
"=""""","=""*""","=""13/2""","=""""","=""4.040830""","=""""","=""""","=""0.02542""","=""1.10""","=""                                                 ""","=""L3974"""
"=""4f9.(6H*).5d2.(3F)""","=""*""","=""17/2""","=""""","=""4.0435491""","=""""","=""""","=""0.002719""","=""1.19""","=""  24  4L*                                        ""","=""L11757"""
"=""""","=""*""","=""9/2""","=""""","=""4.051714""","=""""","=""""","=""0.008165""","=""1.13""","=""                                                 ""","=""L3974"""
"=""4f10.(5I).6p""","=""6I*""","=""15/2""","=""""","=""4.055519""","=""""","=""""","=""0.00381""","=""1.20""","=""  48                                             ""","=""L3974"""
"=""""","=""*""","=""11/2""","=""""","=""4.079553""","=""""","=""""","=""0.02403""","=""1.10""","=""                                                 ""","=""L3974"""
"=""4f10.(5I).6p""","=""*""","=""13/2""","=""""","=""4.080927""","=""""","=""""","=""0.00137""","=""1.210""","=""  37  4I*                                        ""","=""L3974"""
"=""""","=""*""","=""9/2""","=""""","=""4.081495""","=""""","=""""","=""0.00057""","=""1.180""","=""                                                 ""","=""L3974"""
"=""""","=""*""","=""11/2""","=""""","=""4.091629""","=""""","=""""","=""0.01013""","=""1.370""","=""                                                 ""","=""L3974"""
"=""""","=""*""","=""19/2""","=""""","=""4.095889""","=""""","=""""","=""0.00426""","=""1.232""","=""                                                 ""","=""L3974"""
"=""""","=""*""","=""9/2""","=""""","=""4.103545""","=""""","=""""","=""0.00766""","=""1.093""","=""                                                 ""","=""L3974"""
"=""""","=""*""","=""11/2""","=""""","=""4.129506""","=""""","=""""","=""0.02596""","=""1.29""","=""                                                 ""","=""L3974"""
"=""""","=""*""","=""13/2""","=""""","=""4.131056""","=""""","=""""","=""0.00155""","=""1.18""","=""                                                 ""","=""L3974"""
"=""""","=""*""","=""15/2""","=""""","=""4.149180""","=""""","=""""","=""0.01812""","=""1.273""","=""                                                 ""","=""L3974"""
"=""""","=""*""","=""11/2""","=""""","=""4.154374""","=""""","=""""","=""0.00519""","=""1.12""","=""                                                 ""","=""L3974"""
"=""4f9.(6H*).5d2.(1G)""","=""*""","=""17/2""","=""""","=""4.157108""","=""""","=""""","=""0.00273""","=""1.30""","=""  18  6I*                                        ""","=""L3974"""
"=""""","=""*""","=""15/2""","=""""","=""4.162933""","=""""","=""""","=""0.00582""","=""1.25""","=""                                                 ""","=""L3974"""
"=""""","=""*""","=""13/2""","=""""","=""4.167953""","=""""","=""""","=""0.00502""","=""1.259""","=""                                                 ""","=""L3974"""
"=""""","=""*""","=""11/2""","=""""","=""4.175525""","=""""","=""""","=""0.00757""","=""1.137""","=""                                                 ""","=""L3974"""
"=""""","=""*""","=""9/2""","=""""","=""4.178408""","=""""","=""""","=""0.00288""","=""1.076""","=""                                                 ""","=""L3974"""
"=""""","=""*""","=""13/2""","=""""","=""4.192854""","=""""","=""""","=""0.01445""","=""1.24""","=""                                                 ""","=""L3974"""
"=""""","=""*""","=""15/2""","=""""","=""4.209287""","=""""","=""""","=""0.01643""","=""1.13""","=""                                                 ""","=""L3974"""
"=""""","=""*""","=""13/2""","=""""","=""4.229122""","=""""","=""""","=""0.01984""","=""1.309""","=""                                                 ""","=""L3974"""
"=""""","=""*""","=""11/2""","=""""","=""4.242303""","=""""","=""""","=""0.01318""","=""1.132""","=""                                                 ""","=""L3974"""
"=""""","=""*""","=""13/2""","=""""","=""4.247168""","=""""","=""""","=""0.00487""","=""1.272""","=""                                                 ""","=""L3974"""
"=""""","=""*""","=""9/2""","=""""","=""4.252457""","=""""","=""""","=""0.00529""","=""1.14""","=""                                                 ""","=""L3974"""
"=""""","=""*""","=""19/2""","=""""","=""4.253603""","=""""","=""""","=""0.00115""","=""1.233""","=""                                                 ""","=""L3974"""
"=""4f9.(6H*).5d2.(1G)""","=""*""","=""17/2""","=""""","=""4.264668""","=""""","=""""","=""0.01107""","=""1.28""","=""  24  6K*                                        ""","=""L3974"""
"=""""","=""*""","=""15/2""","=""""","=""4.267935""","=""""","=""""","=""0.00327""","=""1.148""","=""                                                 ""","=""L3974"""
"=""""","=""*""","=""17/2""","=""""","=""4.279822""","=""""","=""""","=""0.01189""","=""1.22""","=""                                                 ""","=""L3974"""
"=""""","=""*""","=""11/2""","=""""","=""4.280438""","=""""","=""""","=""0.00062""","=""1.102""","=""                                                 ""","=""L3974"""
"=""""","=""*""","=""11/2""","=""""","=""4.301204""","=""""","=""""","=""0.02077""","=""1.151""","=""                                                 ""","=""L3974"""
"=""""","=""*""","=""15/2""","=""""","=""4.301308""","=""""","=""""","=""0.00010""","=""1.16""","=""                                                 ""","=""L3974"""
"=""""","=""*""","=""9/2""","=""""","=""4.303768""","=""""","=""""","=""0.00246""","=""1.077""","=""                                                 ""","=""L3974"""
"=""""","=""*""","=""7/2""","=""""","=""4.305996""","=""""","=""""","=""0.00223""","=""1.184""","=""                                                 ""","=""L3974"""
"=""""","=""*""","=""13/2""","=""""","=""4.309585""","=""""","=""""","=""0.00359""","=""1.28""","=""                                                 ""","=""L3974"""
"=""""","=""*""","=""9/2""","=""""","=""4.322697""","=""""","=""""","=""0.01311""","=""1.03""","=""                                                 ""","=""L3974"""
"=""""","=""*""","=""11/2""","=""""","=""4.325118""","=""""","=""""","=""0.00242""","=""1.272""","=""                                                 ""","=""L3974"""
"=""""","=""*""","=""11/2""","=""""","=""4.339525""","=""""","=""""","=""0.01441""","=""1.30""","=""                                                 ""","=""L3974"""
"=""""","=""*""","=""15/2""","=""""","=""4.365215""","=""""","=""""","=""0.02569""","=""1.132""","=""                                                 ""","=""L3974"""
"=""""","=""*""","=""13/2""","=""""","=""4.368035""","=""""","=""""","=""0.00282""","=""1.14""","=""                                                 ""","=""L3974"""
"=""""","=""*""","=""17/2""","=""""","=""4.372502""","=""""","=""""","=""0.00447""","=""1.266""","=""                                                 ""","=""L3974"""
"=""""","=""*""","=""11/2""","=""""","=""4.372726""","=""""","=""""","=""0.00022""","=""1.20""","=""                                                 ""","=""L3974"""
"=""""","=""*""","=""9/2""","=""""","=""4.375990""","=""""","=""""","=""0.00326""","=""0.976""","=""                                                 ""","=""L3974"""
"=""""","=""*""","=""15/2""","=""""","=""4.384714""","=""""","=""""","=""0.00872""","=""1.21""","=""                                                 ""","=""L3974"""
"=""""","=""*""","=""7/2""","=""""","=""4.387533""","=""""","=""""","=""0.00282""","=""0.794""","=""                                                 ""","=""L3974"""
"=""""","=""*""","=""13/2""","=""""","=""4.393324""","=""""","=""""","=""0.00579""","=""1.13""","=""                                                 ""","=""L3974"""
"=""""","=""*""","=""17/2""","=""""","=""4.400934""","=""""","=""""","=""0.00761""","=""1.23""","=""                                                 ""","=""L3974"""
"=""""","=""*""","=""15/2""","=""""","=""4.409608""","=""""","=""""","=""0.00867""","=""1.17""","=""                                                 ""","=""L3974"""
"=""""","=""*""","=""11/2""","=""""","=""4.421007""","=""""","=""""","=""0.01140""","=""1.46""","=""                                                 ""","=""L3974"""
"=""""","=""*""","=""11/2""","=""""","=""4.424480""","=""""","=""""","=""0.00347""","=""1.229""","=""                                                 ""","=""L3974"""
"=""""","=""*""","=""15/2""","=""""","=""4.427112""","=""""","=""""","=""0.00263""","=""1.25""","=""                                                 ""","=""L3974"""
"=""""","=""*""","=""9/2""","=""""","=""4.443814""","=""""","=""""","=""0.01670""","=""1.04""","=""                                                 ""","=""L3974"""
"=""""","=""*""","=""9/2""","=""""","=""4.463586""","=""""","=""""","=""0.01977""","=""0.96""","=""                                                 ""","=""L3974"""
"=""""","=""*""","=""13/2""","=""""","=""4.463921""","=""""","=""""","=""0.00033""","=""1.028""","=""                                                 ""","=""L3974"""
"=""""","=""*""","=""11/2""","=""""","=""4.470502""","=""""","=""""","=""0.00658""","=""1.21""","=""                                                 ""","=""L3974"""
"=""""","=""*""","=""17/2""","=""""","=""4.470734""","=""""","=""""","=""0.00023""","=""1.158""","=""                                                 ""","=""L3974"""
"=""""","=""*""","=""13/2""","=""""","=""4.484998""","=""""","=""""","=""0.01426""","=""1.14""","=""                                                 ""","=""L3974"""
"=""4f9.(6H*).6s.6p.(3P*)""","=""8G""","=""15/2""","=""""","=""4.489739""","=""""","=""""","=""0.00474""","=""1.405""","=""  45                                             ""","=""L3974"""
"=""""","=""*""","=""9/2""","=""""","=""4.495759""","=""""","=""""","=""0.00602""","=""0.953""","=""                                                 ""","=""L3974"""
"=""""","=""*""","=""11/2""","=""""","=""4.496240""","=""""","=""""","=""0.00048""","=""1.14""","=""                                                 ""","=""L3974"""
"=""""","=""*""","=""13/2""","=""""","=""4.498470""","=""""","=""""","=""0.00223""","=""1.21""","=""                                                 ""","=""L3974"""
"=""""","=""*""","=""9/2""","=""""","=""4.505593""","=""""","=""""","=""0.00712""","=""1.155""","=""                                                 ""","=""L3974"""
"=""""","=""*""","=""11/2""","=""""","=""4.506912""","=""""","=""""","=""0.00132""","=""1.07""","=""                                                 ""","=""L3974"""
"=""""","=""*""","=""15/2""","=""""","=""4.510277""","=""""","=""""","=""0.00337""","=""1.347""","=""                                                 ""","=""L3974"""
"=""""","=""*""","=""13/2""","=""""","=""4.511417""","=""""","=""""","=""0.00114""","=""1.226""","=""                                                 ""","=""L3974"""
"=""""","=""*""","=""9/2""","=""""","=""4.521250""","=""""","=""""","=""0.00983""","=""1.08""","=""                                                 ""","=""L3974"""
"=""4f9.(6H*).6s.6p.(3P*)""","=""8H""","=""17/2""","=""""","=""4.528262""","=""""","=""""","=""0.00701""","=""1.373""","=""  59                                             ""","=""L3974"""
"=""""","=""*""","=""7/2""","=""""","=""4.543273""","=""""","=""""","=""0.01501""","=""1.26""","=""                                                 ""","=""L3974"""
"=""""","=""*""","=""7/2""","=""""","=""4.550158""","=""""","=""""","=""0.00688""","=""1.11""","=""                                                 ""","=""L3974"""
"=""""","=""*""","=""15/2""","=""""","=""4.552655""","=""""","=""""","=""0.00250""","=""1.23""","=""                                                 ""","=""L3974"""
"=""""","=""*""","=""9/2""","=""""","=""4.563292""","=""""","=""""","=""0.01064""","=""1.225""","=""                                                 ""","=""L3974"""
"=""""","=""*""","=""9/2""","=""""","=""4.569973""","=""""","=""""","=""0.00668""","=""1.37""","=""                                                 ""","=""L3974"""
"=""""","=""*""","=""13/2""","=""""","=""4.573120""","=""""","=""""","=""0.00315""","=""1.26""","=""                                                 ""","=""L3974"""
"=""""","=""*""","=""11/2""","=""""","=""4.583780""","=""""","=""""","=""0.01066""","=""1.20""","=""                                                 ""","=""L3974"""
"=""""","=""*""","=""7/2""","=""""","=""4.591948""","=""""","=""""","=""0.00817""","=""0.97""","=""                                                 ""","=""L3974"""
"=""""","=""*""","=""13/2""","=""""","=""4.594971""","=""""","=""""","=""0.00302""","=""1.28""","=""                                                 ""","=""L3974"""
"=""""","=""*""","=""9/2""","=""""","=""4.595668""","=""""","=""""","=""0.00070""","=""1.20""","=""                                                 ""","=""L3974"""
"=""""","=""*""","=""11/2""","=""""","=""4.596873""","=""""","=""""","=""0.00121""","=""1.209""","=""                                                 ""","=""L3974"""
"=""""","=""*""","=""13/2""","=""""","=""4.606103""","=""""","=""""","=""0.00923""","=""1.24""","=""                                                 ""","=""L3974"""
"=""""","=""*""","=""11/2""","=""""","=""4.610639""","=""""","=""""","=""0.00454""","=""1.397""","=""                                                 ""","=""L3974"""
"=""""","=""*""","=""15/2""","=""""","=""4.610726""","=""""","=""""","=""0.00009""","=""1.264""","=""                                                 ""","=""L3974"""
"=""""","=""*""","=""7/2""","=""""","=""4.612208""","=""""","=""""","=""0.00148""","=""1.088""","=""                                                 ""","=""L3974"""
"=""""","=""*""","=""11/2""","=""""","=""4.632544""","=""""","=""""","=""0.02034""","=""1.250""","=""                                                 ""","=""L3974"""
"=""""","=""*""","=""13/2""","=""""","=""4.634889""","=""""","=""""","=""0.00235""","=""1.30""","=""                                                 ""","=""L3974"""
"=""""","=""*""","=""11/2""","=""""","=""4.651562""","=""""","=""""","=""0.01667""","=""1.24""","=""                                                 ""","=""L3974"""
"=""""","=""*""","=""9/2""","=""""","=""4.652865""","=""""","=""""","=""0.00130""","=""1.164""","=""                                                 ""","=""L3974"""
"=""""","=""*""","=""15/2""","=""""","=""4.664670""","=""""","=""""","=""0.01180""","=""1.242""","=""                                                 ""","=""L3974"""
"=""""","=""*""","=""11/2""","=""""","=""4.666511""","=""""","=""""","=""0.00184""","=""1.123""","=""                                                 ""","=""L3974"""
"=""""","=""*""","=""13/2""","=""""","=""4.670646""","=""""","=""""","=""0.00413""","=""1.320""","=""                                                 ""","=""L3974"""
"=""""","=""*""","=""3/2""","=""""","=""4.674621""","=""""","=""""","=""0.00398""","=""1.53""","=""                                                 ""","=""L3974"""
"=""""","=""*""","=""7/2""","=""""","=""4.682243""","=""""","=""""","=""0.00762""","=""1.054""","=""                                                 ""","=""L3974"""
"=""""","=""*""","=""11/2""","=""""","=""4.686070""","=""""","=""""","=""0.00383""","=""1.208""","=""                                                 ""","=""L3974"""
"=""4f9.(6H*).5d (7H*).6p""","=""""","=""15/2""","=""""","=""4.688749""","=""""","=""""","=""0.00268""","=""1.333""","=""  20  8G                                         ""","=""L3974"""
"=""""","=""*""","=""7/2""","=""""","=""4.691495""","=""""","=""""","=""0.00275""","=""0.76""","=""                                                 ""","=""L3974"""
"=""4f9.(6H*).6s.6p.(3P*)""","=""""","=""13/2""","=""""","=""4.696342""","=""""","=""""","=""0.00485""","=""1.303""","=""  20  6H                                         ""","=""L3974"""
"=""""","=""*""","=""9/2""","=""""","=""4.698387""","=""""","=""""","=""0.00205""","=""0.78""","=""                                                 ""","=""L3974"""
"=""""","=""*""","=""13/2""","=""""","=""4.699709""","=""""","=""""","=""0.00132""","=""1.11""","=""                                                 ""","=""L3974"""
"=""""","=""*""","=""15/2""","=""""","=""4.704232""","=""""","=""""","=""0.00452""","=""1.25""","=""                                                 ""","=""L3974"""
"=""""","=""*""","=""9/2""","=""""","=""4.706244""","=""""","=""""","=""0.00201""","=""1.165""","=""                                                 ""","=""L3974"""
"=""""","=""*""","=""11/2""","=""""","=""4.721073""","=""""","=""""","=""0.01483""","=""1.097""","=""                                                 ""","=""L3974"""
"=""""","=""*""","=""13/2""","=""""","=""4.725126""","=""""","=""""","=""0.00405""","=""1.09""","=""                                                 ""","=""L3974"""
"=""""","=""*""","=""13/2""","=""""","=""4.727539""","=""""","=""""","=""0.00241""","=""1.228""","=""                                                 ""","=""L3974"""
"=""""","=""*""","=""11/2""","=""""","=""4.730741""","=""""","=""""","=""0.00320""","=""1.177""","=""                                                 ""","=""L3974"""
"=""""","=""*""","=""5/2""","=""""","=""4.731558""","=""""","=""""","=""0.00082""","=""1.183""","=""                                                 ""","=""L3974"""
"=""""","=""*""","=""9/2""","=""""","=""4.738043""","=""""","=""""","=""0.00649""","=""1.22""","=""                                                 ""","=""L3974"""
"=""""","=""*""","=""7/2""","=""""","=""4.743051""","=""""","=""""","=""0.00501""","=""1.05""","=""                                                 ""","=""L3974"""
"=""""","=""*""","=""17/2""","=""""","=""4.744452""","=""""","=""""","=""0.00140""","=""1.152""","=""                                                 ""","=""L3974"""
"=""""","=""*""","=""11/2""","=""""","=""4.747376""","=""""","=""""","=""0.00292""","=""1.15""","=""                                                 ""","=""L3974"""
"=""""","=""*""","=""13/2""","=""""","=""4.748277""","=""""","=""""","=""0.00090""","=""1.20""","=""                                                 ""","=""L3974"""
"=""""","=""*""","=""7/2""","=""""","=""4.751346""","=""""","=""""","=""0.00307""","=""1.37""","=""                                                 ""","=""L3974"""
"=""4f9.(6H*).5d (7H*).6p""","=""""","=""17/2""","=""""","=""4.761291""","=""""","=""""","=""0.00995""","=""1.326""","=""  23  8H                                         ""","=""L3974"""
"=""4f9.(6H*).5d (7H*).6p""","=""""","=""15/2""","=""""","=""4.764385""","=""""","=""""","=""0.00309""","=""1.317""","=""  19  8H                                         ""","=""L3974"""
"=""""","=""*""","=""9/2""","=""""","=""4.768141""","=""""","=""""","=""0.00376""","=""1.20""","=""                                                 ""","=""L3974"""
"=""""","=""*""","=""11/2""","=""""","=""4.772777""","=""""","=""""","=""0.00464""","=""1.131""","=""                                                 ""","=""L3974"""
"=""""","=""*""","=""11/2""","=""""","=""4.780758""","=""""","=""""","=""0.00798""","=""1.26""","=""                                                 ""","=""L3974"""
"=""""","=""*""","=""7/2""","=""""","=""4.783695""","=""""","=""""","=""0.00294""","=""1.197""","=""                                                 ""","=""L3974"""
"=""""","=""*""","=""3/2""","=""""","=""4.785763""","=""""","=""""","=""0.00207""","=""1.76""","=""                                                 ""","=""L3974"""
"=""""","=""*""","=""9/2""","=""""","=""4.786317""","=""""","=""""","=""0.00055""","=""1.26""","=""                                                 ""","=""L3974"""
"=""""","=""*""","=""7/2""","=""""","=""4.790234""","=""""","=""""","=""0.00392""","=""1.094""","=""                                                 ""","=""L3974"""
"=""""","=""*""","=""15/2""","=""""","=""4.792817""","=""""","=""""","=""0.00258""","=""1.06""","=""                                                 ""","=""L3974"""
"=""""","=""*""","=""5/2""","=""""","=""4.801066""","=""""","=""""","=""0.00825""","=""1.45""","=""                                                 ""","=""L3974"""
"=""""","=""*""","=""9/2""","=""""","=""4.802631""","=""""","=""""","=""0.00157""","=""1.353""","=""                                                 ""","=""L3974"""
"=""""","=""*""","=""13/2""","=""""","=""4.805490""","=""""","=""""","=""0.00286""","=""1.12""","=""                                                 ""","=""L3974"""
"=""""","=""*""","=""3/2""","=""""","=""4.807387""","=""""","=""""","=""0.00190""","=""1.35""","=""                                                 ""","=""L3974"""
"=""""","=""*""","=""15/2""","=""""","=""4.811085""","=""""","=""""","=""0.00370""","=""1.252""","=""                                                 ""","=""L3974"""
"=""""","=""*""","=""7/2""","=""""","=""4.812855""","=""""","=""""","=""0.00177""","=""1.20""","=""                                                 ""","=""L3974"""
"=""4f9.(6H*).5d (7H*).6p""","=""""","=""13/2""","=""""","=""4.827906""","=""""","=""""","=""0.01505""","=""1.381""","=""  22  8G                                         ""","=""L3974"""
"=""""","=""*""","=""9/2""","=""""","=""4.831984""","=""""","=""""","=""0.00408""","=""1.227""","=""                                                 ""","=""L3974"""
"=""""","=""*""","=""13/2""","=""""","=""4.838098""","=""""","=""""","=""0.00611""","=""1.09""","=""                                                 ""","=""L3974"""
"=""""","=""*""","=""9/2""","=""""","=""4.841666""","=""""","=""""","=""0.00357""","=""1.15""","=""                                                 ""","=""L3974"""
"=""""","=""*""","=""7/2""","=""""","=""4.845456""","=""""","=""""","=""0.00379""","=""1.08""","=""                                                 ""","=""L3974"""
"=""""","=""*""","=""11/2""","=""""","=""4.849993""","=""""","=""""","=""0.00454""","=""1.24""","=""                                                 ""","=""L3974"""
"=""""","=""*""","=""7/2""","=""""","=""4.861329""","=""""","=""""","=""0.01134""","=""1.22""","=""                                                 ""","=""L3974"""
"=""""","=""*""","=""11/2""","=""""","=""4.862152""","=""""","=""""","=""0.00082""","=""1.268""","=""                                                 ""","=""L3974"""
"=""""","=""*""","=""13/2""","=""""","=""4.864055""","=""""","=""""","=""0.00190""","=""1.20""","=""                                                 ""","=""L3974"""
"=""""","=""*""","=""13/2""","=""""","=""4.871805""","=""""","=""""","=""0.00775""","=""1.09""","=""                                                 ""","=""L3974"""
"=""""","=""*""","=""9/2""","=""""","=""4.872759""","=""""","=""""","=""0.00095""","=""1.153""","=""                                                 ""","=""L3974"""
"=""""","=""*""","=""7/2""","=""""","=""4.873648""","=""""","=""""","=""0.00089""","=""1.021""","=""                                                 ""","=""L3974"""
"=""""","=""*""","=""9/2""","=""""","=""4.877107""","=""""","=""""","=""0.00346""","=""1.17""","=""                                                 ""","=""L3974"""
"=""""","=""*""","=""5/2""","=""""","=""4.882128""","=""""","=""""","=""0.00502""","=""0.701""","=""                                                 ""","=""L3974"""
"=""""","=""*""","=""11/2""","=""""","=""4.886988""","=""""","=""""","=""0.00486""","=""1.049""","=""                                                 ""","=""L3974"""
"=""""","=""*""","=""7/2""","=""""","=""4.897341""","=""""","=""""","=""0.01035""","=""1.214""","=""                                                 ""","=""L3974"""
"=""""","=""*""","=""9/2""","=""""","=""4.899532""","=""""","=""""","=""0.00219""","=""1.41""","=""                                                 ""","=""L3974"""
"=""""","=""*""","=""11/2""","=""""","=""4.903465""","=""""","=""""","=""0.00393""","=""0.953""","=""                                                 ""","=""L3974"""
"=""""","=""*""","=""7/2""","=""""","=""4.910679""","=""""","=""""","=""0.00721""","=""1.09""","=""                                                 ""","=""L3974"""
"=""""","=""*""","=""9/2""","=""""","=""4.921129""","=""""","=""""","=""0.01045""","=""1.017""","=""                                                 ""","=""L3974"""
"=""""","=""*""","=""9/2""","=""""","=""4.926525""","=""""","=""""","=""0.00540""","=""1.43""","=""                                                 ""","=""L3974"""
"=""""","=""*""","=""11/2""","=""""","=""4.933474""","=""""","=""""","=""0.00695""","=""1.22""","=""                                                 ""","=""L3974"""
"=""""","=""*""","=""13/2""","=""""","=""4.936427""","=""""","=""""","=""0.00295""","=""1.08""","=""                                                 ""","=""L3974"""
"=""""","=""*""","=""9/2""","=""""","=""4.939296""","=""""","=""""","=""0.00287""","=""1.233""","=""                                                 ""","=""L3974"""
"=""""","=""*""","=""11/2""","=""""","=""4.941378""","=""""","=""""","=""0.00208""","=""1.19""","=""                                                 ""","=""L3974"""
"=""4f9.(6H*).6s.6p.(3P*)""","=""""","=""13/2""","=""""","=""4.946563""","=""""","=""""","=""0.00518""","=""1.24""","=""  20  8H                                         ""","=""L3974"""
"=""""","=""""","=""13/2""","=""""","=""4.952455""","=""""","=""""","=""0.00589""","=""1.23""","=""                                                 ""","=""L3974"""
"=""""","=""*""","=""5/2""","=""""","=""4.954089""","=""""","=""""","=""0.00163""","=""1.13""","=""                                                 ""","=""L3974"""
"=""""","=""*""","=""11/2""","=""""","=""4.957549""","=""""","=""""","=""0.00346""","=""1.19""","=""                                                 ""","=""L3974"""
"=""""","=""*""","=""7/2""","=""""","=""4.963835""","=""""","=""""","=""0.00629""","=""1.101""","=""                                                 ""","=""L3974"""
"=""""","=""*""","=""7/2""","=""""","=""4.966850""","=""""","=""""","=""0.00301""","=""1.19""","=""                                                 ""","=""L3974"""
"=""""","=""*""","=""9/2""","=""""","=""4.970710""","=""""","=""""","=""0.00386""","=""0.97""","=""                                                 ""","=""L3974"""
"=""""","=""*""","=""5/2""","=""""","=""4.976421""","=""""","=""""","=""0.00571""","=""1.32""","=""                                                 ""","=""L3974"""
"=""""","=""*""","=""11/2""","=""""","=""4.977516""","=""""","=""""","=""0.00109""","=""1.07""","=""                                                 ""","=""L3974"""
"=""4f9.(6H*).6s.6p.(3P*)""","=""8I""","=""19/2""","=""""","=""4.978962""","=""""","=""""","=""0.00145""","=""1.36""","=""  69                                             ""","=""L3974"""
"=""4f9.(6H*).5d (7H*).6p""","=""""","=""11/2""","=""""","=""4.983423""","=""""","=""""","=""0.00446""","=""1.34""","=""  18  8H                                         ""","=""L3974"""
"=""""","=""*""","=""5/2""","=""""","=""4.985390""","=""""","=""""","=""0.00197""","=""0.832""","=""                                                 ""","=""L3974"""
"=""""","=""*""","=""11/2""","=""""","=""4.987121""","=""""","=""""","=""0.00173""","=""1.075""","=""                                                 ""","=""L3974"""
"=""""","=""*""","=""5/2""","=""""","=""4.992211""","=""""","=""""","=""0.00509""","=""1.151""","=""                                                 ""","=""L3974"""
"=""""","=""*""","=""9/2""","=""""","=""4.998434""","=""""","=""""","=""0.00622""","=""1.06""","=""                                                 ""","=""L3974"""
"=""""","=""*""","=""9/2""","=""""","=""5.001984""","=""""","=""""","=""0.00355""","=""1.19""","=""                                                 ""","=""L3974"""
"=""""","=""*""","=""3/2""","=""""","=""5.015773""","=""""","=""""","=""0.01379""","=""1.55""","=""                                                 ""","=""L3974"""
"=""4f9.(6H*).6s.6p.(3P*)""","=""""","=""17/2""","=""""","=""5.015871""","=""""","=""""","=""0.00010""","=""1.326""","=""  39  6I                                         ""","=""L3974"""
"=""""","=""*""","=""7/2""","=""""","=""5.018604""","=""""","=""""","=""0.00273""","=""1.09""","=""                                                 ""","=""L3974"""
"=""4f9.(6H*).6s.6p.(3P*)""","=""""","=""15/2""","=""""","=""5.023443""","=""""","=""""","=""0.00484""","=""1.35""","=""  17  8I                                         ""","=""L3974"""
"=""""","=""*""","=""3/2""","=""""","=""5.024595""","=""""","=""""","=""0.00115""","=""1.32""","=""                                                 ""","=""L3974"""
"=""""","=""*""","=""9/2""","=""""","=""5.026443""","=""""","=""""","=""0.00185""","=""1.21""","=""                                                 ""","=""L3974"""
"=""4f9.(6H*).6s.6p.(3P*)""","=""""","=""15/2""","=""""","=""5.034268""","=""""","=""""","=""0.00782""","=""1.295""","=""  24  4I                                         ""","=""L3974"""
"=""""","=""""","=""15/2""","=""""","=""5.037034""","=""""","=""""","=""0.00277""","=""1.093""","=""                                                 ""","=""L3974"""
"=""""","=""*""","=""11/2""","=""""","=""5.038170""","=""""","=""""","=""0.00114""","=""0.96""","=""                                                 ""","=""L3974"""
"=""""","=""*""","=""7/2""","=""""","=""5.045510""","=""""","=""""","=""0.00734""","=""1.32""","=""                                                 ""","=""L3974"""
"=""4f9.(6H*).5d (7H*).6p""","=""""","=""19/2""","=""""","=""5.059448""","=""""","=""""","=""0.01394""","=""1.332""","=""  44  8I                                         ""","=""L3974"""
"=""4f9.(6H*).6s.6p.(3P*)""","=""""","=""11/2""","=""""","=""5.063717""","=""""","=""""","=""0.00427""","=""1.326""","=""  20  8H                                         ""","=""L3974"""
"=""""","=""*""","=""11/2""","=""""","=""5.076585""","=""""","=""""","=""0.01287""","=""1.137""","=""                                                 ""","=""L3974"""
"=""""","=""*""","=""9/2""","=""""","=""5.080520""","=""""","=""""","=""0.00394""","=""1.148""","=""                                                 ""","=""L3974"""
"=""4f9.(6H*).6s.6p.(3P*)""","=""""","=""13/2""","=""""","=""5.083857""","=""""","=""""","=""0.00334""","=""1.26""","=""  15  6I                                         ""","=""L3974"""
"=""""","=""*""","=""13/2""","=""""","=""5.092108""","=""""","=""""","=""0.00825""","=""1.12""","=""                                                 ""","=""L3974"""
"=""4f9.(6H*).6s.6p.(3P*)""","=""""","=""15/2""","=""""","=""5.097128""","=""""","=""""","=""0.00502""","=""1.32""","=""  40  6H                                         ""","=""L3974"""
"=""""","=""*""","=""5/2""","=""""","=""5.116364""","=""""","=""""","=""0.01924""","=""1.41""","=""                                                 ""","=""L3974"""
"=""""","=""*""","=""5/2""","=""""","=""5.117349""","=""""","=""""","=""0.00099""","=""1.41""","=""                                                 ""","=""L3974"""
"=""""","=""*""","=""11/2""","=""""","=""5.121201""","=""""","=""""","=""0.00385""","=""1.12""","=""                                                 ""","=""L3974"""
"=""""","=""*""","=""9/2""","=""""","=""5.122713""","=""""","=""""","=""0.00151""","=""1.12""","=""                                                 ""","=""L3974"""
"=""""","=""*""","=""7/2""","=""""","=""5.124941""","=""""","=""""","=""0.00223""","=""1.04""","=""                                                 ""","=""L3974"""
"=""""","=""*""","=""7/2""","=""""","=""5.139813""","=""""","=""""","=""0.01487""","=""1.10""","=""                                                 ""","=""L3974"""
"=""""","=""*""","=""9/2""","=""""","=""5.141921""","=""""","=""""","=""0.00211""","=""1.10""","=""                                                 ""","=""L3974"""
"=""""","=""*""","=""13/2""","=""""","=""5.151123""","=""""","=""""","=""0.00920""","=""1.20""","=""                                                 ""","=""L3974"""
"=""""","=""*""","=""9/2""","=""""","=""5.151190""","=""""","=""""","=""0.00007""","=""1.15""","=""                                                 ""","=""L3974"""
"=""4f9.(6H*).5d (7H*).6p""","=""""","=""17/2""","=""""","=""5.155747""","=""""","=""""","=""0.00456""","=""1.33""","=""  25  6I                                         ""","=""L3974"""
"=""""","=""*""","=""9/2""","=""""","=""5.157031""","=""""","=""""","=""0.00128""","=""1.148""","=""                                                 ""","=""L3974"""
"=""""","=""*""","=""5/2""","=""""","=""5.162532""","=""""","=""""","=""0.00550""","=""1.346""","=""                                                 ""","=""L3974"""
"=""""","=""*""","=""7/2""","=""""","=""5.168819""","=""""","=""""","=""0.00629""","=""1.382""","=""                                                 ""","=""L3974"""
"=""""","=""*""","=""7/2""","=""""","=""5.170437""","=""""","=""""","=""0.00162""","=""1.21""","=""                                                 ""","=""L3974"""
"=""""","=""*""","=""9/2""","=""""","=""5.176038""","=""""","=""""","=""0.00560""","=""0.99""","=""                                                 ""","=""L3974"""
"=""""","=""*""","=""7/2""","=""""","=""5.183640""","=""""","=""""","=""0.00760""","=""1.01""","=""                                                 ""","=""L3974"""
"=""4f9.(6H*).6s.6p.(3P*)""","=""""","=""13/2""","=""""","=""5.192270""","=""""","=""""","=""0.00863""","=""1.314""","=""  16  4H                                         ""","=""L3974"""
"=""""","=""*""","=""7/2""","=""""","=""5.196513""","=""""","=""""","=""0.00424""","=""1.18""","=""                                                 ""","=""L3974"""
"=""""","=""*""","=""5/2""","=""""","=""5.214836""","=""""","=""""","=""0.01832""","=""1.28""","=""                                                 ""","=""L3974"""
"=""""","=""*""","=""11/2""","=""""","=""5.215726""","=""""","=""""","=""0.00089""","=""1.15""","=""                                                 ""","=""L3974"""
"=""4f9.(6H*).5d (7F*).6p""","=""""","=""11/2""","=""""","=""5.217700""","=""""","=""""","=""0.00197""","=""1.33""","=""  24  8D                                         ""","=""L3974"""
"=""4f9.(6H*).6s.6p.(3P*)""","=""""","=""13/2""","=""""","=""5.224361""","=""""","=""""","=""0.00666""","=""1.33""","=""  32  6G                                         ""","=""L3974"""
"=""""","=""""","=""11/2""","=""""","=""5.226017""","=""""","=""""","=""0.00166""","=""1.10""","=""                                                 ""","=""L3974"""
"=""4f9.(6H*).5d (7H*).6p""","=""""","=""9/2""","=""""","=""5.239130""","=""""","=""""","=""0.01311""","=""1.23""","=""  27  8H                                         ""","=""L3974"""
"=""""","=""*""","=""9/2""","=""""","=""5.242839""","=""""","=""""","=""0.00371""","=""1.14""","=""                                                 ""","=""L3974"""
"=""4f9.(6H*).5d (7H*).6p""","=""""","=""13/2""","=""""","=""5.243209""","=""""","=""""","=""0.00037""","=""1.348""","=""  30  6G                                         ""","=""L3974"""
"=""""","=""*""","=""5/2""","=""""","=""5.247299""","=""""","=""""","=""0.00409""","=""1.39""","=""                                                 ""","=""L3974"""
"=""""","=""*""","=""13/2""","=""""","=""5.248705""","=""""","=""""","=""0.00141""","=""1.17""","=""                                                 ""","=""L3974"""
"=""""","=""*""","=""3/2""","=""""","=""5.263345""","=""""","=""""","=""0.01464""","=""1.59""","=""                                                 ""","=""L3974"""
"=""4f9.(6H*).5d (7H*).6p""","=""""","=""19/2""","=""""","=""5.266722""","=""""","=""""","=""0.00338""","=""1.31""","=""  35  8I                                         ""","=""L3974"""
"=""4f9.(6H*).5d (7H*).6p""","=""""","=""15/2""","=""""","=""5.275539""","=""""","=""""","=""0.00882""","=""1.34""","=""  26  6H                                         ""","=""L3974"""
"=""""","=""*""","=""7/2""","=""""","=""5.285303""","=""""","=""""","=""0.00976""","=""1.23""","=""                                                 ""","=""L3974"""
"=""""","=""*""","=""5/2""","=""""","=""5.289517""","=""""","=""""","=""0.00421""","=""1.46""","=""                                                 ""","=""L3974"""
"=""4f9.(6H*).5d (7H*).6p""","=""""","=""17/2""","=""""","=""5.299294""","=""""","=""""","=""0.00978""","=""1.32""","=""  12  8H                                         ""","=""L3974"""
"=""""","=""*""","=""5/2""","=""""","=""5.300601""","=""""","=""""","=""0.00131""","=""1.05""","=""                                                 ""","=""L3974"""
"=""""","=""*""","=""9/2""","=""""","=""5.306059""","=""""","=""""","=""0.00546""","=""1.05""","=""                                                 ""","=""L3974"""
"=""4f9.(6H*).6s.6p.(3P*)""","=""""","=""11/2""","=""""","=""5.308145""","=""""","=""""","=""0.00209""","=""1.208""","=""  13  4G                                         ""","=""L3974"""
"=""""","=""*""","=""7/2""","=""""","=""5.310424""","=""""","=""""","=""0.00228""","=""1.17""","=""                                                 ""","=""L3974"""
"=""4f9.(6H*).5d (7F*).6p""","=""""","=""13/2""","=""""","=""5.316816""","=""""","=""""","=""0.00639""","=""1.367""","=""  19  8F                                         ""","=""L3974"""
"=""4f9.(6H*).6s.6p.(3P*)""","=""""","=""9/2""","=""""","=""5.320359""","=""""","=""""","=""0.00354""","=""1.21""","=""  33  8H                                         ""","=""L3974"""
"=""4f9.(6H*).5d (7H*).6p""","=""""","=""15/2""","=""""","=""5.331690""","=""""","=""""","=""0.01133""","=""1.33""","=""  20  8H                                         ""","=""L3974"""
"=""""","=""*""","=""3/2""","=""""","=""5.337319""","=""""","=""""","=""0.00563""","=""1.16""","=""                                                 ""","=""L3974"""
"=""4f9.(6H*).5d (7H*).6p""","=""""","=""17/2""","=""""","=""5.339527""","=""""","=""""","=""0.00221""","=""1.343""","=""  35  8I                                         ""","=""L3974"""
"=""""","=""*""","=""7/2""","=""""","=""5.350015""","=""""","=""""","=""0.01049""","=""1.13""","=""                                                 ""","=""L3974"""
"=""""","=""*""","=""7/2""","=""""","=""5.351860""","=""""","=""""","=""0.00185""","=""1.35""","=""                                                 ""","=""L3974"""
"=""""","=""*""","=""5/2""","=""""","=""5.362329""","=""""","=""""","=""0.01047""","=""1.42""","=""                                                 ""","=""L3974"""
"=""4f9.(6H*).6s.6p.(3P*)""","=""""","=""13/2""","=""""","=""5.383649""","=""""","=""""","=""0.02132""","=""1.307""","=""  19  8I                                         ""","=""L3974"""
"=""""","=""*""","=""9/2""","=""""","=""5.397570""","=""""","=""""","=""0.01392""","=""1.24""","=""                                                 ""","=""L3974"""
"=""""","=""*""","=""5/2""","=""""","=""5.404014""","=""""","=""""","=""0.00644""","=""0.99""","=""                                                 ""","=""L3974"""
"=""""","=""*""","=""7/2""","=""""","=""5.414200""","=""""","=""""","=""0.01019""","=""1.15""","=""                                                 ""","=""L3974"""
"=""""","=""*""","=""9/2""","=""""","=""5.414756""","=""""","=""""","=""0.00056""","=""1.17""","=""                                                 ""","=""L3974"""
"=""4f9.(6F*).6s.6p.(3P*)""","=""8D""","=""11/2""","=""""","=""5.416868""","=""""","=""""","=""0.00211""","=""1.401""","=""  45                                             ""","=""L3974"""
"=""4f9.(6H*).6s.6p.(3P*)""","=""""","=""15/2""","=""""","=""5.429807""","=""""","=""""","=""0.01294""","=""1.298""","=""  20  8I                                         ""","=""L3974"""
"=""""","=""*""","=""5/2""","=""""","=""5.434101""","=""""","=""""","=""0.00429""","=""1.02""","=""                                                 ""","=""L3974"""
"=""4f9.(6H*).5d (7H*).6p""","=""""","=""7/2""","=""""","=""5.435232""","=""""","=""""","=""0.00113""","=""1.04""","=""  33  8H                                         ""","=""L3974"""
"=""4f9.(6H*).5d (7G*).6p""","=""""","=""15/2""","=""""","=""5.441831""","=""""","=""""","=""0.00660""","=""1.31""","=""  21  6H                                         ""","=""L3974"""
"=""""","=""*""","=""3/2""","=""""","=""5.445948""","=""""","=""""","=""0.00412""","=""0.66""","=""                                                 ""","=""L3974"""
"=""""","=""*""","=""5/2""","=""""","=""5.447791""","=""""","=""""","=""0.00184""","=""1.22""","=""                                                 ""","=""L3974"""
"=""""","=""*""","=""11/2""","=""""","=""5.460641""","=""""","=""""","=""0.01285""","=""1.21""","=""                                                 ""","=""L3974"""
"=""4f9.(6H*).6s.6p.(3P*)""","=""""","=""13/2""","=""""","=""5.461407""","=""""","=""""","=""0.00077""","=""1.312""","=""  12  6H                                         ""","=""L3974"""
"=""4f9.(6H*).6s.6p.(3P*)""","=""""","=""17/2""","=""""","=""5.464530""","=""""","=""""","=""0.00312""","=""1.31""","=""  25  8I                                         ""","=""L3974"""
"=""""","=""*""","=""7/2""","=""""","=""5.470182""","=""""","=""""","=""0.00565""","=""1.18""","=""                                                 ""","=""L3974"""
"=""4f9.(6H*).5d (7I*).6p""","=""8K""","=""21/2""","=""""","=""5.474768""","=""""","=""""","=""0.00459""","=""1.317""","=""  73                                             ""","=""L3974"""
"=""4f9.(6H*).5d (7H*).6p""","=""""","=""13/2""","=""""","=""5.478802""","=""""","=""""","=""0.00403""","=""1.31""","=""  20  6H                                         ""","=""L3974"""
"=""""","=""*""","=""3/2""","=""""","=""5.481503""","=""""","=""""","=""0.00270""","=""1.16""","=""                                                 ""","=""L3974"""
"=""4f9.(6H*).6s.6p.(3P*)""","=""""","=""11/2""","=""""","=""5.496388""","=""""","=""""","=""0.01488""","=""1.242""","=""  16  6I                                         ""","=""L3974"""
"=""4f9.(6H*).5d (7H*).6p""","=""""","=""9/2""","=""""","=""5.498948""","=""""","=""""","=""0.00256""","=""1.17""","=""  22  8I                                         ""","=""L3974"""
"=""""","=""*""","=""5/2""","=""""","=""5.510995""","=""""","=""""","=""0.01205""","=""1.06""","=""                                                 ""","=""L3974"""
"=""4f9.(6H*).5d (7I*).6p""","=""""","=""19/2""","=""""","=""5.517542""","=""""","=""""","=""0.00655""","=""1.32""","=""  43  8I                                         ""","=""L3974"""
"=""""","=""*""","=""7/2""","=""""","=""5.520322""","=""""","=""""","=""0.00278""","=""1.22""","=""                                                 ""","=""L3974"""
"=""4f9.(6H*).6s.6p.(3P*)""","=""""","=""7/2""","=""""","=""5.520948""","=""""","=""""","=""0.00063""","=""1.00""","=""      8H                                         ""","=""L3974"""
"=""""","=""*""","=""3/2""","=""""","=""5.521371""","=""""","=""""","=""0.00042""","=""1.42""","=""                                                 ""","=""L3974"""
"=""4f9.(6H*).6s.6p.(3P*)""","=""""","=""17/2""","=""""","=""5.522907""","=""""","=""""","=""0.00154""","=""1.28""","=""  24  8I                                         ""","=""L3974"""
"=""""","=""*""","=""7/2""","=""""","=""5.535563""","=""""","=""""","=""0.01266""","=""1.10""","=""                                                 ""","=""L3974"""
"=""4f9.(6H*).5d (7H*).6p""","=""""","=""15/2""","=""""","=""5.536289""","=""""","=""""","=""0.00073""","=""1.318""","=""  12  6H                                         ""","=""L3974"""
"=""4f9.(6H*).5d (7H*).6p""","=""""","=""9/2""","=""""","=""5.546746""","=""""","=""""","=""0.01046""","=""1.38""","=""  11  8G                                         ""","=""L3974"""
"=""4f9.(6H*).5d (7H*).6p""","=""""","=""13/2""","=""""","=""5.555980""","=""""","=""""","=""0.00923""","=""1.39""","=""  14  8G                                         ""","=""L3974"""
"=""""","=""*""","=""5/2""","=""""","=""5.562629""","=""""","=""""","=""0.00665""","=""1.30""","=""                                                 ""","=""L3974"""
"=""4f9.(6H*).6s.6p.(3P*)""","=""""","=""11/2""","=""""","=""5.567370""","=""""","=""""","=""0.00474""","=""1.31""","=""  15  4H                                         ""","=""L3974"""
"=""""","=""*""","=""9/2""","=""""","=""5.586331""","=""""","=""""","=""0.01896""","=""1.20""","=""                                                 ""","=""L3974"""
"=""""","=""*""","=""3/2""","=""""","=""5.587562""","=""""","=""""","=""0.00123""","=""0.97""","=""                                                 ""","=""L3974"""
"=""""","=""*""","=""7/2""","=""""","=""5.591876""","=""""","=""""","=""0.00431""","=""1.18""","=""                                                 ""","=""L3974"""
"=""4f9.(6F*).6s.6p.(3P*)""","=""""","=""13/2""","=""""","=""5.594553""","=""""","=""""","=""0.00268""","=""1.323""","=""  19  8F                                         ""","=""L3974"""
"=""4f10.(1K<7>).6s<1/2>?""","=""""","=""15/2""","=""""","=""5.595747""","=""""","=""""","=""0.00119""","=""1.09""","=""                                                 ""","=""L3974"""
"=""""","=""*""","=""9/2""","=""""","=""5.596462""","=""""","=""""","=""0.00071""","=""1.21""","=""                                                 ""","=""L3974"""
"=""4f9.(6H*).5d (7H*).6p""","=""""","=""15/2""","=""""","=""5.596632""","=""""","=""""","=""0.00017""","=""1.24""","=""  26  8I                                         ""","=""L3974"""
"=""""","=""*""","=""5/2""","=""""","=""5.599209""","=""""","=""""","=""0.00258""","=""1.45""","=""                                                 ""","=""L3974"""
"=""""","=""*""","=""5/2""","=""""","=""5.605393""","=""""","=""""","=""0.00618""","=""1.18""","=""                                                 ""","=""L3974"""
"=""""","=""*""","=""7/2""","=""""","=""5.607516""","=""""","=""""","=""0.00212""","=""1.25""","=""                                                 ""","=""L3974"""
"=""4f9.(6H*).5d (7I*).6p""","=""""","=""17/2""","=""""","=""5.609048""","=""""","=""""","=""0.00153""","=""1.33""","=""  31  8H                                         ""","=""L3974"""
"=""4f9.(6H*).5d (7F*).6p""","=""""","=""11/2""","=""""","=""5.609262""","=""""","=""""","=""0.00021""","=""1.34""","=""  11  8D                                         ""","=""L3974"""
"=""4f9.(6H*).5d (7I*).6p""","=""""","=""15/2""","=""""","=""5.618597""","=""""","=""""","=""0.00934""","=""1.28""","=""  29  6I                                         ""","=""L3974"""
"=""""","=""*""","=""7/2""","=""""","=""5.620416""","=""""","=""""","=""0.00182""","=""1.06""","=""                                                 ""","=""L3974"""
"=""4f9.(6H*).5d (7H*).6p""","=""""","=""13/2""","=""""","=""5.623493""","=""""","=""""","=""0.00308""","=""1.448""","=""  13  8H                                         ""","=""L3974"""
"=""""","=""*""","=""7/2""","=""""","=""5.623710""","=""""","=""""","=""0.00022""","=""1.28""","=""                                                 ""","=""L3974"""
"=""4f9.(6H*).6s.6p.(3P*)""","=""""","=""9/2""","=""""","=""5.632291""","=""""","=""""","=""0.00858""","=""1.26""","=""  13  8D                                         ""","=""L3974"""
"=""""","=""*""","=""5/2""","=""""","=""5.641364""","=""""","=""""","=""0.00907""","=""1.26""","=""                                                 ""","=""L3974"""
"=""""","=""*""","=""5/2""","=""""","=""5.643970""","=""""","=""""","=""0.00261""","=""1.08""","=""                                                 ""","=""L3974"""
"=""4f9.(6H*).5d (7F*).6p""","=""""","=""11/2""","=""""","=""5.646945""","=""""","=""""","=""0.00297""","=""1.36""","=""  24  6F                                         ""","=""L3974"""
"=""""","=""*""","=""7/2""","=""""","=""5.656659""","=""""","=""""","=""0.00971""","=""1.25""","=""                                                 ""","=""L3974"""
"=""4f9.(6H*).5d (7I*).6p""","=""""","=""19/2""","=""""","=""5.666281""","=""""","=""""","=""0.00962""","=""1.29""","=""  36  8K                                         ""","=""L3974"""
"=""4f9.(6H*).5d (7F*).6p""","=""""","=""13/2""","=""""","=""5.675240""","=""""","=""""","=""0.00896""","=""1.29""","=""  23  8F                                         ""","=""L3974"""
"=""4f9.(6H*).5d (7H*).6p""","=""""","=""9/2""","=""""","=""5.678476""","=""""","=""""","=""0.00324""","=""1.282""","=""  28  6G                                         ""","=""L3974"""
"=""4f9.(6H*).5d (7K*).6p""","=""8K""","=""21/2""","=""""","=""5.695207""","=""""","=""""","=""0.01673""","=""1.30""","=""  53                                             ""","=""L3974"""
"=""""","=""*""","=""7/2""","=""""","=""5.699237""","=""""","=""""","=""0.00403""","=""1.34""","=""                                                 ""","=""L3974"""
"=""""","=""*""","=""3/2""","=""""","=""5.704564""","=""""","=""""","=""0.00533""","=""1.46""","=""                                                 ""","=""L3974"""
"=""4f9.(6H*).5d (7K*).6p""","=""""","=""19/2""","=""""","=""5.711537""","=""""","=""""","=""0.00697""","=""1.24""","=""  25  8K                                         ""","=""L3974"""
"=""4f9.(6H*).5d (7G*).6p""","=""""","=""15/2""","=""""","=""5.713543""","=""""","=""""","=""0.00201""","=""1.303""","=""  13  8G                                         ""","=""L3974"""
"=""4f9.(6H*).6s.6p.(3P*)""","=""""","=""9/2""","=""""","=""5.714595""","=""""","=""""","=""0.00105""","=""1.278""","=""  19  6G                                         ""","=""L3974"""
"=""4f9.(6H*).6s.6p.(3P*)""","=""""","=""9/2""","=""""","=""5.723340""","=""""","=""""","=""0.00875""","=""1.305""","=""  13  4G                                         ""","=""L3974"""
"=""4f9.(6H*).5d (7I*).6p""","=""""","=""13/2""","=""""","=""5.730664""","=""""","=""""","=""0.00732""","=""1.310""","=""  16  8I                                         ""","=""L3974"""
"=""4f9.(6H*).5d (7I*).6p""","=""""","=""17/2""","=""""","=""5.735109""","=""""","=""""","=""0.00444""","=""1.275""","=""  22  6I                                         ""","=""L3974"""
"=""4f9.(6H*).5d (7I*).6p""","=""""","=""13/2""","=""""","=""5.764064""","=""""","=""""","=""0.02896""","=""1.229""","=""  23  6H                                         ""","=""L3974"""
"=""4f9.(6H*).6s.6p.(3P*)""","=""""","=""11/2""","=""""","=""5.765094""","=""""","=""""","=""0.00103""","=""1.275""","=""  14  4H                                         ""","=""L3974"""
"=""4f9.(6H*).5d (7F*).6p""","=""""","=""11/2""","=""""","=""5.783584""","=""""","=""""","=""0.01849""","=""1.338""","=""  10  8D                                         ""","=""L3974"""
"=""4f9.(6H*).5d (7I*).6p""","=""""","=""17/2""","=""""","=""5.789336""","=""""","=""""","=""0.00575""","=""1.274""","=""  20  8I                                         ""","=""L3974"""
"=""4f9.(6H*).6s.6p.(3P*)""","=""""","=""13/2""","=""""","=""5.799864""","=""""","=""""","=""0.01053""","=""1.297""","=""  14  8I                                         ""","=""L3974"""
"=""4f9.(6H*).5d (7H*).6p""","=""""","=""7/2""","=""""","=""5.802252""","=""""","=""""","=""0.00239""","=""1.11""","=""  14  6G                                         ""","=""L3974"""
"=""4f9.(6H*).5d (7F*).6p""","=""""","=""15/2""","=""""","=""5.809120""","=""""","=""""","=""0.00687""","=""1.28""","=""  21  8G                                         ""","=""L3974"""
"=""4f9.(6H*).5d (7H*).6p""","=""""","=""13/2""","=""""","=""5.820193""","=""""","=""""","=""0.01107""","=""1.23""","=""  27  8I                                         ""","=""L3974"""
"=""4f9.(6H*).5d (7H*).6p""","=""""","=""11/2""","=""""","=""5.824290""","=""""","=""""","=""0.00410""","=""1.24""","=""  12  8H                                         ""","=""L3974"""
"=""4f9.(6H*).5d (7H*).6p""","=""""","=""11/2""","=""""","=""5.830120""","=""""","=""""","=""0.00583""","=""1.32""","=""   6  8G                                         ""","=""L3974"""
"=""4f9.(6H*).6s.6p.(3P*)""","=""""","=""15/2""","=""""","=""5.838653""","=""""","=""""","=""0.00853""","=""1.35""","=""  41  6I                                         ""","=""L3974"""
"=""4f9.(6H*).5d (7K*).6p""","=""""","=""17/2""","=""""","=""5.853065""","=""""","=""""","=""0.01441""","=""1.24""","=""  14  6K                                         ""","=""L3974"""
"=""4f9.(6H*).5d (7H*).6p""","=""""","=""13/2""","=""""","=""5.871611""","=""""","=""""","=""0.01855""","=""1.22""","=""  17  6I                                         ""","=""L3974"""
"=""4f9.(6F*).6s.6p.(3P*)""","=""""","=""11/2""","=""""","=""5.877025""","=""""","=""""","=""0.00541""","=""1.22""","=""  18  8G                                         ""","=""L3974"""
"=""4f9.(6H*).5d (7H*).6p""","=""""","=""9/2""","=""""","=""5.884591""","=""""","=""""","=""0.00757""","=""1.32""","=""  13  8G                                         ""","=""L3974"""
"=""""","=""*""","=""5/2""","=""""","=""5.897254""","=""""","=""""","=""0.01266""","=""1.44""","=""                                                 ""","=""L3974"""
"=""4f9.(6F*).6s.6p.(3P*)""","=""""","=""15/2""","=""""","=""5.901366""","=""""","=""""","=""0.00411""","=""1.262""","=""  33  8G                                         ""","=""L3974"""
"=""4f9.(6H*).5d (7G*).6p""","=""""","=""17/2""","=""""","=""5.916371""","=""""","=""""","=""0.01500""","=""1.278""","=""  19  8H                                         ""","=""L3974"""
"=""""","=""""","=""11/2""","=""""","=""5.930650""","=""""","=""""","=""0.01428""","=""1.16""","=""                                                 ""","=""L3974"""
"=""4f9.(6H*).5d (7K*).6p""","=""8L""","=""13/2""","=""""","=""5.946385""","=""""","=""""","=""0.01574""","=""1.31""","="" 100                                             ""","=""L3974"""
"=""4f9.(6H*).5d (7G*).6p""","=""""","=""17/2""","=""""","=""5.953984""","=""""","=""""","=""0.00760""","=""1.248""","=""  17  8H                                         ""","=""L3974"""
"=""4f9.(6H*).5d (7H*).6p""","=""""","=""13/2""","=""""","=""5.955690""","=""""","=""""","=""0.00171""","=""1.31""","=""   8  6I                                         ""","=""L3974"""
"=""4f9.(6H*).5d (7I*).6p""","=""""","=""15/2""","=""""","=""5.957709""","=""""","=""""","=""0.00202""","=""1.29""","=""  14  8H                                         ""","=""L3974"""
"=""4f9.(6H*).5d (7K*).6p""","=""""","=""21/2""","=""""","=""5.958669""","=""""","=""""","=""0.00096""","=""1.28""","=""  34  8K                                         ""","=""L3974"""
"=""4f9.(6H*).5d (7I*).6p""","=""""","=""19/2""","=""""","=""5.959809""","=""""","=""""","=""0.00114""","=""1.273""","=""  34  6K                                         ""","=""L3974"""
"=""4f9.(6H*).5d (7I*).6p""","=""""","=""11/2""","=""""","=""5.981114""","=""""","=""""","=""0.02130""","=""1.28""","=""  23  8K                                         ""","=""L3974"""
"=""4f9.(6H*).5d (5K*).6p""","=""""","=""19/2""","=""""","=""5.994176""","=""""","=""""","=""0.01306""","=""1.23""","=""  26  4L                                         ""","=""L3974"""
"=""4f9.(6H*).5d (7I*).6p""","=""""","=""11/2""","=""""","=""6.009400""","=""""","=""""","=""0.01522""","=""1.29""","=""  13  6H                                         ""","=""L3974"""
"=""4f9.(6F*).6s.6p.(3P*)""","=""""","=""13/2""","=""""","=""6.011638""","=""""","=""""","=""0.00224""","=""1.46""","=""  33  6G                                         ""","=""L3974"""
"=""4f9.(6H*).5d (7G*).6p""","=""""","=""15/2""","=""""","=""6.011876""","=""""","=""""","=""0.00024""","=""1.35""","=""  17  8G                                         ""","=""L3974"""
"=""4f9.(6H*).6s.6p.(3P*)""","=""""","=""9/2""","=""""","=""6.036168""","=""""","=""""","=""0.02429""","=""1.20""","=""  15  6G                                         ""","=""L3974"""
"=""4f9.(6H*).5d (7I*).6p""","=""""","=""13/2""","=""""","=""6.054293""","=""""","=""""","=""0.01813""","=""1.27""","=""  10  6I                                         ""","=""L3974"""
"=""""","=""""","=""13/2""","=""""","=""6.055990""","=""""","=""""","=""0.00170""","=""1.26""","=""                                                 ""","=""L3974"""
"=""4f9.(6F*).6s.6p.(3P*)""","=""""","=""11/2""","=""""","=""6.058296""","=""""","=""""","=""0.00231""","=""1.32""","=""  18  6F                                         ""","=""L3974"""
"=""4f9.(6H*).5d (5I*).6p""","=""""","=""15/2""","=""""","=""6.069038""","=""""","=""""","=""0.01074""","=""1.222""","=""  12  6H                                         ""","=""L3974"""
"=""4f9.(6H*).5d (7G*).6p""","=""""","=""15/2""","=""""","=""6.073843""","=""""","=""""","=""0.00481""","=""1.27""","=""  19  8G                                         ""","=""L3974"""
"=""""","=""""","=""11/2""","=""""","=""6.082421""","=""""","=""""","=""0.00858""","=""1.38""","=""                                                 ""","=""L3974"""
"=""4f9.(6F*).5d (7F*).6p""","=""""","=""13/2""","=""""","=""6.091708""","=""""","=""""","=""0.00929""","=""1.23""","=""  12  8G                                         ""","=""L3974"""
"=""4f9.(6H*).5d (7K*).6p""","=""""","=""15/2""","=""""","=""6.104134""","=""""","=""""","=""0.01243""","=""1.23""","=""  15  6K                                         ""","=""L3974"""
"=""4f9.(6H*).5d (7K*).6p""","=""""","=""13/2""","=""""","=""6.117440""","=""""","=""""","=""0.01331""","=""1.253""","=""   9  8K                                         ""","=""L3974"""
"=""""","=""""","=""11/2""","=""""","=""6.132547""","=""""","=""""","=""0.01511""","=""1.29""","=""                                                 ""","=""L3974"""
"=""4f9.(6H*).5d (5I*).6p""","=""""","=""17/2""","=""""","=""6.141886""","=""""","=""""","=""0.00934""","=""1.222""","=""  27  6I                                         ""","=""L3974"""
"=""4f9.(6H*).5d (5K*).6p""","=""""","=""19/2""","=""""","=""6.142760""","=""""","=""""","=""0.00087""","=""1.278""","=""  20  6K                                         ""","=""L3974"""
"=""4f9.(6H*).6s.6p.(3P*)""","=""""","=""13/2""","=""""","=""6.150002""","=""""","=""""","=""0.00724""","=""1.32""","=""  29  6I                                         ""","=""L3974"""
"=""""","=""""","=""11/2""","=""""","=""6.150546""","=""""","=""""","=""0.00054""","=""1.15""","=""                                                 ""","=""L3974"""
"=""4f9.(6H*).5d (5I*).6p""","=""""","=""17/2""","=""""","=""6.159007""","=""""","=""""","=""0.00846""","=""1.19""","=""  18  4K                                         ""","=""L3974"""
"=""4f9.(6H*).5d (5H*).6p""","=""""","=""13/2""","=""""","=""6.159571""","=""""","=""""","=""0.00056""","=""1.35""","=""  18  6G                                         ""","=""L3974"""
"=""4f9.(6H*).5d (7K*).6p""","=""""","=""15/2""","=""""","=""6.176104""","=""""","=""""","=""0.01653""","=""1.273""","=""   9  6K                                         ""","=""L3974"""
"=""4f9.(6H*).5d (7K*).6p""","=""""","=""13/2""","=""""","=""6.181427""","=""""","=""""","=""0.00532""","=""1.23""","=""   9  6I                                         ""","=""L3974"""
"=""4f9.(6H*).5d (7K*).6p""","=""""","=""19/2""","=""""","=""6.201408""","=""""","=""""","=""0.01998""","=""1.278""","=""  39  8I                                         ""","=""L3974"""
"=""""","=""""","=""13/2""","=""""","=""6.205593""","=""""","=""""","=""0.00419""","=""1.26""","=""                                                 ""","=""L3974"""
"=""""","=""""","=""13/2""","=""""","=""6.211844""","=""""","=""""","=""0.00625""","=""1.11""","=""                                                 ""","=""L3974"""
"=""4f9.(6H*).5d (5H*).6p""","=""""","=""15/2""","=""""","=""6.215237""","=""""","=""""","=""0.00339""","=""1.212""","=""  18  4I                                         ""","=""L3974"""
"=""4f9.(6H*).5d (7G*).6p""","=""""","=""15/2""","=""""","=""6.224813""","=""""","=""""","=""0.00958""","=""1.21""","=""  14  8H                                         ""","=""L3974"""
"=""""","=""""","=""13/2""","=""""","=""6.2498973""","=""""","=""""","=""0.025084""","=""1.18""","=""                                                 ""","=""L3974"""
"=""4f9.(6H*).5d (7K*).6p""","=""""","=""17/2""","=""""","=""6.255987""","=""""","=""""","=""0.006090""","=""1.28""","=""  20  8I                                         ""","=""L3974"""
"=""4f9.(6H*).5d (5H*).6p""","=""""","=""15/2""","=""""","=""6.263860""","=""""","=""""","=""0.00787""","=""1.244""","=""  17  4I                                         ""","=""L3974"""
"=""""","=""""","=""11/2""","=""""","=""6.294494""","=""""","=""""","=""0.03063""","=""1.35""","=""                                                 ""","=""L3974"""
"=""4f9.(6H*).5d (7G*).6p""","=""""","=""15/2""","=""""","=""6.296411""","=""""","=""""","=""0.00192""","=""1.322""","=""  12  8H                                         ""","=""L3974"""
"=""4f9.(6H*).5d (5G*).6p""","=""""","=""13/2""","=""""","=""6.305642""","=""""","=""""","=""0.00923""","=""1.30""","=""  19  4H                                         ""","=""L3974"""
"=""4f9.(6H*).5d (7G*).6p""","=""""","=""13/2""","=""""","=""6.334069""","=""""","=""""","=""0.02843""","=""1.31""","=""  18  8G                                         ""","=""L3974"""
"=""4f9.(6H*).5d (5I*).6p""","=""""","=""15/2""","=""""","=""6.338598""","=""""","=""""","=""0.00453""","=""1.23""","=""  35  4I                                         ""","=""L3974"""
"=""""","=""""","=""17/2""","=""""","=""6.373537""","=""""","=""""","=""0.03494""","=""1.28""","=""                                                 ""","=""L3974"""
"=""4f9.(6H*).5d (7K*).6p""","=""8L""","=""21/2""","=""""","=""6.396760""","=""""","=""""","=""0.02322""","=""1.25""","=""  46                                             ""","=""L3974"""
"=""4f9.(6H*).5d (7K*).6p""","=""""","=""19/2""","=""""","=""6.402571""","=""""","=""""","=""0.00581""","=""1.25""","=""  25  8K                                         ""","=""L3974"""
"=""4f9.(6H*).5d (5I*).6p""","=""""","=""17/2""","=""""","=""6.412047""","=""""","=""""","=""0.00948""","=""1.232""","=""  18  4K                                         ""","=""L3974"""
"=""4f9.(6H*).5d (7K*).6p""","=""""","=""13/2""","=""""","=""6.448288""","=""""","=""""","=""0.03624""","=""1.22""","=""   9  8K                                         ""","=""L3974"""
"=""4f9.(6H*).5d (7K*).6p""","=""""","=""15/2""","=""""","=""6.496161""","=""""","=""""","=""0.04787""","=""1.26""","=""  15  8I                                         ""","=""L3974"""
"=""4f9.(6H*).5d (5H*).6p""","=""6I""","=""17/2""","=""""","=""6.571480""","=""""","=""""","=""0.07532""","=""1.26""","=""  71                                             ""","=""L3974"""
"=""4f9.(6H*).5d (5K*).6p""","=""6L""","=""21/2""","=""""","=""6.650677""","=""""","=""""","=""0.07920""","=""1.23""","=""  69                                             ""","=""L3974"""
"=""4f9.(6F*).5d (7H*).6p""","=""""","=""17/2""","=""""","=""6.662673""","=""""","=""""","=""0.01200""","=""1.27""","=""  13  8H                                         ""","=""L3974"""
"=""Dy III (4f10.5p6 5I<8>)""","=""Limit""","=""---""","=""[""","=""11.647""","=""]""","=""0.020""","=""""","=""""","=""                                                 ""","=""L19870c180"""
