Configuration,Term,J,Prefix,Level (eV),Suffix,Uncertainty (eV),Splitting,Lande,Leading percentages,Reference
"=""4f12.6s2""","=""3H""","=""6""","=""""","=""0.0000000""","=""""","=""0""","=""""","=""1.16381""","=""  99                                                                       ""","=""L3974"""
"=""4f12.6s2""","=""3H""","=""5""","=""""","=""0.8627228""","=""""","=""""","=""0.8627228""","=""1.031""","="" 100                                                                       ""","="""""
"=""4f12.6s2""","=""3H""","=""4""","=""""","=""1.3329519""","=""""","=""""","=""0.470229""","=""0.936""","=""  65             :    23                          3F                       ""","="""""
"=""4f12.6s2""","=""3F""","=""4""","=""""","=""0.6242844""","=""""","=""""","=""-0.708668""","=""1.147""","=""  68             :    25                          1G                       ""","="""""
"=""4f12.6s2""","=""3F""","=""3""","=""""","=""1.5346186""","=""""","=""""","=""0.910334""","=""1.065""","="" 100                                                                       ""","="""""
"=""4f12.6s2""","=""3F""","=""2""","=""""","=""1.6239334""","=""""","=""""","=""0.089315""","=""0.750""","=""  79             :    20                          1D                       ""","="""""
"=""4f11.(4I*<15/2>).5d<3/2>.6s2""","=""(15/2,3/2)*""","=""6""","=""""","=""0.8897730""","=""""","=""""","=""-0.734160""","=""1.302""","=""             or  :    78                          (4I*) 5G*                ""","="""""
"=""4f11.(4I*<15/2>).5d<3/2>.6s2""","=""(15/2,3/2)*""","=""7""","=""""","=""0.9543009""","=""""","=""""","=""0.064528""","=""1.266""","=""             or  :    78                          (4I*) 5H*                ""","="""""
"=""4f11.(4I*<15/2>).5d<3/2>.6s2""","=""(15/2,3/2)*""","=""9""","=""""","=""1.0688138""","=""""","=""""","=""0.114513""","=""1.150""","=""             or  :    47                          (4I*) 3L*                ""","="""""
"=""4f11.(4I*<15/2>).5d<3/2>.6s2""","=""(15/2,3/2)*""","=""8""","=""""","=""1.1592654""","=""""","=""""","=""0.090452""","=""1.180""","=""             or  :    42                          (4I*) 5I*                ""","="""""
"=""4f11.(4I*<15/2>).5d<5/2>.6s2""","=""(15/2,5/2)*""","=""10""","=""""","=""1.1971726""","=""""","=""""","=""0.037907""","=""1.194""","=""             or  :    96                          (4I*) 5L*                ""","="""""
"=""4f11.(4I*<15/2>).5d<5/2>.6s2""","=""(15/2,5/2)*""","=""9""","=""""","=""1.3090148""","=""""","=""""","=""0.111842""","=""1.178""","=""             or  :    71                          (4I*) 5K*                ""","="""""
"=""4f11.(4I*<15/2>).5d<5/2>.6s2""","=""(15/2,5/2)*""","=""5""","=""""","=""1.4135683""","=""""","=""""","=""0.104554""","=""1.205""","=""             or  :    50                          (4I*) 5G*                ""","="""""
"=""4f11.(4I*<15/2>).5d<5/2>.6s2""","=""(15/2,5/2)*""","=""8""","=""""","=""1.4329685""","=""""","=""""","=""0.019400""","=""1.178""","=""             or  :    46                          (4I*) 5I*                ""","="""""
"=""4f11.(4I*<15/2>).5d<5/2>.6s2""","=""(15/2,5/2)*""","=""6""","=""""","=""1.4629860""","=""""","=""""","=""0.030017""","=""1.190""","=""             or  :    38                          (4I*) 5H*                ""","="""""
"=""4f11.(4I*<15/2>).5d<5/2>.6s2""","=""(15/2,5/2)*""","=""7""","=""""","=""1.4738625""","=""""","=""""","=""0.010877""","=""1.153""","=""             or  :    47                          (4I*) 3I*                ""","="""""
"=""4f11.(4I*<13/2>).5d<3/2>.6s2""","=""(13/2,3/2)*""","=""8""","=""""","=""1.8700678""","=""""","=""""","=""0.396205""","=""1.050""","=""             or  :    53                          (4I*) 5L*                ""","="""""
"=""4f11.(4I*<13/2>).5d<3/2>.6s2""","=""(13/2,3/2)*""","=""5""","=""""","=""1.8827437""","=""""","=""""","=""0.012676""","=""1.160""","=""             or  :    55                          (4I*) 3G*                ""","="""""
"=""4f11.(4I*<13/2>).5d<3/2>.6s2""","=""(13/2,3/2)*""","=""7""","=""""","=""1.9647217""","=""""","=""""","=""0.081978""","=""1.070""","=""             or  :    44                          (4I*) 5K*                ""","="""""
"=""4f11.(4I*<13/2>).5d<3/2>.6s2""","=""(13/2,3/2)*""","=""6""","=""""","=""1.9924378""","=""""","=""""","=""0.027716""","=""1.200""","=""             or  :    48                          (4I*) 3H*                ""","="""""
"=""4f12.(3H<6>).6s.6p.(3P*<0>)""","=""(6,0)*""","=""6""","=""""","=""2.0235597""","=""""","=""""","=""0.031122""","=""1.220""","=""             or  :    71                          (3H)(3P*) 5G*            ""","="""""
"=""4f11.(4I*<15/2>).6s2.6p<1/2>""","=""(15/2,1/2)""","=""7""","=""""","=""2.0413916""","=""""","=""""","=""0.017832""","=""1.237""","=""  95                                                                       ""","="""""
"=""4f11.(4I*<15/2>).6s2.6p<1/2>""","=""(15/2,1/2)""","=""8""","=""""","=""2.0739431""","=""""","=""""","=""0.032552""","=""1.175""","=""  97                                                                       ""","="""""
"=""4f11.(4I*<13/2>).5d<5/2>.6s2""","=""(13/2,5/2)*""","=""4""","=""""","=""2.0423648""","=""""","=""""","=""-0.031578""","=""1.075""","=""             or  :    64                          (4I*) 5G*                ""","="""""
"=""4f11.(4I*<13/2>).5d<5/2>.6s2""","=""(13/2,5/2)*""","=""9""","=""""","=""2.0459148""","=""""","=""""","=""0.003550""","=""1.155""","=""             or  :    67                          (4I*) 5L*                ""","="""""
"=""4f11.(4I*<13/2>).5d<5/2>.6s2""","=""(13/2,5/2)*""","=""5""","=""""","=""2.1113341""","=""""","=""""","=""0.065419""","=""1.150""","=""             or  :    32                          (4I*) 5H*                ""","="""""
"=""4f11.(4I*<13/2>).5d<5/2>.6s2""","=""(13/2,5/2)*""","=""8""","=""""","=""2.1446375""","=""""","=""""","=""0.033303""","=""1.105""","=""             or  :    58                          (4I*) 5K*                ""","="""""
"=""4f11.(4I*<13/2>).5d<5/2>.6s2""","=""(13/2,5/2)*""","=""6""","=""""","=""2.1643157""","=""""","=""""","=""0.019678""","=""1.070""","=""             or  :    23                          (4I*) 5I*                ""","="""""
"=""4f11.(4I*<13/2>).5d<5/2>.6s2""","=""(13/2,5/2)*""","=""7""","=""""","=""2.2064400""","=""""","=""""","=""0.042124""","=""1.110""","=""             or  :    50                          (4I*) 5I*                ""","="""""
"=""4f12.(3H<6>).6s.6p.(3P*<1>)""","=""(6,1)*""","=""6""","=""""","=""2.1168814""","=""""","=""""","=""-0.089559""","=""1.070""","=""             or  :                                (3H)(3P*) 3I*            ""","="""""
"=""4f12.(3H<6>).6s.6p.(3P*<1>)""","=""(6,1)*""","=""7""","=""""","=""2.1272350""","=""""","=""""","=""0.010354""","=""1.195""","=""             or  :    40                          (3H)(3P*) 5I*            ""","="""""
"=""4f12.(3H<6>).6s.6p.(3P*<1>)""","=""(6,1)*""","=""5""","=""""","=""2.1508605""","=""""","=""""","=""0.023625""","=""1.175""","=""                                                                           ""","="""""
"=""4f12.(3H<6>).6s.6p.(3P*<2>)""","=""(6,2)*""","=""8""","=""""","=""2.2733118""","=""""","=""""","=""0.122451""","=""1.250""","=""             or  :    99                          (3H)(3P*) 5I*            ""","="""""
"=""4f12.(3H<6>).6s.6p.(3P*<2>)""","=""(6,2)*""","=""4""","=""""","=""2.3329639""","=""""","=""""","=""0.059652""","=""1.050""","=""                                                                           ""","="""""
"=""4f12.(3H<6>).6s.6p.(3P*<2>)""","=""(6,2)*""","=""7""","=""""","=""2.3712292""","=""""","=""""","=""0.038265""","=""1.235""","=""             or  :    67                          (3H)(3P*) 5H*            ""","="""""
"=""4f12.(3H<6>).6s.6p.(3P*<2>)""","=""(6,2)*""","=""5""","=""""","=""2.3806631""","=""""","=""""","=""0.009434""","=""1.060""","=""                                                                           ""","="""""
"=""4f12.(3H<6>).6s.6p.(3P*<2>)""","=""(6,2)*""","=""6""","=""""","=""2.3961928""","=""""","=""""","=""0.015530""","=""1.180""","=""             or  :                                (3H)(3P*) 3H*            ""","="""""
"=""4f11.(4I*<11/2>).5d<3/2>.6s2""","=""(11/2,3/2)*""","=""7""","=""""","=""2.3276946""","=""""","=""""","=""-0.068498""","=""0.965""","=""             or  :    47                          (4I*) 5L*                ""","="""""
"=""4f11.(4I*<11/2>).5d<3/2>.6s2""","=""(11/2,3/2)*""","=""4""","=""""","=""2.3616281""","=""""","=""""","=""0.033933""","=""1.010""","=""             or  :    25                          (4I*) 3G*                ""","="""""
"=""4f11.(4I*<11/2>).5d<3/2>.6s2""","=""(11/2,3/2)*""","=""6""","=""""","=""2.4187373""","=""""","=""""","=""0.057109""","=""0.960""","=""             or  :    36                          (4I*) 5K*                ""","="""""
"=""4f11.(4I*<11/2>).5d<3/2>.6s2""","=""(11/2,3/2)*""","=""5""","=""""","=""2.4255173""","=""""","=""""","=""0.006780""","=""0.990""","=""             or  :    22                          (4I*) 5I*                ""","="""""
"=""4f11.(4I*<11/2>).5d<5/2>.6s2""","=""(11/2,5/2)*""","=""3""","=""""","=""2.3891309""","=""""","=""""","=""-0.036386""","=""""","=""             or  :    47                          (4I*) 5G*                ""","="""""
"=""4f11.(4I*<11/2>).5d<5/2>.6s2""","=""(11/2,5/2)*""","=""8""","=""""","=""2.5499588""","=""""","=""""","=""0.160828""","=""1.050""","=""             or  :    42                          (4I*) 3L*                ""","="""""
"=""4f11.(4I*<11/2>).5d<5/2>.6s2""","=""(11/2,5/2)*""","=""4""","=""""","=""2.5565208""","=""""","=""""","=""0.006562""","=""1.065""","=""             or  :    26                          (4I*) 5H*                ""","="""""
"=""4f11.(4I*<11/2>).5d<5/2>.6s2""","=""(11/2,5/2)*""","=""7""","=""""","=""2.6245508""","=""""","=""""","=""0.068030""","=""1.065""","=""             or  :    33                          (4I*) 3K*                ""","="""""
"=""4f11.(4I*<11/2>).5d<5/2>.6s2""","=""(11/2,5/2)*""","=""5""","=""""","=""2.6523713""","=""""","=""""","=""0.027820""","=""1.005""","=""             or  :    17                          (4I*) 3I*                ""","="""""
"=""4f11.(4I*<11/2>).5d<5/2>.6s2""","=""(11/2,5/2)*""","=""6""","=""""","=""2.6906908""","=""""","=""""","=""0.038320""","=""1.055""","=""             or  :    26                          (4I*) 3I*                ""","="""""
"=""4f11.(4I*<15/2>).6s2.6p<3/2>""","=""(15/2,3/2)""","=""9""","=""""","=""2.3997326""","=""""","=""""","=""-0.290958""","=""1.225""","=""  97                                                                       ""","="""""
"=""4f11.(4I*<15/2>).6s2.6p<3/2>""","=""(15/2,3/2)""","=""8""","=""""","=""2.4453739""","=""""","=""""","=""0.045641""","=""1.210""","=""  97                                                                       ""","="""""
"=""4f11.(4I*<15/2>).6s2.6p<3/2>""","=""(15/2,3/2)""","=""6""","=""""","=""2.4569869""","=""""","=""""","=""0.011613""","=""1.165""","=""  96                                                                       ""","="""""
"=""4f11.(4I*<15/2>).6s2.6p<3/2>""","=""(15/2,3/2)""","=""7""","=""""","=""2.4692431""","=""""","=""""","=""0.012256""","=""1.185""","=""  94                                                                       ""","="""""
"=""4f12.(3H<6>).5d.6s.(3D)""","=""3[4]""","=""5""","=""""","=""2.4005951""","=""""","=""""","=""-0.068648""","=""1.390""","=""  92                                                                       ""","="""""
"=""4f12.(3H<6>).5d.6s.(3D)""","=""3[4]""","=""4""","=""""","=""2.5413836""","=""""","=""""","=""0.140789""","=""1.280""","=""  76             :    12                          (3H<6>)(1D) 1[4]         ""","="""""
"=""4f12.(3H<6>).5d.6s.(3D)""","=""3[4]""","=""3""","=""""","=""2.7761836""","=""""","=""""","=""0.234800""","=""""","=""  89                                                                       ""","="""""
"=""4f11.(4I*).5d2.(3F) (6F*).6s""","=""7F*""","=""6""","=""""","=""2.5002815""","=""""","=""""","=""-0.275902""","=""1.485""","=""  85             :    13                          (4I*)(3F) (6G*) 7G*      ""","="""""
"=""4f11.(4I*).5d.6s2""","=""*""","=""6""","=""""","=""2.5711500""","=""""","=""""","=""0.070869""","=""0.855""","=""  50  5L*                                                                  ""","="""""
"=""4f11.(4I*).5d.6s2""","=""*""","=""5""","=""""","=""2.5934117""","=""""","=""""","=""0.022262""","=""0.980""","=""  23  5K*                                                                  ""","="""""
"=""4f11.(4I*).5d.6s2""","=""*""","=""4""","=""""","=""2.5949735""","=""""","=""""","=""0.001562""","=""1.050""","=""  29  3G*                                                                  ""","="""""
"=""4f12.(3H<13/2>).5d.6s.(3D)""","=""3[5]""","=""6""","=""""","=""2.6080325""","=""""","=""""","=""0.013059""","=""1.325""","=""  92                                                                       ""","="""""
"=""4f12.(3H<13/2>).5d.6s.(3D)""","=""3[5]""","=""5""","=""""","=""2.7346928""","=""""","=""""","=""0.126660""","=""1.195""","=""  72             :    12                          (3H<6>)(3D) 3[6]         ""","="""""
"=""4f12.(3H<13/2>).5d.6s.(3D)""","=""3[5]""","=""4""","=""""","=""2.8888370""","=""""","=""""","=""0.154144""","=""1.125""","=""  57             :    17                          (3H<6>)(1D) 1[4]         ""","="""""
"=""4f12.(3H<6>).5d.6s.(3D)""","=""3[8]""","=""8""","=""""","=""2.6122683""","=""""","=""""","=""-0.276569""","=""1.155""","=""  93                                                                       ""","="""""
"=""4f12.(3H<6>).5d.6s.(3D)""","=""3[8]""","=""7""","=""""","=""2.6162538""","=""""","=""""","=""0.003985""","=""1.025""","=""  95                                                                       ""","="""""
"=""4f12.(3H<6>).5d.6s.(3D)""","=""3[8]""","=""9""","=""""","=""2.6290186""","=""""","=""""","=""0.012765""","=""1.215""","=""  99                                                                       ""","="""""
"=""4f12.(3F).6s.6p.(3P*)""","=""*""","=""4""","=""""","=""2.6720974""","=""""","=""""","=""0.043079""","=""1.245""","=""  28  5D*                                                                  ""","="""""
"=""4f11.(4I*).5d2.(3F) (6G*).6s""","=""7G*""","=""7""","=""""","=""2.7013593""","=""""","=""""","=""0.029262""","=""1.350""","=""  48             :    31                          (4I*)(3F) (6H*) 7H*      ""","="""""
"=""4f11.(4I*).5d2.(3F) (6I*).6s""","=""*""","=""8""","=""""","=""2.7250711""","=""""","=""""","=""0.023712""","=""1.295""","=""  38  7I*        :    37                          (4I*)(3F) (6H*) 7H*      ""","="""""
"=""4f11.(4I*).5d2.(3F) (6I*).6s""","=""7I*""","=""9""","=""""","=""2.7404034""","=""""","=""""","=""0.015332""","=""1.270""","=""  51             :    36                          (4I*)(3F) (6K*) 7K*      ""","="""""
"=""4f12.(3F).6s.6p.(3P*)""","=""*""","=""5""","=""""","=""2.7430596""","=""""","=""""","=""0.002656""","=""1.285""","=""  29  5F*                                                                  ""","="""""
"=""""","=""*""","=""3""","=""""","=""2.7610608""","=""""","=""""","=""0.018001""","=""1.065""","=""                                                                           ""","="""""
"=""""","=""*""","=""4""","=""""","=""2.7724914""","=""""","=""""","=""0.011431""","=""1.045""","=""                                                                           ""","="""""
"=""4f11.(4I*).5d2.(3F) (6F*).6s""","=""*""","=""5""","=""""","=""2.7834590""","=""""","=""""","=""0.010968""","=""1.360""","=""  40  7F*                                                                  ""","="""""
"=""4f12.(3H<6>).5d.6s.(3D)""","=""3[6]""","=""7""","=""""","=""2.7923461""","=""""","=""""","=""0.008887""","=""1.215""","=""  52             :    40                          (3H<6>)(3D) 3[7]         ""","="""""
"=""4f12.(3H<6>).5d.6s.(3D)""","=""3[6]""","=""5""","=""""","=""2.8905819""","=""""","=""""","=""0.098236""","=""1.050""","=""  81             :    12                          (3H<6>)(3D) 3[5]         ""","="""""
"=""4f12.(3H<6>).5d.6s.(3D)""","=""3[6]""","=""6""","=""""","=""2.9052508""","=""""","=""""","=""0.014669""","=""1.100""","=""  49             :    34                          (3H<6>)(3D) 3[7]         ""","="""""
"=""4f11.(4F*).5d.6s2""","=""*""","=""6""","=""""","=""2.7999976""","=""""","=""""","=""-0.105253""","=""1.130""","=""  37  5G*                                                                  ""","="""""
"=""4f11.(4I*).5d.6s2""","=""*""","=""4""","=""""","=""2.8082387""","=""""","=""""","=""0.008241""","=""0.985""","=""  36  5I*                                                                  ""","="""""
"=""4f11.(4I*).5d.6s2""","=""*""","=""5""","=""""","=""2.8110647""","=""""","=""""","=""0.002826""","=""1.040""","=""  25  5K*                                                                  ""","="""""
"=""4f11.(4I*).5d2.(3F) (6K*).6s""","=""7K*""","=""10""","=""""","=""2.8111120""","=""""","=""""","=""0.000047""","=""1.260""","=""  73             :    18                          (4I*)(3F) (6L*) 7L*      ""","="""""
"=""4f12.(3H<6>).5d.6s.(3D)""","=""3[7]""","=""6""","=""""","=""2.8134315""","=""""","=""""","=""0.002320""","=""1.095""","=""  53             :    38                          (3H<6>)(3D) 3[6]         ""","="""""
"=""4f12.(3H<6>).5d.6s.(3D)""","=""3[7]""","=""8""","=""""","=""2.8281454""","=""""","=""""","=""0.014714""","=""1.210""","=""  92                                                                       ""","="""""
"=""4f12.(3H<6>).5d.6s.(3D)""","=""3[7]""","=""7""","=""""","=""2.8933090""","=""""","=""""","=""0.065164""","=""1.185""","=""  46             :    27                          (3H<6>)(3D) 3[6]         ""","="""""
"=""4f11.(4I*).5d.6s.6p""","=""""","=""6""","=""""","=""2.8491062""","=""""","=""""","=""-0.044203""","=""1.415""","=""                                                                           ""","="""""
"=""4f11.(4I*).5d.6s2""","=""*""","=""7""","=""""","=""2.8616733""","=""""","=""""","=""0.012567""","=""1.010""","=""  41  3L*                                                                  ""","="""""
"=""4f11.(4I*<13/2>).6s2.6p<1/2>""","=""(13/2,1/2)""","=""6""","=""""","=""2.8695215""","=""""","=""""","=""0.007848""","=""1.150""","=""  86             :    10  4f12.(3H<6>).5d.6s.(3D) 3[7]                     ""","="""""
"=""4f11.(4I*<13/2>).6s2.6p<1/2>""","=""(13/2,1/2)""","=""7""","=""""","=""2.8793266""","=""""","=""""","=""0.009805""","=""1.070""","=""  77             :    12  4f12.(3H<6>).5d.6s.(3D) 3[6]                     ""","="""""
"=""4f11.(4I*).5d2.(3F) (6H*).6s""","=""*""","=""6""","=""""","=""2.8902672""","=""""","=""""","=""0.010941""","=""1.250""","=""  22  7H*                                                                  ""","="""""
"=""4f11.(4I*).5d2.(3F) (6G*).6s""","=""*""","=""7""","=""""","=""2.8968726""","=""""","=""""","=""0.006605""","=""1.225""","=""  26  7G*                                                                  ""","="""""
"=""4f12.(3H).6s.6p""","=""*""","=""5""","=""""","=""2.9070673""","=""""","=""""","=""0.010195""","=""1.080""","=""                                                                           ""","="""""
"=""4f11.(4I*).5d2.(3F) (6M*).6s""","=""7M*""","=""11""","=""""","=""2.9102317""","=""""","=""""","=""0.003164""","=""1.215""","=""  52             :    24                          (4I*)(3F) (4M*) 5M*      ""","="""""
"=""4f11.(4I*).5d2.(3F) (6H*).6s""","=""*""","=""8""","=""""","=""2.9139043""","=""""","=""""","=""0.003673""","=""1.240""","=""  31  7H*                                                                  ""","="""""
"=""""","=""*""","=""9""","=""""","=""2.9283937""","=""""","=""""","=""0.014489""","=""1.090""","=""                                                                           ""","="""""
"=""4f11.(4I*).5d.6s.6p""","=""""","=""7""","=""""","=""2.9296147""","=""""","=""""","=""0.001221""","=""1.360""","=""                                                                           ""","="""""
"=""4f11.(4I*).5d2.(3F) (4M*).6s""","=""*""","=""10""","=""""","=""2.9379340""","=""""","=""""","=""0.008319""","=""1.150""","=""  33  5M*        :    23                          (4I*)(3F) (6M*) 7M*      ""","="""""
"=""4f11.(4I*).5d2.(3F) (6M*).6s""","=""7M*""","=""12""","=""""","=""2.9410205""","=""""","=""""","=""0.003087""","=""1.250""","=""  99             :     1                          (4I*)(1G) (4N*) 5N*      ""","="""""
"=""4f12.(3F).6s.6p.(3P*)""","=""*""","=""6""","=""""","=""2.9547119""","=""""","=""""","=""0.013691""","=""1.250""","=""  57  5G*                                                                  ""","="""""
"=""4f12.(3F).6s.6p.(3P*)""","=""*""","=""5""","=""""","=""2.9577241""","=""""","=""""","=""0.003012""","=""1.140""","=""  30  5F*                                                                  ""","="""""
"=""""","=""*""","=""4""","=""""","=""2.9611928""","=""""","=""""","=""0.003469""","=""1.160""","=""                                                                           ""","="""""
"=""4f12.(3H).6s.6p""","=""*""","=""5""","=""""","=""2.9614129""","=""""","=""""","=""0.000220""","=""1.100""","=""                                                                           ""","="""""
"=""4f12.(3H<6>).5d.6s.(1D)""","=""1[4]""","=""4""","=""""","=""2.9765054""","=""""","=""""","=""0.015093""","=""1.175""","=""  56             :    26                          (3H<6>)(3D) 3[5]         ""","="""""
"=""""","=""*""","=""3""","=""""","=""2.9840961""","=""""","=""""","=""0.007591""","=""1.065""","=""                                                                           ""","="""""
"=""4f12.(3H).6s.6p""","=""*""","=""5""","=""""","=""2.9859320""","=""""","=""""","=""0.001836""","=""1.128""","=""                                                                           ""","="""""
"=""4f12.(1G).6s.6p.(3P*)""","=""*""","=""2""","=""""","=""2.9867316""","=""""","=""""","=""0.000800""","=""0.805""","=""  31  3F*                                                                  ""","="""""
"=""4f12.(3H<6>).5d.6s.(1D)""","=""1[8]""","=""8""","=""""","=""2.9886935""","=""""","=""""","=""0.001962""","=""1.130""","=""  96                                                                       ""","="""""
"=""""","=""*""","=""9""","=""""","=""3.0038899""","=""""","=""""","=""0.015196""","=""1.130""","=""                                                                           ""","="""""
"=""4f12.(3H).6s.6p.(3P*)""","=""*""","=""6""","=""""","=""3.0061390""","=""""","=""""","=""0.002249""","=""1.085""","=""  44  5I*                                                                  ""","="""""
"=""4f12.(3H).6s.6p""","=""*""","=""4""","=""""","=""3.0188801""","=""""","=""""","=""0.012741""","=""1.045""","=""                                                                           ""","="""""
"=""4f11.(4I*).5d.6s2""","=""*""","=""6""","=""""","=""3.0322988""","=""""","=""""","=""0.013419""","=""1.050""","=""  25  3K*                                                                  ""","="""""
"=""4f11.(4I*).5d.6s2""","=""*""","=""3""","=""""","=""3.0639885""","=""""","=""""","=""0.031690""","=""0.970""","=""  49  3G*                                                                  ""","="""""
"=""4f11.(4I*).5d.6s.6p""","=""""","=""8""","=""""","=""3.0650373""","=""""","=""""","=""0.001049""","=""1.295""","=""                                                                           ""","="""""
"=""4f11.(4I*).5d2.(3F) (6L*).6s""","=""7L*""","=""11""","=""""","=""3.0691561""","=""""","=""""","=""0.004119""","=""1.235""","=""  71             :    19                          (4I*)(3F) (4M*) 5M*      ""","="""""
"=""""","=""*""","=""8""","=""""","=""3.0851645""","=""""","=""""","=""0.016008""","=""1.120""","=""                                                                           ""","="""""
"=""4f12.(3H).6s.6p""","=""*""","=""7""","=""""","=""3.0925716""","=""""","=""""","=""0.007407""","=""1.160""","=""                                                                           ""","="""""
"=""4f11.(4I*).5d.6s.6p""","=""""","=""5""","=""""","=""3.0984995""","=""""","=""""","=""0.005928""","=""1.295""","=""                                                                           ""","="""""
"=""4f11.(4I*).5d.6s2""","=""*""","=""4""","=""""","=""3.0996953""","=""""","=""""","=""0.001196""","=""1.060""","=""  29  3H*                                                                  ""","="""""
"=""4f11.(4I*).5d2.(3F) (6F*).6s""","=""*""","=""4""","=""""","=""3.1176931""","=""""","=""""","=""0.017998""","=""1.310""","=""  27  7F*                                                                  ""","="""""
"=""""","=""*""","=""7""","=""""","=""3.1193362""","=""""","=""""","=""0.001643""","=""1.170""","=""                                                                           ""","="""""
"=""4f11.(4I*).5d.6s2""","=""*""","=""5""","=""""","=""3.1197590""","=""""","=""""","=""0.000423""","=""1.010""","=""  21  3I*                                                                  ""","="""""
"=""4f12.(3H<6>).5d.6s.(1D)""","=""1[5]""","=""5""","=""""","=""3.1204033""","=""""","=""""","=""0.000644""","=""1.225""","=""  79                                                                       ""","="""""
"=""4f11.(4I*).5d.6s.6p""","=""""","=""9""","=""""","=""3.1269055""","=""""","=""""","=""0.006502""","=""1.110""","=""                                                                           ""","="""""
"=""4f11.(4I*).5d2.(3F) (6G*).6s""","=""*""","=""6""","=""""","=""3.1328648""","=""""","=""""","=""0.005959""","=""1.185""","=""  20  7G*                                                                  ""","="""""
"=""4f11.(4I*).5d2.(3F) (6L*).6s""","=""*""","=""10""","=""""","=""3.1391000""","=""""","=""""","=""0.006235""","=""1.190""","=""  32  7L*        :    28                          (4I*)(3F) (4L*) 5L*      ""","="""""
"=""""","=""*""","=""5""","=""""","=""3.1447367""","=""""","=""""","=""0.005637""","=""1.180""","=""                                                                           ""","="""""
"=""4f11.(4F*).5d.6s2""","=""*""","=""6""","=""""","=""3.1483034""","=""""","=""""","=""0.003567""","=""1.075""","=""  24  5G*                                                                  ""","="""""
"=""4f12.(3H).6s.6p""","=""*""","=""3""","=""""","=""3.1570740""","=""""","=""""","=""0.008771""","=""0.810""","=""                                                                           ""","="""""
"=""4f11.(4I*).5d.6s.6p""","=""""","=""6""","=""""","=""3.1590235""","=""""","=""""","=""0.001949""","=""1.255""","=""                                                                           ""","="""""
"=""4f12.(3H).6s.6p.(3P*)""","=""*""","=""7""","=""""","=""3.1737830""","=""""","=""""","=""0.014759""","=""1.155""","=""  52  5I*                                                                  ""","="""""
"=""4f11.(4I*).5d.6s.6p""","=""""","=""10""","=""""","=""3.1763932""","=""""","=""""","=""0.002610""","=""1.165""","=""                                                                           ""","="""""
"=""4f11.(4F*).5d.6s2""","=""*""","=""5""","=""""","=""3.1841539""","=""""","=""""","=""0.007761""","=""1.175""","=""  21  5F*                                                                  ""","="""""
"=""4f12.(3H<6>).5d.6s.(1D)""","=""1[7]""","=""7""","=""""","=""3.1870146""","=""""","=""""","=""0.002861""","=""1.125""","=""  96                                                                       ""","="""""
"=""4f11.5d.6s2""","=""*""","=""4""","=""""","=""3.1930807""","=""""","=""""","=""0.006066""","=""0.955""","=""                                                                           ""","="""""
"=""4f11.(4I*).5d.6s.6p""","=""""","=""7""","=""""","=""3.2063841""","=""""","=""""","=""0.013303""","=""1.275""","=""                                                                           ""","="""""
"=""4f11.(4I*).5d2.(3P) (6I*).6s""","=""7I*""","=""9""","=""""","=""3.2066595""","=""""","=""""","=""0.000275""","=""""","=""  91                                                                       ""","="""""
"=""4f11.(4I*).5d2.(3F) (4L*).6s""","=""*""","=""9""","=""""","=""3.2077112""","=""""","=""""","=""0.001052""","=""""","=""  23  5L*                                                                  ""","="""""
"=""4f12.(3H).6s.6p""","=""*""","=""6""","=""""","=""3.2087450""","=""""","=""""","=""0.001034""","=""1.150""","=""                                                                           ""","="""""
"=""4f12.(3H<6>).5d.6s.(1D)""","=""1[6]""","=""6""","=""""","=""3.2105636""","=""""","=""""","=""0.001819""","=""1.160""","=""  90                                                                       ""","="""""
"=""4f11.(4I*<13/2>).6s2.6p<3/2>""","=""(13/2,3/2)""","=""8""","=""""","=""3.2164696""","=""""","=""""","=""0.005906""","=""1.160""","=""  99                                                                       ""","="""""
"=""4f11.(4I*<13/2>).6s2.6p<3/2>""","=""(13/2,3/2)""","=""5""","=""""","=""3.2284118""","=""""","=""""","=""0.011942""","=""1.075""","=""  85                                                                       ""","="""""
"=""4f11.(4I*<13/2>).6s2.6p<3/2>""","=""(13/2,3/2)""","=""6""","=""""","=""3.2494996""","=""""","=""""","=""0.021088""","=""1.065""","=""  84             :    10                          (4I*<11/2>) (11/2,1/2)   ""","="""""
"=""4f11.(4I*<13/2>).6s2.6p<3/2>""","=""(13/2,3/2)""","=""7""","=""""","=""3.2572186""","=""""","=""""","=""0.007719""","=""1.145""","=""  98                                                                       ""","="""""
"=""4f12.(3H).6s.6p""","=""*""","=""4""","=""""","=""3.2257228""","=""""","=""""","=""-0.031496""","=""0.920""","=""                                                                           ""","="""""
"=""4f11.(4I*).5d2.(3P) (6I*).6s""","=""*""","=""8""","=""""","=""3.2351543""","=""""","=""""","=""0.009432""","=""""","=""  40  7I*        :    32                          (4I*)(3P) (6H*) 7H*      ""","="""""
"=""4f11.(4I*).5d.6s.6p""","=""""","=""9""","=""""","=""3.2359380""","=""""","=""""","=""0.000784""","=""1.175""","=""                                                                           ""","="""""
"=""4f11.(4I*).5d.6s.6p""","=""""","=""7""","=""""","=""3.2405473""","=""""","=""""","=""0.004609""","=""1.305""","=""                                                                           ""","="""""
"=""4f12.(3F<4>).5d.6s.(3D)""","=""""","=""3""","=""""","=""3.2427405""","=""""","=""""","=""0.002193""","=""""","=""  32  3[3]       :    17                          (3F<4>)(3D) 3[2]         ""","="""""
"=""4f12.(3F<4>).5d.6s.(3D)""","=""""","=""4""","=""""","=""3.2439829""","=""""","=""""","=""0.001242""","=""""","=""  36  3[4]       :    27                          (3H<5>)(1D) 1[4]         ""","="""""
"=""4f12.(3H).6s.6p.(3P*)""","=""*""","=""5""","=""""","=""3.2482418""","=""""","=""""","=""0.004259""","=""1.045""","=""  48  5H*                                                                  ""","="""""
"=""4f12.(3H).6s.6p.(3P*)""","=""*""","=""6""","=""""","=""3.2529739""","=""""","=""""","=""0.004732""","=""1.160""","=""  38  5H*                                                                  ""","="""""
"=""4f11.(4I*).5d.6s.6p""","=""""","=""8""","=""""","=""3.2568263""","=""""","=""""","=""0.003852""","=""1.125""","=""                                                                           ""","="""""
"=""""","=""*""","=""8""","=""""","=""3.2829731""","=""""","=""""","=""0.026147""","=""""","=""                                                                           ""","="""""
"=""4f12.(3F<4>).5d.6s.(3D)""","=""""","=""5""","=""""","=""3.2922765""","=""""","=""""","=""0.009303""","=""1.200""","=""  33  3[5]       :    28                          (3F<4>)(3D) 3[4]         ""","="""""
"=""4f11.(4S*).5d.6s2""","=""*""","=""3""","=""""","=""3.2960985""","=""""","=""""","=""0.003822""","=""1.360""","=""  44  5D*                                                                  ""","="""""
"=""4f11.(4I*).5d2.(3F) (6F*).6s""","=""5F*""","=""5""","=""""","=""3.3054189""","=""""","=""""","=""0.009320""","=""1.365""","=""  62             :    17                          (4I*)(3F) (6F*) 7F*      ""","="""""
"=""4f12.(3F<4>).5d.6s.(3D)""","=""3[5]""","=""6""","=""""","=""3.3130140""","=""""","=""""","=""0.007595""","=""1.235""","=""  50             :    13                          (3F<4>)(3D) 3[6]         ""","="""""
"=""4f12.(3F<4>).5d.6s.(3D)""","=""3[5]""","=""4""","=""""","=""3.3468231""","=""""","=""""","=""0.033809""","=""""","=""  50             :    16                          (1G<4>)(3D) 3[5]         ""","="""""
"=""4f12.(3F<4>).5d.6s.(3D)""","=""3[5]""","=""5""","=""""","=""3.4055764""","=""""","=""""","=""0.058753""","=""1.190""","=""  35             :    25                          (3F<4>)(3D) 3[4]         ""","="""""
"=""4f11.(4I*).5d.6s.6p""","=""""","=""11""","=""""","=""3.3211138""","=""""","=""""","=""-0.084463""","=""1.210""","=""                                                                           ""","="""""
"=""4f11.(4I*<11/2>).6s2.6p<1/2>""","=""(11/2,1/2)""","=""5""","=""""","=""3.3265913""","=""""","=""""","=""0.005478""","=""1.070""","=""  57             :    12                          (2H*<11/2> 2) (11/2,1/2) ""","="""""
"=""4f11.(4I*<11/2>).6s2.6p<1/2>""","=""(11/2,1/2)""","=""6""","=""""","=""3.3365251""","=""""","=""""","=""0.009934""","=""1.060""","=""  68             :    13                          (2H*<11/2> 2) (11/2,1/2) ""","="""""
"=""4f12.(3F<4>).5d.6s.(3D)""","=""""","=""3""","=""""","=""3.3299210""","=""""","=""""","=""-0.006604""","=""""","=""  27  3[2]       :    27                          (3H<4>)(1D) 1[3]         ""","="""""
"=""""","=""""","=""6""","=""""","=""3.3467060""","=""""","=""""","=""0.016785""","=""1.240""","=""                                                                           ""","="""""
"=""4f12.(3F<4>).5d.6s.(3D)""","=""""","=""5""","=""""","=""3.3503747""","=""""","=""""","=""0.003669""","=""1.000""","=""  28  3[6]       :    17                          (3F<4>)(3D) 3[4]         ""","="""""
"=""4f11.(4I*).5d.6s.6p""","=""""","=""8""","=""""","=""3.3697540""","=""""","=""""","=""0.019379""","=""1.270""","=""                                                                           ""","="""""
"=""4f11.(4I*).5d.6s.6p""","=""""","=""9""","=""""","=""3.3721315""","=""""","=""""","=""0.002378""","=""1.265""","=""                                                                           ""","="""""
"=""""","=""*""","=""7""","=""""","=""3.3761698""","=""""","=""""","=""0.004038""","=""1.135""","=""                                                                           ""","="""""
"=""4f11.(4I*).5d2.(3P) .6s""","=""*""","=""7""","=""""","=""3.3856064""","=""""","=""""","=""0.009437""","=""1.225""","=""                                                                           ""","="""""
"=""4f12.(3F<4>).5d.6s.(3D)""","=""""","=""6""","=""""","=""3.3892619""","=""""","=""""","=""0.003656""","=""1.130""","=""  34  3[6]       :    20                          (3F<4>)(3D) 3[5]         ""","="""""
"=""4f11.(4I*).5d.6s.6p""","=""""","=""10""","=""""","=""3.3947257""","=""""","=""""","=""0.005464""","=""1.235""","=""                                                                           ""","="""""
"=""4f12.(3H<5>).5d.6s.(3D)?""","=""""","=""4""","=""""","=""3.3961609""","=""""","=""""","=""0.001435""","=""""","=""  44  3[3]       :    12                          (3F<4>)(3D).? 3[4]       ""","="""""
"=""4f11.(4I*).5d.6s.6p""","=""""","=""7""","=""""","=""3.4045363""","=""""","=""""","=""0.008375""","=""1.250""","=""                                                                           ""","="""""
"=""4f11.(4I*).5d.6s.6p""","=""""","=""8""","=""""","=""3.4193286""","=""""","=""""","=""0.014792""","=""1.280""","=""                                                                           ""","="""""
"=""""","=""*""","=""6""","=""""","=""3.4197343""","=""""","=""""","=""0.000406""","=""1.120""","=""                                                                           ""","="""""
"=""4f12.(3F<4>).5d.6s.(3D)""","=""3[6]""","=""7""","=""""","=""3.4251306""","=""""","=""""","=""0.005396""","=""1.225""","=""  52             :    20                          (1G<4>)(3D) 3[6]         ""","="""""
"=""""","=""*""","=""4""","=""""","=""3.4256731""","=""""","=""""","=""0.000542""","=""1.260""","=""                                                                           ""","="""""
"=""4f11.(4I*).5d2.6s""","=""*""","=""9""","=""""","=""3.4312380""","=""""","=""""","=""0.005565""","=""""","=""                                                                           ""","="""""
"=""""","=""""","=""5""","=""""","=""3.4402151""","=""""","=""""","=""0.008977""","=""1.240""","=""                                                                           ""","="""""
"=""4f12.(3H).6s.6p.(3P*)""","=""*""","=""4""","=""""","=""3.4439481""","=""""","=""""","=""0.003733""","=""1.020""","=""  18  5I*                                                                  ""","="""""
"=""""","=""*""","=""3""","=""""","=""3.4478877""","=""""","=""""","=""0.003940""","=""0.970""","=""                                                                           ""","="""""
"=""4f12.(3H<5>).5d.6s.(3D)""","=""3[7]""","=""7""","=""""","=""""","=""""","=""""","=""""","=""""","=""                                                                           ""","="""""
"=""4f12.(3H<5>).5d.6s.(3D)""","=""3[7]""","=""6""","=""""","=""3.4491578""","=""""","=""""","=""""","=""1.030""","=""  91                                                                       ""","="""""
"=""4f12.(3H<5>).5d.6s.(3D)""","=""3[7]""","=""8""","=""""","=""3.5433452""","=""""","=""""","=""0.094187""","=""1.120""","="" 100                                                                       ""","="""""
"=""4f11.(4I*).5d2.(3F) (6H*).6s""","=""*""","=""7""","=""""","=""3.4495957""","=""""","=""""","=""-0.093749""","=""1.255""","=""  30  5H*        :    21                          (4I*)(1D) (4H*) 5H*      ""","="""""
"=""4f12.(3F<4>).5d.6s.(3D)?""","=""""","=""3""","=""""","=""3.4516322""","=""""","=""""","=""0.002036""","=""""","=""  15  3[3]       :    14                          (3H<4>)(1D) 1[3]         ""","="""""
"=""""","=""*""","=""5""","=""""","=""3.4537579""","=""""","=""""","=""0.002126""","=""1.095""","=""                                                                           ""","="""""
"=""""","=""*""","=""6""","=""""","=""3.4566070""","=""""","=""""","=""0.002849""","=""1.175""","=""                                                                           ""","="""""
"=""""","=""""","=""6""","=""""","=""3.4631313""","=""""","=""""","=""0.006524""","=""1.105""","=""                                                                           ""","="""""
"=""4f11.(4I*).5d.6s.6p""","=""""","=""10""","=""""","=""3.4687219""","=""""","=""""","=""0.005591""","=""1.205""","=""                                                                           ""","="""""
"=""4f11.5d.6s2""","=""*""","=""7""","=""""","=""3.4737377""","=""""","=""""","=""0.005016""","=""1.080""","=""                                                                           ""","="""""
"=""""","=""*""","=""5""","=""""","=""3.4747867""","=""""","=""""","=""0.001049""","=""1.120""","=""                                                                           ""","="""""
"=""4f11.(4I*).5d.6s.6p""","=""""","=""9""","=""""","=""3.4769225""","=""""","=""""","=""0.002136""","=""1.230""","=""                                                                           ""","="""""
"=""4f11.(4I*).5d2.(3F) (6G*).6s""","=""*""","=""6""","=""""","=""3.4782456""","=""""","=""""","=""0.001323""","=""1.240""","=""  28  5G*                                                                  ""","="""""
"=""4f12.(3H).6s.6p.(3P*)""","=""*""","=""4""","=""""","=""3.4818227""","=""""","=""""","=""0.003577""","=""1.075""","=""  21  5I*                                                                  ""","="""""
"=""4f12.(3H<5>).5d.6s.(3D)?""","=""3[3]?""","=""3""","=""""","=""3.4851508""","=""""","=""""","=""0.003328""","=""""","=""  53             :    13                          (3H<5>)(3D)? 3[4]        ""","="""""
"=""""","=""*""","=""5""","=""""","=""3.4876511""","=""""","=""""","=""0.002500""","=""1.040""","=""                                                                           ""","="""""
"=""""","=""*""","=""3""","=""""","=""3.4996841""","=""""","=""""","=""0.012033""","=""1.085""","=""                                                                           ""","="""""
"=""4f11.(4I*).5d.6s.6p""","=""""","=""7""","=""""","=""3.5072739""","=""""","=""""","=""0.007590""","=""1.180""","=""                                                                           ""","="""""
"=""4f11.(4F*).5d.6s2""","=""*""","=""3""","=""""","=""3.5075621""","=""""","=""""","=""0.000288""","=""1.140""","=""                                                                           ""","="""""
"=""""","=""*""","=""4""","=""""","=""3.5158675""","=""""","=""""","=""0.008305""","=""1.250""","=""                                                                           ""","="""""
"=""4f11.(4I*).5d.6s.6p""","=""""","=""8""","=""""","=""3.5207965""","=""""","=""""","=""0.004929""","=""1.185""","=""                                                                           ""","="""""
"=""4f12.(3H<5>).5d.6s.(3D)?""","=""""","=""4""","=""""","=""3.5218245""","=""""","=""""","=""0.001028""","=""""","=""  36  3[3]       :    16                          (3F<4>)(3D)? 3[4]        ""","="""""
"=""4f11.(4I*).5d.6s.6p""","=""""","=""9""","=""""","=""3.5219519""","=""""","=""""","=""0.000127""","=""1.195""","=""                                                                           ""","="""""
"=""4f11.5d.6s.6p""","=""""","=""5""","=""""","=""3.5355752""","=""""","=""""","=""0.013623""","=""1.175""","=""                                                                           ""","="""""
"=""4f11.(4I*).5d.6s.6p""","=""""","=""10""","=""""","=""3.5457211""","=""""","=""""","=""0.010146""","=""1.235""","=""                                                                           ""","="""""
"=""""","=""*""","=""4""","=""""","=""3.5509418""","=""""","=""""","=""0.005221""","=""1.220""","=""                                                                           ""","="""""
"=""4f11.5d.6s.6p""","=""""","=""8""","=""""","=""3.5583278""","=""""","=""""","=""0.007386""","=""1.180""","=""                                                                           ""","="""""
"=""4f11.(4I*<9/2>).6s2.6p<1/2>?""","=""(9/2,1/2)?""","=""4""","=""""","=""3.5650440""","=""""","=""""","=""0.006716""","=""""","=""  39             :    17                          (2H*<9/2> 2)? (9/2,1/2)  ""","="""""
"=""4f11.(4I*<9/2>).6s2.6p<1/2>?""","=""(9/2,1/2)?""","=""5""","=""""","=""3.5931538""","=""""","=""""","=""0.028110""","=""""","=""  44             :    19                          (2H*<9/2> 2)? (9/2,1/2)  ""","="""""
"=""4f12.(3H).6s.6p.(3P*)""","=""*""","=""2""","=""""","=""3.5693934""","=""""","=""""","=""-0.023760""","=""0.630""","=""  27  5G*                                                                  ""","="""""
"=""4f11.5d.6s.6p""","=""""","=""9""","=""""","=""3.5757011""","=""""","=""""","=""0.006308""","=""1.160""","=""                                                                           ""","="""""
"=""""","=""*""","=""6""","=""""","=""3.5775567""","=""""","=""""","=""0.001856""","=""1.190""","=""                                                                           ""","="""""
"=""4f11.(4I*).5d2.(1D) (4I*).6s""","=""*""","=""8""","=""""","=""3.5801982""","=""""","=""""","=""0.002641""","=""1.210""","=""  19  5I*        :    17                          (4I*)(3F) (6K*) 7K*      ""","="""""
"=""4f11.5d.6s.6p""","=""""","=""7""","=""""","=""3.5854295""","=""""","=""""","=""0.005231""","=""1.140""","=""                                                                           ""","="""""
"=""4f12.(3F).6s.6p""","=""*""","=""3""","=""""","=""3.5951093""","=""""","=""""","=""0.009680""","=""1.080""","=""                                                                           ""","="""""
"=""4f11.(4I*).5d.6s.6p""","=""""","=""11""","=""""","=""3.5972553""","=""""","=""""","=""0.002146""","=""1.230""","=""                                                                           ""","="""""
"=""4f12.(3H<5>).5d.6s.(3D)""","=""3[4]""","=""5""","=""""","=""3.6041564""","=""""","=""""","=""0.006901""","=""1.195""","=""  76                                                                       ""","="""""
"=""4f12.(3H<5>).5d.6s.(3D)""","=""3[4]""","=""4""","=""""","=""3.6289653""","=""""","=""""","=""0.024809""","=""1.110""","=""  64                                                                       ""","="""""
"=""4f12.(3H<5>).5d.6s.(3D)""","=""3[4]""","=""3""","=""""","=""3.6479584""","=""""","=""""","=""0.018993""","=""""","=""  53             :    10                          (3H<5>)(3D) 3[3]         ""","="""""
"=""4f11.(4F*).5d.6s2""","=""*""","=""2""","=""""","=""3.6054105""","=""""","=""""","=""-0.042548""","=""0.830""","=""  32  5G*                                                                  ""","="""""
"=""""","=""""","=""6""","=""""","=""3.6127432""","=""""","=""""","=""0.007333""","=""1.135""","=""                                                                           ""","="""""
"=""""","=""*""","=""6""","=""""","=""3.6144860""","=""""","=""""","=""0.001743""","=""1.175""","=""                                                                           ""","="""""
"=""""","=""""","=""9""","=""""","=""3.6205631""","=""""","=""""","=""0.006077""","=""1.150""","=""                                                                           ""","="""""
"=""4f11.(4F*).5d.6s2""","=""*""","=""5""","=""""","=""3.6292911""","=""""","=""""","=""0.008728""","=""1.115""","=""  38  5H*                                                                  ""","="""""
"=""4f11.(4I*).5d.6s.6p""","=""""","=""12""","=""""","=""3.6302888""","=""""","=""""","=""0.000998""","=""""","=""                                                                           ""","="""""
"=""4f12.(3H<5>).5d.6s.(3D)""","=""3[6]""","=""5""","=""""","=""3.6417526""","=""""","=""""","=""0.011464""","=""0.955""","=""  54             :    31                          (3H<5>)(3D) 3[5]         ""","="""""
"=""4f12.(3H<5>).5d.6s.(3D)""","=""3[6]""","=""6""","=""""","=""3.6507625""","=""""","=""""","=""0.009010""","=""1.130""","=""  43             :    43                          (3H<5>)(3D) 3[5]         ""","="""""
"=""4f12.(3H<5>).5d.6s.(3D)""","=""3[6]""","=""7""","=""""","=""3.7308740""","=""""","=""""","=""0.080112""","=""1.165""","=""  92                                                                       ""","="""""
"=""4f11.(4I*).5d2.(1D) (4G*).6s""","=""*""","=""6""","=""""","=""3.6478697""","=""""","=""""","=""-0.083004""","=""1.105""","=""  28  5G*                                                                  ""","="""""
"=""""","=""""","=""8""","=""""","=""3.6515695""","=""""","=""""","=""0.003700""","=""1.270""","=""                                                                           ""","="""""
"=""4f11.(4F*).5d.6s2""","=""*""","=""3""","=""""","=""3.6526816""","=""""","=""""","=""0.001112""","=""1.050""","=""  26  5G*                                                                  ""","="""""
"=""4f11.(4F*).5d.6s2""","=""*""","=""1""","=""""","=""3.6537918""","=""""","=""""","=""0.001110""","=""0.535""","=""  25  5F*                                                                  ""","="""""
"=""""","=""*""","=""4""","=""""","=""3.6592736""","=""""","=""""","=""0.005482""","=""1.235""","=""                                                                           ""","="""""
"=""4f11.(4F*).5d.6s2""","=""*""","=""5""","=""""","=""3.6638331""","=""""","=""""","=""0.004560""","=""1.150""","=""  37  5G*                                                                  ""","="""""
"=""4f12.6s.6p""","=""*""","=""6""","=""""","=""3.6651496""","=""""","=""""","=""0.001316""","=""1.130""","=""                                                                           ""","="""""
"=""4f12.(3F).6s.6p.(3P*)""","=""*""","=""4""","=""""","=""3.6692801""","=""""","=""""","=""0.004131""","=""1.170""","=""  35  5G*                                                                  ""","="""""
"=""4f12.(3F).6s.6p.(3P*)""","=""*""","=""2""","=""""","=""3.6694556""","=""""","=""""","=""0.000176""","=""0.960""","=""  37  5F*                                                                  ""","="""""
"=""""","=""*""","=""3""","=""""","=""3.6700415""","=""""","=""""","=""0.000586""","=""0.965""","=""                                                                           ""","="""""
"=""4f11.(4I*).5d.6s.6p""","=""""","=""10""","=""""","=""3.6759836""","=""""","=""""","=""0.005942""","=""1.205""","=""                                                                           ""","="""""
"=""4f11.(4I*<11/2>).6s2.6p<3/2>""","=""(11/2,3/2)""","=""7""","=""""","=""3.6800569""","=""""","=""""","=""0.004073""","=""1.070""","=""  83             :    15                          (2H*<11/2> 2) (11/2,3/2) ""","="""""
"=""4f11.(4I*<11/2>).6s2.6p<3/2>""","=""(11/2,3/2)""","=""4""","=""""","=""3.6802199""","=""""","=""""","=""0.000163""","=""""","=""  71             :    11                          (2H*<11/2> 2) (11/2,3/2) ""","="""""
"=""4f11.(4I*<11/2>).6s2.6p<3/2>""","=""(11/2,3/2)""","=""5""","=""""","=""3.6984164""","=""""","=""""","=""0.018197""","=""1.020""","=""  71             :    13                          (2H*<11/2> 2) (11/2,3/2) ""","="""""
"=""4f11.(4I*<11/2>).6s2.6p<3/2>""","=""(11/2,3/2)""","=""6""","=""""","=""3.7182665""","=""""","=""""","=""0.019850""","=""1.140""","=""  74             :    14                          (2H*<11/2> 2) (11/2,3/2) ""","="""""
"=""""","=""""","=""8""","=""""","=""3.6898383""","=""""","=""""","=""-0.028428""","=""1.115""","=""                                                                           ""","="""""
"=""""","=""*""","=""5""","=""""","=""3.6940921""","=""""","=""""","=""0.004254""","=""1.100""","=""                                                                           ""","="""""
"=""""","=""""","=""6""","=""""","=""3.6948811""","=""""","=""""","=""0.000789""","=""1.185""","=""                                                                           ""","="""""
"=""""","=""*""","=""4""","=""""","=""3.6952891""","=""""","=""""","=""0.000408""","=""1.100""","=""                                                                           ""","="""""
"=""4f11.(4I*).5d2.(3F) (6M*).6s""","=""*""","=""8""","=""""","=""3.6953652""","=""""","=""""","=""0.000076""","=""""","=""  18  7M*        :    15                          (4I*)(3F) (4M*) 5M*      ""","="""""
"=""""","=""*""","=""3""","=""""","=""3.6985310""","=""""","=""""","=""0.003166""","=""1.020""","=""                                                                           ""","="""""
"=""""","=""*""","=""5""","=""""","=""3.7064088""","=""""","=""""","=""0.007878""","=""1.195""","=""                                                                           ""","="""""
"=""4f12.(3F<4>).5d.6s.(1D)""","=""1[5]""","=""5""","=""""","=""3.7080923""","=""""","=""""","=""0.001683""","=""1.095""","=""  66             :    18                          (1G<4>)(1D) 1[5]         ""","="""""
"=""""","=""""","=""8""","=""""","=""3.7109438""","=""""","=""""","=""0.002851""","=""1.215""","=""                                                                           ""","="""""
"=""4f12.(3F).6s.6p.(3P*)""","=""*""","=""1""","=""""","=""3.7120250""","=""""","=""""","=""0.001081""","=""0.270""","=""  53  5F*                                                                  ""","="""""
"=""""","=""""","=""7""","=""""","=""3.7155425""","=""""","=""""","=""0.003518""","=""1.235""","=""                                                                           ""","="""""
"=""""","=""""","=""4""","=""""","=""3.7162535""","=""""","=""""","=""0.000711""","=""""","=""                                                                           ""","="""""
"=""4f11.5d.6s2""","=""*""","=""6""","=""""","=""3.7204396""","=""""","=""""","=""0.004186""","=""1.090""","=""                                                                           ""","="""""
"=""""","=""*""","=""4""","=""""","=""3.7207983""","=""""","=""""","=""0.000359""","=""1.255""","=""                                                                           ""","="""""
"=""4f11.(4I*).5d2.(3F) (6K*).6s""","=""*""","=""6""","=""""","=""3.7304614""","=""""","=""""","=""0.009663""","=""1.120""","=""  20  7K*                                                                  ""","="""""
"=""4f11.(4F*).5d.6s2""","=""*""","=""4""","=""""","=""3.7326058""","=""""","=""""","=""0.002144""","=""1.095""","=""  23  5H*                                                                  ""","="""""
"=""""","=""""","=""10""","=""""","=""3.7330177""","=""""","=""""","=""0.000412""","=""1.250""","=""                                                                           ""","="""""
"=""4f12.(3H<5>).5d.6s.(3D)?""","=""3[5]?""","=""5""","=""""","=""3.7352160""","=""""","=""""","=""0.002198""","=""""","=""  52             :    26                          (3H<5>)(3D)? 3[6]        ""","="""""
"=""""","=""""","=""5""","=""""","=""3.7381179""","=""""","=""""","=""0.002902""","=""1.205""","=""                                                                           ""","="""""
"=""4f11.(4F*).5d.6s2""","=""*""","=""3""","=""""","=""3.7409204""","=""""","=""""","=""0.002802""","=""1.035""","=""  17  5H*                                                                  ""","="""""
"=""""","=""""","=""6""","=""""","=""3.7417038""","=""""","=""""","=""0.000783""","=""1.195""","=""                                                                           ""","="""""
"=""""","=""""","=""9""","=""""","=""3.7452581""","=""""","=""""","=""0.003554""","=""1.120""","=""                                                                           ""","="""""
"=""4f12.(3F<4>).5d.6s.(1D)?""","=""""","=""3""","=""""","=""3.7478509""","=""""","=""""","=""0.002593""","=""""","=""  33  1[3]       :    14                          (3H<5>)(1D)? 1[3]        ""","="""""
"=""4f12.6s.6p""","=""*""","=""5""","=""""","=""3.7507565""","=""""","=""""","=""0.002906""","=""1.170""","=""                                                                           ""","="""""
"=""4f12.(3F<4>).5d.6s.(1D)?""","=""1[4]?""","=""4""","=""""","=""3.7525179""","=""""","=""""","=""0.001761""","=""""","=""  52             :    15                          (1G<4>)(1D)? 1[4]        ""","="""""
"=""""","=""""","=""6""","=""""","=""3.7551521""","=""""","=""""","=""0.002634""","=""""","=""                                                                           ""","="""""
"=""""","=""""","=""9""","=""""","=""3.7663761""","=""""","=""""","=""0.011224""","=""1.220""","=""                                                                           ""","="""""
"=""4f11.(4I*).5d2.(3F) (4F*).6s""","=""*""","=""5""","=""""","=""3.7666749""","=""""","=""""","=""0.000299""","=""1.175""","=""  28  5F*                                                                  ""","="""""
"=""""","=""""","=""6""","=""""","=""3.7775983""","=""""","=""""","=""0.010923""","=""1.200""","=""                                                                           ""","="""""
"=""""","=""""","=""7""","=""""","=""3.7793180""","=""""","=""""","=""0.001720""","=""1.080""","=""                                                                           ""","="""""
"=""4f11.(4I*).5d2.(3F) (4F*).6s""","=""*""","=""5""","=""""","=""3.7939363""","=""""","=""""","=""0.014618""","=""1.195""","=""  42  5F*                                                                  ""","="""""
"=""""","=""*""","=""3""","=""""","=""3.7954302""","=""""","=""""","=""0.001494""","=""1.020""","=""                                                                           ""","="""""
"=""4f12.(3F).6s.6p.(3P*)""","=""*""","=""2""","=""""","=""3.7961845""","=""""","=""""","=""0.000754""","=""0.725""","=""  37  5G*                                                                  ""","="""""
"=""4f11.(4F*).5d.6s2""","=""*""","=""4""","=""""","=""3.7992227""","=""""","=""""","=""0.003038""","=""1.100""","=""  27  5H*                                                                  ""","="""""
"=""""","=""""","=""7""","=""""","=""3.8054818""","=""""","=""""","=""0.006259""","=""1.245""","=""                                                                           ""","="""""
"=""""","=""""","=""8""","=""""","=""3.8096297""","=""""","=""""","=""0.004148""","=""1.180""","=""                                                                           ""","="""""
"=""4f11.(4F*).5d.6s2""","=""5H*""","=""6""","=""""","=""3.8144631""","=""""","=""""","=""0.004833""","=""1.205""","=""  52                                                                       ""","="""""
"=""4f11.(4I*).5d2.(1G) (4D*).6s""","=""5D*""","=""4""","=""""","=""3.8231140""","=""""","=""""","=""0.008651""","=""1.375""","=""  67             :    19                          (4I*)(1G) (4F*) 5F*      ""","="""""
"=""""","=""*""","=""3""","=""""","=""3.8327850""","=""""","=""""","=""0.009671""","=""1.025""","=""                                                                           ""","="""""
"=""""","=""*""","=""4""","=""""","=""3.8388159""","=""""","=""""","=""0.006031""","=""1.150""","=""                                                                           ""","="""""
"=""4f11.(4I*).5d2.(1G) (4F*).6s""","=""5F*""","=""5""","=""""","=""3.8565397""","=""""","=""""","=""0.017724""","=""1.200""","=""  59             :    23                          (4I*)(1G) (4G*) 5G*      ""","="""""
"=""""","=""""","=""7""","=""""","=""3.8566093""","=""""","=""""","=""0.000070""","=""1.165""","=""                                                                           ""","="""""
"=""""","=""""","=""5""","=""""","=""3.8586867""","=""""","=""""","=""0.002077""","=""1.155""","=""                                                                           ""","="""""
"=""4f12.(3F).6s.6p.(3P*)""","=""*""","=""4""","=""""","=""3.8628212""","=""""","=""""","=""0.004135""","=""1.145""","=""  29  5F*                                                                  ""","="""""
"=""""","=""""","=""9""","=""""","=""3.8640652""","=""""","=""""","=""0.001244""","=""1.275""","=""                                                                           ""","="""""
"=""4f11.(4I*).5d2.(3F) (6F*).6s""","=""*""","=""3""","=""""","=""3.8640740""","=""""","=""""","=""0.000009""","=""1.175""","=""  20  7F*        :    16                          (4I*)(1G) (4D*) 3D*      ""","="""""
"=""4f11.(4F*).5d.6s2""","=""*""","=""3""","=""""","=""3.8651166""","=""""","=""""","=""0.001043""","=""1.170""","=""  17  5D*                                                                  ""","="""""
"=""""","=""*""","=""5""","=""""","=""3.8675922""","=""""","=""""","=""0.002476""","=""1.135""","=""                                                                           ""","="""""
"=""""","=""*""","=""6""","=""""","=""3.8689546""","=""""","=""""","=""0.001362""","=""1.100""","=""                                                                           ""","="""""
"=""""","=""""","=""4""","=""""","=""3.8763501""","=""""","=""""","=""0.007395""","=""1.100""","=""                                                                           ""","="""""
"=""""","=""""","=""10""","=""""","=""3.8770771""","=""""","=""""","=""0.000727""","=""1.280""","=""                                                                           ""","="""""
"=""""","=""*""","=""4""","=""""","=""3.8790145""","=""""","=""""","=""0.001937""","=""1.030""","=""                                                                           ""","="""""
"=""""","=""""","=""6""","=""""","=""3.8854738""","=""""","=""""","=""0.006459""","=""1.025""","=""                                                                           ""","="""""
"=""""","=""*""","=""4""","=""""","=""3.8872773""","=""""","=""""","=""0.001803""","=""1.125""","=""                                                                           ""","="""""
"=""4f12.(3F).6s.6p.(3P*)""","=""*""","=""5""","=""""","=""3.8887295""","=""""","=""""","=""0.001452""","=""1.235""","=""  47  5G*                                                                  ""","="""""
"=""4f12.(3F).6s.6p""","=""*""","=""3""","=""""","=""3.8887578""","=""""","=""""","=""0.000028""","=""1.225""","=""                                                                           ""","="""""
"=""""","=""""","=""5""","=""""","=""3.8949000""","=""""","=""""","=""0.006142""","=""1.180""","=""                                                                           ""","="""""
"=""""","=""*""","=""5""","=""""","=""3.8984261""","=""""","=""""","=""0.003526""","=""1.195""","=""                                                                           ""","="""""
"=""4f11.(4I*).5d2.(1G) (4G*).6s""","=""*""","=""6""","=""""","=""3.9024355""","=""""","=""""","=""0.004009""","=""1.180""","=""  33  5G*                                                                  ""","="""""
"=""""","=""""","=""6""","=""""","=""3.9084477""","=""""","=""""","=""0.006012""","=""1.150""","=""                                                                           ""","="""""
"=""""","=""""","=""8""","=""""","=""3.9129196""","=""""","=""""","=""0.004472""","=""0.990""","=""                                                                           ""","="""""
"=""""","=""""","=""7""","=""""","=""3.9136765""","=""""","=""""","=""0.000757""","=""1.200""","=""                                                                           ""","="""""
"=""""","=""""","=""4""","=""""","=""3.9318661""","=""""","=""""","=""0.018190""","=""1.150""","=""                                                                           ""","="""""
"=""4f12.(3H<6>).6s.7s.(3S<1>)""","=""(6,1)""","=""7""","=""""","=""3.9327371""","=""""","=""""","=""0.000871""","=""1.285""","=""  99                                                                       ""","="""""
"=""4f12.(3H<6>).6s.7s.(3S<1>)""","=""(6,1)""","=""6""","=""""","=""3.9608509""","=""""","=""""","=""0.028114""","=""1.195""","=""  98                                                                       ""","="""""
"=""4f12.(3H<6>).6s.7s.(3S<1>)""","=""(6,1)""","=""5""","=""""","=""3.9945958""","=""""","=""""","=""0.033745""","=""1.050""","=""  99                                                                       ""","="""""
"=""4f12.(3H).6s.6p""","=""*""","=""6""","=""""","=""3.9456419""","=""""","=""""","=""-0.048954""","=""1.045""","=""                                                                           ""","="""""
"=""""","=""""","=""8""","=""""","=""3.9459894""","=""""","=""""","=""0.000348""","=""1.180""","=""                                                                           ""","="""""
"=""4f12.(3H<4>).5d.6s.(3D)""","=""3[6]""","=""6""","=""""","=""""","=""""","=""""","=""""","=""""","=""                                                                           ""","="""""
"=""4f12.(3H<4>).5d.6s.(3D)""","=""3[6]""","=""5""","=""""","=""3.9492279""","=""""","=""""","=""""","=""0.880""","=""  60             :    31                          (3F<4>)(3D) 3[6]         ""","="""""
"=""4f12.(3H<4>).5d.6s.(3D)""","=""3[6]""","=""7""","=""""","=""4.0724455""","=""""","=""""","=""0.123218""","=""1.110""","=""  62             :    26                          (3F<4>)(3D) 3[6]         ""","="""""
"=""4f11.(4I*).5d2.(1D) (4G*).6s""","=""*""","=""5""","=""""","=""3.9517713""","=""""","=""""","=""-0.120674""","=""0.990""","=""  16  3G*                                                                  ""","="""""
"=""""","=""""","=""6""","=""""","=""3.9524660""","=""""","=""""","=""0.000695""","=""1.175""","=""                                                                           ""","="""""
"=""""","=""""","=""9""","=""""","=""3.9559253""","=""""","=""""","=""0.003459""","=""1.220""","=""                                                                           ""","="""""
"=""""","=""*""","=""6""","=""""","=""3.9583199""","=""""","=""""","=""0.002395""","=""1.215""","=""                                                                           ""","="""""
"=""""","=""*""","=""3""","=""""","=""3.9661228""","=""""","=""""","=""0.007803""","=""1.065""","=""                                                                           ""","="""""
"=""""","=""""","=""7""","=""""","=""3.9676735""","=""""","=""""","=""0.001551""","=""1.105""","=""                                                                           ""","="""""
"=""""","=""""","=""5""","=""""","=""3.9704406""","=""""","=""""","=""0.002767""","=""1.100""","=""                                                                           ""","="""""
"=""""","=""""","=""6""","=""""","=""3.9719782""","=""""","=""""","=""0.001538""","=""1.020""","=""                                                                           ""","="""""
"=""4f11.(4I*).5d2.(3F) (6G*).6s""","=""*""","=""5""","=""""","=""3.9752020""","=""""","=""""","=""0.003224""","=""""","=""  20  7G*                                                                  ""","="""""
"=""4f12.(3F).6s.6p.(3P*)""","=""*""","=""1""","=""""","=""3.9763934""","=""""","=""""","=""0.001191""","=""0.935""","=""  37  5D*                                                                  ""","="""""
"=""4f11.(4I*).5d2.(1G) (4D*).6s""","=""*""","=""3""","=""""","=""3.9816577""","=""""","=""""","=""0.005264""","=""0.940""","=""  22  3D*        :    14                          (4I*)(3F) (6H*) 7H*      ""","="""""
"=""""","=""""","=""6""","=""""","=""3.9938354""","=""""","=""""","=""0.012178""","=""1.115""","=""                                                                           ""","="""""
"=""4f12.6s.6p""","=""*""","=""4""","=""""","=""3.9940669""","=""""","=""""","=""0.000231""","=""1.170""","=""                                                                           ""","="""""
"=""4f11.(4F*).5d.6s2""","=""*""","=""2""","=""""","=""3.9969395""","=""""","=""""","=""0.002873""","=""0.940""","=""  31  3F*                                                                  ""","="""""
"=""""","=""""","=""7""","=""""","=""3.9979195""","=""""","=""""","=""0.000980""","=""1.065""","=""                                                                           ""","="""""
"=""""","=""""","=""9""","=""""","=""4.0048881""","=""""","=""""","=""0.006969""","=""1.120""","=""                                                                           ""","="""""
"=""""","=""""","=""6""","=""""","=""4.0131491""","=""""","=""""","=""0.008261""","=""1.075""","=""                                                                           ""","="""""
"=""4f11.(4I*).5d2.(3F) (6H*).6s""","=""*""","=""6""","=""""","=""4.0189443""","=""""","=""""","=""0.005795""","=""1.135""","=""  22  7H*                                                                  ""","="""""
"=""""","=""""","=""8""","=""""","=""4.0326686""","=""""","=""""","=""0.013724""","=""1.170""","=""                                                                           ""","="""""
"=""4f11.(4F*).5d2.(1G) (4G*).6s""","=""*""","=""5""","=""""","=""4.0406997""","=""""","=""""","=""0.008031""","=""1.130""","=""  31  3G*                                                                  ""","="""""
"=""4f11.(4F*).5d.6s2""","=""*""","=""3""","=""""","=""4.0537092""","=""""","=""""","=""0.013009""","=""0.955""","=""  39  3G*                                                                  ""","="""""
"=""4f11.(4F*).5d.6s2""","=""*""","=""4""","=""""","=""4.0545761""","=""""","=""""","=""0.000867""","=""1.110""","=""  18  3G*                                                                  ""","="""""
"=""""","=""""","=""7""","=""""","=""4.0666195""","=""""","=""""","=""0.012043""","=""1.075""","=""                                                                           ""","="""""
"=""4f11.(4I*).5d2.(3F) (4G*).6s""","=""*""","=""6""","=""""","=""4.0692169""","=""""","=""""","=""0.002597""","=""1.225""","=""  26  5G*                                                                  ""","="""""
"=""4f11.(4I*).5d2.6s""","=""*""","=""4""","=""""","=""4.0702769""","=""""","=""""","=""0.001060""","=""1.270""","=""                                                                           ""","="""""
"=""4f11.(4I*).5d2.(3F) (2G*).6s""","=""*""","=""5""","=""""","=""4.0738549""","=""""","=""""","=""0.003578""","=""1.210""","=""  22  3G*                                                                  ""","="""""
"=""""","=""""","=""8""","=""""","=""4.0772039""","=""""","=""""","=""0.003349""","=""1.145""","=""                                                                           ""","="""""
"=""""","=""""","=""5""","=""""","=""4.0868417""","=""""","=""""","=""0.009638""","=""1.130""","=""                                                                           ""","="""""
"=""""","=""*""","=""5""","=""""","=""4.0911796""","=""""","=""""","=""0.004338""","=""1.115""","=""                                                                           ""","="""""
"=""4f12.(3H<4>).5d.6s.(3D)""","=""""","=""5""","=""""","=""4.0957751""","=""""","=""""","=""0.004595""","=""1.050""","=""  35  3[5]       :    14                          (3H<4>)(3D) 3[4]         ""","="""""
"=""""","=""""","=""6""","=""""","=""4.1088125""","=""""","=""""","=""0.013037""","=""1.065""","=""                                                                           ""","="""""
"=""4f11.(4F*).5d.6s2""","=""*""","=""4""","=""""","=""4.1260752""","=""""","=""""","=""0.017263""","=""1.085""","=""  25  3F*                                                                  ""","="""""
"=""4f11.(4F*).5d.6s2""","=""*""","=""1""","=""""","=""4.1481964""","=""""","=""""","=""0.022121""","=""0.905""","=""  43  3D*                                                                  ""","="""""
"=""4f11.(4F*).5d.6s2""","=""*""","=""5""","=""""","=""4.1516377""","=""""","=""""","=""0.003441""","=""1.040""","=""  28  3H*                                                                  ""","="""""
"=""4f12.(3H<6>).6s.7s.(1S<0>)""","=""(6,0)""","=""6""","=""""","=""4.1559180""","=""""","=""""","=""0.004280""","=""1.180""","=""  98                                                                       ""","="""""
"=""""","=""*""","=""2""","=""""","=""4.1581421""","=""""","=""""","=""0.002224""","=""1.095""","=""                                                                           ""","="""""
"=""4f11.(4I*).5d2.(3F) (6K*).6s""","=""*""","=""5""","=""""","=""4.1675146""","=""""","=""""","=""0.009372""","=""0.925""","=""  30  7K*        :    17                          (4I*)(3F) (4I*) 5I*      ""","="""""
"=""""","=""""","=""10""","=""""","=""4.1682659""","=""""","=""""","=""0.000751""","=""1.160""","=""                                                                           ""","="""""
"=""4f12.(3H<4>).5d.6s.(3D)""","=""3[5]""","=""6""","=""""","=""4.1845467""","=""""","=""""","=""0.016281""","=""1.100""","=""  52             :    20                          (1G<4>)(3D) 3[5]         ""","="""""
"=""""","=""*""","=""3""","=""""","=""4.1963079""","=""""","=""""","=""0.011761""","=""1.090""","=""                                                                           ""","="""""
"=""""","=""""","=""6""","=""""","=""4.1973452""","=""""","=""""","=""0.001037""","=""1.240""","=""                                                                           ""","="""""
"=""4f11.(4F*).5d.6s2""","=""3H*""","=""4""","=""""","=""4.1982863""","=""""","=""""","=""0.000941""","=""0.945""","=""  46                                                                       ""","="""""
"=""""","=""""","=""10""","=""""","=""4.2083079""","=""""","=""""","=""0.010022""","=""1.118""","=""                                                                           ""","="""""
"=""""","=""""","=""6""","=""""","=""4.2223146""","=""""","=""""","=""0.014007""","=""1.190""","=""                                                                           ""","="""""
"=""""","=""""","=""7""","=""""","=""4.2345266""","=""""","=""""","=""0.012212""","=""1.160""","=""                                                                           ""","="""""
"=""""","=""""","=""9""","=""""","=""4.2432413""","=""""","=""""","=""0.008715""","=""1.205""","=""                                                                           ""","="""""
"=""""","=""""","=""8""","=""""","=""4.2512244""","=""""","=""""","=""0.007983""","=""1.190""","=""                                                                           ""","="""""
"=""""","=""""","=""6""","=""""","=""4.2542822""","=""""","=""""","=""0.003058""","=""1.235""","=""                                                                           ""","="""""
"=""""","=""""","=""5""","=""""","=""4.2642918""","=""""","=""""","=""0.010010""","=""1.070""","=""                                                                           ""","="""""
"=""""","=""""","=""5""","=""""","=""4.2709777""","=""""","=""""","=""0.006686""","=""1.090""","=""                                                                           ""","="""""
"=""""","=""""","=""6""","=""""","=""4.2722474""","=""""","=""""","=""0.001270""","=""1.183""","=""                                                                           ""","="""""
"=""""","=""*""","=""3""","=""""","=""4.2852171""","=""""","=""""","=""0.012970""","=""1.190""","=""                                                                           ""","="""""
"=""""","=""""","=""9""","=""""","=""4.2883409""","=""""","=""""","=""0.003124""","=""1.135""","=""                                                                           ""","="""""
"=""""","=""""","=""7""","=""""","=""4.2894064""","=""""","=""""","=""0.001066""","=""1.025""","=""                                                                           ""","="""""
"=""4f11.(4F*).5d.6s2""","=""*""","=""1""","=""""","=""4.2967313""","=""""","=""""","=""0.007325""","=""1.175""","=""  51  3P*                                                                  ""","="""""
"=""""","=""*""","=""5""","=""""","=""4.3003087""","=""""","=""""","=""0.003577""","=""1.080""","=""                                                                           ""","="""""
"=""""","=""*""","=""3""","=""""","=""4.3042569""","=""""","=""""","=""0.003948""","=""1.070""","=""                                                                           ""","="""""
"=""""","=""""","=""9""","=""""","=""4.3053385""","=""""","=""""","=""0.001082""","=""1.165""","=""                                                                           ""","="""""
"=""""","=""""","=""7""","=""""","=""4.3063733""","=""""","=""""","=""0.001035""","=""1.110""","=""                                                                           ""","="""""
"=""""","=""""","=""8""","=""""","=""4.3092667""","=""""","=""""","=""0.002893""","=""1.140""","=""                                                                           ""","="""""
"=""""","=""""","=""8""","=""""","=""4.3382360""","=""""","=""""","=""0.028969""","=""1.135""","=""                                                                           ""","="""""
"=""""","=""""","=""7""","=""""","=""4.3412748""","=""""","=""""","=""0.003039""","=""1.190""","=""                                                                           ""","="""""
"=""""","=""*""","=""4""","=""""","=""4.3424913""","=""""","=""""","=""0.001216""","=""1.065""","=""                                                                           ""","="""""
"=""""","=""*""","=""4""","=""""","=""4.3572774""","=""""","=""""","=""0.014786""","=""1.040""","=""                                                                           ""","="""""
"=""""","=""""","=""5""","=""""","=""4.3624347""","=""""","=""""","=""0.005157""","=""1.140""","=""                                                                           ""","="""""
"=""""","=""""","=""7""","=""""","=""4.3631848""","=""""","=""""","=""0.000750""","=""0.965""","=""                                                                           ""","="""""
"=""""","=""""","=""6""","=""""","=""4.3665510""","=""""","=""""","=""0.003366""","=""1.080""","=""                                                                           ""","="""""
"=""4f11.(4I*).5d2.(3F) (6L*).6s""","=""7L*""","=""5""","=""""","=""4.3706990""","=""""","=""""","=""0.004148""","=""0.950""","=""  60                                                                       ""","="""""
"=""""","=""*""","=""3""","=""""","=""4.3723252""","=""""","=""""","=""0.001626""","=""1.045""","=""                                                                           ""","="""""
"=""""","=""""","=""8""","=""""","=""4.3766933""","=""""","=""""","=""0.004368""","=""1.125""","=""                                                                           ""","="""""
"=""4f11.(4G*).5d.6s2""","=""*""","=""4""","=""""","=""4.3778427""","=""""","=""""","=""0.001149""","=""1.145""","=""  33  5D*                                                                  ""","="""""
"=""""","=""""","=""5""","=""""","=""4.3801970""","=""""","=""""","=""0.002354""","=""1.125""","=""                                                                           ""","="""""
"=""""","=""*""","=""8""","=""""","=""4.3830947""","=""""","=""""","=""0.002898""","=""1.145""","=""                                                                           ""","="""""
"=""""","=""""","=""6""","=""""","=""4.3853671""","=""""","=""""","=""0.002272""","=""1.195""","=""                                                                           ""","="""""
"=""""","=""*""","=""3""","=""""","=""4.3862588""","=""""","=""""","=""0.000892""","=""0.995""","=""                                                                           ""","="""""
"=""""","=""""","=""7""","=""""","=""4.3883701""","=""""","=""""","=""0.002111""","=""1.130""","=""                                                                           ""","="""""
"=""""","=""""","=""9""","=""""","=""4.3893795""","=""""","=""""","=""0.001009""","=""1.170""","=""                                                                           ""","="""""
"=""""","=""""","=""4""","=""""","=""4.3925872""","=""""","=""""","=""0.003208""","=""1.105""","=""                                                                           ""","="""""
"=""""","=""*""","=""5""","=""""","=""4.3957288""","=""""","=""""","=""0.003142""","=""1.020""","=""                                                                           ""","="""""
"=""""","=""""","=""8""","=""""","=""4.4006085""","=""""","=""""","=""0.004880""","=""1.170""","=""                                                                           ""","="""""
"=""""","=""""","=""6""","=""""","=""4.4085276""","=""""","=""""","=""0.007919""","=""1.085""","=""                                                                           ""","="""""
"=""""","=""*""","=""3""","=""""","=""4.4120315""","=""""","=""""","=""0.003504""","=""1.115""","=""                                                                           ""","="""""
"=""""","=""*""","=""5""","=""""","=""4.4129119""","=""""","=""""","=""0.000880""","=""1.135""","=""                                                                           ""","="""""
"=""4f12.(1G).6s.6p.(3P*)""","=""*""","=""4""","=""""","=""4.4140082""","=""""","=""""","=""0.001096""","=""1.000""","=""  27  3F*                                                                  ""","="""""
"=""""","=""*""","=""8""","=""""","=""4.4153997""","=""""","=""""","=""0.001392""","=""1.170""","=""                                                                           ""","="""""
"=""""","=""*""","=""2""","=""""","=""4.4163174""","=""""","=""""","=""0.000918""","=""0.895""","=""                                                                           ""","="""""
"=""4f11.(2K*).5d.6s2""","=""*""","=""6""","=""""","=""4.4178699""","=""""","=""""","=""0.001553""","=""1.110""","=""  13  3H*                                                                  ""","="""""
"=""""","=""""","=""8""","=""""","=""4.4178801""","=""""","=""""","=""0.000010""","=""1.180""","=""                                                                           ""","="""""
"=""""","=""""","=""6""","=""""","=""4.4221540""","=""""","=""""","=""0.004274""","=""1.060""","=""                                                                           ""","="""""
"=""""","=""""","=""5""","=""""","=""4.4238794""","=""""","=""""","=""0.001725""","=""1.155""","=""                                                                           ""","="""""
"=""""","=""*""","=""6""","=""""","=""4.4275342""","=""""","=""""","=""0.003655""","=""1.200""","=""                                                                           ""","="""""
"=""""","=""""","=""7""","=""""","=""4.4283558""","=""""","=""""","=""0.000822""","=""1.210""","=""                                                                           ""","="""""
"=""""","=""*""","=""7""","=""""","=""4.4302801""","=""""","=""""","=""0.001924""","=""1.095""","=""                                                                           ""","="""""
"=""""","=""*""","=""4""","=""""","=""4.4366142""","=""""","=""""","=""0.006334""","=""1.120""","=""                                                                           ""","="""""
"=""""","=""""","=""8""","=""""","=""4.4379500""","=""""","=""""","=""0.001336""","=""1.220""","=""                                                                           ""","="""""
"=""4f12.(1G).6s.6p.(3P*)""","=""*""","=""3""","=""""","=""4.4409074""","=""""","=""""","=""0.002957""","=""0.900""","=""  27  3F*                                                                  ""","="""""
"=""""","=""""","=""7""","=""""","=""4.4428235""","=""""","=""""","=""0.001916""","=""1.050""","=""                                                                           ""","="""""
"=""""","=""*""","=""7""","=""""","=""4.4458378""","=""""","=""""","=""0.003014""","=""1.035""","=""                                                                           ""","="""""
"=""""","=""*""","=""5""","=""""","=""4.4498116""","=""""","=""""","=""0.003974""","=""1.070""","=""                                                                           ""","="""""
"=""""","=""*""","=""4""","=""""","=""4.4509644""","=""""","=""""","=""0.001153""","=""1.160""","=""                                                                           ""","="""""
"=""""","=""""","=""6""","=""""","=""4.4533207""","=""""","=""""","=""0.002356""","=""1.095""","=""                                                                           ""","="""""
"=""""","=""""","=""5""","=""""","=""4.4575775""","=""""","=""""","=""0.004257""","=""1.005""","=""                                                                           ""","="""""
"=""""","=""*""","=""4""","=""""","=""4.4579678""","=""""","=""""","=""0.000390""","=""1.000""","=""                                                                           ""","="""""
"=""""","=""*""","=""5""","=""""","=""4.4580027""","=""""","=""""","=""0.000035""","=""1.100""","=""                                                                           ""","="""""
"=""""","=""""","=""6""","=""""","=""4.4588891""","=""""","=""""","=""0.000886""","=""1.085""","=""                                                                           ""","="""""
"=""""","=""""","=""6""","=""""","=""4.4667619""","=""""","=""""","=""0.007873""","=""1.185""","=""                                                                           ""","="""""
"=""""","=""""","=""6""","=""""","=""4.4698100""","=""""","=""""","=""0.003048""","=""1.195""","=""                                                                           ""","="""""
"=""""","=""""","=""7""","=""""","=""4.4786854""","=""""","=""""","=""0.008875""","=""1.180""","=""                                                                           ""","="""""
"=""""","=""""","=""8""","=""""","=""4.4796557""","=""""","=""""","=""0.000970""","=""1.050""","=""                                                                           ""","="""""
"=""""","=""""","=""9""","=""""","=""4.4803167""","=""""","=""""","=""0.000661""","=""1.165""","=""                                                                           ""","="""""
"=""""","=""*""","=""8""","=""""","=""4.4841010""","=""""","=""""","=""0.003784""","=""1.115""","=""                                                                           ""","="""""
"=""""","=""*""","=""4""","=""""","=""4.4981503""","=""""","=""""","=""0.014049""","=""1.145""","=""                                                                           ""","="""""
"=""""","=""*""","=""5""","=""""","=""4.4990247""","=""""","=""""","=""0.000874""","=""1.075""","=""                                                                           ""","="""""
"=""""","=""""","=""6""","=""""","=""4.5014017""","=""""","=""""","=""0.002377""","=""0.975""","=""                                                                           ""","="""""
"=""""","=""""","=""9""","=""""","=""4.5033435""","=""""","=""""","=""0.001942""","=""1.130""","=""                                                                           ""","="""""
"=""""","=""""","=""7""","=""""","=""4.5153064""","=""""","=""""","=""0.011963""","=""1.130""","=""                                                                           ""","="""""
"=""""","=""*""","=""4""","=""""","=""4.5168893""","=""""","=""""","=""0.001583""","=""1.200""","=""                                                                           ""","="""""
"=""""","=""""","=""10""","=""""","=""4.5206926""","=""""","=""""","=""0.003803""","=""1.180""","=""                                                                           ""","="""""
"=""""","=""*""","=""5""","=""""","=""4.5212001""","=""""","=""""","=""0.000507""","=""1.135""","=""                                                                           ""","="""""
"=""""","=""""","=""9""","=""""","=""4.5247000""","=""""","=""""","=""0.003500""","=""1.140""","=""                                                                           ""","="""""
"=""""","=""""","=""6""","=""""","=""4.5268145""","=""""","=""""","=""0.002115""","=""1.175""","=""                                                                           ""","="""""
"=""""","=""""","=""5""","=""""","=""4.5275100""","=""""","=""""","=""0.000695""","=""1.155""","=""                                                                           ""","="""""
"=""""","=""""","=""5""","=""""","=""4.5515625""","=""""","=""""","=""0.024052""","=""1.150""","=""                                                                           ""","="""""
"=""""","=""""","=""10""","=""""","=""4.5517796""","=""""","=""""","=""0.000217""","=""1.120""","=""                                                                           ""","="""""
"=""""","=""""","=""7""","=""""","=""4.5546515""","=""""","=""""","=""0.002872""","=""1.195""","=""                                                                           ""","="""""
"=""""","=""*""","=""4""","=""""","=""4.5561444""","=""""","=""""","=""0.001493""","=""1.030""","=""                                                                           ""","="""""
"=""4f12.(1G).6s.6p.(3P*)""","=""*""","=""2""","=""""","=""4.5713745""","=""""","=""""","=""0.015230""","=""0.805""","=""  36  3F*                                                                  ""","="""""
"=""""","=""""","=""6""","=""""","=""4.5720980""","=""""","=""""","=""0.000724""","=""1.160""","=""                                                                           ""","="""""
"=""4f12.(3F<4>).6s.7s.(3S<1>)""","=""(4,1)""","=""5""","=""""","=""4.5730190""","=""""","=""""","=""0.000921""","=""1.255""","=""  70             :    21                          (1G<4>)(3S<1>)           ""","="""""
"=""4f12.(3F<4>).6s.7s.(3S<1>)""","=""(4,1)""","=""4""","=""""","=""4.5892265""","=""""","=""""","=""0.016207""","=""1.135""","=""  67             :    22                          (1G<4>)(3S<1>)           ""","="""""
"=""4f12.(3F<4>).6s.7s.(3S<1>)""","=""(4,1)""","=""3""","=""""","=""4.6052805""","=""""","=""""","=""0.016054""","=""0.890""","=""  66             :    24                          (1G<4>)(3S<1>)           ""","="""""
"=""""","=""""","=""5""","=""""","=""4.5748450""","=""""","=""""","=""-0.030436""","=""1.110""","=""                                                                           ""","="""""
"=""4f11.(4G*).5d.6s2""","=""*""","=""3""","=""""","=""4.5788182""","=""""","=""""","=""0.003973""","=""1.010""","=""  26  5G*                                                                  ""","="""""
"=""""","=""""","=""6""","=""""","=""4.5848853""","=""""","=""""","=""0.006067""","=""0.940""","=""                                                                           ""","="""""
"=""""","=""""","=""4""","=""""","=""4.5871023""","=""""","=""""","=""0.002217""","=""1.055""","=""                                                                           ""","="""""
"=""""","=""""","=""8""","=""""","=""4.5900529""","=""""","=""""","=""0.002951""","=""1.170""","=""                                                                           ""","="""""
"=""""","=""*""","=""5""","=""""","=""4.5920628""","=""""","=""""","=""0.002010""","=""1.105""","=""                                                                           ""","="""""
"=""""","=""""","=""6""","=""""","=""4.5929226""","=""""","=""""","=""0.000860""","=""1.125""","=""                                                                           ""","="""""
"=""""","=""""","=""9""","=""""","=""4.5952043""","=""""","=""""","=""0.002282""","=""1.170""","=""                                                                           ""","="""""
"=""""","=""*""","=""2""","=""""","=""4.5958668""","=""""","=""""","=""0.000662""","=""0.840""","=""                                                                           ""","="""""
"=""4f11.(4I*).5d2.(3F) (4F*).6s""","=""*""","=""3""","=""""","=""4.5967848""","=""""","=""""","=""0.000918""","=""1.150""","=""  23  5F*        :    19                          (4I*)(1G) (4D*) 5D*      ""","="""""
"=""""","=""*""","=""4""","=""""","=""4.5977306""","=""""","=""""","=""0.000946""","=""0.970""","=""                                                                           ""","="""""
"=""4f12.(1G).6s.6p.(3P*)""","=""*""","=""3""","=""""","=""4.6029389""","=""""","=""""","=""0.005208""","=""0.935""","=""  26  3F*                                                                  ""","="""""
"=""""","=""""","=""7""","=""""","=""4.6095387""","=""""","=""""","=""0.006600""","=""1.180""","=""                                                                           ""","="""""
"=""""","=""""","=""6""","=""""","=""4.6122013""","=""""","=""""","=""0.002663""","=""1.070""","=""                                                                           ""","="""""
"=""""","=""*""","=""4""","=""""","=""4.6135694""","=""""","=""""","=""0.001368""","=""1.140""","=""                                                                           ""","="""""
"=""""","=""*""","=""5""","=""""","=""4.6182986""","=""""","=""""","=""0.004729""","=""""","=""                                                                           ""","="""""
"=""""","=""*""","=""4""","=""""","=""4.6202871""","=""""","=""""","=""0.001988""","=""1.050""","=""                                                                           ""","="""""
"=""""","=""""","=""9""","=""""","=""4.6210169""","=""""","=""""","=""0.000730""","=""1.095""","=""                                                                           ""","="""""
"=""""","=""*""","=""3""","=""""","=""4.6233202""","=""""","=""""","=""0.002303""","=""1.090""","=""                                                                           ""","="""""
"=""""","=""*""","=""4""","=""""","=""4.6270201""","=""""","=""""","=""0.003700""","=""1.035""","=""                                                                           ""","="""""
"=""""","=""*""","=""6""","=""""","=""4.6275358""","=""""","=""""","=""0.000516""","=""1.235""","=""                                                                           ""","="""""
"=""""","=""*""","=""8""","=""""","=""4.6322372""","=""""","=""""","=""0.004701""","=""1.210""","=""                                                                           ""","="""""
"=""""","=""""","=""8""","=""""","=""4.6343363""","=""""","=""""","=""0.002099""","=""1.195""","=""                                                                           ""","="""""
"=""""","=""""","=""7""","=""""","=""4.6359219""","=""""","=""""","=""0.001586""","=""1.100""","=""                                                                           ""","="""""
"=""""","=""*""","=""5""","=""""","=""4.6368699""","=""""","=""""","=""0.000948""","=""""","=""                                                                           ""","="""""
"=""""","=""*""","=""6""","=""""","=""4.6413629""","=""""","=""""","=""0.004493""","=""1.265""","=""                                                                           ""","="""""
"=""""","=""*""","=""3""","=""""","=""4.6484462""","=""""","=""""","=""0.007083""","=""1.105""","=""                                                                           ""","="""""
"=""""","=""*""","=""5""","=""""","=""4.6537872""","=""""","=""""","=""0.005341""","=""1.125""","=""                                                                           ""","="""""
"=""""","=""""","=""6""","=""""","=""4.6547130""","=""""","=""""","=""0.000926""","=""1.150""","=""                                                                           ""","="""""
"=""""","=""*""","=""7""","=""""","=""4.6577419""","=""""","=""""","=""0.003029""","=""1.195""","=""                                                                           ""","="""""
"=""""","=""*""","=""4""","=""""","=""4.6596111""","=""""","=""""","=""0.001869""","=""1.045""","=""                                                                           ""","="""""
"=""""","=""""","=""10""","=""""","=""4.6610478""","=""""","=""""","=""0.001437""","=""1.205""","=""                                                                           ""","="""""
"=""""","=""*""","=""8""","=""""","=""4.6645193""","=""""","=""""","=""0.003471""","=""1.155""","=""                                                                           ""","="""""
"=""""","=""*""","=""7""","=""""","=""4.6664318""","=""""","=""""","=""0.001912""","=""1.130""","=""                                                                           ""","="""""
"=""""","=""""","=""8""","=""""","=""4.6674786""","=""""","=""""","=""0.001047""","=""1.200""","=""                                                                           ""","="""""
"=""""","=""*""","=""3""","=""""","=""4.6679237""","=""""","=""""","=""0.000445""","=""0.895""","=""                                                                           ""","="""""
"=""""","=""""","=""7""","=""""","=""4.6760161""","=""""","=""""","=""0.008092""","=""1.205""","=""                                                                           ""","="""""
"=""""","=""*""","=""6""","=""""","=""4.6798178""","=""""","=""""","=""0.003802""","=""1.070""","=""                                                                           ""","="""""
"=""""","=""*""","=""5""","=""""","=""4.6839068""","=""""","=""""","=""0.004089""","=""1.065""","=""                                                                           ""","="""""
"=""""","=""""","=""7""","=""""","=""4.6874685""","=""""","=""""","=""0.003562""","=""1.090""","=""                                                                           ""","="""""
"=""""","=""""","=""8""","=""""","=""4.6920388""","=""""","=""""","=""0.004570""","=""1.170""","=""                                                                           ""","="""""
"=""""","=""*""","=""4""","=""""","=""4.6932573""","=""""","=""""","=""0.001219""","=""1.015""","=""                                                                           ""","="""""
"=""""","=""*""","=""4""","=""""","=""4.6981637""","=""""","=""""","=""0.004906""","=""1.025""","=""                                                                           ""","="""""
"=""""","=""*""","=""4""","=""""","=""4.7077570""","=""""","=""""","=""0.009593""","=""1.020""","=""                                                                           ""","="""""
"=""4f11.(4G*).5d.6s2""","=""*""","=""2""","=""""","=""4.7100361""","=""""","=""""","=""0.002279""","=""1.120""","=""  24  5D*                                                                  ""","="""""
"=""""","=""*""","=""5""","=""""","=""4.7182042""","=""""","=""""","=""0.008168""","=""1.165""","=""                                                                           ""","="""""
"=""""","=""""","=""8""","=""""","=""4.7318453""","=""""","=""""","=""0.013641""","=""1.225""","=""                                                                           ""","="""""
"=""""","=""*""","=""2""","=""""","=""4.7323513""","=""""","=""""","=""0.000506""","=""1.086""","=""                                                                           ""","="""""
"=""""","=""""","=""5""","=""""","=""4.7324462""","=""""","=""""","=""0.000095""","=""1.085""","=""                                                                           ""","="""""
"=""""","=""""","=""9""","=""""","=""4.7328251""","=""""","=""""","=""0.000379""","=""1.190""","=""                                                                           ""","="""""
"=""""","=""*""","=""7""","=""""","=""4.7331017""","=""""","=""""","=""0.000277""","=""1.135""","=""                                                                           ""","="""""
"=""""","=""*""","=""5""","=""""","=""4.7331501""","=""""","=""""","=""0.000048""","=""1.115""","=""                                                                           ""","="""""
"=""""","=""*""","=""4""","=""""","=""4.7341201""","=""""","=""""","=""0.000970""","=""1.110""","=""                                                                           ""","="""""
"=""""","=""""","=""7""","=""""","=""4.7356169""","=""""","=""""","=""0.001497""","=""0.970""","=""                                                                           ""","="""""
"=""4f12.(3H).6s.6d?""","=""""","=""5""","=""""","=""4.7394180""","=""""","=""""","=""0.003801""","=""1.370""","=""                                                                           ""","="""""
"=""""","=""""","=""8""","=""""","=""4.7428525""","=""""","=""""","=""0.003435""","=""1.160""","=""                                                                           ""","="""""
"=""""","=""*""","=""2""","=""""","=""4.7440400""","=""""","=""""","=""0.001188""","=""1.085""","=""                                                                           ""","="""""
"=""""","=""""","=""7""","=""""","=""4.7487948""","=""""","=""""","=""0.004755""","=""1.095""","=""                                                                           ""","="""""
"=""""","=""""","=""8""","=""""","=""4.7540120""","=""""","=""""","=""0.005217""","=""1.135""","=""                                                                           ""","="""""
"=""""","=""*""","=""8""","=""""","=""4.7540569""","=""""","=""""","=""0.000045""","=""1.170""","=""                                                                           ""","="""""
"=""""","=""*""","=""4""","=""""","=""4.7581199""","=""""","=""""","=""0.004063""","=""1.190""","=""                                                                           ""","="""""
"=""""","=""*""","=""7""","=""""","=""4.7582094""","=""""","=""""","=""0.000090""","=""1.115""","=""                                                                           ""","="""""
"=""""","=""*""","=""3""","=""""","=""4.7607099""","=""""","=""""","=""0.002501""","=""0.960""","=""                                                                           ""","="""""
"=""""","=""*""","=""2""","=""""","=""4.7611058""","=""""","=""""","=""0.000396""","=""0.880""","=""                                                                           ""","="""""
"=""4f12.(3H).6s.6d?""","=""""","=""6""","=""""","=""4.7619194""","=""""","=""""","=""0.000814""","=""1.320""","=""                                                                           ""","="""""
"=""""","=""*""","=""6""","=""""","=""4.7623058""","=""""","=""""","=""0.000386""","=""1.120""","=""                                                                           ""","="""""
"=""""","=""*""","=""5""","=""""","=""4.7629289""","=""""","=""""","=""0.000623""","=""1.135""","=""                                                                           ""","="""""
"=""4f12.(3H).6s.6d?""","=""""","=""9""","=""""","=""4.7640501""","=""""","=""""","=""0.001121""","=""1.210""","=""                                                                           ""","="""""
"=""""","=""""","=""6""","=""""","=""4.7681635""","=""""","=""""","=""0.004113""","=""1.130""","=""                                                                           ""","="""""
"=""""","=""""","=""9""","=""""","=""4.7718112""","=""""","=""""","=""0.003648""","=""1.220""","=""                                                                           ""","="""""
"=""""","=""*""","=""4""","=""""","=""4.7718671""","=""""","=""""","=""0.000056""","=""1.090""","=""                                                                           ""","="""""
"=""""","=""*""","=""8""","=""""","=""4.7768089""","=""""","=""""","=""0.004942""","=""1.120""","=""                                                                           ""","="""""
"=""4f12.(3H).6s.6d?""","=""""","=""7""","=""""","=""4.7790123""","=""""","=""""","=""0.002203""","=""1.130""","=""                                                                           ""","="""""
"=""4f12.(3H).6s.6d?""","=""""","=""8""","=""""","=""4.7804279""","=""""","=""""","=""0.001416""","=""1.180""","=""                                                                           ""","="""""
"=""""","=""""","=""7""","=""""","=""4.7809529""","=""""","=""""","=""0.000525""","=""1.100""","=""                                                                           ""","="""""
"=""""","=""*""","=""7""","=""""","=""4.7833825""","=""""","=""""","=""0.002430""","=""1.045""","=""                                                                           ""","="""""
"=""4f12.(3H).6s.6d?""","=""""","=""4""","=""""","=""4.7842913""","=""""","=""""","=""0.000909""","=""1.210""","=""                                                                           ""","="""""
"=""""","=""""","=""6""","=""""","=""4.7863589""","=""""","=""""","=""0.002068""","=""1.095""","=""                                                                           ""","="""""
"=""""","=""""","=""4""","=""""","=""4.7929147""","=""""","=""""","=""0.006556""","=""1.120""","=""                                                                           ""","="""""
"=""""","=""""","=""7""","=""""","=""4.7937559""","=""""","=""""","=""0.000841""","=""1.170""","=""                                                                           ""","="""""
"=""""","=""*""","=""3""","=""""","=""4.7941450""","=""""","=""""","=""0.000389""","=""1.025""","=""                                                                           ""","="""""
"=""4f12.(3H).6s.6d?""","=""""","=""6""","=""""","=""4.7941961""","=""""","=""""","=""0.000051""","=""1.150""","=""                                                                           ""","="""""
"=""4f12.(3H).6s.6d?""","=""""","=""8""","=""""","=""4.7942594""","=""""","=""""","=""0.000063""","=""1.195""","=""                                                                           ""","="""""
"=""""","=""""","=""5""","=""""","=""4.7985650""","=""""","=""""","=""0.004306""","=""1.110""","=""                                                                           ""","="""""
"=""""","=""*""","=""7""","=""""","=""4.8011953""","=""""","=""""","=""0.002630""","=""1.165""","=""                                                                           ""","="""""
"=""""","=""""","=""8""","=""""","=""4.8024341""","=""""","=""""","=""0.001239""","=""1.135""","=""                                                                           ""","="""""
"=""4f12.(3H).6s.6d?""","=""""","=""7""","=""""","=""4.8045888""","=""""","=""""","=""0.002155""","=""1.180""","=""                                                                           ""","="""""
"=""""","=""""","=""6""","=""""","=""4.8089183""","=""""","=""""","=""0.004329""","=""1.005""","=""                                                                           ""","="""""
"=""4f12.(3H).6s.6d?""","=""""","=""5""","=""""","=""4.8100261""","=""""","=""""","=""0.001108""","=""1.165""","=""                                                                           ""","="""""
"=""4f12.(3H).6s.6d?""","=""""","=""7""","=""""","=""4.8102254""","=""""","=""""","=""0.000199""","=""1.075""","=""                                                                           ""","="""""
"=""""","=""""","=""5""","=""""","=""4.8145503""","=""""","=""""","=""0.004325""","=""1.170""","=""                                                                           ""","="""""
"=""4f12.(3H).6s.6d?""","=""""","=""8""","=""""","=""4.8148200""","=""""","=""""","=""0.000270""","=""1.130""","=""                                                                           ""","="""""
"=""""","=""*""","=""3""","=""""","=""4.8151093""","=""""","=""""","=""0.000289""","=""0.970""","=""                                                                           ""","="""""
"=""""","=""""","=""7""","=""""","=""4.8177332""","=""""","=""""","=""0.002624""","=""1.150""","=""                                                                           ""","="""""
"=""4f12.(3H<5>).6s.7s.(3S<1>)""","=""(5,1)""","=""6""","=""""","=""4.8193613""","=""""","=""""","=""0.001628""","=""1.180""","="" 100                                                                       ""","="""""
"=""4f12.(3H<5>).6s.7s.(3S<1>)""","=""(5,1)""","=""5""","=""""","=""4.8221388""","=""""","=""""","=""0.002778""","=""1.045""","="" 100                                                                       ""","="""""
"=""4f12.(3H<5>).6s.7s.(3S<1>)""","=""(5,1)""","=""4""","=""""","=""4.8256119""","=""""","=""""","=""0.003473""","=""0.855""","=""  98                                                                       ""","="""""
"=""4f12.(3H).6s.6d?""","=""""","=""6""","=""""","=""4.8259096""","=""""","=""""","=""0.000298""","=""1.105""","=""                                                                           ""","="""""
"=""""","=""*""","=""8""","=""""","=""4.8322684""","=""""","=""""","=""0.006359""","=""1.085""","=""                                                                           ""","="""""
"=""""","=""*""","=""4""","=""""","=""4.8331524""","=""""","=""""","=""0.000884""","=""1.075""","=""                                                                           ""","="""""
"=""""","=""""","=""7""","=""""","=""4.8337428""","=""""","=""""","=""0.000590""","=""1.075""","=""                                                                           ""","="""""
"=""""","=""*""","=""7""","=""""","=""4.8365249""","=""""","=""""","=""0.002782""","=""1.030""","=""                                                                           ""","="""""
"=""""","=""""","=""6""","=""""","=""4.8366788""","=""""","=""""","=""0.000154""","=""1.050""","=""                                                                           ""","="""""
"=""""","=""""","=""8""","=""""","=""4.8415186""","=""""","=""""","=""0.004840""","=""1.180""","=""                                                                           ""","="""""
"=""""","=""""","=""10""","=""""","=""4.8431469""","=""""","=""""","=""0.001628""","=""1.255""","=""                                                                           ""","="""""
"=""4f12.(3H).6s.6d?""","=""""","=""7""","=""""","=""4.8441426""","=""""","=""""","=""0.000996""","=""1.145""","=""                                                                           ""","="""""
"=""""","=""""","=""6""","=""""","=""4.8447920""","=""""","=""""","=""0.000649""","=""1.145""","=""                                                                           ""","="""""
"=""4f12.(3H).6s.6d?""","=""""","=""5""","=""""","=""4.8509568""","=""""","=""""","=""0.006165""","=""1.040""","=""                                                                           ""","="""""
"=""""","=""""","=""7""","=""""","=""4.8534172""","=""""","=""""","=""0.002460""","=""1.130""","=""                                                                           ""","="""""
"=""""","=""""","=""6""","=""""","=""4.8557504""","=""""","=""""","=""0.002333""","=""1.140""","=""                                                                           ""","="""""
"=""4f12.(3H).6s.6d?""","=""""","=""6""","=""""","=""4.8593826""","=""""","=""""","=""0.003632""","=""1.115""","=""                                                                           ""","="""""
"=""""","=""*""","=""7""","=""""","=""4.8628590""","=""""","=""""","=""0.003476""","=""1.070""","=""                                                                           ""","="""""
"=""""","=""*""","=""8""","=""""","=""4.8633425""","=""""","=""""","=""0.000483""","=""1.055""","=""                                                                           ""","="""""
"=""4f12.(3H).6s.6d?""","=""""","=""4""","=""""","=""4.8648769""","=""""","=""""","=""0.001534""","=""1.040""","=""                                                                           ""","="""""
"=""""","=""""","=""6""","=""""","=""4.8671802""","=""""","=""""","=""0.002303""","=""1.140""","=""                                                                           ""","="""""
"=""""","=""""","=""6""","=""""","=""4.8788408""","=""""","=""""","=""0.011661""","=""1.155""","=""                                                                           ""","="""""
"=""""","=""""","=""7""","=""""","=""4.8799787""","=""""","=""""","=""0.001138""","=""1.175""","=""                                                                           ""","="""""
"=""""","=""""","=""8""","=""""","=""4.8890264""","=""""","=""""","=""0.009048""","=""1.160""","=""                                                                           ""","="""""
"=""""","=""*""","=""3""","=""""","=""4.8934002""","=""""","=""""","=""0.004374""","=""1.155""","=""                                                                           ""","="""""
"=""""","=""""","=""5""","=""""","=""4.8981424""","=""""","=""""","=""0.004742""","=""1.135""","=""                                                                           ""","="""""
"=""""","=""""","=""8""","=""""","=""4.9005502""","=""""","=""""","=""0.002408""","=""1.110""","=""                                                                           ""","="""""
"=""""","=""*""","=""6""","=""""","=""4.9018292""","=""""","=""""","=""0.001279""","=""1.150""","=""                                                                           ""","="""""
"=""""","=""""","=""9""","=""""","=""4.9049885""","=""""","=""""","=""0.003159""","=""1.190""","=""                                                                           ""","="""""
"=""""","=""*""","=""6""","=""""","=""4.9107741""","=""""","=""""","=""0.005786""","=""1.135""","=""                                                                           ""","="""""
"=""""","=""""","=""6""","=""""","=""4.9169887""","=""""","=""""","=""0.006215""","=""1.110""","=""                                                                           ""","="""""
"=""""","=""*""","=""3""","=""""","=""4.9207036""","=""""","=""""","=""0.003715""","=""1.105""","=""                                                                           ""","="""""
"=""""","=""*""","=""7""","=""""","=""4.9224911""","=""""","=""""","=""0.001787""","=""1.130""","=""                                                                           ""","="""""
"=""""","=""""","=""7""","=""""","=""4.9269430""","=""""","=""""","=""0.004452""","=""1.150""","=""                                                                           ""","="""""
"=""""","=""""","=""6""","=""""","=""4.9280416""","=""""","=""""","=""0.001099""","=""1.140""","=""                                                                           ""","="""""
"=""""","=""""","=""5""","=""""","=""4.9360641""","=""""","=""""","=""0.008023""","=""0.985""","=""                                                                           ""","="""""
"=""""","=""""","=""8""","=""""","=""4.9399556""","=""""","=""""","=""0.003891""","=""1.180""","=""                                                                           ""","="""""
"=""""","=""*""","=""7""","=""""","=""4.9413942""","=""""","=""""","=""0.001439""","=""1.210""","=""                                                                           ""","="""""
"=""""","=""""","=""6""","=""""","=""4.9557811""","=""""","=""""","=""0.014387""","=""1.040""","=""                                                                           ""","="""""
"=""""","=""""","=""6""","=""""","=""4.9624104""","=""""","=""""","=""0.006629""","=""1.060""","=""                                                                           ""","="""""
"=""""","=""""","=""5""","=""""","=""4.9659968""","=""""","=""""","=""0.003586""","=""1.105""","=""                                                                           ""","="""""
"=""""","=""""","=""7""","=""""","=""4.9756503""","=""""","=""""","=""0.009653""","=""1.150""","=""                                                                           ""","="""""
"=""""","=""*""","=""5""","=""""","=""4.9764128""","=""""","=""""","=""0.000763""","=""1.170""","=""                                                                           ""","="""""
"=""""","=""""","=""6""","=""""","=""4.9768050""","=""""","=""""","=""0.000392""","=""1.000""","=""                                                                           ""","="""""
"=""""","=""*""","=""7""","=""""","=""4.9778571""","=""""","=""""","=""0.001052""","=""1.115""","=""                                                                           ""","="""""
"=""""","=""*""","=""4""","=""""","=""4.9786936""","=""""","=""""","=""0.000837""","=""1.130""","=""                                                                           ""","="""""
"=""""","=""""","=""7""","=""""","=""4.9791085""","=""""","=""""","=""0.000415""","=""1.185""","=""                                                                           ""","="""""
"=""""","=""*""","=""2""","=""""","=""4.9844230""","=""""","=""""","=""0.005314""","=""1.100""","=""                                                                           ""","="""""
"=""""","=""""","=""6""","=""""","=""5.0007261""","=""""","=""""","=""0.016303""","=""1.020""","=""                                                                           ""","="""""
"=""""","=""""","=""5""","=""""","=""5.0019476""","=""""","=""""","=""0.001222""","=""1.145""","=""                                                                           ""","="""""
"=""""","=""""","=""8""","=""""","=""5.0126411""","=""""","=""""","=""0.010693""","=""1.180""","=""                                                                           ""","="""""
"=""""","=""""","=""9""","=""""","=""5.0139308""","=""""","=""""","=""0.001290""","=""1.060""","=""                                                                           ""","="""""
"=""4f12.(3H<6>).6s.8s.(3S<1>)?""","=""(6,1)?""","=""7""","=""""","=""5.0210405""","=""""","=""""","=""0.007110""","=""1.285""","=""                                                                           ""","="""""
"=""4f12.(3H<6>).6s.8s.(3S<1>)?""","=""(6,1)?""","=""6""","=""""","=""5.0426547""","=""""","=""""","=""0.021614""","=""1.170""","=""                                                                           ""","="""""
"=""4f12.(3H<6>).6s.8s.(3S<1>)?""","=""(6,1)?""","=""5""","=""""","=""5.0785613""","=""""","=""""","=""0.035907""","=""1.030""","=""                                                                           ""","="""""
"=""""","=""""","=""5""","=""""","=""5.0479256""","=""""","=""""","=""-0.030636""","=""0.990""","=""                                                                           ""","="""""
"=""""","=""*""","=""7""","=""""","=""5.0525928""","=""""","=""""","=""0.004667""","=""1.050""","=""                                                                           ""","="""""
"=""""","=""""","=""6""","=""""","=""5.0547171""","=""""","=""""","=""0.002124""","=""1.120""","=""                                                                           ""","="""""
"=""""","=""""","=""7""","=""""","=""5.0627687""","=""""","=""""","=""0.008052""","=""1.155""","=""                                                                           ""","="""""
"=""""","=""""","=""6""","=""""","=""5.0636302""","=""""","=""""","=""0.000862""","=""1.110""","=""                                                                           ""","="""""
"=""""","=""*""","=""6""","=""""","=""5.0659849""","=""""","=""""","=""0.002355""","=""1.140""","=""                                                                           ""","="""""
"=""""","=""*""","=""8""","=""""","=""5.0681227""","=""""","=""""","=""0.002138""","=""1.120""","=""                                                                           ""","="""""
"=""""","=""""","=""7""","=""""","=""5.0683373""","=""""","=""""","=""0.000215""","=""1.150""","=""                                                                           ""","="""""
"=""""","=""*""","=""6""","=""""","=""5.0959011""","=""""","=""""","=""0.027564""","=""1.255""","=""                                                                           ""","="""""
"=""""","=""""","=""8""","=""""","=""5.1042002""","=""""","=""""","=""0.008299""","=""1.030""","=""                                                                           ""","="""""
"=""""","=""""","=""7""","=""""","=""5.1168224""","=""""","=""""","=""0.012622""","=""1.200""","=""                                                                           ""","="""""
"=""""","=""*""","=""8""","=""""","=""5.1307537""","=""""","=""""","=""0.013931""","=""1.135""","=""                                                                           ""","="""""
"=""""","=""""","=""6""","=""""","=""5.1312503""","=""""","=""""","=""0.000497""","=""1.205""","=""                                                                           ""","="""""
"=""""","=""""","=""6""","=""""","=""5.1339155""","=""""","=""""","=""0.002665""","=""1.150""","=""                                                                           ""","="""""
"=""""","=""*""","=""7""","=""""","=""5.1370261""","=""""","=""""","=""0.003111""","=""1.135""","=""                                                                           ""","="""""
"=""""","=""*""","=""6""","=""""","=""5.1385711""","=""""","=""""","=""0.001545""","=""1.050""","=""                                                                           ""","="""""
"=""""","=""*""","=""5""","=""""","=""5.1473918""","=""""","=""""","=""0.008821""","=""1.130""","=""                                                                           ""","="""""
"=""""","=""""","=""5""","=""""","=""5.1582196""","=""""","=""""","=""0.010828""","=""1.130""","=""                                                                           ""","="""""
"=""4f11.(4I*).5d.6s.7s""","=""*""","=""7""","=""""","=""5.1731647""","=""""","=""""","=""0.014945""","=""1.400""","=""                                                                           ""","="""""
"=""""","=""""","=""6""","=""""","=""5.1750258""","=""""","=""""","=""0.001861""","=""0.995""","=""                                                                           ""","="""""
"=""""","=""""","=""7""","=""""","=""5.1837502""","=""""","=""""","=""0.008724""","=""1.145""","=""                                                                           ""","="""""
"=""""","=""""","=""6""","=""""","=""5.1958452""","=""""","=""""","=""0.012095""","=""1.135""","=""                                                                           ""","="""""
"=""""","=""""","=""7""","=""""","=""5.2060872""","=""""","=""""","=""0.010242""","=""1.110""","=""                                                                           ""","="""""
"=""4f11.(4I*).5d.6s.7s""","=""*""","=""6""","=""""","=""5.2263820""","=""""","=""""","=""0.020295""","=""1.225""","=""                                                                           ""","="""""
"=""4f12.(3H<6>).6s.8s.(1S<0>)?""","=""(6,0)?""","=""6""","=""""","=""5.2512065""","=""""","=""""","=""0.024825""","=""1.170""","=""                                                                           ""","="""""
"=""4f11.(4I*).5d.6s.7s""","=""*""","=""8""","=""""","=""5.2520093""","=""""","=""""","=""0.000803""","=""1.340""","=""                                                                           ""","="""""
"=""""","=""""","=""5""","=""""","=""5.2520866""","=""""","=""""","=""0.000077""","=""1.130""","=""                                                                           ""","="""""
"=""""","=""""","=""8""","=""""","=""5.2539881""","=""""","=""""","=""0.001901""","=""1.200""","=""                                                                           ""","="""""
"=""""","=""""","=""6""","=""""","=""5.2554323""","=""""","=""""","=""0.001444""","=""1.135""","=""                                                                           ""","="""""
"=""""","=""""","=""5""","=""""","=""5.2745572""","=""""","=""""","=""0.019125""","=""1.110""","=""                                                                           ""","="""""
"=""4f12.(3H<4>).6s.7s.(3S<1>)""","=""(4,1)""","=""3""","=""""","=""5.2831419""","=""""","=""""","=""0.008585""","=""0.705""","=""  63             :    26                          (3F<4>)(3S<1>)           ""","="""""
"=""4f12.(3H<4>).6s.7s.(3S<1>)""","=""(4,1)""","=""4""","=""""","=""5.2918574""","=""""","=""""","=""0.008715""","=""1.010""","=""  62             :    25                          (3F<4>)(3S<1>)           ""","="""""
"=""4f12.(3H<4>).6s.7s.(3S<1>)""","=""(4,1)""","=""5""","=""""","=""5.2986883""","=""""","=""""","=""0.006831""","=""1.095""","=""  62             :    23                          (3F<4>)(3S<1>)           ""","="""""
"=""""","=""""","=""6""","=""""","=""5.2851446""","=""""","=""""","=""-0.013544""","=""1.165""","=""                                                                           ""","="""""
"=""""","=""""","=""8""","=""""","=""5.2857604""","=""""","=""""","=""0.000616""","=""1.170""","=""                                                                           ""","="""""
"=""""","=""""","=""7""","=""""","=""5.2906223""","=""""","=""""","=""0.004862""","=""1.130""","=""                                                                           ""","="""""
"=""""","=""""","=""8""","=""""","=""5.3062199""","=""""","=""""","=""0.015598""","=""1.130""","=""                                                                           ""","="""""
"=""""","=""""","=""9""","=""""","=""5.3073540""","=""""","=""""","=""0.001134""","=""1.200""","=""                                                                           ""","="""""
"=""""","=""""","=""6""","=""""","=""5.3167338""","=""""","=""""","=""0.009380""","=""1.110""","=""                                                                           ""","="""""
"=""""","=""*""","=""8""","=""""","=""5.3363140""","=""""","=""""","=""0.019580""","=""1.180""","=""                                                                           ""","="""""
"=""""","=""*""","=""7""","=""""","=""5.3382821""","=""""","=""""","=""0.001968""","=""1.150""","=""                                                                           ""","="""""
"=""""","=""""","=""6""","=""""","=""5.3550780""","=""""","=""""","=""0.016796""","=""1.105""","=""                                                                           ""","="""""
"=""""","=""*""","=""9""","=""""","=""5.3562570""","=""""","=""""","=""0.001179""","=""1.165""","=""                                                                           ""","="""""
"=""""","=""""","=""6""","=""""","=""5.3682939""","=""""","=""""","=""0.012037""","=""1.135""","=""                                                                           ""","="""""
"=""""","=""*""","=""8""","=""""","=""5.3776864""","=""""","=""""","=""0.009392""","=""1.160""","=""                                                                           ""","="""""
"=""""","=""""","=""7""","=""""","=""5.3956086""","=""""","=""""","=""0.017922""","=""1.205""","=""                                                                           ""","="""""
"=""""","=""""","=""8""","=""""","=""5.3979727""","=""""","=""""","=""0.002364""","=""1.140""","=""                                                                           ""","="""""
"=""""","=""*""","=""7""","=""""","=""5.4026460""","=""""","=""""","=""0.004673""","=""1.140""","=""                                                                           ""","="""""
"=""""","=""""","=""8""","=""""","=""5.4039825""","=""""","=""""","=""0.001336""","=""1.130""","=""                                                                           ""","="""""
"=""""","=""*""","=""8""","=""""","=""5.4065871""","=""""","=""""","=""0.002605""","=""1.140""","=""                                                                           ""","="""""
"=""""","=""""","=""7""","=""""","=""5.4338143""","=""""","=""""","=""0.027227""","=""1.090""","=""                                                                           ""","="""""
"=""""","=""""","=""6""","=""""","=""5.4392483""","=""""","=""""","=""0.005434""","=""1.170""","=""                                                                           ""","="""""
"=""""","=""""","=""6""","=""""","=""5.4471386""","=""""","=""""","=""0.007890""","=""1.255""","=""                                                                           ""","="""""
"=""4f11.(4I*).5d.6s.7s""","=""*""","=""10""","=""""","=""5.4529599""","=""""","=""""","=""0.005821""","=""1.220""","=""                                                                           ""","="""""
"=""""","=""""","=""9""","=""""","=""5.4531820""","=""""","=""""","=""0.000222""","=""1.215""","=""                                                                           ""","="""""
"=""4f11.(4I*).5d.6s.7s""","=""*""","=""9""","=""""","=""5.4567976""","=""""","=""""","=""0.003616""","=""1.175""","=""                                                                           ""","="""""
"=""""","=""""","=""7""","=""""","=""5.4602250""","=""""","=""""","=""0.003427""","=""1.160""","=""                                                                           ""","="""""
"=""""","=""""","=""8""","=""""","=""5.4604414""","=""""","=""""","=""0.000216""","=""1.135""","=""                                                                           ""","="""""
"=""""","=""""","=""10""","=""""","=""5.4692160""","=""""","=""""","=""0.008775""","=""1.095""","=""                                                                           ""","="""""
"=""""","=""""","=""6""","=""""","=""5.4794533""","=""""","=""""","=""0.010237""","=""1.190""","=""                                                                           ""","="""""
"=""""","=""""","=""8""","=""""","=""5.4802314""","=""""","=""""","=""0.000778""","=""1.030""","=""                                                                           ""","="""""
"=""""","=""*""","=""9""","=""""","=""5.4822668""","=""""","=""""","=""0.002035""","=""1.115""","=""                                                                           ""","="""""
"=""""","=""*""","=""7""","=""""","=""5.4860345""","=""""","=""""","=""0.003768""","=""1.125""","=""                                                                           ""","="""""
"=""4f11.(4I*).5d.6s.7s""","=""*""","=""8""","=""""","=""5.4888510""","=""""","=""""","=""0.002817""","=""1.045""","=""                                                                           ""","="""""
"=""""","=""""","=""8""","=""""","=""5.4926870""","=""""","=""""","=""0.003836""","=""1.120""","=""                                                                           ""","="""""
"=""4f12.(3F<3>).6s.7s.(3S<1>)""","=""(3,1)""","=""4""","=""""","=""""","=""""","=""""","=""""","=""""","=""                                                                           ""","="""""
"=""4f12.(3F<3>).6s.7s.(3S<1>)""","=""(3,1)""","=""3""","=""""","=""5.4936078""","=""""","=""""","=""""","=""1.150""","=""  93                                                                       ""","="""""
"=""4f12.(3F<3>).6s.7s.(3S<1>)""","=""(3,1)""","=""2""","=""""","=""5.4984346""","=""""","=""""","=""0.004827""","=""0.870""","=""  93                                                                       ""","="""""
"=""4f11.(4I*).5d.6s.7s""","=""*""","=""10""","=""""","=""5.5023916""","=""""","=""""","=""0.003957""","=""1.195""","=""                                                                           ""","="""""
"=""""","=""""","=""7""","=""""","=""5.5041812""","=""""","=""""","=""0.001790""","=""1.125""","=""                                                                           ""","="""""
"=""""","=""""","=""8""","=""""","=""5.5062487""","=""""","=""""","=""0.002068""","=""1.150""","=""                                                                           ""","="""""
"=""""","=""""","=""9""","=""""","=""5.5204838""","=""""","=""""","=""0.014235""","=""1.140""","=""                                                                           ""","="""""
"=""""","=""""","=""7""","=""""","=""5.5579521""","=""""","=""""","=""0.037468""","=""1.100""","=""                                                                           ""","="""""
"=""""","=""""","=""12""","=""""","=""5.5634932""","=""""","=""""","=""0.005541""","=""1.190""","=""                                                                           ""","="""""
"=""4f12.(3F<2>).6s.7s.(3S<1>)""","=""(2,1)""","=""1""","=""""","=""5.5652145""","=""""","=""""","=""0.001721""","=""0.105""","=""  82             :    17                          (1D<2>)(3S<1>)           ""","="""""
"=""4f12.(3F<2>).6s.7s.(3S<1>)""","=""(2,1)""","=""2""","=""""","=""5.5867886""","=""""","=""""","=""0.021574""","=""0.850""","=""  75             :    16                          (1D<2>)(3S<1>)           ""","="""""
"=""4f12.(3F<2>).6s.7s.(3S<1>)""","=""(2,1)""","=""3""","=""""","=""5.6098953""","=""""","=""""","=""0.023107""","=""1.105""","=""  73             :    16                          (1D<2>)(3S<1>)           ""","="""""
"=""""","=""""","=""11""","=""""","=""5.6035566""","=""""","=""""","=""-0.006339""","=""1.195""","=""                                                                           ""","="""""
"=""""","=""""","=""7""","=""""","=""5.6197063""","=""""","=""""","=""0.016150""","=""1.125""","=""                                                                           ""","="""""
"=""""","=""""","=""7""","=""""","=""5.6877015""","=""""","=""""","=""0.067995""","=""1.050""","=""                                                                           ""","="""""
"=""""","=""""","=""7""","=""""","=""5.8236380""","=""""","=""""","=""0.135936""","=""1.145""","=""                                                                           ""","="""""
"=""Er II (4f12.(3H).5p6.6s (6,1/2)<13/2>)""","=""Limit""","=""---""","=""""","=""6.1077""","=""""","=""0.0010""","=""""","=""""","=""                                                                           ""","=""L4277"""
