Configuration,Term,J,Prefix,Level (eV),Suffix,Uncertainty (eV),Splitting,Lande,Leading percentages,Reference
"=""4f7.6s2""","=""a 8S*""","=""7/2""","=""""","=""0.000000""","=""""","=""0""","=""""","=""1.99340""","=""  98         :     2                                6P*                ""","=""L3974"""
"=""4f7.(8S*).5d (9D*).6s""","=""a 10D*""","=""5/2""","=""""","=""1.602337""","=""""","=""""","=""1.602337""","=""""","=""  94                                                                   ""","="""""
"=""4f7.(8S*).5d (9D*).6s""","=""a 10D*""","=""7/2""","=""""","=""1.617857""","=""""","=""""","=""0.01552""","=""""","=""  94                                                                   ""","="""""
"=""4f7.(8S*).5d (9D*).6s""","=""a 10D*""","=""9/2""","=""""","=""1.639324""","=""""","=""""","=""0.02147""","=""""","=""  93                                                                   ""","="""""
"=""4f7.(8S*).5d (9D*).6s""","=""a 10D*""","=""11/2""","=""""","=""1.668481""","=""""","=""""","=""0.02916""","=""""","=""  94                                                                   ""","="""""
"=""4f7.(8S*).5d (9D*).6s""","=""a 10D*""","=""13/2""","=""""","=""1.708339""","=""""","=""""","=""0.03986""","=""""","=""  95                                                                   ""","="""""
"=""4f7.(8S*).6s.6p.(3P*)""","=""z 10P""","=""7/2""","=""""","=""1.744192""","=""""","=""""","=""0.03585""","=""2.198""","=""  92     or  :    64                                (8S*<7/2>)(3P*<0>) ""","="""""
"=""4f7.(8S*).6s.6p.(3P*)""","=""z 10P""","=""9/2""","=""""","=""1.805653""","=""""","=""""","=""0.06146""","=""1.936""","=""  85     or  :    91                                (8S*<7/2>)(3P*<1>) ""","="""""
"=""4f7.(8S*).6s.6p.(3P*)""","=""z 10P""","=""11/2""","=""""","=""1.931870""","=""""","=""""","=""0.12622""","=""""","="" 100     or  :   100                                (8S*<7/2>)(3P*<2>) ""","="""""
"=""4f7.(8S*).5d (9D*).6s""","=""a 8D*""","=""3/2""","=""""","=""1.876838""","=""""","=""""","=""-0.05503""","=""""","=""  87                                                                   ""","="""""
"=""4f7.(8S*).5d (9D*).6s""","=""a 8D*""","=""5/2""","=""""","=""1.890605""","=""""","=""""","=""0.01377""","=""""","=""  86                                                                   ""","="""""
"=""4f7.(8S*).5d (9D*).6s""","=""a 8D*""","=""7/2""","=""""","=""1.911991""","=""""","=""""","=""0.02139""","=""""","=""  85                                                                   ""","="""""
"=""4f7.(8S*).5d (9D*).6s""","=""a 8D*""","=""9/2""","=""""","=""1.944107""","=""""","=""""","=""0.03212""","=""""","=""  85                                                                   ""","="""""
"=""4f7.(8S*).5d (9D*).6s""","=""a 8D*""","=""11/2""","=""""","=""1.993636""","=""""","=""""","=""0.04953""","=""""","=""  87                                                                   ""","="""""
"=""4f7.(8S*).6s.6p.(3P*)""","=""z 8P""","=""5/2""","=""""","=""1.970175""","=""""","=""""","=""-0.02346""","=""2.227""","=""  87     or  :    93  4f7.(8S*<7/2>).6s.6p.(3P*<1>)                    ""","="""""
"=""4f7.(8S*).6s.6p.(3P*)""","=""z 8P""","=""7/2""","=""""","=""1.977834""","=""""","=""""","=""0.00766""","=""1.875""","=""  61     or  :    51  4f7.(8S*<7/2>).6s.6p.(3P*<1>)                    ""","="""""
"=""4f7.(8S*).6s.6p.(3P*)""","=""z 8P""","=""9/2""","=""""","=""2.059599""","=""""","=""""","=""0.08176""","=""1.797""","=""  83     or  :    91  4f7.(8S*<7/2>).6s.6p.(3P*<2>)                    ""","="""""
"=""4f7.(8S*).6s.6p.(3P*)""","=""z 6P""","=""7/2""","=""""","=""2.149967""","=""""","=""""","=""0.09037""","=""1.787""","=""  64     or  :    82  4f7.(8S*<7/2>).6s.6p.(3P*<2>)                    ""","="""""
"=""4f7.(8S*).6s.6p.(3P*)""","=""z 6P""","=""5/2""","=""""","=""2.195440""","=""""","=""""","=""0.04547""","=""1.932""","=""  86     or  :    92  4f7.(8S*<7/2>).6s.6p.(3P*<2>)                    ""","="""""
"=""4f7.(8S*).6s.6p.(3P*)""","=""z 6P""","=""3/2""","=""""","=""2.224957""","=""""","=""""","=""0.02952""","=""""","="" 100     or  :   100  4f7.(8S*<7/2>).6s.6p.(3P*<2>)                    ""","="""""
"=""4f7.(8S*).5d (7D*).6s""","=""a 6D*""","=""9/2""","=""""","=""2.389577""","=""""","=""""","=""0.16462""","=""""","=""  66                                                                   ""","="""""
"=""4f7.(8S*).5d (7D*).6s""","=""a 6D*""","=""7/2""","=""""","=""2.400892""","=""""","=""""","=""0.01131""","=""""","=""  65                                                                   ""","="""""
"=""4f7.(8S*).5d (7D*).6s""","=""a 6D*""","=""5/2""","=""""","=""2.412987""","=""""","=""""","=""0.01210""","=""""","=""  70                                                                   ""","="""""
"=""4f7.(8S*).5d (7D*).6s""","=""a 6D*""","=""3/2""","=""""","=""2.423109""","=""""","=""""","=""0.01012""","=""""","=""  80                                                                   ""","="""""
"=""4f7.(8S*).5d (7D*).6s""","=""a 6D*""","=""1/2""","=""""","=""2.429986""","=""""","=""""","=""0.00688""","=""""","=""  94                                                                   ""","="""""
"=""4f7.(8S*).5d (7D*).6s""","=""b 8D*""","=""11/2""","=""""","=""2.411144""","=""""","=""""","=""-0.01884""","=""""","=""  86                                                                   ""","="""""
"=""4f7.(8S*).5d (7D*).6s""","=""b 8D*""","=""9/2""","=""""","=""2.433966""","=""""","=""""","=""0.02282""","=""""","=""  59                                                                   ""","="""""
"=""4f7.(8S*).5d (7D*).6s""","=""b 8D*""","=""7/2""","=""""","=""2.443995""","=""""","=""""","=""0.01003""","=""""","=""  58                                                                   ""","="""""
"=""4f7.(8S*).5d (7D*).6s""","=""b 8D*""","=""5/2""","=""""","=""2.450396""","=""""","=""""","=""0.00640""","=""""","=""  63                                                                   ""","="""""
"=""4f7.(8S*).5d (7D*).6s""","=""b 8D*""","=""3/2""","=""""","=""2.454169""","=""""","=""""","=""0.00377""","=""""","=""  73                                                                   ""","="""""
"=""4f7.(8S*).6s.6p.(1P*)""","=""y 8P""","=""5/2""","=""""","=""2.658789""","=""""","=""""","=""0.20462""","=""2.272""","=""  98     or  :    99  4f7.(8S*<7/2>).6s.6p.(1P*<1>)                    ""","="""""
"=""4f7.(8S*).6s.6p.(1P*)""","=""y 8P""","=""7/2""","=""""","=""2.678700""","=""""","=""""","=""0.01991""","=""1.929""","=""  97     or  :    98  4f7.(8S*<7/2>).6s.6p.(1P*<1>)                    ""","="""""
"=""4f7.(8S*).6s.6p.(1P*)""","=""y 8P""","=""9/2""","=""""","=""2.698052""","=""""","=""""","=""0.01935""","=""1.772""","=""  96     or  :    98  4f7.(8S*<7/2>).6s.6p.(1P*<1>)                    ""","="""""
"=""4f6.(7F).5d.6s2""","=""8D""","=""3/2""","=""""","=""""","=""""","=""""","=""""","=""""","=""                                                                       ""","="""""
"=""4f6.(7F).5d.6s2""","=""8D""","=""5/2""","=""""","=""3.453319""","=""""","=""""","=""""","=""2.009""","=""  68         :    15                                (7F) 6P            ""","="""""
"=""4f6.(7F).5d.6s2""","=""8D""","=""7/2""","=""""","=""3.574195""","=""""","=""""","=""0.12088""","=""1.811""","=""  75         :    13                                (7F) 8F            ""","="""""
"=""4f6.(7F).5d.6s2""","=""8D""","=""9/2""","=""""","=""3.699514""","=""""","=""""","=""0.12532""","=""1.676""","=""  76         :    15                                (7F) 8F            ""","="""""
"=""4f6.(7F).5d.6s2""","=""8D""","=""11/2""","=""""","=""3.821124""","=""""","=""""","=""0.12161""","=""""","=""  77         :    17                                (7F) 8F            ""","="""""
"=""4f7.(8S*).5d (9D*).6p""","=""z 10F""","=""3/2""","=""""","=""3.536026""","=""""","=""""","=""-0.28510""","=""""","=""  94     or  :    94  4f7.(8S*)5d.6p.(3F*)          10F                ""","="""""
"=""4f7.(8S*).5d (9D*).6p""","=""z 10F""","=""5/2""","=""""","=""3.554303""","=""""","=""""","=""0.01828""","=""2.194""","=""  93     or  :    93  4f7.(8S*)5d.6p.(3F*)          10F                ""","="""""
"=""4f7.(8S*).5d (9D*).6p""","=""z 10F""","=""7/2""","=""""","=""3.585396""","=""""","=""""","=""0.03109""","=""1.841""","=""  92     or  :    92  4f7.(8S*)5d.6p.(3F*)          10F                ""","="""""
"=""4f7.(8S*).5d (9D*).6p""","=""z 10F""","=""9/2""","=""""","=""3.618642""","=""""","=""""","=""0.03325""","=""1.70""","=""  92     or  :    92  4f7.(8S*)5d.6p.(3F*)          10F                ""","="""""
"=""4f7.(8S*).5d (9D*).6p""","=""z 10F""","=""11/2""","=""""","=""3.671506""","=""""","=""""","=""0.05286""","=""""","=""  93     or  :    93  4f7.(8S*)5d.6p.(3F*)          10F                ""","="""""
"=""4f7.(8S*).5d (9D*).6p""","=""z 10F""","=""13/2""","=""""","=""3.745698""","=""""","=""""","=""0.07419""","=""""","=""  97     or  :    97  4f7.(8S*)5d.6p.(3F*)          10F                ""","="""""
"=""4f7.(8S*).5d (9D*).6p""","=""z 10F""","=""15/2""","=""""","=""3.834051""","=""""","=""""","=""0.08835""","=""""","="" 100     or  :   100  4f7.(8S*)5d.6p.(3F*)          10F                ""","="""""
"=""4f7.(8S*).6s (9S*).7s""","=""e 10S*""","=""9/2""","=""""","=""3.566259""","=""""","=""""","=""-0.26779""","=""""","=""                                                                       ""","="""""
"=""""","=""102""","=""9/2""","=""""","=""3.601214""","=""?""","=""""","=""0.03496""","=""""","=""                                                                       ""","="""""
"=""4f6.(7F).5d.6s2""","=""8G""","=""1/2""","=""""","=""""","=""""","=""""","=""""","=""""","=""                                                                       ""","="""""
"=""4f6.(7F).5d.6s2""","=""8G""","=""3/2""","=""""","=""""","=""""","=""""","=""""","=""""","=""                                                                       ""","="""""
"=""4f6.(7F).5d.6s2""","=""8G""","=""11/2""","=""""","=""""","=""""","=""""","=""""","=""""","=""                                                                       ""","="""""
"=""4f6.(7F).5d.6s2""","=""8G""","=""15/2""","=""""","=""""","=""""","=""""","=""""","=""""","=""                                                                       ""","="""""
"=""4f6.(7F).5d.6s2""","=""8G""","=""5/2""","=""""","=""3.611013""","=""""","=""""","=""""","=""1.440""","=""  44         :    20                                (7F) 8F            ""","="""""
"=""4f6.(7F).5d.6s2""","=""8G""","=""7/2""","=""""","=""3.695873""","=""""","=""""","=""0.08486""","=""1.465""","=""  56         :    21                                (7F) 8F            ""","="""""
"=""4f6.(7F).5d.6s2""","=""8G""","=""9/2""","=""""","=""3.799199""","=""""","=""""","=""0.10333""","=""1.470""","=""  63         :    19                                (7F) 8F            ""","="""""
"=""4f6.(7F).5d.6s2""","=""8G""","=""13/2""","=""""","=""4.041637""","=""""","=""""","=""0.24244""","=""""","=""  66         :    25                                (7F) 8F            ""","="""""
"=""4f7.(8S*).6s (9S*).7s""","=""e 8S*""","=""7/2""","=""""","=""3.659748""","=""""","=""""","=""-0.38189""","=""""","=""                                                                       ""","="""""
"=""4f6.(7F).5d.6s2""","=""8P""","=""5/2""","=""""","=""3.717356""","=""""","=""""","=""0.05761""","=""2.06""","=""  51         :    25                                (7F) 6P            ""","="""""
"=""4f6.(7F).5d.6s2""","=""8P""","=""7/2""","=""""","=""3.857939""","=""""","=""""","=""0.14058""","=""1.928""","=""  52         :    18                                (7F) 8G            ""","="""""
"=""4f6.(7F).5d.6s2""","=""8P""","=""9/2""","=""""","=""3.983643""","=""""","=""""","=""0.12570""","=""1.747""","=""  83         :     9                                (7F) 8D            ""","="""""
"=""4f6.(7F).5d.6s2""","=""8F""","=""1/2""","=""""","=""""","=""""","=""""","=""""","=""""","=""                                                                       ""","="""""
"=""4f6.(7F).5d.6s2""","=""8F""","=""3/2""","=""""","=""""","=""""","=""""","=""""","=""""","=""                                                                       ""","="""""
"=""4f6.(7F).5d.6s2""","=""8F""","=""13/2""","=""""","=""""","=""""","=""""","=""""","=""""","=""                                                                       ""","="""""
"=""4f6.(7F).5d.6s2""","=""8F""","=""5/2""","=""""","=""3.730851""","=""""","=""""","=""""","=""1.618""","=""  61         :    29                                (7F) 8G            ""","="""""
"=""4f6.(7F).5d.6s2""","=""8F""","=""7/2""","=""""","=""3.816685""","=""""","=""""","=""0.08583""","=""1.551""","=""  50         :    16                                (7F) 8G            ""","="""""
"=""4f6.(7F).5d.6s2""","=""8F""","=""9/2""","=""""","=""3.912168""","=""""","=""""","=""0.09548""","=""1.522""","=""  58         :    28                                (7F) 8G            ""","="""""
"=""4f6.(7F).5d.6s2""","=""8F""","=""11/2""","=""""","=""4.008004""","=""""","=""""","=""0.09584""","=""""","=""  67         :    23                                (7F) 8G            ""","="""""
"=""4f7.(8S*).6s (7S*).7s""","=""e 6S*""","=""5/2""","=""""","=""3.796333""","=""""","=""""","=""-0.21167""","=""""","=""                                                                       ""","="""""
"=""4f7.(8S*).5d (9D*).6p""","=""z 8D""","=""5/2""","=""""","=""3.818473""","=""""","=""""","=""0.02214""","=""2.14""","=""  86     or  :    68  4f7.(8S*)5d.6p.(1D*)          8D                 ""","="""""
"=""4f7.(8S*).5d (9D*).6p""","=""z 8D""","=""3/2""","=""""","=""3.818801""","=""""","=""""","=""0.00033""","=""2.80""","=""  89     or  :    69  4f7.(8S*)5d.6p.(1D*)          8D                 ""","="""""
"=""4f7.(8S*).5d (9D*).6p""","=""z 8D""","=""7/2""","=""""","=""3.823919""","=""""","=""""","=""0.00512""","=""1.824""","=""  84     or  :    67  4f7.(8S*)5d.6p.(1D*)          8D                 ""","="""""
"=""4f7.(8S*).5d (9D*).6p""","=""z 8D""","=""9/2""","=""""","=""3.831340""","=""""","=""""","=""0.00742""","=""1.706""","=""  81     or  :    67  4f7.(8S*)5d.6p.(1D*)          8D                 ""","="""""
"=""4f7.(8S*).5d (9D*).6p""","=""z 8D""","=""11/2""","=""""","=""3.845305""","=""""","=""""","=""0.01397""","=""""","=""  79     or  :    70  4f7.(8S*)5d.6p.(1D*)          8D                 ""","="""""
"=""""","=""110""","=""9/2 or 11/2""","=""""","=""3.821086""","=""?""","=""""","=""-0.02422""","=""""","=""                                                                       ""","="""""
"=""4f7.(8S*).5d (9D*).6p""","=""z 10D""","=""5/2""","=""""","=""3.836700""","=""""","=""""","=""0.01561""","=""2.49""","=""  95     or  :    95  4f7.(8S*)5d.6p.(3D*)          10D                ""","="""""
"=""4f7.(8S*).5d (9D*).6p""","=""z 10D""","=""7/2""","=""""","=""3.860634""","=""""","=""""","=""0.02393""","=""2.006""","=""  94     or  :    94  4f7.(8S*)5d.6p.(3D*)          10D                ""","="""""
"=""4f7.(8S*).5d (9D*).6p""","=""z 10D""","=""9/2""","=""""","=""3.890948""","=""""","=""""","=""0.03031""","=""1.860""","=""  92     or  :    92  4f7.(8S*)5d.6p.(3D*)          10D                ""","="""""
"=""4f7.(8S*).5d (9D*).6p""","=""z 10D""","=""11/2""","=""""","=""3.933514""","=""""","=""""","=""0.04257""","=""""","=""  84     or  :    84  4f7.(8S*)5d.6p.(3D*)          10D                ""","="""""
"=""4f7.(8S*).5d (9D*).6p""","=""z 10D""","=""13/2""","=""""","=""3.982013""","=""""","=""""","=""0.04850""","=""""","=""  63     or  :    62  4f7.(8S*)5d.6p.(3D*)          10D                ""","="""""
"=""4f6.(7F).5d.6s2""","=""6P""","=""3/2""","=""""","=""""","=""""","=""""","=""""","=""""","=""                                                                       ""","="""""
"=""4f6.(7F).5d.6s2""","=""6P""","=""5/2""","=""""","=""3.856811""","=""""","=""""","=""""","=""1.954""","=""  42         :    31                                (7F) 8P            ""","="""""
"=""4f6.(7F).5d.6s2""","=""6P""","=""7/2""","=""""","=""4.051944""","=""""","=""""","=""0.19513""","=""1.729""","=""  56         :    22                                (7F) 8P            ""","="""""
"=""4f6.(7F).5d2.(3F) (9I).6s""","=""10I""","=""3/2""","=""""","=""""","=""""","=""""","=""""","=""""","=""                                                                       ""","="""""
"=""4f6.(7F).5d2.(3F) (9I).6s""","=""10I""","=""11/2""","=""""","=""""","=""""","=""""","=""""","=""""","=""                                                                       ""","="""""
"=""4f6.(7F).5d2.(3F) (9I).6s""","=""10I""","=""13/2""","=""""","=""""","=""""","=""""","=""""","=""""","=""                                                                       ""","="""""
"=""4f6.(7F).5d2.(3F) (9I).6s""","=""10I""","=""15/2""","=""""","=""""","=""""","=""""","=""""","=""""","=""                                                                       ""","="""""
"=""4f6.(7F).5d2.(3F) (9I).6s""","=""10I""","=""17/2""","=""""","=""""","=""""","=""""","=""""","=""""","=""                                                                       ""","="""""
"=""4f6.(7F).5d2.(3F) (9I).6s""","=""10I""","=""19/2""","=""""","=""""","=""""","=""""","=""""","=""""","=""                                                                       ""","="""""
"=""4f6.(7F).5d2.(3F) (9I).6s""","=""10I""","=""21/2""","=""""","=""""","=""""","=""""","=""""","=""""","=""                                                                       ""","="""""
"=""4f6.(7F).5d2.(3F) (9I).6s""","=""10I""","=""5/2""","=""""","=""3.868740""","=""""","=""""","=""""","=""0.540""","=""                                                                       ""","="""""
"=""4f6.(7F).5d2.(3F) (9I).6s""","=""10I""","=""7/2""","=""""","=""3.924531""","=""""","=""""","=""0.05579""","=""0.97""","=""                                                                       ""","="""""
"=""4f6.(7F).5d2.(3F) (9I).6s""","=""10I""","=""9/2""","=""""","=""3.995290""","=""""","=""""","=""0.07076""","=""1.172""","=""                                                                       ""","="""""
"=""4f7.(8S*).6s (7S*).7s""","=""f 8S*""","=""7/2""","=""""","=""3.870452""","=""""","=""""","=""-0.12484""","=""""","=""                                                                       ""","="""""
"=""4f7.(8S*).5d (9D*).6p""","=""z 8F""","=""1/2""","=""""","=""3.934733""","=""""","=""""","=""0.06428""","=""""","=""  81     or  :    85  4f7.(8S*)5d.6p.(3F*)          8F                 ""","="""""
"=""4f7.(8S*).5d (9D*).6p""","=""z 8F""","=""3/2""","=""""","=""3.941174""","=""""","=""""","=""0.00644""","=""""","=""  79     or  :    83  4f7.(8S*)5d.6p.(3F*)          8F                 ""","="""""
"=""4f7.(8S*).5d (9D*).6p""","=""z 8F""","=""5/2""","=""""","=""3.952131""","=""""","=""""","=""0.01096""","=""1.719""","=""  77     or  :    81  4f7.(8S*)5d.6p.(3F*)          8F                 ""","="""""
"=""4f7.(8S*).5d (9D*).6p""","=""z 8F""","=""7/2""","=""""","=""3.967896""","=""""","=""""","=""0.01577""","=""1.628""","=""  73     or  :    77  4f7.(8S*)5d.6p.(3F*)          8F                 ""","="""""
"=""4f7.(8S*).5d (9D*).6p""","=""z 8F""","=""9/2""","=""""","=""3.990388""","=""""","=""""","=""0.02249""","=""1.615""","=""  68     or  :    72  4f7.(8S*)5d.6p.(3F*)          8F                 ""","="""""
"=""4f7.(8S*).5d (9D*).6p""","=""z 8F""","=""11/2""","=""""","=""4.019367""","=""""","=""""","=""0.02898""","=""""","=""  61     or  :    66  4f7.(8S*)5d.6p.(3F*)          8F                 ""","="""""
"=""4f7.(8S*).5d (9D*).6p""","=""z 8F""","=""13/2""","=""""","=""4.061938""","=""""","=""""","=""0.04257""","=""""","=""  48     or  :    54  4f7.(8S*)5d.6p.(3F*)          8F                 ""","="""""
"=""4f7.(8S*).5d2.(3P)""","=""e 10P*""","=""7/2""","=""""","=""3.948749""","=""""","=""""","=""-0.11319""","=""""","=""                                                                       ""","="""""
"=""4f7.(8S*).5d2.(3P)""","=""e 10P*""","=""9/2""","=""""","=""3.993516""","=""""","=""""","=""0.04477""","=""""","=""                                                                       ""","="""""
"=""4f7.(8S*).5d2.(3P)""","=""e 10P*""","=""11/2""","=""""","=""4.027125""","=""""","=""""","=""0.03361""","=""""","=""                                                                       ""","="""""
"=""4f7.(8S*).5d (9D*).6p""","=""y 10P""","=""7/2""","=""""","=""4.016871""","=""""","=""""","=""-0.01025""","=""2.195""","=""  95     or  :    95  4f7.(8S*)5d.6p.(3P*)          10P                ""","="""""
"=""4f7.(8S*).5d (9D*).6p""","=""y 10P""","=""9/2""","=""""","=""4.041427""","=""""","=""""","=""0.02456""","=""1.93""","=""  91     or  :    91  4f7.(8S*)5d.6p.(3P*)          10P                ""","="""""
"=""4f7.(8S*).5d (9D*).6p""","=""y 10P""","=""11/2""","=""""","=""4.085082""","=""""","=""""","=""0.04366""","=""""","=""  89     or  :    89  4f7.(8S*)5d.6p.(3P*)          10P                ""","="""""
"=""4f6.(7F).5d.6s2?""","=""6H?""","=""7/2""","=""""","=""4.086749""","=""""","=""""","=""0.00167""","=""0.857""","=""                                                                       ""","="""""
"=""4f6.(7F).5d2.6s?""","=""""","=""7/2""","=""""","=""4.121960""","=""""","=""""","=""0.03521""","=""1.483""","=""                                                                       ""","="""""
"=""4f6.(7F).5d.6s2?""","=""6D?""","=""1/2""","=""""","=""""","=""""","=""""","=""""","=""""","=""                                                                       ""","="""""
"=""4f6.(7F).5d.6s2?""","=""6D?""","=""3/2""","=""""","=""""","=""""","=""""","=""""","=""""","=""                                                                       ""","="""""
"=""4f6.(7F).5d.6s2?""","=""6D?""","=""5/2""","=""""","=""4.167657""","=""""","=""""","=""""","=""1.479""","=""                                                                       ""","="""""
"=""4f6.(7F).5d.6s2?""","=""6D?""","=""7/2""","=""""","=""4.232592""","=""""","=""""","=""0.06494""","=""1.495""","=""                                                                       ""","="""""
"=""4f6.(7F).5d.6s2?""","=""6D?""","=""9/2""","=""""","=""4.307062""","=""""","=""""","=""0.07447""","=""1.542""","=""                                                                       ""","="""""
"=""4f6.(7F).5d2.6s?""","=""""","=""9/2""","=""""","=""4.188124""","=""""","=""""","=""-0.11894""","=""1.48""","=""                                                                       ""","="""""
"=""4f7.(8S*).5d (9D*).6p""","=""x 8P""","=""5/2""","=""""","=""4.188998""","=""""","=""""","=""0.00087""","=""2.276""","=""  93     or  :    55  4f7.(8S*)5d.6p.(3P*)          8P                 ""","="""""
"=""4f7.(8S*).5d (9D*).6p""","=""x 8P""","=""7/2""","=""""","=""4.228082""","=""""","=""""","=""0.03908""","=""""","=""  92     or  :    56  4f7.(8S*)5d.6p.(3P*)          8P                 ""","="""""
"=""4f7.(8S*).5d (9D*).6p""","=""x 8P""","=""9/2""","=""""","=""4.305452""","=""""","=""""","=""0.07737""","=""1.719""","=""  94     or  :    59  4f7.(8S*)5d.6p.(3P*)          8P                 ""","="""""
"=""4f7.(8S*).6s.7p.(3P*)?""","=""10P?""","=""11/2""","=""""","=""""","=""""","=""""","=""""","=""""","=""                                                                       ""","="""""
"=""4f7.(8S*).6s.7p.(3P*)?""","=""10P?""","=""9/2?""","=""""","=""4.200480""","=""""","=""""","=""""","=""1.97""","=""                                                                       ""","="""""
"=""4f7.(8S*).6s.7p.(3P*)?""","=""10P?""","=""7/2""","=""""","=""4.204152""","=""""","=""""","=""0.00367""","=""2.180""","=""                                                                       ""","="""""
"=""""","=""121""","=""5/2""","=""""","=""4.211107""","=""?""","=""""","=""0.00696""","=""""","=""                                                                       ""","="""""
"=""""","=""1*""","=""5/2""","=""""","=""4.223612""","=""""","=""""","=""0.01250""","=""""","=""                                                                       ""","="""""
"=""""","=""2*""","=""3/2 or 5/2""","=""""","=""4.225525""","=""""","=""""","=""0.00191""","=""""","=""                                                                       ""","="""""
"=""""","=""3*""","=""7/2 or 9/2""","=""""","=""4.231137""","=""""","=""""","=""0.00561""","=""""","=""                                                                       ""","="""""
"=""""","=""4*""","=""7/2 or 9/2 or 11/2""","=""""","=""4.253447""","=""""","=""""","=""0.02231""","=""""","=""                                                                       ""","="""""
"=""""","=""""","=""11/2""","=""""","=""4.254762""","=""""","=""""","=""0.00131""","=""""","=""                                                                       ""","="""""
"=""4f6.(7F).5d.6s2?""","=""6F?""","=""1/2""","=""""","=""""","=""""","=""""","=""""","=""""","=""                                                                       ""","="""""
"=""4f6.(7F).5d.6s2?""","=""6F?""","=""3/2""","=""""","=""""","=""""","=""""","=""""","=""""","=""                                                                       ""","="""""
"=""4f6.(7F).5d.6s2?""","=""6F?""","=""11/2""","=""""","=""""","=""""","=""""","=""""","=""""","=""                                                                       ""","="""""
"=""4f6.(7F).5d.6s2?""","=""6F?""","=""5/2""","=""""","=""4.258095""","=""""","=""""","=""""","=""1.32""","=""                                                                       ""","="""""
"=""4f6.(7F).5d.6s2?""","=""6F?""","=""7/2""","=""""","=""4.345726""","=""""","=""""","=""0.08763""","=""1.394""","=""                                                                       ""","="""""
"=""4f6.(7F).5d.6s2?""","=""6F?""","=""9/2""","=""""","=""4.472322""","=""""","=""""","=""0.12660""","=""1.447""","=""                                                                       ""","="""""
"=""4f7.(8S*).6s.7p.(3P*)?""","=""8P?""","=""9/2""","=""""","=""4.260857""","=""""","=""""","=""-0.21147""","=""1.803""","=""                                                                       ""","="""""
"=""4f7.(8S*).6s.7p.(3P*)?""","=""8P?""","=""5/2""","=""""","=""4.284376""","=""""","=""""","=""0.02352""","=""2.27""","=""                                                                       ""","="""""
"=""4f7.(8S*).6s.7p.(3P*)?""","=""8P?""","=""7/2""","=""""","=""4.285126""","=""""","=""""","=""0.00075""","=""1.91""","=""                                                                       ""","="""""
"=""4f7.(8S*).6s (9S*).6d""","=""e 10D*""","=""5/2""","=""""","=""4.267901""","=""""","=""""","=""-0.01722""","=""""","=""                                                                       ""","="""""
"=""4f7.(8S*).6s (9S*).6d""","=""e 10D*""","=""7/2""","=""""","=""4.270078""","=""""","=""""","=""0.00218""","=""""","=""                                                                       ""","="""""
"=""4f7.(8S*).6s (9S*).6d""","=""e 10D*""","=""9/2""","=""""","=""4.273339""","=""""","=""""","=""0.00326""","=""""","=""                                                                       ""","="""""
"=""4f7.(8S*).6s (9S*).6d""","=""e 10D*""","=""11/2""","=""""","=""4.278143""","=""""","=""""","=""0.00480""","=""""","=""                                                                       ""","="""""
"=""4f7.(8S*).6s (9S*).6d""","=""e 10D*""","=""13/2""","=""""","=""4.282983""","=""""","=""""","=""0.00484""","=""""","=""                                                                       ""","="""""
"=""4f6.(7F).5d2.6s?""","=""10P?""","=""11/2""","=""""","=""""","=""""","=""""","=""""","=""""","=""                                                                       ""","="""""
"=""4f6.(7F).5d2.6s?""","=""10P?""","=""9/2""","=""""","=""4.283166""","=""""","=""""","=""""","=""1.96""","=""                                                                       ""","="""""
"=""4f6.(7F).5d2.6s?""","=""10P?""","=""7/2""","=""""","=""4.464142""","=""""","=""""","=""0.18098""","=""2.150""","=""                                                                       ""","="""""
"=""""","=""8D*?""","=""3/2""","=""""","=""4.328733""","=""?""","=""""","=""-0.13541""","=""""","=""                                                                       ""","="""""
"=""""","=""8D*?""","=""5/2""","=""""","=""4.335441""","=""""","=""""","=""0.00671""","=""""","=""                                                                       ""","="""""
"=""""","=""8D*?""","=""7/2""","=""""","=""4.343660""","=""""","=""""","=""0.00822""","=""""","=""                                                                       ""","="""""
"=""4f7.(8S*).5d2?""","=""8P*?""","=""7/2""","=""""","=""4.346047""","=""""","=""""","=""0.00239""","=""""","=""                                                                       ""","="""""
"=""""","=""8D*?""","=""9/2""","=""""","=""4.352706""","=""""","=""""","=""0.00666""","=""""","=""                                                                       ""","="""""
"=""4f7.(8S*).5d2?""","=""8P*?""","=""5/2""","=""""","=""4.361045""","=""""","=""""","=""0.00834""","=""""","=""                                                                       ""","="""""
"=""""","=""8D*?""","=""11/2""","=""""","=""4.364812""","=""""","=""""","=""0.00377""","=""""","=""                                                                       ""","="""""
"=""4f7.(8S*).5d2?""","=""8P*?""","=""9/2""","=""""","=""4.374216""","=""""","=""""","=""0.00940""","=""""","=""                                                                       ""","="""""
"=""""","=""8D*?""","=""3/2""","=""""","=""4.374438""","=""""","=""""","=""0.00022""","=""""","=""                                                                       ""","="""""
"=""""","=""8D*?""","=""7/2""","=""""","=""4.386306""","=""""","=""""","=""0.01187""","=""""","=""                                                                       ""","="""""
"=""""","=""8D*?""","=""5/2""","=""""","=""4.388812""","=""""","=""""","=""0.00251""","=""""","=""                                                                       ""","="""""
"=""4f7.(8S*).5d (7D*).6p""","=""z 6F""","=""1/2""","=""""","=""""","=""""","=""""","=""""","=""""","="" 100     or  :   100  4f7.(8S*)5d.6p.(3F*)          6F                 ""","="""""
"=""4f7.(8S*).5d (7D*).6p""","=""z 6F""","=""11/2""","=""""","=""4.395640""","=""""","=""""","=""""","=""""","=""  91     or  :    91  4f7.(8S*)5d.6p.(3F*)          6F                 ""","="""""
"=""4f7.(8S*).5d (7D*).6p""","=""z 6F""","=""9/2""","=""""","=""4.430156""","=""""","=""""","=""0.03452""","=""1.458""","=""  90     or  :    90  4f7.(8S*)5d.6p.(3F*)          6F                 ""","="""""
"=""4f7.(8S*).5d (7D*).6p""","=""z 6F""","=""7/2""","=""""","=""4.473475""","=""""","=""""","=""0.04332""","=""1.462""","=""  90     or  :    90  4f7.(8S*)5d.6p.(3F*)          6F                 ""","="""""
"=""4f7.(8S*).5d (7D*).6p""","=""z 6F""","=""5/2""","=""""","=""4.498744""","=""""","=""""","=""0.02527""","=""1.420""","=""  93     or  :    93  4f7.(8S*)5d.6p.(3F*)          6F                 ""","="""""
"=""4f7.(8S*).5d (7D*).6p""","=""z 6F""","=""3/2""","=""""","=""4.525628""","=""""","=""""","=""0.02688""","=""""","=""  97     or  :    97  4f7.(8S*)5d.6p.(3F*)          6F                 ""","="""""
"=""""","=""8D*?""","=""11/2""","=""""","=""4.396571""","=""""","=""""","=""-0.12906""","=""""","=""                                                                       ""","="""""
"=""4f7.(8S*).6s.7p.(3P*)""","=""6P""","=""3/2""","=""""","=""""","=""""","=""""","=""""","=""""","=""                                                                       ""","="""""
"=""4f7.(8S*).6s.7p.(3P*)""","=""6P""","=""7/2""","=""""","=""4.415384""","=""""","=""""","=""""","=""1.716""","=""                                                                       ""","="""""
"=""4f7.(8S*).6s.7p.(3P*)""","=""6P""","=""5/2""","=""""","=""4.426688""","=""""","=""""","=""0.01130""","=""1.89""","=""                                                                       ""","="""""
"=""""","=""125""","=""3/2""","=""""","=""4.433938""","=""""","=""""","=""0.00725""","=""""","=""                                                                       ""","="""""
"=""""","=""126""","=""3/2""","=""""","=""4.438521""","=""""","=""""","=""0.00458""","=""""","=""                                                                       ""","="""""
"=""""","=""8D*?""","=""9/2""","=""""","=""4.440304""","=""""","=""""","=""0.00178""","=""""","=""                                                                       ""","="""""
"=""""","=""127""","=""3/2 or 5/2""","=""""","=""4.456179""","=""""","=""""","=""0.01587""","=""""","=""                                                                       ""","="""""
"=""4f7.(8S*).6s (7S*).6d""","=""g 8D*""","=""3/2""","=""""","=""4.469059""","=""""","=""""","=""0.01288""","=""""","=""                                                                       ""","="""""
"=""4f7.(8S*).6s (7S*).6d""","=""g 8D*""","=""5/2""","=""""","=""4.472435""","=""""","=""""","=""0.00338""","=""""","=""                                                                       ""","="""""
"=""4f7.(8S*).6s (7S*).6d""","=""g 8D*""","=""7/2""","=""""","=""4.475537""","=""""","=""""","=""0.00310""","=""""","=""                                                                       ""","="""""
"=""4f7.(8S*).6s (7S*).6d""","=""g 8D*""","=""9/2""","=""""","=""4.490584""","=""""","=""""","=""0.01505""","=""""","=""                                                                       ""","="""""
"=""4f7.(8S*).6s (7S*).6d""","=""g 8D*""","=""11/2""","=""""","=""4.493477""","=""""","=""""","=""0.00289""","=""""","=""                                                                       ""","="""""
"=""""","=""128""","=""5/2""","=""""","=""4.469959""","=""""","=""""","=""-0.02352""","=""2.202""","=""                                                                       ""","="""""
"=""""","=""130""","=""5/2 or 7/2""","=""""","=""4.476803""","=""?""","=""""","=""0.00684""","=""""","=""                                                                       ""","="""""
"=""""","=""131""","=""3/2""","=""""","=""4.504906""","=""""","=""""","=""0.02810""","=""""","=""                                                                       ""","="""""
"=""""","=""""","=""7/2""","=""""","=""4.510732""","=""""","=""""","=""0.00583""","=""1.841""","=""                                                                       ""","="""""
"=""""","=""""","=""5/2""","=""""","=""4.514384""","=""""","=""""","=""0.00365""","=""""","=""                                                                       ""","="""""
"=""4f7.(8S*).6s.7p.(1P*)?""","=""8P?""","=""5/2""","=""""","=""4.518204""","=""""","=""""","=""0.00382""","=""2.224""","=""                                                                       ""","="""""
"=""""","=""""","=""9/2""","=""""","=""4.525989""","=""""","=""""","=""0.00779""","=""1.793""","=""                                                                       ""","="""""
"=""""","=""""","=""9/2""","=""""","=""4.531477""","=""""","=""""","=""0.00549""","=""1.810""","=""                                                                       ""","="""""
"=""4f7.(8S*).6s (7S*).6d""","=""e 6D*""","=""9/2""","=""""","=""4.533686""","=""""","=""""","=""0.00221""","=""""","=""                                                                       ""","="""""
"=""4f7.(8S*).6s (7S*).6d""","=""e 6D*""","=""7/2""","=""""","=""4.536493""","=""""","=""""","=""0.00281""","=""""","=""                                                                       ""","="""""
"=""4f7.(8S*).6s (7S*).6d""","=""e 6D*""","=""5/2""","=""""","=""4.538866""","=""""","=""""","=""0.00237""","=""""","=""                                                                       ""","="""""
"=""4f7.(8S*).6s (7S*).6d""","=""e 6D*""","=""3/2""","=""""","=""4.540549""","=""""","=""""","=""0.00168""","=""""","=""                                                                       ""","="""""
"=""4f7.(8S*).6s (7S*).6d""","=""e 6D*""","=""1/2""","=""""","=""4.541598""","=""""","=""""","=""0.00105""","=""""","=""                                                                       ""","="""""
"=""4f7.(8S*).5d (7D*).6p""","=""y 8D""","=""5/2""","=""""","=""4.535876""","=""""","=""""","=""-0.00572""","=""1.971""","=""  85     or  :    67  4f7.(8S*)5d.6p.(3D*)          8D                 ""","="""""
"=""4f7.(8S*).5d (7D*).6p""","=""y 8D""","=""3/2""","=""""","=""4.536129""","=""""","=""""","=""0.00025""","=""2.43""","=""  90     or  :    71  4f7.(8S*)5d.6p.(3D*)          8D                 ""","="""""
"=""4f7.(8S*).5d (7D*).6p""","=""y 8D""","=""7/2""","=""""","=""4.550268""","=""""","=""""","=""0.01414""","=""1.83""","=""  80     or  :    64  4f7.(8S*)5d.6p.(3D*)          8D                 ""","="""""
"=""4f7.(8S*).5d (7D*).6p""","=""y 8D""","=""11/2""","=""""","=""4.570930""","=""""","=""""","=""0.02066""","=""1.662""","=""  87     or  :    73  4f7.(8S*)5d.6p.(3D*)          8D                 ""","="""""
"=""4f7.(8S*).5d (7D*).6p""","=""y 8D""","=""9/2""","=""""","=""4.573730""","=""""","=""""","=""0.00280""","=""1.729""","=""  76     or  :    61  4f7.(8S*)5d.6p.(3D*)          8D                 ""","="""""
"=""""","=""""","=""7/2""","=""""","=""4.537925""","=""""","=""""","=""-0.03580""","=""1.91""","=""                                                                       ""","="""""
"=""4f7.(8S*).6s (9S*).8s""","=""g 8S*""","=""7/2""","=""""","=""4.545175""","=""""","=""""","=""0.00725""","=""""","=""                                                                       ""","="""""
"=""4f6.(7F).5d.6s2?""","=""6G?""","=""3/2""","=""""","=""""","=""""","=""""","=""""","=""""","=""                                                                       ""","="""""
"=""4f6.(7F).5d.6s2?""","=""6G?""","=""11/2""","=""""","=""""","=""""","=""""","=""""","=""""","=""                                                                       ""","="""""
"=""4f6.(7F).5d.6s2?""","=""6G?""","=""13/2""","=""""","=""""","=""""","=""""","=""""","=""""","=""                                                                       ""","="""""
"=""4f6.(7F).5d.6s2?""","=""6G?""","=""5/2""","=""""","=""4.554716""","=""""","=""""","=""""","=""1.103""","=""                                                                       ""","="""""
"=""4f6.(7F).5d.6s2?""","=""6G?""","=""7/2""","=""""","=""4.606329""","=""""","=""""","=""0.05161""","=""1.245""","=""                                                                       ""","="""""
"=""4f6.(7F).5d.6s2?""","=""6G?""","=""9/2""","=""""","=""4.700096""","=""""","=""""","=""0.09377""","=""1.375""","=""                                                                       ""","="""""
"=""""","=""""","=""5/2""","=""""","=""4.587625""","=""""","=""""","=""-0.11247""","=""1.297""","=""                                                                       ""","="""""
"=""""","=""132""","=""11/2""","=""""","=""4.591734""","=""""","=""""","=""0.00411""","=""""","=""                                                                       ""","="""""
"=""""","=""133""","=""5/2""","=""""","=""4.599046""","=""""","=""""","=""0.00731""","=""1.99""","=""                                                                       ""","="""""
"=""""","=""134""","=""9/2""","=""""","=""4.603047""","=""""","=""""","=""0.00400""","=""1.795""","=""                                                                       ""","="""""
"=""4f7.(8S*).6s (9S*).8s""","=""f 10S*""","=""9/2""","=""""","=""4.611686""","=""""","=""""","=""0.00864""","=""""","=""                                                                       ""","="""""
"=""""","=""135""","=""5/2""","=""""","=""4.620440""","=""""","=""""","=""0.00875""","=""2.380""","=""                                                                       ""","="""""
"=""""","=""""","=""7/2""","=""""","=""4.624814""","=""""","=""""","=""0.00437""","=""1.311""","=""                                                                       ""","="""""
"=""""","=""136""","=""11/2 or 13/2""","=""""","=""4.636096""","=""""","=""""","=""0.01128""","=""""","=""                                                                       ""","="""""
"=""""","=""137""","=""5/2 or 7/2""","=""""","=""4.649716""","=""""","=""""","=""0.01362""","=""""","=""                                                                       ""","="""""
"=""""","=""138""","=""7/2""","=""""","=""4.649998""","=""""","=""""","=""0.00028""","=""""","=""                                                                       ""","="""""
"=""""","=""139""","=""5/2 or 7/2""","=""""","=""4.658615""","=""?""","=""""","=""0.00862""","=""""","=""                                                                       ""","="""""
"=""4f7.(8S*).5d2.(3P)""","=""e 6P*""","=""7/2""","=""""","=""4.659944""","=""""","=""""","=""0.00133""","=""""","=""                                                                       ""","="""""
"=""4f7.(8S*).5d2.(3P)""","=""e 6P*""","=""5/2""","=""""","=""4.716029""","=""""","=""""","=""0.05608""","=""""","=""                                                                       ""","="""""
"=""4f7.(8S*).5d2.(3P)""","=""e 6P*""","=""3/2""","=""""","=""4.741857""","=""""","=""""","=""0.02583""","=""""","=""                                                                       ""","="""""
"=""""","=""140""","=""7/2""","=""""","=""4.660493""","=""""","=""""","=""-0.08136""","=""1.61""","=""                                                                       ""","="""""
"=""""","=""141""","=""9/2""","=""""","=""4.660716""","=""""","=""""","=""0.00022""","=""1.58""","=""                                                                       ""","="""""
"=""""","=""142""","=""11/2""","=""""","=""4.686655""","=""""","=""""","=""0.02594""","=""""","=""                                                                       ""","="""""
"=""""","=""143""","=""7/2""","=""""","=""4.688190""","=""""","=""""","=""0.00153""","=""""","=""                                                                       ""","="""""
"=""""","=""144""","=""7/2""","=""""","=""4.693021""","=""""","=""""","=""0.00483""","=""1.65""","=""                                                                       ""","="""""
"=""""","=""""","=""9/2""","=""""","=""4.709923""","=""""","=""""","=""0.01690""","=""1.389""","=""                                                                       ""","="""""
"=""4f7.(8S*).5d2.(1S)""","=""h 8S*""","=""7/2""","=""""","=""4.710653""","=""""","=""""","=""0.00073""","=""""","=""                                                                       ""","="""""
"=""""","=""146""","=""7/2""","=""""","=""4.720409""","=""""","=""""","=""0.00976""","=""1.87""","=""                                                                       ""","="""""
"=""""","=""""","=""5/2""","=""""","=""4.721353""","=""""","=""""","=""0.00094""","=""1.820""","=""                                                                       ""","="""""
"=""4f7.(8S*).5d (7D*).6p""","=""z 6D""","=""9/2""","=""""","=""4.732125""","=""""","=""""","=""0.01077""","=""1.491""","=""  77     or  :    77  4f7.(8S*)5d.6p.(3D*)          6D                 ""","="""""
"=""4f7.(8S*).5d (7D*).6p""","=""z 6D""","=""7/2""","=""""","=""4.762460""","=""""","=""""","=""0.03034""","=""1.598""","=""  80     or  :    80  4f7.(8S*)5d.6p.(3D*)          6D                 ""","="""""
"=""4f7.(8S*).5d (7D*).6p""","=""z 6D""","=""5/2""","=""""","=""4.768093""","=""""","=""""","=""0.00563""","=""""","=""  77     or  :    77  4f7.(8S*)5d.6p.(3D*)          6D                 ""","="""""
"=""4f7.(8S*).5d (7D*).6p""","=""z 6D""","=""3/2""","=""""","=""4.777225""","=""""","=""""","=""0.00913""","=""""","=""  71     or  :    71  4f7.(8S*)5d.6p.(3D*)          6D                 ""","="""""
"=""4f7.(8S*).5d (7D*).6p""","=""z 6D""","=""1/2""","=""""","=""4.781324""","=""""","=""""","=""0.00410""","=""""","=""  67     or  :    67  4f7.(8S*)5d.6p.(3D*)          6D                 ""","="""""
"=""""","=""147""","=""9/2""","=""""","=""4.743994""","=""""","=""""","=""-0.03733""","=""1.699""","=""                                                                       ""","="""""
"=""""","=""148""","=""7/2?""","=""""","=""4.747470""","=""""","=""""","=""0.00348""","=""""","=""                                                                       ""","="""""
"=""""","=""149""","=""11/2 or 13/2""","=""""","=""4.747624""","=""""","=""""","=""0.00015""","=""""","=""                                                                       ""","="""""
"=""""","=""150""","=""7/2""","=""""","=""4.749248""","=""""","=""""","=""0.00162""","=""1.432""","=""                                                                       ""","="""""
"=""""","=""151""","=""9/2""","=""""","=""4.756117""","=""""","=""""","=""0.00687""","=""1.804""","=""                                                                       ""","="""""
"=""""","=""152""","=""11/2 or 13/2""","=""""","=""4.777628""","=""""","=""""","=""0.02151""","=""""","=""                                                                       ""","="""""
"=""4f7.(8S*).6s (9S*).5f?""","=""y 10F?""","=""3/2""","=""""","=""4.781541""","=""""","=""""","=""0.00391""","=""""","=""                                                                       ""","="""""
"=""4f7.(8S*).6s (9S*).5f?""","=""y 10F?""","=""7/2""","=""""","=""4.782006""","=""""","=""""","=""0.00047""","=""""","=""                                                                       ""","="""""
"=""4f7.(8S*).6s (9S*).5f?""","=""y 10F?""","=""5/2""","=""""","=""4.782397""","=""""","=""""","=""0.00039""","=""""","=""                                                                       ""","="""""
"=""4f7.(8S*).6s (9S*).5f?""","=""y 10F?""","=""9/2""","=""""","=""4.783376""","=""""","=""""","=""0.00098""","=""1.54""","=""                                                                       ""","="""""
"=""4f7.(8S*).6s (9S*).5f?""","=""y 10F?""","=""11/2""","=""""","=""4.783534""","=""""","=""""","=""0.00016""","=""""","=""                                                                       ""","="""""
"=""4f7.(8S*).6s (9S*).5f?""","=""y 10F?""","=""15/2""","=""""","=""4.784011""","=""""","=""""","=""0.00048""","=""""","=""                                                                       ""","="""""
"=""4f7.(8S*).6s (9S*).5f?""","=""y 10F?""","=""13/2""","=""""","=""4.784021""","=""""","=""""","=""0.00001""","=""""","=""                                                                       ""","="""""
"=""""","=""153""","=""9/2""","=""""","=""4.793405""","=""""","=""""","=""0.00938""","=""""","=""                                                                       ""","="""""
"=""""","=""154""","=""7/2""","=""""","=""4.795318""","=""""","=""""","=""0.00191""","=""1.76""","=""                                                                       ""","="""""
"=""""","=""155""","=""5/2?""","=""""","=""4.802997""","=""""","=""""","=""0.00768""","=""2.03""","=""                                                                       ""","="""""
"=""""","=""156""","=""11/2""","=""""","=""4.817090""","=""""","=""""","=""0.01409""","=""""","=""                                                                       ""","="""""
"=""4f7.(8S*).5d (7D*).6p""","=""y 6P""","=""7/2""","=""""","=""4.825185""","=""""","=""""","=""0.00809""","=""1.796""","=""  84     or  :    84  4f7.(8S*)5d.6p.(3P*)          6P                 ""","="""""
"=""4f7.(8S*).5d (7D*).6p""","=""y 6P""","=""5/2""","=""""","=""4.838170""","=""""","=""""","=""0.01298""","=""2.07""","=""  90     or  :    90  4f7.(8S*)5d.6p.(3P*)          6P                 ""","="""""
"=""4f7.(8S*).5d (7D*).6p""","=""y 6P""","=""3/2""","=""""","=""4.854191""","=""o""","=""""","=""0.01602""","=""""","=""  97     or  :    97  4f7.(8S*)5d.6p.(3P*)          6P                 ""","="""""
"=""4f7.(8S*).6s (7S*).8s""","=""f 6S*""","=""5/2""","=""""","=""4.827169""","=""""","=""""","=""-0.02702""","=""""","=""                                                                       ""","="""""
"=""4f7.(8S*).6s (9S*).8p?""","=""8P""","=""7/2""","=""""","=""""","=""""","=""""","=""""","=""""","=""                                                                       ""","="""""
"=""4f7.(8S*).6s (9S*).8p?""","=""8P""","=""9/2""","=""""","=""4.832301""","=""""","=""""","=""""","=""1.754""","=""                                                                       ""","="""""
"=""4f7.(8S*).6s (9S*).8p?""","=""8P""","=""5/2""","=""""","=""4.857623""","=""""","=""""","=""0.02532""","=""2.07""","=""                                                                       ""","="""""
"=""""","=""""","=""9/2""","=""""","=""4.837255""","=""""","=""""","=""-0.02037""","=""1.42""","=""                                                                       ""","="""""
"=""4f7.(8S*).5d (7D*).6p""","=""y 8F""","=""11/2""","=""""","=""4.840382""","=""""","=""""","=""0.00313""","=""""","=""  79     or  :    83  4f7.(8S*)5d.6p.(1F*)          8F                 ""","="""""
"=""4f7.(8S*).5d (7D*).6p""","=""y 8F""","=""9/2""","=""""","=""4.841801""","=""""","=""""","=""0.00142""","=""""","=""  75     or  :    78  4f7.(8S*)5d.6p.(1F*)          8F                 ""","="""""
"=""4f7.(8S*).5d (7D*).6p""","=""y 8F""","=""7/2""","=""""","=""4.842786""","=""""","=""""","=""0.00099""","=""""","=""  70     or  :    73  4f7.(8S*)5d.6p.(1F*)          8F                 ""","="""""
"=""4f7.(8S*).5d (7D*).6p""","=""y 8F""","=""13/2""","=""""","=""4.843231""","=""""","=""""","=""0.00045""","=""""","=""  80     or  :    85  4f7.(8S*)5d.6p.(1F*)          8F                 ""","="""""
"=""4f7.(8S*).5d (7D*).6p""","=""y 8F""","=""5/2""","=""""","=""4.846019""","=""o""","=""""","=""0.00279""","=""""","=""  63     or  :    66  4f7.(8S*)5d.6p.(1F*)          8F                 ""","="""""
"=""4f7.(8S*).5d (7D*).6p""","=""y 8F""","=""3/2""","=""""","=""4.851417""","=""o""","=""""","=""0.00540""","=""""","=""  57     or  :    61  4f7.(8S*)5d.6p.(1F*)          8F                 ""","="""""
"=""4f7.(8S*).5d (7D*).6p""","=""y 8F""","=""1/2""","=""""","=""4.851762""","=""""","=""""","=""0.00035""","=""""","=""  54     or  :    57  4f7.(8S*)5d.6p.(1F*)          8F                 ""","="""""
"=""""","=""""","=""7/2""","=""""","=""4.851117""","=""""","=""""","=""-0.00064""","=""""","=""                                                                       ""","="""""
"=""""","=""""","=""5/2?""","=""""","=""4.852356""","=""""","=""""","=""0.00124""","=""""","=""                                                                       ""","="""""
"=""""","=""""","=""9/2""","=""""","=""4.859201""","=""""","=""""","=""0.00684""","=""1.70""","=""                                                                       ""","="""""
"=""4f7.(8S*).6s (9S*).8p""","=""10P""","=""11/2""","=""""","=""""","=""""","=""""","=""""","=""""","=""                                                                       ""","="""""
"=""4f7.(8S*).6s (9S*).8p""","=""10P""","=""7/2""","=""""","=""4.860655""","=""""","=""""","=""""","=""2.16""","=""                                                                       ""","="""""
"=""4f7.(8S*).6s (9S*).8p""","=""10P""","=""9/2""","=""""","=""4.867179""","=""""","=""""","=""0.00652""","=""1.95""","=""                                                                       ""","="""""
"=""4f7.(8S*).6s (7S*).8s""","=""i 8S*""","=""7/2""","=""""","=""4.865457""","=""""","=""""","=""-0.00172""","=""""","=""                                                                       ""","="""""
"=""4f7.(8S*).6s (9S*).7d""","=""f 10D*""","=""5/2""","=""""","=""4.868564""","=""""","=""""","=""0.00311""","=""""","=""                                                                       ""","="""""
"=""4f7.(8S*).6s (9S*).7d""","=""f 10D*""","=""7/2""","=""""","=""4.870686""","=""""","=""""","=""0.00212""","=""""","=""                                                                       ""","="""""
"=""4f7.(8S*).6s (9S*).7d""","=""f 10D*""","=""9/2""","=""""","=""4.873339""","=""""","=""""","=""0.00265""","=""""","=""                                                                       ""","="""""
"=""4f7.(8S*).6s (9S*).7d""","=""f 10D*""","=""11/2""","=""""","=""4.876631""","=""""","=""""","=""0.00329""","=""""","=""                                                                       ""","="""""
"=""4f7.(8S*).6s (9S*).7d""","=""f 10D*""","=""13/2""","=""""","=""4.881157""","=""""","=""""","=""0.00453""","=""""","=""                                                                       ""","="""""
"=""""","=""""","=""3/2""","=""""","=""4.869954""","=""""","=""""","=""-0.01120""","=""""","=""                                                                       ""","="""""
"=""""","=""158""","=""11/2 or 13/2""","=""""","=""4.871508""","=""""","=""""","=""0.00155""","=""""","=""                                                                       ""","="""""
"=""""","=""""","=""7/2""","=""""","=""4.876088""","=""""","=""""","=""0.00458""","=""1.80""","=""                                                                       ""","="""""
"=""4f7.(8S*).6s (9S*).7d""","=""h 8D*""","=""3/2""","=""""","=""""","=""""","=""""","=""""","=""""","=""                                                                       ""","="""""
"=""4f7.(8S*).6s (9S*).7d""","=""h 8D*""","=""11/2""","=""""","=""4.895665""","=""""","=""""","=""""","=""""","=""                                                                       ""","="""""
"=""4f7.(8S*).6s (9S*).7d""","=""h 8D*""","=""9/2""","=""""","=""4.896321""","=""""","=""""","=""0.00066""","=""""","=""                                                                       ""","="""""
"=""4f7.(8S*).6s (9S*).7d""","=""h 8D*""","=""7/2""","=""""","=""4.896949""","=""""","=""""","=""0.00063""","=""""","=""                                                                       ""","="""""
"=""4f7.(8S*).6s (9S*).7d""","=""h 8D*""","=""5/2""","=""""","=""4.897414""","=""""","=""""","=""0.00047""","=""""","=""                                                                       ""","="""""
"=""""","=""""","=""5/2""","=""""","=""4.911181""","=""""","=""""","=""0.01377""","=""1.592""","=""                                                                       ""","="""""
"=""""","=""""","=""5/2?""","=""""","=""4.930941""","=""""","=""""","=""0.01976""","=""1.99""","=""                                                                       ""","="""""
"=""""","=""""","=""9/2""","=""""","=""4.932416""","=""""","=""""","=""0.00148""","=""1.639""","=""                                                                       ""","="""""
"=""""","=""159""","=""5/2""","=""""","=""4.968489""","=""""","=""""","=""0.03607""","=""2.305""","=""                                                                       ""","="""""
"=""4f7.(8S*).6s (7S*).5f?""","=""y 6F?""","=""11/2""","=""""","=""4.983917""","=""""","=""""","=""0.01543""","=""""","=""                                                                       ""","="""""
"=""4f7.(8S*).6s (7S*).5f?""","=""y 6F?""","=""9/2""","=""""","=""4.984218""","=""""","=""""","=""0.00030""","=""""","=""                                                                       ""","="""""
"=""4f7.(8S*).6s (7S*).5f?""","=""y 6F?""","=""7/2""","=""""","=""4.984306""","=""""","=""""","=""0.00009""","=""""","=""                                                                       ""","="""""
"=""4f7.(8S*).6s (7S*).5f?""","=""y 6F?""","=""3/2""","=""""","=""4.984583""","=""""","=""""","=""0.00028""","=""""","=""                                                                       ""","="""""
"=""4f7.(8S*).6s (7S*).5f?""","=""y 6F?""","=""5/2""","=""""","=""4.984621""","=""""","=""""","=""0.00004""","=""""","=""                                                                       ""","="""""
"=""4f7.(8S*).6s (7S*).5f?""","=""y 6F?""","=""1/2""","=""""","=""4.984997""","=""""","=""""","=""0.00038""","=""""","=""                                                                       ""","="""""
"=""4f7.(8S*).6s (7S*).5f?""","=""x 8F?""","=""1/2""","=""""","=""4.986384""","=""""","=""""","=""0.00139""","=""""","=""                                                                       ""","="""""
"=""4f7.(8S*).6s (7S*).5f?""","=""x 8F?""","=""3/2""","=""""","=""4.987098""","=""""","=""""","=""0.00071""","=""""","=""                                                                       ""","="""""
"=""4f7.(8S*).6s (7S*).5f?""","=""x 8F?""","=""11/2""","=""""","=""4.988646""","=""""","=""""","=""0.00155""","=""""","=""                                                                       ""","="""""
"=""4f7.(8S*).6s (7S*).5f?""","=""x 8F?""","=""7/2""","=""""","=""4.988708""","=""""","=""""","=""0.00006""","=""""","=""                                                                       ""","="""""
"=""4f7.(8S*).6s (7S*).5f?""","=""x 8F?""","=""5/2""","=""""","=""4.988796""","=""""","=""""","=""0.00009""","=""""","=""                                                                       ""","="""""
"=""4f7.(8S*).6s (7S*).5f?""","=""x 8F?""","=""13/2""","=""""","=""4.989702""","=""""","=""""","=""0.00091""","=""""","=""                                                                       ""","="""""
"=""4f7.(8S*).6s (7S*).5f?""","=""x 8F?""","=""9/2""","=""""","=""4.990324""","=""""","=""""","=""0.00062""","=""""","=""                                                                       ""","="""""
"=""4f7.(8S*).6p2.(3P)""","=""f 10P*""","=""7/2""","=""""","=""4.996318""","=""""","=""""","=""0.00599""","=""""","=""                                                                       ""","="""""
"=""4f7.(8S*).6p2.(3P)""","=""f 10P*""","=""9/2""","=""""","=""5.065264""","=""""","=""""","=""0.06895""","=""""","=""                                                                       ""","="""""
"=""4f7.(8S*).6p2.(3P)""","=""f 10P*""","=""11/2""","=""""","=""5.138364""","=""""","=""""","=""0.07310""","=""""","=""                                                                       ""","="""""
"=""""","=""160""","=""9/2 or 11/2""","=""""","=""4.996820""","=""""","=""""","=""-0.14154""","=""""","=""                                                                       ""","="""""
"=""4f7.(6I*).6s.6p?""","=""""","=""7/2""","=""""","=""4.999495""","=""""","=""""","=""0.00267""","=""1.042""","=""                                                                       ""","="""""
"=""""","=""""","=""9/2""","=""""","=""5.005566""","=""""","=""""","=""0.00607""","=""1.58""","=""                                                                       ""","="""""
"=""""","=""""","=""7/2""","=""""","=""5.005692""","=""""","=""""","=""0.00013""","=""1.436""","=""                                                                       ""","="""""
"=""4f7.(8S*).6s (7S*).8p?""","=""8P""","=""9/2""","=""""","=""5.015844""","=""""","=""""","=""0.01015""","=""1.768""","=""                                                                       ""","="""""
"=""4f7.(8S*).6s (7S*).8p?""","=""8P""","=""7/2""","=""""","=""5.034912""","=""""","=""""","=""0.01907""","=""1.89""","=""                                                                       ""","="""""
"=""4f7.(8S*).6s (7S*).8p?""","=""8P""","=""5/2""","=""""","=""5.037456""","=""""","=""""","=""0.00254""","=""2.264""","=""                                                                       ""","="""""
"=""""","=""""","=""7/2""","=""""","=""5.020503""","=""""","=""""","=""-0.01695""","=""1.529""","=""                                                                       ""","="""""
"=""""","=""5*""","=""7/2""","=""""","=""5.030783""","=""""","=""""","=""0.01028""","=""""","=""                                                                       ""","="""""
"=""""","=""6*""","=""5/2 or 7/2""","=""""","=""5.036746""","=""""","=""""","=""0.00596""","=""""","=""                                                                       ""","="""""
"=""""","=""7*""","=""7/2""","=""""","=""5.040021""","=""""","=""""","=""0.00328""","=""""","=""                                                                       ""","="""""
"=""""","=""8*""","=""9/2 or 11/2""","=""""","=""5.054102""","=""""","=""""","=""0.01408""","=""""","=""                                                                       ""","="""""
"=""""","=""9*""","=""9/2""","=""""","=""5.054626""","=""""","=""""","=""0.00052""","=""""","=""                                                                       ""","="""""
"=""""","=""""","=""5/2""","=""""","=""5.057617""","=""""","=""""","=""0.00299""","=""1.605""","=""                                                                       ""","="""""
"=""""","=""161""","=""9/2 or 11/2""","=""""","=""5.063349""","=""""","=""""","=""0.00573""","=""""","=""                                                                       ""","="""""
"=""4f7.(6I*).6s.6p?""","=""""","=""9/2""","=""""","=""5.063906""","=""""","=""""","=""0.00056""","=""1.013""","=""                                                                       ""","="""""
"=""4f7.(8S*).6s (7S*).8p""","=""6P""","=""3/2""","=""""","=""""","=""""","=""""","=""""","=""""","=""                                                                       ""","="""""
"=""4f7.(8S*).6s (7S*).8p""","=""6P""","=""7/2""","=""""","=""5.066293""","=""""","=""""","=""""","=""1.692""","=""                                                                       ""","="""""
"=""4f7.(8S*).6s (7S*).8p""","=""6P""","=""5/2""","=""""","=""5.075834""","=""""","=""""","=""0.00954""","=""1.88""","=""                                                                       ""","="""""
"=""""","=""""","=""9/2""","=""""","=""5.078689""","=""""","=""""","=""0.00285""","=""1.64""","=""                                                                       ""","="""""
"=""""","=""10*""","=""7/2 or 9/2""","=""""","=""5.082507""","=""""","=""""","=""0.00382""","=""""","=""                                                                       ""","="""""
"=""""","=""11*""","=""7/2 or 9/2""","=""""","=""5.088011""","=""?""","=""""","=""0.00550""","=""""","=""                                                                       ""","="""""
"=""""","=""162""","=""11/2 or 13/2""","=""""","=""5.090150""","=""?""","=""""","=""0.00214""","=""""","=""                                                                       ""","="""""
"=""""","=""""","=""5/2""","=""""","=""5.093070""","=""""","=""""","=""0.00292""","=""1.149""","=""                                                                       ""","="""""
"=""4f7.(8S*).6s (9S*).6f?""","=""x 10F?""","=""15/2""","=""""","=""5.102213""","=""""","=""""","=""0.00914""","=""""","=""                                                                       ""","="""""
"=""4f7.(8S*).6s (9S*).6f?""","=""x 10F?""","=""3/2""","=""""","=""5.103936""","=""""","=""""","=""0.00172""","=""""","=""                                                                       ""","="""""
"=""4f7.(8S*).6s (9S*).6f?""","=""x 10F?""","=""5/2""","=""""","=""5.104075""","=""""","=""""","=""0.00014""","=""""","=""                                                                       ""","="""""
"=""4f7.(8S*).6s (9S*).6f?""","=""x 10F?""","=""7/2""","=""""","=""5.104330""","=""""","=""""","=""0.00026""","=""""","=""                                                                       ""","="""""
"=""4f7.(8S*).6s (9S*).6f?""","=""x 10F?""","=""9/2""","=""""","=""5.104553""","=""""","=""""","=""0.00022""","=""""","=""                                                                       ""","="""""
"=""4f7.(8S*).6s (9S*).6f?""","=""x 10F?""","=""11/2""","=""""","=""5.105264""","=""""","=""""","=""0.00071""","=""""","=""                                                                       ""","="""""
"=""4f7.(8S*).6s (9S*).6f?""","=""x 10F?""","=""13/2""","=""""","=""5.106180""","=""""","=""""","=""0.00092""","=""""","=""                                                                       ""","="""""
"=""4f7.(8S*).6s (7S*).7d""","=""f 6D*""","=""1/2""","=""""","=""""","=""""","=""""","=""""","=""""","=""                                                                       ""","="""""
"=""4f7.(8S*).6s (7S*).7d""","=""f 6D*""","=""9/2""","=""""","=""5.105017""","=""""","=""""","=""""","=""""","=""                                                                       ""","="""""
"=""4f7.(8S*).6s (7S*).7d""","=""f 6D*""","=""7/2""","=""""","=""5.106336""","=""""","=""""","=""0.00132""","=""""","=""                                                                       ""","="""""
"=""4f7.(8S*).6s (7S*).7d""","=""f 6D*""","=""5/2""","=""""","=""5.108299""","=""""","=""""","=""0.00196""","=""""","=""                                                                       ""","="""""
"=""4f7.(8S*).6s (7S*).7d""","=""f 6D*""","=""3/2""","=""""","=""5.109215""","=""""","=""""","=""0.00092""","=""""","=""                                                                       ""","="""""
"=""""","=""""","=""7/2""","=""""","=""5.111073""","=""""","=""""","=""0.00186""","=""1.708""","=""                                                                       ""","="""""
"=""""","=""""","=""5/2 or 7/2 or 9/2""","=""""","=""5.113883""","=""""","=""""","=""0.00281""","=""""","=""                                                                       ""","="""""
"=""""","=""""","=""5/2 or 7/2 or 9/2""","=""""","=""5.114083""","=""""","=""""","=""0.00020""","=""""","=""                                                                       ""","="""""
"=""4f.(8S*).6s (9S*).9p""","=""8P""","=""7/2""","=""""","=""""","=""""","=""""","=""""","=""""","=""                                                                       ""","="""""
"=""4f.(8S*).6s (9S*).9p""","=""8P""","=""5/2""","=""""","=""5.118440""","=""""","=""""","=""""","=""2.256""","=""                                                                       ""","="""""
"=""4f.(8S*).6s (9S*).9p""","=""8P""","=""9/2""","=""""","=""5.118760""","=""""","=""""","=""0.00032""","=""1.762""","=""                                                                       ""","="""""
"=""""","=""""","=""7/2""","=""""","=""5.124970""","=""""","=""""","=""0.00621""","=""1.775""","=""                                                                       ""","="""""
"=""""","=""12*""","=""9/2 or 11/2""","=""""","=""5.130276""","=""""","=""""","=""0.00531""","=""""","=""                                                                       ""","="""""
"=""""","=""13*""","=""9/2 or 11/2""","=""""","=""5.132440""","=""""","=""""","=""0.00216""","=""""","=""                                                                       ""","="""""
"=""""","=""""","=""5/2""","=""""","=""5.133996""","=""""","=""""","=""0.00156""","=""1.609""","=""                                                                       ""","="""""
"=""""","=""""","=""5/2""","=""""","=""5.145065""","=""""","=""""","=""0.01107""","=""1.357""","=""                                                                       ""","="""""
"=""4f7.(8S*).6s (9S*).9p""","=""10P""","=""11/2""","=""""","=""""","=""""","=""""","=""""","=""""","=""                                                                       ""","="""""
"=""4f7.(8S*).6s (9S*).9p""","=""10P""","=""7/2""","=""""","=""5.147268""","=""""","=""""","=""""","=""2.210""","=""                                                                       ""","="""""
"=""4f7.(8S*).6s (9S*).9p""","=""10P""","=""9/2""","=""""","=""5.150357""","=""""","=""""","=""0.00309""","=""1.97""","=""                                                                       ""","="""""
"=""""","=""""","=""7/2""","=""""","=""5.156560""","=""""","=""""","=""0.00620""","=""1.537""","=""                                                                       ""","="""""
"=""""","=""""","=""9/2""","=""""","=""5.160307""","=""""","=""""","=""0.00375""","=""0.95""","=""                                                                       ""","="""""
"=""""","=""14*""","=""7/2 or 9/2""","=""""","=""5.161632""","=""""","=""""","=""0.00132""","=""""","=""                                                                       ""","="""""
"=""""","=""""","=""9/2""","=""""","=""5.162092""","=""""","=""""","=""0.00046""","=""1.608""","=""                                                                       ""","="""""
"=""""","=""""","=""7/2""","=""""","=""5.169263""","=""""","=""""","=""0.00717""","=""1.466""","=""                                                                       ""","="""""
"=""""","=""""","=""5/2""","=""""","=""5.176349""","=""""","=""""","=""0.00709""","=""0.918""","=""                                                                       ""","="""""
"=""""","=""""","=""9/2""","=""""","=""5.187681""","=""""","=""""","=""0.01133""","=""1.637""","=""                                                                       ""","="""""
"=""""","=""""","=""7/2""","=""""","=""5.194432""","=""""","=""""","=""0.00675""","=""1.391""","=""                                                                       ""","="""""
"=""""","=""""","=""5/2""","=""""","=""5.196139""","=""""","=""""","=""0.00171""","=""1.692""","=""                                                                       ""","="""""
"=""4f7.(8S*).5d (7D*).6p""","=""8P""","=""9/2""","=""""","=""5.208607""","=""""","=""""","=""0.01247""","=""1.771""","=""  81     or  :    53  4f7.(8S*)5d.6p.(1P*)          8P                 ""","="""""
"=""4f7.(8S*).5d (7D*).6p""","=""8P""","=""7/2""","=""""","=""5.218125""","=""""","=""""","=""0.00952""","=""1.86""","=""  79     or  :    52  4f7.(8S*)5d.6p.(1P*)          8P                 ""","="""""
"=""4f7.(8S*).5d (7D*).6p""","=""8P""","=""5/2""","=""""","=""5.223544""","=""""","=""""","=""0.00542""","=""2.04""","=""  90     or  :    55  4f7.(8S*)5d.6p.(1P*)          8P                 ""","="""""
"=""""","=""""","=""9/2""","=""""","=""5.213337""","=""""","=""""","=""-0.01021""","=""1.596""","=""                                                                       ""","="""""
"=""""","=""""","=""5/2""","=""""","=""5.224578""","=""""","=""""","=""0.01124""","=""1.4""","=""                                                                       ""","="""""
"=""""","=""""","=""7/2""","=""""","=""5.225614""","=""""","=""""","=""0.00104""","=""1.642""","=""                                                                       ""","="""""
"=""""","=""""","=""7/2""","=""""","=""5.239733""","=""""","=""""","=""0.01412""","=""1.583""","=""                                                                       ""","="""""
"=""""","=""""","=""5/2""","=""""","=""5.247714""","=""""","=""""","=""0.00798""","=""1.463""","=""                                                                       ""","="""""
"=""4f7.(6I*).6s.6p?""","=""""","=""9/2""","=""""","=""5.252572""","=""""","=""""","=""0.00486""","=""1.232""","=""                                                                       ""","="""""
"=""""","=""""","=""5/2""","=""""","=""5.256243""","=""""","=""""","=""0.00367""","=""1.74""","=""                                                                       ""","="""""
"=""4f7.(6I*).6s.6p?""","=""""","=""9/2""","=""""","=""5.257386""","=""""","=""""","=""0.00114""","=""0.867""","=""                                                                       ""","="""""
"=""""","=""""","=""5/2""","=""""","=""5.268308""","=""""","=""""","=""0.01092""","=""1.15""","=""                                                                       ""","="""""
"=""""","=""""","=""9/2""","=""""","=""5.269294""","=""""","=""""","=""0.00099""","=""1.657""","=""                                                                       ""","="""""
"=""""","=""""","=""9/2""","=""""","=""5.291618""","=""""","=""""","=""0.02232""","=""1.517""","=""                                                                       ""","="""""
"=""""","=""15*""","=""9/2 or 11/2""","=""""","=""5.296740""","=""?""","=""""","=""0.00512""","=""""","=""                                                                       ""","="""""
"=""4f7.(8S*).6s (9S*).10p""","=""10P""","=""11/2""","=""""","=""""","=""""","=""""","=""""","=""""","=""                                                                       ""","="""""
"=""4f7.(8S*).6s (9S*).10p""","=""10P""","=""7/2""","=""""","=""5.304912""","=""""","=""""","=""""","=""2.210""","=""                                                                       ""","="""""
"=""4f7.(8S*).6s (9S*).10p""","=""10P""","=""9/2""","=""""","=""5.306677""","=""""","=""""","=""0.00176""","=""2.00""","=""                                                                       ""","="""""
"=""""","=""""","=""7/2""","=""""","=""5.317148""","=""""","=""""","=""0.01047""","=""1.88""","=""                                                                       ""","="""""
"=""""","=""""","=""5/2 or 7/2 or 9/2""","=""""","=""5.321861""","=""""","=""""","=""0.00471""","=""1.88""","=""                                                                       ""","="""""
"=""4f7.(8S*).6s (9S*).10p""","=""8P""","=""9/2""","=""""","=""5.322506""","=""""","=""""","=""0.00064""","=""1.755""","=""                                                                       ""","="""""
"=""""","=""""","=""5/2 or 7/2 or 9/2""","=""""","=""5.324596""","=""""","=""""","=""0.00209""","=""1.895""","=""                                                                       ""","="""""
"=""""","=""""","=""5/2""","=""""","=""5.326196""","=""""","=""""","=""0.00160""","=""1.569""","=""                                                                       ""","="""""
"=""""","=""""","=""9/2""","=""""","=""5.328419""","=""""","=""""","=""0.00222""","=""1.518""","=""                                                                       ""","="""""
"=""""","=""""","=""5/2""","=""""","=""5.340588""","=""""","=""""","=""0.01217""","=""1.645""","=""                                                                       ""","="""""
"=""""","=""16*""","=""7/2 or 9/2""","=""""","=""5.343801""","=""""","=""""","=""0.00321""","=""""","=""                                                                       ""","="""""
"=""""","=""""","=""9/2""","=""""","=""5.351355""","=""""","=""""","=""0.00755""","=""1.328""","=""                                                                       ""","="""""
"=""4f7.(8S*).6s (7S*).9p""","=""6P""","=""3/2""","=""""","=""""","=""""","=""""","=""""","=""""","=""                                                                       ""","="""""
"=""4f7.(8S*).6s (7S*).9p""","=""6P""","=""7/2""","=""""","=""5.352157""","=""""","=""""","=""""","=""1.619""","=""                                                                       ""","="""""
"=""4f7.(8S*).6s (7S*).9p""","=""6P""","=""5/2""","=""""","=""5.359666""","=""""","=""""","=""0.00751""","=""1.84""","=""                                                                       ""","="""""
"=""""","=""17*""","=""9/2 or 11/2""","=""""","=""5.357613""","=""?""","=""""","=""-0.00205""","=""""","=""                                                                       ""","="""""
"=""""","=""""","=""7/2""","=""""","=""5.359419""","=""""","=""""","=""0.00181""","=""1.620""","=""                                                                       ""","="""""
"=""""","=""""","=""7/2""","=""""","=""5.366456""","=""""","=""""","=""0.00704""","=""1.608""","=""                                                                       ""","="""""
"=""4f7.(8S*).6s (7S*).9p""","=""8P""","=""7/2""","=""""","=""""","=""""","=""""","=""""","=""""","=""                                                                       ""","="""""
"=""4f7.(8S*).6s (7S*).9p""","=""8P""","=""5/2""","=""""","=""5.368703""","=""""","=""""","=""""","=""2.210""","=""                                                                       ""","="""""
"=""4f7.(8S*).6s (7S*).9p""","=""8P""","=""9/2""","=""""","=""5.372264""","=""""","=""""","=""0.00356""","=""1.787""","=""                                                                       ""","="""""
"=""""","=""""","=""9/2""","=""""","=""5.371965""","=""""","=""""","=""-0.00030""","=""1.591""","=""                                                                       ""","="""""
"=""""","=""""","=""5/2 or 7/2 or 9/2""","=""""","=""5.376083""","=""""","=""""","=""0.00412""","=""2.05""","=""                                                                       ""","="""""
"=""""","=""""","=""9/2""","=""""","=""5.377481""","=""""","=""""","=""0.00140""","=""1.15""","=""                                                                       ""","="""""
"=""""","=""""","=""9/2""","=""""","=""5.378487""","=""""","=""""","=""0.00101""","=""1.15""","=""                                                                       ""","="""""
"=""""","=""""","=""7/2""","=""""","=""5.379942""","=""""","=""""","=""0.00145""","=""1.633""","=""                                                                       ""","="""""
"=""""","=""""","=""5/2 or 7/2 or 9/2""","=""""","=""5.384482""","=""""","=""""","=""0.00454""","=""""","=""                                                                       ""","="""""
"=""""","=""""","=""5/2 or 7/2 or 9/2""","=""""","=""5.385649""","=""""","=""""","=""0.00117""","=""1.502""","=""                                                                       ""","="""""
"=""""","=""18*""","=""7/2 or 9/2 or 11/2""","=""""","=""5.389199""","=""""","=""""","=""0.00355""","=""""","=""                                                                       ""","="""""
"=""""","=""""","=""9/2""","=""""","=""5.390801""","=""""","=""""","=""0.00160""","=""1.253""","=""                                                                       ""","="""""
"=""""","=""19*""","=""7/2 or 9/2""","=""""","=""5.394312""","=""?""","=""""","=""0.00351""","=""""","=""                                                                       ""","="""""
"=""4f7.(8S*).6s (9S*<4>).11p""","=""""","=""7/2""","=""""","=""5.400692""","=""""","=""""","=""0.00638""","=""2.203""","=""                                                                       ""","="""""
"=""4f7.(8S*).6s (9S*<4>).11p""","=""""","=""9/2""","=""""","=""5.401714""","=""""","=""""","=""0.00102""","=""2.0""","=""                                                                       ""","="""""
"=""""","=""""","=""5/2""","=""""","=""5.406156""","=""""","=""""","=""0.00444""","=""0.715""","=""                                                                       ""","="""""
"=""4f7.(8S*).6s (9S*<4>).11p""","=""""","=""5/2 or 7/2 or 9/2""","=""""","=""5.410033""","=""""","=""""","=""0.00388""","=""""","=""                                                                       ""","="""""
"=""4f7.(8S*).6s (9S*<4>).11p""","=""""","=""5/2 or 7/2 or 9/2""","=""""","=""5.410312""","=""""","=""""","=""0.00028""","=""""","=""                                                                       ""","="""""
"=""""","=""""","=""5/2""","=""""","=""5.414819""","=""""","=""""","=""0.00451""","=""1.794""","=""                                                                       ""","="""""
"=""""","=""""","=""7/2""","=""""","=""5.418552""","=""""","=""""","=""0.00373""","=""1.359""","=""                                                                       ""","="""""
"=""""","=""""","=""5/2""","=""""","=""5.423007""","=""""","=""""","=""0.00446""","=""1.652""","=""                                                                       ""","="""""
"=""""","=""""","=""9/2""","=""""","=""5.424553""","=""""","=""""","=""0.00155""","=""1.321""","=""                                                                       ""","="""""
"=""""","=""""","=""7/2""","=""""","=""5.435574""","=""""","=""""","=""0.01102""","=""1.353""","=""                                                                       ""","="""""
"=""""","=""""","=""7/2""","=""""","=""5.441549""","=""""","=""""","=""0.00598""","=""1.632""","=""                                                                       ""","="""""
"=""""","=""""","=""9/2?""","=""""","=""5.448815""","=""""","=""""","=""0.00727""","=""""","=""                                                                       ""","="""""
"=""""","=""""","=""5/2 or 7/2 or 9/2""","=""""","=""5.449827""","=""""","=""""","=""0.00101""","=""""","=""                                                                       ""","="""""
"=""""","=""""","=""5/2 or 7/2 or 9/2""","=""""","=""5.459668""","=""""","=""""","=""0.00984""","=""1.63""","=""                                                                       ""","="""""
"=""""","=""""","=""5/2""","=""""","=""5.460255""","=""""","=""""","=""0.00059""","=""1.66""","=""                                                                       ""","="""""
"=""4f7.(8S*).6s (9S*<4>).12p""","=""""","=""7/2""","=""""","=""5.462894""","=""""","=""""","=""0.00264""","=""2.15""","=""                                                                       ""","="""""
"=""4f7.(8S*).6s (9S*<4>).12p""","=""""","=""9/2""","=""""","=""5.464011""","=""""","=""""","=""0.00112""","=""1.99""","=""                                                                       ""","="""""
"=""4f7.(8S*).6s (9S*<4>).12p""","=""""","=""7/2""","=""""","=""5.465272""","=""""","=""""","=""0.00126""","=""1.96""","=""                                                                       ""","="""""
"=""4f7.(8S*).6s (9S*<4>).12p""","=""""","=""5/2""","=""""","=""5.466724""","=""""","=""""","=""0.00145""","=""2.18""","=""                                                                       ""","="""""
"=""""","=""""","=""9/2""","=""""","=""5.467305""","=""""","=""""","=""0.00058""","=""1.610""","=""                                                                       ""","="""""
"=""""","=""""","=""7/2""","=""""","=""5.475050""","=""""","=""""","=""0.00775""","=""1.653""","=""                                                                       ""","="""""
"=""""","=""""","=""9/2""","=""""","=""5.476578""","=""""","=""""","=""0.00153""","=""1.616""","=""                                                                       ""","="""""
"=""""","=""""","=""5/2""","=""""","=""5.480085""","=""""","=""""","=""0.00351""","=""1.461""","=""                                                                       ""","="""""
"=""""","=""""","=""5/2 or 7/2 or 9/2""","=""""","=""5.483395""","=""""","=""""","=""0.00331""","=""""","=""                                                                       ""","="""""
"=""""","=""""","=""5/2 or 7/2 or 9/2""","=""""","=""5.484823""","=""""","=""""","=""0.00143""","=""""","=""                                                                       ""","="""""
"=""""","=""""","=""5/2 or 7/2 or 9/2""","=""""","=""5.484994""","=""""","=""""","=""0.00017""","=""""","=""                                                                       ""","="""""
"=""""","=""""","=""5/2 or 7/2 or 9/2""","=""""","=""5.485615""","=""""","=""""","=""0.00062""","=""""","=""                                                                       ""","="""""
"=""""","=""""","=""5/2 or 7/2 or 9/2""","=""""","=""5.496808""","=""""","=""""","=""0.01119""","=""""","=""                                                                       ""","="""""
"=""""","=""""","=""5/2 or 7/2 or 9/2""","=""""","=""5.497070""","=""""","=""""","=""0.00026""","=""""","=""                                                                       ""","="""""
"=""""","=""""","=""7/2""","=""""","=""5.502989""","=""""","=""""","=""0.00592""","=""1.118""","=""                                                                       ""","="""""
"=""4f7.(8S*).6s (9S*<4>).13p""","=""""","=""9/2""","=""""","=""5.506330""","=""""","=""""","=""0.00334""","=""2.0""","=""                                                                       ""","="""""
"=""""","=""""","=""5/2 or 7/2 or 9/2""","=""""","=""5.507976""","=""""","=""""","=""0.00165""","=""""","=""                                                                       ""","="""""
"=""4f7.(8S*).6s (9S*<4>).13p""","=""""","=""7/2""","=""""","=""5.508076""","=""""","=""""","=""0.00010""","=""2.0""","=""                                                                       ""","="""""
"=""4f7.(8S*).6s (9S*<4>).13p""","=""""","=""5/2""","=""""","=""5.508289""","=""""","=""""","=""0.00021""","=""2.19""","=""                                                                       ""","="""""
"=""4f7.(8S*).6s (7S*).10p""","=""6P""","=""3/2""","=""""","=""""","=""""","=""""","=""""","=""""","=""                                                                       ""","="""""
"=""4f7.(8S*).6s (7S*).10p""","=""6P""","=""7/2""","=""""","=""5.511204""","=""""","=""""","=""""","=""1.744""","=""                                                                       ""","="""""
"=""4f7.(8S*).6s (7S*).10p""","=""6P""","=""5/2?""","=""""","=""5.516046""","=""""","=""""","=""0.00484""","=""1.94""","=""                                                                       ""","="""""
"=""""","=""""","=""5/2 or 7/2 or 9/2""","=""""","=""5.517671""","=""""","=""""","=""0.00162""","=""1.882""","=""                                                                       ""","="""""
"=""4f7.(8S*).6s (7S*).10p""","=""8P""","=""9/2""","=""""","=""5.520897""","=""""","=""""","=""0.00323""","=""1.755""","=""                                                                       ""","="""""
"=""4f7.(8S*).6s (7S*).10p""","=""8P""","=""7/2""","=""""","=""5.526823""","=""""","=""""","=""0.00593""","=""2.0""","=""                                                                       ""","="""""
"=""4f7.(8S*).6s (7S*).10p""","=""8P""","=""5/2""","=""""","=""5.528537""","=""""","=""""","=""0.00171""","=""2.2""","=""                                                                       ""","="""""
"=""""","=""""","=""9/2""","=""""","=""5.524932""","=""""","=""""","=""-0.00361""","=""1.493""","=""                                                                       ""","="""""
"=""""","=""""","=""5/2""","=""""","=""5.529008""","=""""","=""""","=""0.00408""","=""1.67""","=""                                                                       ""","="""""
"=""""","=""""","=""5/2 or 7/2 or 9/2""","=""""","=""5.529633""","=""""","=""""","=""0.00062""","=""2.0""","=""                                                                       ""","="""""
"=""""","=""""","=""5/2 or 7/2 or 9/2""","=""""","=""5.530221""","=""""","=""""","=""0.00059""","=""1.71""","=""                                                                       ""","="""""
"=""""","=""""","=""5/2 or 7/2 or 9/2""","=""""","=""5.531445""","=""""","=""""","=""0.00122""","=""""","=""                                                                       ""","="""""
"=""""","=""""","=""7/2""","=""""","=""5.535162""","=""""","=""""","=""0.00372""","=""1.87""","=""                                                                       ""","="""""
"=""""","=""""","=""7/2""","=""""","=""5.536429""","=""""","=""""","=""0.00127""","=""1.662""","=""                                                                       ""","="""""
"=""4f7.(8S*).6s (9S*<4>).14p""","=""""","=""9/2""","=""""","=""5.537114""","=""""","=""""","=""0.00068""","=""2.0""","=""                                                                       ""","="""""
"=""4f7.(8S*).6s (9S*<4>).14p""","=""""","=""9/2""","=""""","=""5.538550""","=""""","=""""","=""0.00144""","=""1.786""","=""                                                                       ""","="""""
"=""""","=""""","=""9/2""","=""""","=""5.54191""","=""""","=""""","=""0.00336""","=""1.372""","=""                                                                       ""","="""""
"=""4f7.(8S*).6s (9S*<4>).14p""","=""""","=""5/2""","=""""","=""5.54191""","=""""","=""""","=""0.0000""","=""2.20""","=""                                                                       ""","="""""
"=""""","=""""","=""5/2""","=""""","=""5.544952""","=""""","=""""","=""0.00304""","=""1.92""","=""                                                                       ""","="""""
"=""""","=""""","=""7/2""","=""""","=""5.546453""","=""""","=""""","=""0.00150""","=""1.81""","=""                                                                       ""","="""""
"=""""","=""""","=""9/2""","=""""","=""5.548292""","=""""","=""""","=""0.00184""","=""1.50""","=""                                                                       ""","="""""
"=""""","=""""","=""7/2""","=""""","=""5.552476""","=""""","=""""","=""0.00418""","=""1.71""","=""                                                                       ""","="""""
"=""""","=""""","=""5/2 or 7/2 or 9/2""","=""""","=""5.553721""","=""""","=""""","=""0.00124""","=""""","=""                                                                       ""","="""""
"=""""","=""""","=""5/2 or 7/2 or 9/2""","=""""","=""5.554688""","=""""","=""""","=""0.00097""","=""""","=""                                                                       ""","="""""
"=""""","=""""","=""5/2""","=""""","=""5.557608""","=""""","=""""","=""0.00292""","=""2.0""","=""                                                                       ""","="""""
"=""4f7.(8S*).6s (9S*<4>).15p""","=""""","=""5/2 or 7/2 or 9/2""","=""""","=""5.559899""","=""""","=""""","=""0.00229""","=""""","=""                                                                       ""","="""""
"=""4f7.(8S*).6s (9S*<4>).15p?""","=""""","=""5/2 or 7/2 or 9/2""","=""""","=""5.560921""","=""""","=""""","=""0.00102""","=""""","=""                                                                       ""","="""""
"=""""","=""""","=""7/2""","=""""","=""5.563924""","=""""","=""""","=""0.00300""","=""1.74""","=""                                                                       ""","="""""
"=""4f7.(8S*).6s (9S*<4>).15p""","=""""","=""5/2""","=""""","=""5.565344""","=""""","=""""","=""0.00142""","=""2.28""","=""                                                                       ""","="""""
"=""4f7.(8S*).6s (9S*<4>).15p""","=""""","=""7/2""","=""""","=""5.565522""","=""""","=""""","=""0.00018""","=""2.0""","=""                                                                       ""","="""""
"=""""","=""""","=""7/2""","=""""","=""5.569719""","=""""","=""""","=""0.00420""","=""""","=""                                                                       ""","="""""
"=""""","=""""","=""5/2 or 7/2 or 9/2""","=""""","=""5.570963""","=""""","=""""","=""0.00124""","=""""","=""                                                                       ""","="""""
"=""""","=""""","=""9/2""","=""""","=""5.571174""","=""""","=""""","=""0.00021""","=""1.58""","=""                                                                       ""","="""""
"=""""","=""""","=""5/2 or 7/2 or 9/2""","=""""","=""5.574925""","=""""","=""""","=""0.00375""","=""""","=""                                                                       ""","="""""
"=""""","=""""","=""5/2 or 7/2 or 9/2""","=""""","=""5.576101""","=""""","=""""","=""0.00118""","=""2.0""","=""                                                                       ""","="""""
"=""4f7.(8S*).6s (9S*<4>).16p?""","=""""","=""5/2 or 7/2 or 9/2""","=""""","=""5.576448""","=""""","=""""","=""0.00035""","=""""","=""                                                                       ""","="""""
"=""4f7.(8S*).6s (9S*<4>).16p""","=""""","=""5/2 or 7/2 or 9/2""","=""""","=""5.578833""","=""""","=""""","=""0.00239""","=""2.0""","=""                                                                       ""","="""""
"=""""","=""""","=""9/2""","=""""","=""5.580135""","=""""","=""""","=""0.00130""","=""1.612""","=""                                                                       ""","="""""
"=""4f7.(8S*).6s (9S*<4>).16p""","=""""","=""5/2 or 7/2 or 9/2""","=""""","=""5.580850""","=""""","=""""","=""0.00071""","=""2.0""","=""                                                                       ""","="""""
"=""""","=""""","=""9/2""","=""""","=""5.582407""","=""""","=""""","=""0.00156""","=""1.752""","=""                                                                       ""","="""""
"=""4f7.(8S*).6s (9S*<4>).17p?""","=""""","=""7/2""","=""""","=""5.590186""","=""""","=""""","=""0.00778""","=""""","=""                                                                       ""","="""""
"=""4f7.(8S*).6s (9S*<4>).14f?""","=""""","=""5/2 or 7/2 or 9/2""","=""""","=""5.591589""","=""""","=""""","=""0.00140""","=""""","=""                                                                       ""","="""""
"=""4f7.(8S*).6s (9S*<4>).17p""","=""""","=""5/2 or 7/2 or 9/2""","=""""","=""5.592534""","=""""","=""""","=""0.00094""","=""2.0""","=""                                                                       ""","="""""
"=""4f7.(8S*).6s (9S*<4>).17p""","=""""","=""5/2 or 7/2 or 9/2""","=""""","=""5.593064""","=""""","=""""","=""0.00053""","=""2.0""","=""                                                                       ""","="""""
"=""""","=""""","=""9/2""","=""""","=""5.593723""","=""""","=""""","=""0.00066""","=""1.58""","=""                                                                       ""","="""""
"=""""","=""""","=""5/2?""","=""""","=""5.594289""","=""""","=""""","=""0.00057""","=""1.70""","=""                                                                       ""","="""""
"=""""","=""""","=""5/2 or 7/2 or 9/2""","=""""","=""5.598482""","=""""","=""""","=""0.00419""","=""""","=""                                                                       ""","="""""
"=""""","=""""","=""5/2 or 7/2 or 9/2""","=""""","=""5.598670""","=""""","=""""","=""0.00019""","=""""","=""                                                                       ""","="""""
"=""4f7.(8S*).6s (9S*<4>).18p?""","=""""","=""7/2?""","=""""","=""5.600155""","=""""","=""""","=""0.00148""","=""""","=""                                                                       ""","="""""
"=""4f7.(8S*).6s (9S*<4>).18p?""","=""""","=""9/2?""","=""""","=""5.601628""","=""""","=""""","=""0.00147""","=""""","=""                                                                       ""","="""""
"=""4f7.(8S*).6s (9S*<4>).15f?""","=""""","=""5/2 or 7/2 or 9/2""","=""""","=""5.602304""","=""""","=""""","=""0.00068""","=""""","=""                                                                       ""","="""""
"=""4f7.(8S*).6s (9S*<4>).18p?""","=""""","=""5/2?""","=""""","=""5.602552""","=""""","=""""","=""0.00025""","=""""","=""                                                                       ""","="""""
"=""4f7.(8S*).6s (9S*<4>).18p?""","=""""","=""7/2?""","=""""","=""5.602774""","=""""","=""""","=""0.00022""","=""""","=""                                                                       ""","="""""
"=""4f7.(8S*).6s (9S*<4>).18p?""","=""""","=""9/2?""","=""""","=""5.602998""","=""""","=""""","=""0.00022""","=""""","=""                                                                       ""","="""""
"=""""","=""""","=""5/2 or 7/2 or 9/2""","=""""","=""5.611371""","=""""","=""""","=""0.00837""","=""""","=""                                                                       ""","="""""
"=""""","=""""","=""5/2 or 7/2 or 9/2""","=""""","=""5.611525""","=""""","=""""","=""0.00015""","=""""","=""                                                                       ""","="""""
"=""""","=""""","=""5/2 or 7/2 or 9/2""","=""""","=""5.611827""","=""""","=""""","=""0.00030""","=""""","=""                                                                       ""","="""""
"=""""","=""""","=""5/2 or 7/2 or 9/2""","=""""","=""5.616311""","=""""","=""""","=""0.00448""","=""""","=""                                                                       ""","="""""
"=""""","=""""","=""5/2 or 7/2 or 9/2""","=""""","=""5.617095""","=""""","=""""","=""0.00078""","=""""","=""                                                                       ""","="""""
"=""""","=""""","=""5/2 or 7/2 or 9/2""","=""""","=""5.619113""","=""""","=""""","=""0.00202""","=""""","=""                                                                       ""","="""""
"=""""","=""""","=""5/2 or 7/2 or 9/2""","=""""","=""5.621160""","=""""","=""""","=""0.00205""","=""""","=""                                                                       ""","="""""
"=""""","=""""","=""5/2 or 7/2 or 9/2""","=""""","=""5.621421""","=""""","=""""","=""0.00026""","=""""","=""                                                                       ""","="""""
"=""""","=""""","=""5/2 or 7/2 or 9/2""","=""""","=""5.624463""","=""""","=""""","=""0.00304""","=""""","=""                                                                       ""","="""""
"=""""","=""""","=""5/2 or 7/2 or 9/2""","=""""","=""5.624857""","=""""","=""""","=""0.00039""","=""""","=""                                                                       ""","="""""
"=""""","=""""","=""5/2 or 7/2 or 9/2""","=""""","=""5.629278""","=""""","=""""","=""0.00442""","=""""","=""                                                                       ""","="""""
"=""""","=""""","=""5/2 or 7/2 or 9/2""","=""""","=""5.629868""","=""""","=""""","=""0.00059""","=""""","=""                                                                       ""","="""""
"=""""","=""""","=""5/2 or 7/2 or 9/2""","=""""","=""5.631459""","=""""","=""""","=""0.00159""","=""""","=""                                                                       ""","="""""
"=""""","=""""","=""5/2 or 7/2 or 9/2""","=""""","=""5.631796""","=""""","=""""","=""0.00034""","=""""","=""                                                                       ""","="""""
"=""""","=""""","=""5/2 or 7/2 or 9/2""","=""""","=""5.632275""","=""""","=""""","=""0.00048""","=""""","=""                                                                       ""","="""""
"=""""","=""""","=""5/2 or 7/2 or 9/2""","=""""","=""5.634767""","=""""","=""""","=""0.00249""","=""""","=""                                                                       ""","="""""
"=""""","=""""","=""5/2 or 7/2 or 9/2""","=""""","=""5.637545""","=""""","=""""","=""0.00278""","=""""","=""                                                                       ""","="""""
"=""""","=""""","=""5/2 or 7/2 or 9/2""","=""""","=""5.637772""","=""""","=""""","=""0.00023""","=""""","=""                                                                       ""","="""""
"=""""","=""""","=""5/2 or 7/2 or 9/2""","=""""","=""5.639046""","=""""","=""""","=""0.00127""","=""""","=""                                                                       ""","="""""
"=""""","=""""","=""5/2 or 7/2 or 9/2""","=""""","=""5.640128""","=""""","=""""","=""0.00108""","=""""","=""                                                                       ""","="""""
"=""""","=""""","=""5/2 or 7/2 or 9/2""","=""""","=""5.640387""","=""""","=""""","=""0.00026""","=""""","=""                                                                       ""","="""""
"=""""","=""""","=""5/2 or 7/2 or 9/2""","=""""","=""5.642511""","=""""","=""""","=""0.00212""","=""""","=""                                                                       ""","="""""
"=""""","=""""","=""5/2 or 7/2 or 9/2""","=""""","=""5.652917""","=""""","=""""","=""0.01041""","=""""","=""                                                                       ""","="""""
"=""""","=""""","=""5/2 or 7/2 or 9/2""","=""""","=""5.653917""","=""""","=""""","=""0.00100""","=""""","=""                                                                       ""","="""""
"=""""","=""""","=""5/2 or 7/2 or 9/2""","=""""","=""5.654635""","=""""","=""""","=""0.00072""","=""""","=""                                                                       ""","="""""
"=""""","=""""","=""5/2 or 7/2 or 9/2""","=""""","=""5.654789""","=""""","=""""","=""0.00015""","=""""","=""                                                                       ""","="""""
"=""4f7.(8S*).6s (9S*<4>).42p""","=""""","=""5/2 or 7/2 or 9/2""","=""""","=""5.660962""","=""""","=""""","=""0.00617""","=""""","=""                                                                       ""","="""""
"=""4f7.(8S*).6s (9S*<4>).43p""","=""""","=""5/2 or 7/2 or 9/2""","=""""","=""5.661437""","=""""","=""""","=""0.00048""","=""""","=""                                                                       ""","="""""
"=""4f7.(8S*).6s (9S*<4>).44p""","=""""","=""5/2 or 7/2 or 9/2""","=""""","=""5.661879""","=""""","=""""","=""0.00044""","=""""","=""                                                                       ""","="""""
"=""4f7.(8S*).6s (9S*<4>).45p""","=""""","=""5/2 or 7/2 or 9/2""","=""""","=""5.662288""","=""""","=""""","=""0.00041""","=""""","=""                                                                       ""","="""""
"=""4f7.(8S*).6s (9S*<4>).46p""","=""""","=""5/2 or 7/2 or 9/2""","=""""","=""5.662672""","=""""","=""""","=""0.00038""","=""""","=""                                                                       ""","="""""
"=""4f7.(8S*).6s (9S*<4>).47p""","=""""","=""5/2 or 7/2 or 9/2""","=""""","=""5.663024""","=""""","=""""","=""0.00035""","=""""","=""                                                                       ""","="""""
"=""4f7.(8S*).6s (9S*<4>).48p""","=""""","=""5/2 or 7/2 or 9/2""","=""""","=""5.663350""","=""""","=""""","=""0.00033""","=""""","=""                                                                       ""","="""""
"=""4f7.(8S*).6s (9S*<4>).49p""","=""""","=""5/2 or 7/2 or 9/2""","=""""","=""5.663664""","=""""","=""""","=""0.00031""","=""""","=""                                                                       ""","="""""
"=""4f7.(8S*).6s (9S*<4>).50p""","=""""","=""5/2 or 7/2 or 9/2""","=""""","=""5.663953""","=""""","=""""","=""0.00029""","=""""","=""                                                                       ""","="""""
"=""4f7.(8S*).6s (9S*<4>).51p""","=""""","=""5/2 or 7/2 or 9/2""","=""""","=""5.664222""","=""""","=""""","=""0.00027""","=""""","=""                                                                       ""","="""""
"=""4f7.(8S*).6s (9S*<4>).52p""","=""""","=""5/2 or 7/2 or 9/2""","=""""","=""5.664481""","=""""","=""""","=""0.00026""","=""""","=""                                                                       ""","="""""
"=""4f7.(8S*).6s (9S*<4>).53p""","=""""","=""5/2 or 7/2 or 9/2""","=""""","=""5.664720""","=""""","=""""","=""0.00024""","=""""","=""                                                                       ""","="""""
"=""4f7.(8S*).6s (9S*<4>).54p""","=""""","=""5/2 or 7/2 or 9/2""","=""""","=""5.664940""","=""""","=""""","=""0.00022""","=""""","=""                                                                       ""","="""""
"=""4f7.(8S*).6s (9S*<4>).55p""","=""""","=""5/2 or 7/2 or 9/2""","=""""","=""5.665148""","=""""","=""""","=""0.00021""","=""""","=""                                                                       ""","="""""
"=""4f7.(8S*).6s (9S*<4>).56p""","=""""","=""5/2 or 7/2 or 9/2""","=""""","=""5.665340""","=""""","=""""","=""0.00019""","=""""","=""                                                                       ""","="""""
"=""4f7.(8S*).6s (9S*<4>).57p""","=""""","=""5/2 or 7/2 or 9/2""","=""""","=""5.665520""","=""""","=""""","=""0.00018""","=""""","=""                                                                       ""","="""""
"=""4f7.(8S*).6s (9S*<4>).58p""","=""""","=""5/2 or 7/2 or 9/2""","=""""","=""5.665690""","=""""","=""""","=""0.00017""","=""""","=""                                                                       ""","="""""
"=""4f7.(8S*).6s (9S*<4>).59p""","=""""","=""5/2 or 7/2 or 9/2""","=""""","=""5.665850""","=""""","=""""","=""0.00016""","=""""","=""                                                                       ""","="""""
"=""4f7.(8S*).6s (9S*<4>).60p""","=""""","=""5/2 or 7/2 or 9/2""","=""""","=""5.666003""","=""""","=""""","=""0.00015""","=""""","=""                                                                       ""","="""""
"=""4f7.(8S*).6s (9S*<4>).61p""","=""""","=""5/2 or 7/2 or 9/2""","=""""","=""5.666149""","=""""","=""""","=""0.00015""","=""""","=""                                                                       ""","="""""
"=""4f7.(8S*).6s (9S*<4>).62p""","=""""","=""5/2 or 7/2 or 9/2""","=""""","=""5.666289""","=""""","=""""","=""0.00014""","=""""","=""                                                                       ""","="""""
"=""Eu II (4f7.5p6.6s 9S*<4>)""","=""Limit""","=""---""","=""""","=""5.670385""","=""""","=""0.000005""","=""""","=""""","=""                                                                       ""","=""L13382"""
"=""4f7.(8S*).5d (9D*).7p?""","=""8P?""","=""5/2 or 7/2 or 9/2""","=""""","=""5.67282""","=""a""","=""""","=""0.00244""","=""""","=""                                                                       ""","="""""
"=""4f7.(8S*).5d (9D*).7p?""","=""8P?""","=""5/2 or 7/2 or 9/2""","=""""","=""5.7213""","=""a""","=""""","=""0.0485""","=""""","=""                                                                       ""","="""""
"=""""","=""""","=""5/2 or 7/2 or 9/2""","=""""","=""5.7002""","=""a""","=""""","=""-0.021""","=""""","=""                                                                       ""","="""""
"=""""","=""""","=""5/2 or 7/2 or 9/2""","=""""","=""5.7462""","=""a""","=""""","=""0.046""","=""""","=""                                                                       ""","="""""
"=""""","=""""","=""5/2 or 7/2 or 9/2""","=""""","=""5.7521""","=""a""","=""""","=""0.006""","=""""","=""                                                                       ""","="""""
"=""""","=""""","=""5/2 or 7/2 or 9/2""","=""""","=""5.7701""","=""a""","=""""","=""0.018""","=""""","=""                                                                       ""","="""""
"=""""","=""""","=""5/2 or 7/2 or 9/2""","=""""","=""5.7881""","=""a""","=""""","=""0.018""","=""""","=""                                                                       ""","="""""
"=""""","=""""","=""5/2 or 7/2 or 9/2""","=""""","=""5.8001""","=""a""","=""""","=""0.012""","=""""","=""                                                                       ""","="""""
"=""""","=""""","=""5/2 or 7/2 or 9/2""","=""""","=""5.8251""","=""a""","=""""","=""0.025""","=""""","=""                                                                       ""","="""""
"=""""","=""""","=""5/2 or 7/2 or 9/2""","=""""","=""5.8382""","=""a""","=""""","=""0.013""","=""""","=""                                                                       ""","="""""
"=""""","=""""","=""5/2 or 7/2 or 9/2""","=""""","=""5.8631""","=""a""","=""""","=""0.025""","=""""","=""                                                                       ""","="""""
"=""4f7.(8S*).6s (7S*<3>).44p""","=""""","=""5/2 or 7/2 or 9/2""","=""""","=""5.869059""","=""""","=""""","=""0.0060""","=""""","=""                                                                       ""","="""""
"=""4f7.(8S*).6s (7S*<3>).45p""","=""""","=""5/2 or 7/2 or 9/2""","=""""","=""5.869448""","=""""","=""""","=""0.00039""","=""""","=""                                                                       ""","="""""
"=""4f7.(8S*).6s (7S*<3>).46p""","=""""","=""5/2 or 7/2 or 9/2""","=""""","=""5.869810""","=""""","=""""","=""0.00036""","=""""","=""                                                                       ""","="""""
"=""4f7.(8S*).6s (7S*<3>).47p""","=""""","=""5/2 or 7/2 or 9/2""","=""""","=""5.870153""","=""""","=""""","=""0.00034""","=""""","=""                                                                       ""","="""""
"=""4f7.(8S*).6s (7S*<3>).48p""","=""""","=""5/2 or 7/2 or 9/2""","=""""","=""5.870482""","=""""","=""""","=""0.00033""","=""""","=""                                                                       ""","="""""
"=""4f7.(8S*).6s (7S*<3>).49p""","=""""","=""5/2 or 7/2 or 9/2""","=""""","=""5.870781""","=""""","=""""","=""0.00030""","=""""","=""                                                                       ""","="""""
"=""4f7.(8S*).6s (7S*<3>).50p""","=""""","=""5/2 or 7/2 or 9/2""","=""""","=""5.871060""","=""""","=""""","=""0.00028""","=""""","=""                                                                       ""","="""""
"=""4f7.(8S*).6s (7S*<3>).51p""","=""""","=""5/2 or 7/2 or 9/2""","=""""","=""5.871323""","=""""","=""""","=""0.00026""","=""""","=""                                                                       ""","="""""
"=""4f7.(8S*).6s (7S*<3>).52p""","=""""","=""5/2 or 7/2 or 9/2""","=""""","=""5.871573""","=""""","=""""","=""0.00025""","=""""","=""                                                                       ""","="""""
"=""4f7.(8S*).6s (7S*<3>).53p""","=""""","=""5/2 or 7/2 or 9/2""","=""""","=""5.871804""","=""""","=""""","=""0.00023""","=""""","=""                                                                       ""","="""""
"=""4f7.(8S*).6s (7S*<3>).54p""","=""""","=""5/2 or 7/2 or 9/2""","=""""","=""5.872018""","=""""","=""""","=""0.00021""","=""""","=""                                                                       ""","="""""
"=""4f7.(8S*).6s (7S*<3>).55p""","=""""","=""5/2 or 7/2 or 9/2""","=""""","=""5.872225""","=""""","=""""","=""0.00021""","=""""","=""                                                                       ""","="""""
"=""4f7.(8S*).6s (7S*<3>).56p""","=""""","=""5/2 or 7/2 or 9/2""","=""""","=""5.872421""","=""""","=""""","=""0.00020""","=""""","=""                                                                       ""","="""""
"=""4f7.(8S*).6s (7S*<3>).57p""","=""""","=""5/2 or 7/2 or 9/2""","=""""","=""5.872606""","=""""","=""""","=""0.00019""","=""""","=""                                                                       ""","="""""
"=""4f7.(8S*).6s (7S*<3>).58p""","=""""","=""5/2 or 7/2 or 9/2""","=""""","=""5.872778""","=""""","=""""","=""0.00017""","=""""","=""                                                                       ""","="""""
"=""4f7.(8S*).6s (7S*<3>).59p""","=""""","=""5/2 or 7/2 or 9/2""","=""""","=""5.872944""","=""""","=""""","=""0.00017""","=""""","=""                                                                       ""","="""""
"=""4f7.(8S*).6s (7S*<3>).60p""","=""""","=""5/2 or 7/2 or 9/2""","=""""","=""5.873100""","=""""","=""""","=""0.00016""","=""""","=""                                                                       ""","="""""
"=""4f7.(8S*).6s (7S*<3>).61p""","=""""","=""5/2 or 7/2 or 9/2""","=""""","=""5.873243""","=""""","=""""","=""0.00014""","=""""","=""                                                                       ""","="""""
"=""4f7.(8S*).6s (7S*<3>).62p""","=""""","=""5/2 or 7/2 or 9/2""","=""""","=""5.873382""","=""""","=""""","=""0.00014""","=""""","=""                                                                       ""","="""""
"=""4f7.(8S*).6s (7S*<3>).63p""","=""""","=""5/2 or 7/2 or 9/2""","=""""","=""5.873516""","=""""","=""""","=""0.00013""","=""""","=""                                                                       ""","="""""
"=""4f7.(8S*).6s (7S*<3>).64p""","=""""","=""5/2 or 7/2 or 9/2""","=""""","=""5.873640""","=""""","=""""","=""0.00012""","=""""","=""                                                                       ""","="""""
"=""4f7.(8S*).6s (7S*<3>).65p""","=""""","=""5/2 or 7/2 or 9/2""","=""""","=""5.873756""","=""""","=""""","=""0.00012""","=""""","=""                                                                       ""","="""""
"=""4f7.(8S*).6s (7S*<3>).66p""","=""""","=""5/2 or 7/2 or 9/2""","=""""","=""5.873870""","=""""","=""""","=""0.00011""","=""""","=""                                                                       ""","="""""
"=""4f7.(8S*).6s (7S*<3>).67p""","=""""","=""5/2 or 7/2 or 9/2""","=""""","=""5.873983""","=""""","=""""","=""0.00011""","=""""","=""                                                                       ""","="""""
"=""Eu II (4f7.5p6.6s 7S*<3>)""","=""Limit""","=""---""","=""""","=""5.87736""","=""""","=""""","=""""","=""""","=""                                                                       ""","="""""
"=""""","=""""","=""5/2 or 7/2 or 9/2""","=""""","=""5.8871""","=""a""","=""""","=""0.0097""","=""""","=""                                                                       ""","="""""
"=""""","=""""","=""5/2 or 7/2 or 9/2""","=""""","=""5.9811""","=""a""","=""""","=""0.094""","=""""","=""                                                                       ""","="""""
"=""""","=""""","=""5/2 or 7/2 or 9/2""","=""""","=""6.0120""","=""a""","=""""","=""0.031""","=""""","=""                                                                       ""","="""""
"=""""","=""""","=""5/2 or 7/2 or 9/2""","=""""","=""6.1819""","=""a""","=""""","=""0.170""","=""""","=""                                                                       ""","="""""
"=""""","=""""","=""5/2 or 7/2 or 9/2""","=""""","=""6.2042""","=""a""","=""""","=""0.022""","=""""","=""                                                                       ""","="""""
"=""""","=""""","=""5/2 or 7/2 or 9/2""","=""""","=""6.2531""","=""a""","=""""","=""0.049""","=""""","=""                                                                       ""","="""""
"=""""","=""""","=""5/2 or 7/2 or 9/2""","=""""","=""6.3151""","=""a""","=""""","=""0.062""","=""""","=""                                                                       ""","="""""
"=""""","=""""","=""5/2 or 7/2 or 9/2""","=""""","=""6.3402""","=""a""","=""""","=""0.025""","=""""","=""                                                                       ""","="""""
"=""""","=""""","=""5/2 or 7/2 or 9/2""","=""""","=""6.3572""","=""a""","=""""","=""0.017""","=""""","=""                                                                       ""","="""""
"=""""","=""""","=""5/2 or 7/2 or 9/2""","=""""","=""6.3921""","=""a""","=""""","=""0.035""","=""""","=""                                                                       ""","="""""
"=""""","=""""","=""5/2 or 7/2 or 9/2""","=""""","=""6.4231""","=""a""","=""""","=""0.031""","=""""","=""                                                                       ""","="""""
"=""""","=""""","=""5/2 or 7/2 or 9/2""","=""""","=""6.4701""","=""a""","=""""","=""0.047""","=""""","=""                                                                       ""","="""""
"=""""","=""""","=""5/2 or 7/2 or 9/2""","=""""","=""6.5181""","=""a""","=""""","=""0.048""","=""""","=""                                                                       ""","="""""
"=""""","=""""","=""5/2 or 7/2 or 9/2""","=""""","=""6.5712""","=""a""","=""""","=""0.053""","=""""","=""                                                                       ""","="""""
"=""""","=""""","=""5/2 or 7/2 or 9/2""","=""""","=""6.6152""","=""a""","=""""","=""0.044""","=""""","=""                                                                       ""","="""""
"=""""","=""""","=""5/2 or 7/2 or 9/2""","=""""","=""6.6811""","=""a""","=""""","=""0.066""","=""""","=""                                                                       ""","="""""
"=""""","=""""","=""5/2 or 7/2 or 9/2""","=""""","=""6.7042""","=""a""","=""""","=""0.023""","=""""","=""                                                                       ""","="""""
