Configuration,Term,J,Prefix,Level (eV),Suffix,Uncertainty (eV),Splitting,Lande,Leading percentages,Reference
"=""3d6.(5D).4s""","=""a 6D""","=""9/2""","=""""","=""0.00000000""","=""""","=""0.00000000""","=""""","=""1.58""","="" 100                                                                         ""","=""L18349,L18361c138"""
"=""3d6.(5D).4s""","=""a 6D""","=""7/2""","=""""","=""0.04770753""","=""""","=""0.00000004""","=""0.04770753""","=""1.58""","="" 100                                                                         ""","=""L18349,L18361c138"""
"=""3d6.(5D).4s""","=""a 6D""","=""5/2""","=""""","=""0.08278213""","=""""","=""0.00000004""","=""0.03507460""","=""1.655""","="" 100                                                                         ""","=""L18349,L18361c138"""
"=""3d6.(5D).4s""","=""a 6D""","=""3/2""","=""""","=""0.10695023""","=""""","=""0.00000005""","=""0.02416810""","=""1.862""","="" 100                                                                         ""","=""L18349,L18361c138"""
"=""3d6.(5D).4s""","=""a 6D""","=""1/2""","=""""","=""0.12113874""","=""""","=""0.00000005""","=""0.01418851""","=""3.31""","="" 100                                                                         ""","=""L18349,L18361c138"""
"=""3d7""","=""a 4F""","=""9/2""","=""""","=""0.23217279""","=""""","=""0.00000007""","=""0.11103405""","=""1.33""","="" 100                                                                         ""","=""L18349,L18361c138"""
"=""3d7""","=""a 4F""","=""7/2""","=""""","=""0.30129858""","=""""","=""0.00000007""","=""0.06912579""","=""1.223""","="" 100                                                                         ""","=""L18349,L18361c138"""
"=""3d7""","=""a 4F""","=""5/2""","=""""","=""0.35186476""","=""""","=""0.00000009""","=""0.0505662""","=""1.02""","="" 100                                                                         ""","=""L18349,L18361c138"""
"=""3d7""","=""a 4F""","=""3/2""","=""""","=""0.38651921""","=""""","=""0.00000010""","=""0.0346545""","=""0.385""","="" 100                                                                         ""","=""L18349,L18361c138"""
"=""3d6.(5D).4s""","=""a 4D""","=""7/2""","=""""","=""0.98633380""","=""""","=""0.00000009""","=""0.5998146""","=""1.419""","=""  99                                                                         ""","=""L18349,L18361c138"""
"=""3d6.(5D).4s""","=""a 4D""","=""5/2""","=""""","=""1.04046986""","=""""","=""0.00000009""","=""0.0541361""","=""1.365""","=""  99                                                                         ""","=""L18349,L18361c138"""
"=""3d6.(5D).4s""","=""a 4D""","=""3/2""","=""""","=""1.07624119""","=""""","=""0.00000009""","=""0.0357713""","=""1.200""","=""  99                                                                         ""","=""L18349,L18361c138"""
"=""3d6.(5D).4s""","=""a 4D""","=""1/2""","=""""","=""1.09686139""","=""""","=""0.00000010""","=""0.0206202""","=""-0.05""","=""  99                                                                         ""","=""L18349,L18361c138"""
"=""3d7""","=""a 4P""","=""5/2""","=""""","=""1.67061856""","=""""","=""0.00000011""","=""0.5737572""","=""1.609""","=""  98                                                                         ""","=""L18349,L18361c138"""
"=""3d7""","=""a 4P""","=""3/2""","=""""","=""1.69526130""","=""""","=""0.00000012""","=""0.0246427""","=""1.737""","=""  96                                  :     2  3d7                     2P    ""","=""L18349,L18361c138"""
"=""3d7""","=""a 4P""","=""1/2""","=""""","=""1.72398297""","=""""","=""0.00000015""","=""0.0287217""","=""2.67""","=""  98                                                                         ""","=""L18349,L18361c138"""
"=""3d7""","=""a 2G""","=""9/2""","=""""","=""1.96448604""","=""""","=""0.00000015""","=""0.2405031""","=""""","=""  98                                                                         ""","=""L18349,L18361c138"""
"=""3d7""","=""a 2G""","=""7/2""","=""""","=""2.02954815""","=""""","=""0.00000016""","=""0.0650621""","=""""","="" 100                                                                         ""","=""L18349,L18361c138"""
"=""3d7""","=""a 2P""","=""3/2""","=""""","=""2.27642922""","=""""","=""0.00000020""","=""0.2468811""","=""1.28""","=""  90                                  :     6  3d7                     2D2   ""","=""L18349,L18361c138"""
"=""3d7""","=""a 2P""","=""1/2""","=""""","=""2.34166141""","=""""","=""0.00000025""","=""0.0652322""","=""""","=""  98                                                                         ""","=""L18349,L18361c138"""
"=""3d7""","=""a 2H""","=""11/2""","=""""","=""2.52186911""","=""""","=""0.00000016""","=""0.1802077""","=""""","=""  99                                                                         ""","=""L18349,L18361c138"""
"=""3d7""","=""a 2H""","=""9/2""","=""""","=""2.57958587""","=""""","=""0.00000017""","=""0.0577168""","=""0.92""","=""  98                                                                         ""","=""L18349,L18361c138"""
"=""3d7""","=""a 2D2""","=""5/2""","=""""","=""2.54377802""","=""""","=""0.00000020""","=""-0.0358078""","=""1.22""","=""  74                                  :    23  3d7                     2D1   ""","=""L18349,L18361c138"""
"=""3d7""","=""a 2D2""","=""3/2""","=""""","=""2.64185518""","=""""","=""0.00000025""","=""0.0980772""","=""""","=""  72                                  :    20  3d7                     2D1   ""","=""L18349,L18361c138"""
"=""3d6.(3P2).4s""","=""b 4P""","=""5/2""","=""""","=""2.58265947""","=""""","=""0.00000014""","=""-0.0591957""","=""1.583""","=""  60                                  :    37  3d6.(3P1).4s            4P    ""","=""L18349,L18361c138"""
"=""3d6.(3P2).4s""","=""b 4P""","=""3/2""","=""""","=""2.70434897""","=""""","=""0.00000015""","=""0.1216895""","=""1.720""","=""  60                                  :    37  3d6.(3P1).4s            4P    ""","=""L18349,L18361c138"""
"=""3d6.(3P2).4s""","=""b 4P""","=""1/2""","=""""","=""2.77846330""","=""""","=""0.00000016""","=""0.0741143""","=""2.68""","=""  61                                  :    37  3d6.(3P1).4s            4P    ""","=""L18349,L18361c138"""
"=""3d6.(3H).4s""","=""a 4H""","=""13/2""","=""""","=""2.63486052""","=""""","=""0.00000014""","=""-0.1436028""","=""1.20""","="" 100                                                                         ""","=""L18349,L18361c138"""
"=""3d6.(3H).4s""","=""a 4H""","=""11/2""","=""""","=""2.65702556""","=""""","=""0.00000012""","=""0.0221650""","=""1.119""","=""  99                                                                         ""","=""L18349,L18361c138"""
"=""3d6.(3H).4s""","=""a 4H""","=""9/2""","=""""","=""2.67577925""","=""""","=""0.00000014""","=""0.0187537""","=""0.951""","=""  98                                                                         ""","=""L18349,L18361c138"""
"=""3d6.(3H).4s""","=""a 4H""","=""7/2""","=""""","=""2.69193206""","=""""","=""0.00000014""","=""0.0161528""","=""0.661""","=""  98                                                                         ""","=""L18349,L18361c138"""
"=""3d6.(3F2).4s""","=""b 4F""","=""9/2""","=""""","=""2.80665448""","=""""","=""0.00000014""","=""0.1147224""","=""1.307""","=""  76                                  :    21  3d6.(3F1).4s            4F    ""","=""L18349,L18361c138"""
"=""3d6.(3F2).4s""","=""b 4F""","=""7/2""","=""""","=""2.82812245""","=""""","=""0.00000014""","=""0.0214680""","=""1.210""","=""  77                                  :    20  3d6.(3F1).4s            4F    ""","=""L18349,L18361c138"""
"=""3d6.(3F2).4s""","=""b 4F""","=""5/2""","=""""","=""2.84411707""","=""""","=""0.00000014""","=""0.0159946""","=""1.019""","=""  78                                  :    20  3d6.(3F1).4s            4F    ""","=""L18349,L18361c138"""
"=""3d6.(3F2).4s""","=""b 4F""","=""3/2""","=""""","=""2.85551515""","=""""","=""0.00000014""","=""0.0113981""","=""0.398""","=""  80                                  :    20  3d6.(3F1).4s            4F    ""","=""L18349,L18361c138"""
"=""3d5.4s2""","=""a 6S""","=""5/2""","=""""","=""2.89101830""","=""""","=""0.00000014""","=""0.0355031""","=""1.996""","=""  98                                  :     2  3d5.(6S).4p2            6S    ""","=""L18349,L18361c138"""
"=""3d6.(3G).4s""","=""a 4G""","=""11/2""","=""""","=""3.15276806""","=""""","=""0.00000015""","=""0.2617498""","=""1.237""","=""  84                                  :    15  3d6.(3H).4s             2H    ""","=""L18349,L18361c138"""
"=""3d6.(3G).4s""","=""a 4G""","=""9/2""","=""""","=""3.19945278""","=""""","=""0.00000015""","=""0.0466847""","=""1.15""","=""  92                                  :     5  3d6.(3H).4s             2H    ""","=""L18349,L18361c138"""
"=""3d6.(3G).4s""","=""a 4G""","=""7/2""","=""""","=""3.22131344""","=""""","=""0.00000015""","=""0.0218607""","=""0.98""","=""  95                                  :     2  3d6.(3F2).4s            4F    ""","=""L18349,L18361c138"""
"=""3d6.(3G).4s""","=""a 4G""","=""5/2""","=""""","=""3.23045937""","=""""","=""0.00000016""","=""0.0091459""","=""0.574""","=""  95                                  :     3  3d6.(3F2).4s            2F    ""","=""L18349,L18361c138"""
"=""3d6.(3P2).4s""","=""b 2P""","=""3/2""","=""""","=""3.19725263""","=""""","=""0.00000016""","=""-0.0332067""","=""1.33""","=""  60                                  :    37  3d6.(3P1).4s            2P    ""","=""L18349,L18361c138"""
"=""3d6.(3P2).4s""","=""b 2P""","=""1/2""","=""""","=""3.33923354""","=""""","=""0.00000020""","=""0.1419809""","=""0.67""","=""  61                                  :    37  3d6.(3P1).4s            2P    ""","=""L18349,L18361c138"""
"=""3d6.(3H).4s""","=""b 2H""","=""11/2""","=""""","=""3.24468891""","=""""","=""0.00000016""","=""-0.0945446""","=""1.09""","=""  84                                  :    15  3d6.(3G).4s             4G    ""","=""L18349,L18361c138"""
"=""3d6.(3H).4s""","=""b 2H""","=""9/2""","=""""","=""3.26732671""","=""""","=""0.00000016""","=""0.0226378""","=""0.927""","=""  92                                  :     5  3d6.(3G).4s             4G    ""","=""L18349,L18361c138"""
"=""3d6.(3F2).4s""","=""a 2F""","=""7/2""","=""""","=""3.38661825""","=""""","=""0.00000016""","=""0.1192915""","=""1.129""","=""  72                                  :    20  3d6.(3F1).4s            2F    ""","=""L18349,L18361c138"""
"=""3d6.(3F2).4s""","=""a 2F""","=""5/2""","=""""","=""3.42449356""","=""""","=""0.00000016""","=""0.0378753""","=""0.851""","=""  74                                  :    19  3d6.(3F1).4s            2F    ""","=""L18349,L18361c138"""
"=""3d6.(3G).4s""","=""b 2G""","=""9/2""","=""""","=""3.76769941""","=""""","=""0.00000017""","=""0.3432058""","=""1.10""","=""  98                                                                         ""","=""L18349,L18361c138"""
"=""3d6.(3G).4s""","=""b 2G""","=""7/2""","=""""","=""3.81430861""","=""""","=""0.00000019""","=""0.0466092""","=""0.898""","=""  97                                                                         ""","=""L18349,L18361c138"""
"=""3d6.(3D).4s""","=""b 4D""","=""3/2""","=""""","=""3.88869686""","=""""","=""0.00000020""","=""0.0743883""","=""""","=""  99                                                                         ""","=""L18349,L18361c138"""
"=""3d6.(3D).4s""","=""b 4D""","=""1/2""","=""""","=""3.88919250""","=""""","=""0.00000025""","=""0.0004956""","=""""","=""  99                                                                         ""","=""L18349,L18361c138"""
"=""3d6.(3D).4s""","=""b 4D""","=""5/2""","=""""","=""3.89161339""","=""""","=""0.00000019""","=""0.0024209""","=""1.327""","=""  99                                                                         ""","=""L18349,L18361c138"""
"=""3d6.(3D).4s""","=""b 4D""","=""7/2""","=""""","=""3.90341906""","=""""","=""0.00000017""","=""0.0118057""","=""1.41""","=""  99                                                                         ""","=""L18349,L18361c138"""
"=""3d7""","=""b 2F""","=""5/2""","=""""","=""3.9441623""","=""""","=""0.0000004""","=""0.0407432""","=""0.86""","=""  97                                  :     2  3d6.(3F2).4s            2F    ""","=""L18349,L18361c138"""
"=""3d7""","=""b 2F""","=""7/2""","=""""","=""3.96737644""","=""""","=""0.00000025""","=""0.0232141""","=""1.124""","=""  96                                  :     2  3d6.(3F2).4s            2F    ""","=""L18349,L18361c138"""
"=""3d6.(1I).4s""","=""a 2I""","=""13/2""","=""""","=""4.07605998""","=""""","=""0.00000024""","=""0.1086835""","=""1.062""","="" 100                                                                         ""","=""L18349,L18361c138"""
"=""3d6.(1I).4s""","=""a 2I""","=""11/2""","=""""","=""4.0803055""","=""""","=""0.0000004""","=""0.0042455""","=""0.92""","=""  99                                                                         ""","=""L18349,L18361c138"""
"=""3d6.(1G2).4s""","=""c 2G""","=""9/2""","=""""","=""4.14931647""","=""""","=""0.00000024""","=""0.0690110""","=""1.099""","=""  65                                  :    34  3d6.(1G1).4s            2G    ""","=""L18349,L18361c138"""
"=""3d6.(1G2).4s""","=""c 2G""","=""7/2""","=""""","=""4.15363129""","=""""","=""0.00000024""","=""0.0043148""","=""0.88""","=""  64                                  :    33  3d6.(1G1).4s            2G    ""","=""L18349,L18361c138"""
"=""3d6.(3D).4s""","=""b 2D""","=""3/2""","=""""","=""4.47910423""","=""""","=""0.00000025""","=""0.3254729""","=""0.799""","=""  96                                  :     2  3d6.(1D2).4s            2D    ""","=""L18349,L18361c138"""
"=""3d6.(3D).4s""","=""b 2D""","=""5/2""","=""""","=""4.49479059""","=""""","=""0.00000025""","=""0.0156864""","=""1.179""","=""  98                                                                         ""","=""L18349,L18361c138"""
"=""3d6.(1S2).4s""","=""a 2S""","=""1/2""","=""""","=""4.6155941""","=""""","=""0.0000005""","=""0.1208035""","=""2.06""","=""  76                                  :    23  3d6.(1S1).4s            2S    ""","=""L18349,L18361c138"""
"=""3d6.(1D2).4s""","=""c 2D""","=""5/2""","=""""","=""4.7317602""","=""""","=""0.0000004""","=""0.1161661""","=""1.176""","=""  75                                  :    22  3d6.(1D1).4s            2D    ""","=""L18349,L18361c138"""
"=""3d6.(1D2).4s""","=""c 2D""","=""3/2""","=""""","=""4.7379945""","=""""","=""0.0000004""","=""0.0062343""","=""0.79""","=""  74                                  :    21  3d6.(1D1).4s            2D    ""","=""L18349,L18361c138"""
"=""3d6.(5D).4p""","=""z 6D*""","=""9/2""","=""""","=""4.76830747""","=""""","=""0.00000020""","=""0.0303130""","=""1.542""","=""  99                                                                         ""","=""L18349,L18361c138"""
"=""3d6.(5D).4p""","=""z 6D*""","=""7/2""","=""""","=""4.79323577""","=""""","=""0.00000020""","=""0.0249283""","=""1.584""","=""  97                                                                         ""","=""L18349,L18361c138"""
"=""3d6.(5D).4p""","=""z 6D*""","=""5/2""","=""""","=""4.81789820""","=""""","=""0.00000020""","=""0.0246624""","=""1.653""","=""  98                                                                         ""","=""L18349,L18361c138"""
"=""3d6.(5D).4p""","=""z 6D*""","=""3/2""","=""""","=""4.83702231""","=""""","=""0.00000021""","=""0.0191241""","=""1.86""","=""  99                                                                         ""","=""L18349,L18361c138"""
"=""3d6.(5D).4p""","=""z 6D*""","=""1/2""","=""""","=""4.84893721""","=""""","=""0.00000021""","=""0.0119149""","=""3.35""","=""  99                                                                         ""","=""L18349,L18361c138"""
"=""3d6.(5D).4p""","=""z 6F*""","=""11/2""","=""""","=""5.20337749""","=""""","=""0.00000022""","=""0.3544403""","=""""","=""  99                                                                         ""","=""L18349,L18361c138"""
"=""3d6.(5D).4p""","=""z 6F*""","=""9/2""","=""""","=""5.22157443""","=""""","=""0.00000021""","=""0.0181969""","=""1.43""","=""  96                                  :     2  3d6.(5D).4p             4F*   ""","=""L18349,L18361c138"""
"=""3d6.(5D).4p""","=""z 6F*""","=""7/2""","=""""","=""5.23672772""","=""""","=""0.00000022""","=""0.0151533""","=""1.399""","=""  95                                  :     2  3d6.(5D).4p             4F*   ""","=""L18349,L18361c138"""
"=""3d6.(5D).4p""","=""z 6F*""","=""5/2""","=""""","=""5.24885175""","=""""","=""0.00000022""","=""0.0121240""","=""1.304""","=""  97                                                                         ""","=""L18349,L18361c138"""
"=""3d6.(5D).4p""","=""z 6F*""","=""3/2""","=""""","=""5.25709365""","=""""","=""0.00000022""","=""0.0082419""","=""1.04""","=""  98                                                                         ""","=""L18349,L18361c138"""
"=""3d6.(5D).4p""","=""z 6F*""","=""1/2""","=""""","=""5.26187092""","=""""","=""0.00000022""","=""0.0047773""","=""-0.647""","=""  98                                                                         ""","=""L18349,L18361c138"""
"=""3d6.(5D).4p""","=""z 6P*""","=""7/2""","=""""","=""5.28894824""","=""""","=""0.00000022""","=""0.0270773""","=""1.702""","=""  92                                  :     4  3d5.4s.(7S).4p          6P*   ""","=""L18349,L18361c138"""
"=""3d6.(5D).4p""","=""z 6P*""","=""5/2""","=""""","=""5.36090398""","=""""","=""0.00000022""","=""0.0719557""","=""1.869""","=""  94                                  :     4  3d5.4s.(7S).4p          6P*   ""","=""L18349,L18361c138"""
"=""3d6.(5D).4p""","=""z 6P*""","=""3/2""","=""""","=""5.40831276""","=""""","=""0.00000022""","=""0.0474088""","=""2.398""","=""  95                                  :     4  3d5.4s.(7S).4p          6P*   ""","=""L18349,L18361c138"""
"=""3d6.(5D).4p""","=""z 4F*""","=""9/2""","=""""","=""5.48413599""","=""""","=""0.00000022""","=""0.0758232""","=""1.32""","=""  95                                  :     3  3d6.(5D).4p             6F*   ""","=""L18349,L18361c138"""
"=""3d6.(5D).4p""","=""z 4F*""","=""7/2""","=""""","=""5.54876624""","=""""","=""0.00000024""","=""0.0646302""","=""1.29""","=""  81                                  :    15  3d6.(5D).4p             4D*   ""","=""L18349,L18361c138"""
"=""3d6.(5D).4p""","=""z 4F*""","=""5/2""","=""""","=""5.58919550""","=""""","=""0.00000024""","=""0.0404293""","=""1.069""","=""  84                                  :    12  3d6.(5D).4p             4D*   ""","=""L18349,L18361c138"""
"=""3d6.(5D).4p""","=""z 4F*""","=""3/2""","=""""","=""5.61522263""","=""""","=""0.00000024""","=""0.0260271""","=""0.445""","=""  90                                  :     7  3d6.(5D).4p             4D*   ""","=""L18349,L18361c138"""
"=""3d6.(5D).4p""","=""z 4D*""","=""7/2""","=""""","=""5.51071390""","=""""","=""0.00000022""","=""-0.1045087""","=""1.40""","=""  80                                  :    15  3d6.(5D).4p             4F*   ""","=""L18349,L18361c138"""
"=""3d6.(5D).4p""","=""z 4D*""","=""5/2""","=""""","=""5.55260578""","=""""","=""0.00000024""","=""0.0418919""","=""1.35""","=""  83                                  :    12  3d6.(5D).4p             4F*   ""","=""L18349,L18361c138"""
"=""3d6.(5D).4p""","=""z 4D*""","=""3/2""","=""""","=""5.58476799""","=""""","=""0.00000024""","=""0.0321622""","=""1.15""","=""  88                                  :     8  3d6.(5D).4p             4F*   ""","=""L18349,L18361c138"""
"=""3d6.(5D).4p""","=""z 4D*""","=""1/2""","=""""","=""5.60488800""","=""""","=""0.00000024""","=""0.0201200""","=""-0.021""","=""  95                                                                         ""","=""L18349,L18361c138"""
"=""3d6.(1F).4s""","=""c 2F""","=""7/2""","=""""","=""5.56875734""","=""""","=""0.00000025""","=""-0.0361307""","=""""","=""  98                                                                         ""","=""L18349,L18361c138"""
"=""3d6.(1F).4s""","=""c 2F""","=""5/2""","=""""","=""5.57055201""","=""""","=""0.00000025""","=""0.0017947""","=""""","=""  98                                                                         ""","=""L18349,L18361c138"""
"=""3d6.(5D).4p""","=""z 4P*""","=""5/2""","=""""","=""5.82322475""","=""""","=""0.00000024""","=""0.2526727""","=""1.592""","=""  96                                                                         ""","=""L18349,L18361c138"""
"=""3d6.(5D).4p""","=""z 4P*""","=""3/2""","=""""","=""5.87558748""","=""""","=""0.00000025""","=""0.0523627""","=""1.717""","=""  96                                                                         ""","=""L18349,L18361c138"""
"=""3d6.(5D).4p""","=""z 4P*""","=""1/2""","=""""","=""5.90488507""","=""""","=""0.00000025""","=""0.0292976""","=""2.70""","=""  96                                                                         ""","=""L18349,L18361c138"""
"=""3d7""","=""d 2D1""","=""3/2""","=""""","=""5.9109129""","=""""","=""0.0000004""","=""0.0060278""","=""""","=""  77                                  :    22  3d7                     2D2   ""","=""L18349,L18361c138"""
"=""3d7""","=""d 2D1""","=""5/2""","=""""","=""5.95609042""","=""""","=""0.00000025""","=""0.0451775""","=""""","=""  75                                  :    24  3d7                     2D2   ""","=""L18349,L18361c138"""
"=""3d6.(3P1).4s""","=""c 4P""","=""1/2""","=""""","=""6.0877427""","=""""","=""0.0000005""","=""0.1316523""","=""""","=""  62                                  :    37  3d6.(3P2).4s            4P    ""","=""L18349,L18361c138"""
"=""3d6.(3P1).4s""","=""c 4P""","=""3/2""","=""""","=""6.1380760""","=""""","=""0.0000004""","=""0.0503333""","=""""","=""  62                                  :    38  3d6.(3P2).4s            4P    ""","=""L18349,L18361c138"""
"=""3d6.(3P1).4s""","=""c 4P""","=""5/2""","=""""","=""6.22559822""","=""""","=""0.00000025""","=""0.0875222""","=""""","=""  59                                  :    37  3d6.(3P2).4s            4P    ""","=""L18349,L18361c138"""
"=""3d6.(3F1).4s""","=""c 4F""","=""3/2""","=""""","=""6.2086229""","=""""","=""0.0000004""","=""-0.0169753""","=""""","=""  80                                  :    20  3d6.(3F2).4s            4F    ""","=""L18349,L18361c138"""
"=""3d6.(3F1).4s""","=""c 4F""","=""5/2""","=""""","=""6.2169162""","=""""","=""0.0000004""","=""0.0082933""","=""""","=""  76                                  :    19  3d6.(3F2).4s            4F    ""","=""L18349,L18361c138"""
"=""3d6.(3F1).4s""","=""c 4F""","=""9/2""","=""""","=""6.21873433""","=""""","=""0.00000025""","=""0.0018181""","=""""","=""  78                                  :    21  3d6.(3F2).4s            4F    ""","=""L18349,L18361c138"""
"=""3d6.(3F1).4s""","=""c 4F""","=""7/2""","=""""","=""6.22249688""","=""""","=""0.00000025""","=""0.0037625""","=""""","=""  78                                  :    20  3d6.(3F2).4s            4F    ""","=""L18349,L18361c138"""
"=""3d5.(6S).4s.4p.(3P*)""","=""z 8P*""","=""5/2""","=""""","=""6.4843500""","=""""","=""0.0000004""","=""0.2618531""","=""""","="" 100  3d5.4s.(7S).4p 8P*                                                     ""","=""L18349,L18361c138"""
"=""3d5.(6S).4s.4p.(3P*)""","=""z 8P*""","=""7/2""","=""""","=""6.5194425""","=""""","=""0.0000004""","=""0.0350925""","=""""","="" 100  3d5.4s.(7S).4p 8P*                                                     ""","=""L18349,L18361c138"""
"=""3d5.(6S).4s.4p.(3P*)""","=""z 8P*""","=""9/2""","=""""","=""6.5669685""","=""""","=""0.0000004""","=""0.0475260""","=""""","="" 100  3d5.4s.(7S).4p 8P*                                                     ""","=""L18349,L18361c138"""
"=""3d6.(3P1).4s""","=""c 2P""","=""1/2""","=""""","=""6.7030021""","=""""","=""0.0000009""","=""0.1360336""","=""""","=""  62                                  :    37  3d6.(3P2).4s            2P    ""","=""L18349,L18361c138"""
"=""3d6.(3P1).4s""","=""c 2P""","=""3/2""","=""""","=""6.8070159""","=""""","=""0.0000004""","=""0.1040138""","=""""","=""  61                                  :    38  3d6.(3P2).4s            2P    ""","=""L18349,L18361c138"""
"=""3d5.4s2""","=""b 4G""","=""11/2""","=""""","=""6.72393597""","=""""","=""0.00000025""","=""-0.0830799""","=""""","=""  98  3d5.4s2 4G                      :     2  3d5.(4G).4p2            4G    ""","=""L18349,L18361c138"""
"=""3d5.4s2""","=""b 4G""","=""9/2""","=""""","=""6.72907574""","=""""","=""0.00000025""","=""0.0051398""","=""""","=""  98                                  :     2  3d5.(4G).4p2            4G    ""","=""L18349,L18361c138"""
"=""3d5.4s2""","=""b 4G""","=""5/2""","=""""","=""6.72932284""","=""""","=""0.00000025""","=""0.0002471""","=""""","=""  97                                  :     2  3d5.(4G).4p2            4G    ""","=""L18349,L18361c138"""
"=""3d5.4s2""","=""b 4G""","=""7/2""","=""""","=""6.73026350""","=""""","=""0.00000025""","=""0.0009407""","=""""","=""  98                                  :     2  3d5.(4G).4p2            4G    ""","=""L18349,L18361c138"""
"=""3d6.(3F1).4s""","=""d 2F""","=""5/2""","=""""","=""6.8030800""","=""""","=""0.0000004""","=""0.0728165""","=""""","=""  79                                  :    20  3d6.(3F2).4s            2F    ""","=""L18349,L18361c138"""
"=""3d6.(3F1).4s""","=""d 2F""","=""7/2""","=""""","=""6.8072583""","=""""","=""0.0000004""","=""0.0041783""","=""""","=""  78                                  :    21  3d6.(3F2).4s            2F    ""","=""L18349,L18361c138"""
"=""3d5.4s2""","=""d 4P""","=""5/2""","=""""","=""7.11806748""","=""""","=""0.00000025""","=""0.3108092""","=""""","=""  91                                  :     6  3d5.4s2                 4D    ""","=""L18349,L18361c138"""
"=""3d5.4s2""","=""d 4P""","=""3/2""","=""""","=""7.12826481""","=""""","=""0.00000025""","=""0.0101973""","=""""","=""  93                                  :     5  3d5.4s2                 4D    ""","=""L18349,L18361c138"""
"=""3d5.4s2""","=""d 4P""","=""1/2""","=""""","=""7.1388229""","=""""","=""0.0000004""","=""0.0105581""","=""""","=""  96                                  :     2  3d5.(4P).4p2            4P    ""","=""L18349,L18361c138"""
"=""3d6.(1G1).4s""","=""d 2G""","=""9/2""","=""""","=""7.2693948""","=""""","=""0.0000006""","=""0.1305719""","=""""","=""  65                                  :    34  3d6.(1G2).4s            2G    ""","=""L18349,L18361c138"""
"=""3d6.(1G1).4s""","=""d 2G""","=""7/2""","=""""","=""7.2736817""","=""""","=""0.0000005""","=""0.0042869""","=""""","=""  65                                  :    34  3d6.(1G2).4s            2G    ""","=""L18349,L18361c138"""
"=""3d6.(3P2).4p""","=""z 4S*""","=""3/2""","=""""","=""7.3973238""","=""""","=""0.0000004""","=""0.1236421""","=""1.89""","=""  41                                  :    21  3d6.(3P2).4p            4P*   ""","=""L18349,L18361c138"""
"=""3d5.4s2""","=""c 4D""","=""7/2""","=""""","=""7.4725712""","=""""","=""0.0000004""","=""0.0752474""","=""""","=""  97                                  :     2  3d5.(4D).4p2            4D    ""","=""L18349,L18361c138"""
"=""3d5.4s2""","=""c 4D""","=""1/2""","=""""","=""7.4867075""","=""""","=""0.0000004""","=""0.0141363""","=""""","=""  96                                  :     2  3d5.(4D).4p2            4D    ""","=""L18349,L18361c138"""
"=""3d5.4s2""","=""c 4D""","=""3/2""","=""""","=""7.4937341""","=""""","=""0.0000004""","=""0.0070266""","=""""","=""  93                                  :     5  3d5.4s2                 4P    ""","=""L18349,L18361c138"""
"=""3d5.4s2""","=""c 4D""","=""5/2""","=""""","=""7.4942595""","=""""","=""0.0000004""","=""0.0005254""","=""""","=""  92                                  :     6  3d5.4s2                 4P    ""","=""L18349,L18361c138"""
"=""3d6.(3P2).4p""","=""y 4P*""","=""5/2""","=""""","=""7.4889348""","=""""","=""0.0000004""","=""-0.0053247""","=""1.58""","=""  46                                  :    37  3d6.(3P1).4p            4P*   ""","=""L18349,L18361c138"""
"=""3d6.(3P2).4p""","=""y 4P*""","=""1/2""","=""""","=""7.5674109""","=""""","=""0.0000004""","=""0.0784761""","=""2.613""","=""  52                                  :    42  3d6.(3P1).4p            4P*   ""","=""L18349,L18361c138"""
"=""3d6.(3P2).4p""","=""y 4P*""","=""3/2""","=""""","=""7.6042922""","=""""","=""0.0000004""","=""0.0368813""","=""1.74""","=""  25  3d6.(3P2).4p 4S*                :    23  3d6.(3P2).4p            4P*   ""","=""L18349,L18361c138"""
"=""3d6.(3H).4p""","=""z 4G*""","=""11/2""","=""""","=""7.5165973""","=""""","=""0.0000004""","=""-0.0876949""","=""1.24""","=""  68                                  :    23  3d6.(3F2).4p            4G*   ""","=""L18349,L18361c138"""
"=""3d6.(3H).4p""","=""z 4G*""","=""9/2""","=""""","=""7.5391368""","=""""","=""0.0000004""","=""0.0225395""","=""1.155""","=""  57                                  :    29  3d6.(3F2).4p            4G*   ""","=""L18349,L18361c138"""
"=""3d6.(3H).4p""","=""z 4G*""","=""7/2""","=""""","=""7.5576776""","=""""","=""0.0000004""","=""0.0185408""","=""0.969""","=""  53                                  :    34  3d6.(3F2).4p            4G*   ""","=""L18349,L18361c138"""
"=""3d6.(3H).4p""","=""z 4G*""","=""5/2""","=""""","=""7.5682105""","=""""","=""0.0000004""","=""0.0105329""","=""0.799""","=""  31                                  :    23  3d6.(3F2).4p            4G*   ""","=""L18349,L18361c138"""
"=""3d6.(3H).4p""","=""z 4H*""","=""13/2""","=""""","=""7.5428961""","=""""","=""0.0000004""","=""-0.0253144""","=""""","=""  51                                  :    37  3d6.(3H).4p             4I*   ""","=""L18349,L18361c138"""
"=""3d6.(3H).4p""","=""z 4H*""","=""11/2""","=""""","=""7.5491010""","=""""","=""0.0000004""","=""0.0062049""","=""""","=""  47                                  :    40  3d6.(3H).4p             4I*   ""","=""L18349,L18361c138"""
"=""3d6.(3H).4p""","=""z 4H*""","=""9/2""","=""""","=""7.5617273""","=""""","=""0.0000004""","=""0.0126263""","=""""","=""  51                                  :    34  3d6.(3H).4p             4I*   ""","=""L18349,L18361c138"""
"=""3d6.(3H).4p""","=""z 4H*""","=""7/2""","=""""","=""7.5824802""","=""""","=""0.0000004""","=""0.0207529""","=""0.720""","=""  72                                  :     9  3d6.(3H).4p             2G*   ""","=""L18349,L18361c138"""
"=""3d6.(3P2).4p""","=""z 2D*""","=""5/2""","=""""","=""7.5746170""","=""""","=""0.0000004""","=""-0.0078632""","=""1.01""","=""  26                                  :    21  3d6.(3H).4p             4G*   ""","=""L18349,L18361c138"""
"=""3d6.(3P2).4p""","=""z 2D*""","=""3/2""","=""""","=""7.7025932""","=""""","=""0.0000004""","=""0.1279762""","=""1.019""","=""  33                                  :    22  3d6.(3P1).4p            2D*   ""","=""L18349,L18361c138"""
"=""3d6.(3H).4p""","=""z 4I*""","=""15/2""","=""""","=""7.6061288""","=""""","=""0.0000004""","=""-0.0964644""","=""""","="" 100                                                                         ""","=""L18349,L18361c138"""
"=""3d6.(3H).4p""","=""z 4I*""","=""9/2""","=""""","=""7.6265941""","=""""","=""0.0000004""","=""0.0204653""","=""""","=""  61                                  :    26  3d6.(3H).4p             4H*   ""","=""L18349,L18361c138"""
"=""3d6.(3H).4p""","=""z 4I*""","=""13/2""","=""""","=""7.6284514""","=""""","=""0.0000004""","=""0.0018573""","=""""","=""  52                                  :    39  3d6.(3H).4p             4H*   ""","=""L18349,L18361c138"""
"=""3d6.(3H).4p""","=""z 4I*""","=""11/2""","=""""","=""7.6358402""","=""""","=""0.0000004""","=""0.0073888""","=""""","=""  54                                  :    39  3d6.(3H).4p             4H*   ""","=""L18349,L18361c138"""
"=""3d6.(3P2).4p""","=""y 4D*""","=""7/2""","=""""","=""7.6530572""","=""""","=""0.0000004""","=""0.0172170""","=""1.411""","=""  55                                  :    33  3d6.(3P1).4p            4D*   ""","=""L18349,L18361c138"""
"=""3d6.(3P2).4p""","=""y 4D*""","=""5/2""","=""""","=""7.7725538""","=""""","=""0.0000004""","=""0.1194966""","=""1.349""","=""  46                                  :    27  3d6.(3P1).4p            4D*   ""","=""L18349,L18361c138"""
"=""3d6.(3P2).4p""","=""y 4D*""","=""1/2""","=""""","=""7.7898120""","=""""","=""0.0000004""","=""0.0172582""","=""""","=""  60                                  :    33  3d6.(3P1).4p            4D*   ""","=""L18349,L18361c138"""
"=""3d6.(3P2).4p""","=""y 4D*""","=""3/2""","=""""","=""7.8063198""","=""""","=""0.0000004""","=""0.0165078""","=""1.14""","=""  43                                  :    25  3d6.(3P1).4p            4D*   ""","=""L18349,L18361c138"""
"=""3d5.(6S).4s.4p.(3P*)""","=""y 6P*""","=""3/2""","=""""","=""7.6839121""","=""""","=""0.0000004""","=""-0.1224077""","=""""","=""  48  3d5.4s.(5S).4p 6P*              :    47  3d5.4s.(7S).4p          6P*   ""","=""L18349,L18361c138"""
"=""3d5.(6S).4s.4p.(3P*)""","=""y 6P*""","=""5/2""","=""""","=""7.6931007""","=""""","=""0.0000004""","=""0.0091886""","=""""","=""  49  3d5.4s.(7S).4p 6P*              :    48  3d5.4s.(5S).4p          6P*   ""","=""L18349,L18361c138"""
"=""3d5.(6S).4s.4p.(3P*)""","=""y 6P*""","=""7/2""","=""""","=""7.7082990""","=""""","=""0.0000004""","=""0.0151983""","=""1.68""","=""  49  3d5.4s.(7S).4p 6P*              :    45  3d5.4s.(5S).4p          6P*   ""","=""L18349,L18361c138"""
"=""3d6.(3F2).4p""","=""y 4F*""","=""7/2""","=""""","=""7.6951447""","=""""","=""0.0000004""","=""-0.0131543""","=""1.198""","=""  37                                  :    12  3d6.(3F1).4p            4F*   ""","=""L18349,L18361c138"""
"=""3d6.(3F2).4p""","=""y 4F*""","=""5/2""","=""""","=""7.7058106""","=""""","=""0.0000004""","=""0.0106659""","=""1.025""","=""  59                                  :    19  3d6.(3F1).4p            4F*   ""","=""L18349,L18361c138"""
"=""3d6.(3F2).4p""","=""y 4F*""","=""9/2""","=""""","=""7.7066254""","=""""","=""0.0000004""","=""0.0008148""","=""1.33""","=""  63                                  :    21  3d6.(3F1).4p            4F*   ""","=""L18349,L18361c138"""
"=""3d6.(3F2).4p""","=""y 4F*""","=""3/2""","=""""","=""7.7173363""","=""""","=""0.0000004""","=""0.0107109""","=""0.43""","=""  66                                  :    20  3d6.(3F1).4p            4F*   ""","=""L18349,L18361c138"""
"=""3d6.(3H).4p""","=""z 2G*""","=""9/2""","=""""","=""7.6973256""","=""""","=""0.0000004""","=""-0.0200107""","=""1.097""","=""  64                                  :    14  3d6.(3G).4p             2G*   ""","=""L18349,L18361c138"""
"=""3d6.(3H).4p""","=""z 2G*""","=""7/2""","=""""","=""7.7269984""","=""""","=""0.0000004""","=""0.0296728""","=""""","=""  47                                  :    15  3d6.(3F2).4p            4F*   ""","=""L18349,L18361c138"""
"=""3d6.(3H).4p""","=""z 2I*""","=""13/2""","=""""","=""7.7233696""","=""""","=""0.0000004""","=""-0.0036288""","=""1.069""","=""  88                                  :    10  3d6.(3H).4p             4I*   ""","=""L18349,L18361c138"""
"=""3d6.(3H).4p""","=""z 2I*""","=""11/2""","=""""","=""7.7691291""","=""""","=""0.0000004""","=""0.0457595""","=""0.910""","=""  92                                  :     4  3d6.(3H).4p             4I*   ""","=""L18349,L18361c138"""
"=""3d6.(3F2).4p""","=""x 4D*""","=""7/2""","=""""","=""7.8041909""","=""""","=""0.0000004""","=""0.0350618""","=""1.385""","=""  59                                  :    14  3d6.(3F1).4p            4D*   ""","=""L18349,L18361c138"""
"=""3d6.(3F2).4p""","=""x 4D*""","=""5/2""","=""""","=""7.8448498""","=""""","=""0.0000004""","=""0.0406589""","=""1.351""","=""  66                                  :    14  3d6.(3F1).4p            4D*   ""","=""L18349,L18361c138"""
"=""3d6.(3F2).4p""","=""x 4D*""","=""3/2""","=""""","=""7.8686738""","=""""","=""0.0000004""","=""0.0238240""","=""1.21""","=""  71                                  :    15  3d6.(3F1).4p            4D*   ""","=""L18349,L18361c138"""
"=""3d6.(3F2).4p""","=""x 4D*""","=""1/2""","=""""","=""7.8803734""","=""""","=""0.0000004""","=""0.0116996""","=""0.013""","=""  72                                  :    15  3d6.(3F1).4p            4D*   ""","=""L18349,L18361c138"""
"=""3d6.(3F2).4p""","=""y 4G*""","=""11/2""","=""""","=""7.9196550""","=""""","=""0.0000004""","=""0.0392816""","=""1.24""","=""  52                                  :    26  3d6.(3H).4p             4G*   ""","=""L18349,L18361c138"""
"=""3d6.(3F2).4p""","=""y 4G*""","=""9/2""","=""""","=""7.9286411""","=""""","=""0.0000004""","=""0.0089861""","=""1.15""","=""  42                                  :    29  3d6.(3H).4p             4G*   ""","=""L18349,L18361c138"""
"=""3d6.(3F2).4p""","=""y 4G*""","=""7/2""","=""""","=""7.9400585""","=""""","=""0.0000004""","=""0.0114174""","=""0.975""","=""  39                                  :    33  3d6.(3H).4p             4G*   ""","=""L18349,L18361c138"""
"=""3d6.(3F2).4p""","=""y 4G*""","=""5/2""","=""""","=""7.9458259""","=""""","=""0.0000004""","=""0.0057674""","=""0.617""","=""  37  3d6.(3H).4p 4G*                 :    35  3d6.(3F2).4p            4G*   ""","=""L18349,L18361c138"""
"=""3d6.(3F2).4p""","=""z 2F*""","=""7/2""","=""""","=""7.9704921""","=""""","=""0.0000004""","=""0.0246662""","=""1.135""","=""  41                                  :    17  3d6.(3F1).4p            2F*   ""","=""L18349,L18361c138"""
"=""3d6.(3F2).4p""","=""z 2F*""","=""5/2""","=""""","=""7.9877322""","=""""","=""0.0000004""","=""0.0172401""","=""0.82""","=""  45                                  :    18  3d6.(3F1).4p            2F*   ""","=""L18349,L18361c138"""
"=""3d6.(3P2).4p""","=""z 2P*""","=""1/2""","=""""","=""8.0349812""","=""""","=""0.0000004""","=""0.0472490""","=""""","=""  47                                  :    32  3d6.(3P1).4p            2P*   ""","=""L18349,L18361c138"""
"=""3d6.(3P2).4p""","=""z 2P*""","=""3/2""","=""""","=""8.0384001""","=""""","=""0.0000004""","=""0.0034189""","=""1.329""","=""  54                                  :    34  3d6.(3P1).4p            2P*   ""","=""L18349,L18361c138"""
"=""3d6.(3F2).4p""","=""y 2G*""","=""9/2""","=""""","=""8.0381375""","=""""","=""0.0000004""","=""-0.0002626""","=""1.101""","=""  62                                  :    16  3d6.(3F1).4p            2G*   ""","=""L18349,L18361c138"""
"=""3d6.(3F2).4p""","=""y 2G*""","=""7/2""","=""""","=""8.0725728""","=""""","=""0.0000004""","=""0.0344353""","=""0.896""","=""  64                                  :    15  3d6.(3F1).4p            2G*   ""","=""L18349,L18361c138"""
"=""3d6.(3H).4p""","=""z 2H*""","=""11/2""","=""""","=""8.1040544""","=""""","=""0.0000004""","=""0.0314816""","=""1.066""","=""  60                                  :    22  3d6.(3G).4p             2H*   ""","=""L18349,L18361c138"""
"=""3d6.(3H).4p""","=""z 2H*""","=""9/2""","=""""","=""8.1279417""","=""""","=""0.0000004""","=""0.0238873""","=""0.913""","=""  63                                  :    22  3d6.(3G).4p             2H*   ""","=""L18349,L18361c138"""
"=""3d6.(3G).4p""","=""x 4G*""","=""11/2""","=""""","=""8.1308918""","=""""","=""0.0000004""","=""0.0029501""","=""""","=""  83                                  :     7  3d6.(3G).4p             2H*   ""","=""L18349,L18361c138"""
"=""3d6.(3G).4p""","=""x 4G*""","=""9/2""","=""""","=""8.1452725""","=""""","=""0.0000004""","=""0.0143807""","=""""","=""  55                                  :    32  3d6.(3G).4p             4F*   ""","=""L18349,L18361c138"""
"=""3d6.(3G).4p""","=""x 4G*""","=""7/2""","=""""","=""8.1744466""","=""""","=""0.0000004""","=""0.0291741""","=""1.00""","=""  76                                  :    11  3d6.(3G).4p             4F*   ""","=""L18349,L18361c138"""
"=""3d6.(3G).4p""","=""x 4G*""","=""5/2""","=""""","=""8.1926616""","=""""","=""0.0000004""","=""0.0182150""","=""0.62""","=""  83                                  :     4  3d6.(3F2).4p            4G*   ""","=""L18349,L18361c138"""
"=""3d6.(3G).4p""","=""x 4F*""","=""9/2""","=""""","=""8.1845410""","=""""","=""0.0000004""","=""-0.0081206""","=""""","=""  52                                  :    34  3d6.(3G).4p             4G*   ""","=""L18349,L18361c138"""
"=""3d6.(3G).4p""","=""x 4F*""","=""7/2""","=""""","=""8.2297382""","=""""","=""0.0000004""","=""0.0451972""","=""1.21""","=""  71                                  :    13  3d6.(3G).4p             4G*   ""","=""L18349,L18361c138"""
"=""3d6.(3G).4p""","=""x 4F*""","=""5/2""","=""""","=""8.2477153""","=""""","=""0.0000004""","=""0.0179771""","=""1.02""","=""  62                                  :    13  3d6.(3F2).4p            2D*   ""","=""L18349,L18361c138"""
"=""3d6.(3G).4p""","=""x 4F*""","=""3/2""","=""""","=""8.2589171""","=""""","=""0.0000004""","=""0.0112018""","=""""","=""  62                                  :    17  3d6.(3F2).4p            2D*   ""","=""L18349,L18361c138"""
"=""3d6.(3P2).4p""","=""z 2S*""","=""1/2""","=""""","=""8.2137854""","=""""","=""0.0000004""","=""-0.0451317""","=""""","=""  58                                  :    31  3d6.(3P1).4p            2S*   ""","=""L18349,L18361c138"""
"=""3d6.(3G).4p""","=""y 4H*""","=""13/2""","=""""","=""8.2340029""","=""""","=""0.0000004""","=""0.0202175""","=""""","=""  90                                  :     8  3d6.(3H).4p             4H*   ""","=""L18349,L18361c138"""
"=""3d6.(3G).4p""","=""y 4H*""","=""11/2""","=""""","=""8.2404290""","=""""","=""0.0000004""","=""0.0064261""","=""1.13""","=""  77                                  :     7  3d6.(3H).4p             2H*   ""","=""L18349,L18361c138"""
"=""3d6.(3G).4p""","=""y 4H*""","=""9/2""","=""""","=""8.2559890""","=""""","=""0.0000004""","=""0.0155600""","=""0.959""","=""  83                                  :     8  3d6.(3H).4p             4H*   ""","=""L18349,L18361c138"""
"=""3d6.(3G).4p""","=""y 4H*""","=""7/2""","=""""","=""8.2663161""","=""""","=""0.0000004""","=""0.0103271""","=""0.69""","=""  86                                  :    10  3d6.(3H).4p             4H*   ""","=""L18349,L18361c138"""
"=""3d6.(3F2).4p""","=""y 2D*""","=""5/2""","=""""","=""8.3070070""","=""""","=""0.0000004""","=""0.0406909""","=""1.16""","=""  59                                  :    15  3d6.(3G).4p             4F*   ""","=""L18349,L18361c138"""
"=""3d6.(3F2).4p""","=""y 2D*""","=""3/2""","=""""","=""8.3408923""","=""""","=""0.0000004""","=""0.0338853""","=""0.719""","=""  54                                  :    19  3d6.(3G).4p             4F*   ""","=""L18349,L18361c138"""
"=""3d6.(3G).4p""","=""y 2H*""","=""11/2""","=""""","=""8.3709578""","=""""","=""0.0000004""","=""0.0300655""","=""1.07""","=""  57                                  :    26  3d6.(3H).4p             2H*   ""","=""L18349,L18361c138"""
"=""3d6.(3G).4p""","=""y 2H*""","=""9/2""","=""""","=""8.4310228""","=""""","=""0.0000004""","=""0.0600650""","=""0.907""","=""  62                                  :    26  3d6.(3H).4p             2H*   ""","=""L18349,L18361c138"""
"=""3d5.(6S).4s.4p.(3P*)""","=""x 4P*""","=""5/2""","=""""","=""8.5676090""","=""""","=""0.0000004""","=""0.1365862""","=""""","=""  96  3d5.4s.(5S).4p 4P*                                                     ""","=""L18349,L18361c138"""
"=""3d5.(6S).4s.4p.(3P*)""","=""x 4P*""","=""3/2""","=""""","=""8.5923636""","=""""","=""0.0000005""","=""0.0247546""","=""""","=""  96  3d5.4s.(5S).4p 4P*                                                     ""","=""L18349,L18361c138"""
"=""3d5.(6S).4s.4p.(3P*)""","=""x 4P*""","=""1/2""","=""""","=""8.6078527""","=""""","=""0.0000005""","=""0.0154891""","=""""","=""  96  3d5.4s.(5S).4p 4P*                                                     ""","=""L18349,L18361c138"""
"=""3d6.(3G).4p""","=""y 2F*""","=""7/2""","=""""","=""8.6301144""","=""""","=""0.0000004""","=""0.0222617""","=""1.13""","=""  66                                  :    11  3d6.(3F2).4p            2F*   ""","=""L18349,L18361c138"""
"=""3d6.(3G).4p""","=""y 2F*""","=""5/2""","=""""","=""8.6355591""","=""""","=""0.0000004""","=""0.0054447""","=""0.857""","=""  67                                  :     9  3d6.(3D).4p             2F*   ""","=""L18349,L18361c138"""
"=""3d6.(3G).4p""","=""x 2G*""","=""9/2""","=""""","=""8.7179023""","=""""","=""0.0000004""","=""0.0823432""","=""1.11""","=""  79                                  :    17  3d6.(3H).4p             2G*   ""","=""L18349,L18361c138"""
"=""3d6.(3G).4p""","=""x 2G*""","=""7/2""","=""""","=""8.7438237""","=""""","=""0.0000004""","=""0.0259214""","=""0.87""","=""  73                                  :    13  3d6.(3H).4p             2G*   ""","=""L18349,L18361c138"""
"=""3d6.(1I).4p""","=""z 2K*""","=""13/2""","=""""","=""8.8012250""","=""""","=""0.0000005""","=""0.0574013""","=""""","=""  99                                                                         ""","=""L18349,L18361c138"""
"=""3d6.(1I).4p""","=""z 2K*""","=""15/2""","=""""","=""8.8565248""","=""""","=""0.0000004""","=""0.0552998""","=""1.05""","=""  99                                                                         ""","=""L18349,L18361c138"""
"=""3d6.(3D).4p""","=""w 4P*""","=""5/2""","=""""","=""8.9224918""","=""""","=""0.0000004""","=""0.0659670""","=""""","=""  86                                  :     6  3d6.(3D).4p             4D*   ""","=""L18349,L18361c138"""
"=""3d6.(3D).4p""","=""w 4P*""","=""3/2""","=""""","=""8.9322010""","=""""","=""0.0000005""","=""0.0097092""","=""1.66""","=""  67                                  :    15  3d6.(3D).4p             4D*   ""","=""L18349,L18361c138"""
"=""3d6.(3D).4p""","=""w 4P*""","=""1/2""","=""""","=""8.9532696""","=""""","=""0.0000005""","=""0.0210686""","=""""","=""  57                                  :    30  3d6.(3D).4p             4D*   ""","=""L18349,L18361c138"""
"=""3d6.(1G2).4p""","=""x 2H*""","=""9/2""","=""""","=""8.9430267""","=""""","=""0.0000004""","=""-0.0102429""","=""0.91""","=""  47                                  :    22  3d6.(1I).4p             2H*   ""","=""L18349,L18361c138"""
"=""3d6.(1G2).4p""","=""x 2H*""","=""11/2""","=""""","=""8.9593142""","=""""","=""0.0000004""","=""0.0162875""","=""1.08""","=""  44  3d6.(1I).4p 2H*                 :    35  3d6.(1G2).4p            2H*   ""","=""L18349,L18361c138"""
"=""3d6.(3D).4p""","=""w 4F*""","=""3/2""","=""""","=""8.9478161""","=""""","=""0.0000004""","=""-0.0114981""","=""""","=""  76                                  :    10  3d6.(3G).4p             4F*   ""","=""L18349,L18361c138"""
"=""3d6.(3D).4p""","=""w 4F*""","=""5/2""","=""""","=""8.9564405""","=""""","=""0.0000004""","=""0.0086244""","=""""","=""  75                                  :    10  3d6.(3G).4p             4F*   ""","=""L18349,L18361c138"""
"=""3d6.(3D).4p""","=""w 4F*""","=""7/2""","=""""","=""8.9705104""","=""""","=""0.0000004""","=""0.0140699""","=""""","=""  64                                  :    10  3d6.(3D).4p             4D*   ""","=""L18349,L18361c138"""
"=""3d6.(3D).4p""","=""w 4F*""","=""9/2""","=""""","=""9.0075386""","=""""","=""0.0000004""","=""0.0370282""","=""""","=""  87                                  :     8  3d6.(3G).4p             4F*   ""","=""L18349,L18361c138"""
"=""3d6.(3D).4p""","=""w 4D*""","=""1/2""","=""""","=""8.9801352""","=""""","=""0.0000006""","=""-0.0274034""","=""""","=""  51                                  :    35  3d6.(3D).4p             4P*   ""","=""L18349,L18361c138"""
"=""3d6.(3D).4p""","=""w 4D*""","=""3/2""","=""""","=""8.9918996""","=""""","=""0.0000004""","=""0.0117644""","=""""","=""  69                                  :    16  3d6.(3D).4p             4P*   ""","=""L18349,L18361c138"""
"=""3d6.(3D).4p""","=""w 4D*""","=""5/2""","=""""","=""9.0036704""","=""""","=""0.0000004""","=""0.0117708""","=""""","=""  77                                  :     7  3d6.(3D).4p             4F*   ""","=""L18349,L18361c138"""
"=""3d6.(3D).4p""","=""w 4D*""","=""7/2""","=""""","=""9.0076893""","=""""","=""0.0000004""","=""0.0040189""","=""""","=""  55                                  :    19  3d6.(3D).4p             4F*   ""","=""L18349,L18361c138"""
"=""3d6.(1G2).4p""","=""x 2F*""","=""7/2""","=""""","=""9.0528530""","=""""","=""0.0000004""","=""0.0451637""","=""""","=""  25                                  :    23  3d6.(3D).4p             4D*   ""","=""L18349,L18361c138"""
"=""3d6.(1G2).4p""","=""x 2F*""","=""5/2""","=""""","=""9.0576548""","=""""","=""0.0000004""","=""0.0048018""","=""""","=""  36  3d6.(3D).4p 2F*                 :    29  3d6.(1G2).4p            2F*   ""","=""L18349,L18361c138"""
"=""3d6.(1G2).4p""","=""w 2G*""","=""9/2""","=""""","=""9.0622072""","=""""","=""0.0000004""","=""0.0045524""","=""""","=""  57                                  :    26  3d6.(1G1).4p            2G*   ""","=""L18349,L18361c138"""
"=""3d6.(1G2).4p""","=""w 2G*""","=""7/2""","=""""","=""9.0686191""","=""""","=""0.0000004""","=""0.0064119""","=""0.91""","=""  58                                  :    27  3d6.(1G1).4p            2G*   ""","=""L18349,L18361c138"""
"=""3d6.(3D).4p""","=""y 2P*""","=""1/2""","=""""","=""9.0740710""","=""""","=""0.0000005""","=""0.0054519""","=""""","=""  73                                  :    11  3d6.(1S2).4p            2P*   ""","=""L18349,L18361c138"""
"=""3d6.(3D).4p""","=""y 2P*""","=""3/2""","=""""","=""9.0742936""","=""""","=""0.0000004""","=""0.0002226""","=""""","=""  77                                  :     9  3d6.(1S2).4p            2P*   ""","=""L18349,L18361c138"""
"=""3d5.4s2""","=""4F""","=""9/2""","=""""","=""9.0996679""","=""""","=""0.0000004""","=""0.0253743""","=""""","=""  96                                  :     2  3d5.(4F).4p2            4F    ""","=""L18349,L18361c138"""
"=""3d5.4s2""","=""4F""","=""5/2""","=""""","=""9.0999233""","=""""","=""0.0000004""","=""0.0002554""","=""""","=""  79                                  :    17  3d5.4s2                 2F1   ""","=""L18349,L18361c138"""
"=""3d5.4s2""","=""4F""","=""7/2""","=""""","=""9.1118775""","=""""","=""0.0000004""","=""0.0119542""","=""""","=""  87                                  :    10  3d5.4s2                 2F1   ""","=""L18349,L18361c138"""
"=""3d5.4s2""","=""4F""","=""3/2""","=""""","=""9.1298598""","=""""","=""0.0000004""","=""0.0179823""","=""""","=""  89                                  :     7  3d5.4s2                 2D3   ""","=""L18349,L18361c138"""
"=""3d6.(1I).4p""","=""w 2H*""","=""11/2""","=""""","=""9.1256755""","=""""","=""0.0000005""","=""-0.0041843""","=""""","=""  36                                  :    27  3d6.(1G2).4p            2H*   ""","=""L18349,L18361c138"""
"=""3d6.(1I).4p""","=""w 2H*""","=""9/2""","=""""","=""9.1439928""","=""""","=""0.0000005""","=""0.0183173""","=""""","=""  64                                  :    12  3d6.(1G1).4p            2H*   ""","=""L18349,L18361c138"""
"=""3d6.(1I).4p""","=""y 2I*""","=""13/2""","=""""","=""9.1707197""","=""""","=""0.0000004""","=""0.0267269""","=""""","=""  97                                                                         ""","=""L18349,L18361c138"""
"=""3d6.(1I).4p""","=""y 2I*""","=""11/2""","=""""","=""9.1710815""","=""""","=""0.0000005""","=""0.0003618""","=""""","=""  88                                  :     7  3d6.(1I).4p             2H*   ""","=""L18349,L18361c138"""
"=""3d6.(3D).4p""","=""x 2D*""","=""3/2""","=""""","=""9.2365863""","=""""","=""0.0000005""","=""0.0655048""","=""""","=""  90                                  :     3  3d6.(1F).4p             2D*   ""","=""L18349,L18361c138"""
"=""3d6.(3D).4p""","=""x 2D*""","=""5/2""","=""""","=""9.2500722""","=""""","=""0.0000005""","=""0.0134859""","=""""","=""  91                                  :     2  3d6.(1F).4p             2D*   ""","=""L18349,L18361c138"""
"=""3d6.(3D).4p""","=""w 2F*""","=""7/2""","=""""","=""9.3733170""","=""""","=""0.0000005""","=""0.1232448""","=""1.125""","=""  56                                  :    16  3d6.(1G2).4p            2F*   ""","=""L18349,L18361c138"""
"=""3d6.(3D).4p""","=""w 2F*""","=""5/2""","=""""","=""9.4122703""","=""""","=""0.0000004""","=""0.0389533""","=""0.844""","=""  49                                  :    22  3d6.(1G2).4p            2F*   ""","=""L18349,L18361c138"""
"=""3d6.(1S2).4p""","=""x 2P*""","=""3/2""","=""""","=""9.4388507""","=""""","=""0.0000005""","=""0.0265804""","=""1.34""","=""  37  3d6.(1D2).4p 2P*                :    30  3d6.(1S2).4p            2P*   ""","=""L18349,L18361c138"""
"=""3d6.(1S2).4p""","=""x 2P*""","=""1/2""","=""""","=""9.4943920""","=""""","=""0.0000004""","=""0.0555413""","=""""","=""  31                                  :    30  3d6.(1D2).4p            2P*   ""","=""L18349,L18361c138"""
"=""3d6.(1D2).4p""","=""v 2F*""","=""5/2""","=""""","=""9.6388708""","=""""","=""0.0000005""","=""0.1444788""","=""""","=""  60                                  :    17  3d6.(1D1).4p            2F*   ""","=""L18349,L18361c138"""
"=""3d6.(1D2).4p""","=""v 2F*""","=""7/2""","=""""","=""9.6878034""","=""""","=""0.0000005""","=""0.0489326""","=""1.13""","=""  64                                  :    18  3d6.(1D1).4p            2F*   ""","=""L18349,L18361c138"""
"=""3d6.(5D).5s""","=""e 6D""","=""9/2""","=""""","=""9.6536143""","=""""","=""0.0000004""","=""-0.0341891""","=""""","="" 100                                                                         ""","=""L18349,L18361c138"""
"=""3d6.(5D).5s""","=""e 6D""","=""7/2""","=""""","=""9.7002396""","=""""","=""0.0000004""","=""0.0466253""","=""""","=""  99                                                                         ""","=""L18349,L18361c138"""
"=""3d6.(5D).5s""","=""e 6D""","=""5/2""","=""""","=""9.7359140""","=""""","=""0.0000004""","=""0.0356744""","=""""","=""  99                                                                         ""","=""L18349,L18361c138"""
"=""3d6.(5D).5s""","=""e 6D""","=""3/2""","=""""","=""9.7607579""","=""""","=""0.0000004""","=""0.0248439""","=""""","=""  99                                                                         ""","=""L18349,L18361c138"""
"=""3d6.(5D).5s""","=""e 6D""","=""1/2""","=""""","=""9.7754140""","=""""","=""0.0000004""","=""0.0146561""","=""""","="" 100                                                                         ""","=""L18349,L18361c138"""
"=""3d5.4s2""","=""2G2""","=""7/2""","=""""","=""9.6937051""","=""""","=""0.0000005""","=""-0.0817089""","=""""","=""  97                                  :     2  3d5.(2G2).4p2           2G    ""","=""L18349,L18361c138"""
"=""3d5.4s2""","=""2G2""","=""9/2""","=""""","=""9.7423390""","=""""","=""0.0000004""","=""0.0486339""","=""""","=""  73                                  :    24  3d5.4s2                 2H    ""","=""L18349,L18361c138"""
"=""3d6.(1D2).4p""","=""w 2D*""","=""3/2""","=""""","=""9.7311656""","=""""","=""0.0000006""","=""-0.0111734""","=""""","=""  71                                  :    17  3d6.(1D1).4p            2D*   ""","=""L18349,L18361c138"""
"=""3d6.(1D2).4p""","=""w 2D*""","=""5/2""","=""""","=""9.7564232""","=""""","=""0.0000005""","=""0.0252576""","=""""","=""  68                                  :    16  3d6.(1D1).4p            2D*   ""","=""L18349,L18361c138"""
"=""3d6.(1D2).4p""","=""w 2P*""","=""1/2""","=""""","=""9.7751463""","=""""","=""0.0000010""","=""0.018723""","=""""","=""  39                                  :    28  3d6.(1S2).4p            2P*   ""","=""L18349,L18361c138"""
"=""3d6.(1D2).4p""","=""w 2P*""","=""3/2""","=""""","=""9.8249371""","=""""","=""0.0000004""","=""0.049791""","=""""","=""  32  3d6.(1S2).4p 2P*                :    30  3d6.(1D2).4p            2P*   ""","=""L18349,L18361c138"""
"=""3d5.(6S).4s.4p.(1P*)""","=""x 6P*""","=""3/2""","=""""","=""9.8252426""","=""""","=""0.0000005""","=""0.0003055""","=""""","=""  50  3d5.4s.(5S).4p 6P*              :    42  3d5.4s.(7S).4p          6P*   ""","=""L18349,L18361c138"""
"=""3d5.(6S).4s.4p.(1P*)""","=""x 6P*""","=""5/2""","=""""","=""9.8300771""","=""""","=""0.0000005""","=""0.0048345""","=""""","=""  51  3d5.4s.(5S).4p 6P*              :    42  3d5.4s.(7S).4p          6P*   ""","=""L18349,L18361c138"""
"=""3d5.(6S).4s.4p.(1P*)""","=""x 6P*""","=""7/2""","=""""","=""9.8358352""","=""""","=""0.0000005""","=""0.0057581""","=""""","=""  53  3d5.4s.(5S).4p 6P*              :    40  3d5.4s.(7S).4p          6P*   ""","=""L18349,L18361c138"""
"=""3d6.(5D).5s""","=""e 4D""","=""7/2""","=""""","=""9.8492422""","=""""","=""0.0000004""","=""0.0134070""","=""""","=""  99                                                                         ""","=""L18349,L18361c138"""
"=""3d6.(5D).5s""","=""e 4D""","=""5/2""","=""""","=""9.9045425""","=""""","=""0.0000004""","=""0.0553003""","=""""","=""  99                                                                         ""","=""L18349,L18361c138"""
"=""3d6.(5D).5s""","=""e 4D""","=""3/2""","=""""","=""9.9408057""","=""""","=""0.0000004""","=""0.0362632""","=""""","=""  99                                                                         ""","=""L18349,L18361c138"""
"=""3d6.(5D).5s""","=""e 4D""","=""1/2""","=""""","=""9.9616418""","=""""","=""0.0000004""","=""0.0208361""","=""""","="" 100                                                                         ""","=""L18349,L18361c138"""
"=""3d5.4s2""","=""2F2""","=""5/2""","=""""","=""10.1219773""","=""""","=""0.0000004""","=""0.1603355""","=""""","=""  97                                  :     2  3d5.(2F2).4p2           2F    ""","=""L18349,L18361c138"""
"=""3d5.4s2""","=""2F2""","=""7/2""","=""""","=""10.1338154""","=""""","=""0.0000004""","=""0.0118381""","=""""","=""  96                                  :     2  3d5.(2F2).4p2           2F    ""","=""L18349,L18361c138"""
"=""3d6.(5D).4d""","=""e 6F""","=""11/2""","=""""","=""10.2725501""","=""""","=""0.0000004""","=""0.1387347""","=""""","=""  98                                  :     2  3d6.(5D).4d             6G    ""","=""L18349,L18361c138"""
"=""3d6.(5D).4d""","=""e 6F""","=""9/2""","=""""","=""10.2880497""","=""""","=""0.0000004""","=""0.0154996""","=""""","=""  85                                  :    13  3d6.(5D).4d             6D    ""","=""L18349,L18361c138"""
"=""3d6.(5D).4d""","=""e 6F""","=""7/2""","=""""","=""10.3076133""","=""""","=""0.0000004""","=""0.0195636""","=""""","=""  78                                  :    18  3d6.(5D).4d             6D    ""","=""L18349,L18361c138"""
"=""3d6.(5D).4d""","=""e 6F""","=""5/2""","=""""","=""10.3289055""","=""""","=""0.0000004""","=""0.0212922""","=""""","=""  81                                  :    15  3d6.(5D).4d             6D    ""","=""L18349,L18361c138"""
"=""3d6.(5D).4d""","=""e 6F""","=""3/2""","=""""","=""10.3476866""","=""""","=""0.0000004""","=""0.0187811""","=""""","=""  90                                  :     9  3d6.(5D).4d             6D    ""","=""L18349,L18361c138"""
"=""3d6.(5D).4d""","=""e 6F""","=""1/2""","=""""","=""10.3599422""","=""""","=""0.0000004""","=""0.0122556""","=""""","=""  97                                  :     2  3d6.(5D).4d             6D    ""","=""L18349,L18361c138"""
"=""3d6.(1F).4p""","=""v 2G*""","=""7/2""","=""""","=""10.3285320""","=""""","=""0.0000005""","=""-0.0314102""","=""""","=""  92                                  :     2  3d6.(3F1).4p            2G*   ""","=""L18349,L18361c138"""
"=""3d6.(1F).4p""","=""v 2G*""","=""9/2""","=""""","=""10.3987045""","=""""","=""0.0000005""","=""0.0701725""","=""""","=""  94                                                                         ""","=""L18349,L18361c138"""
"=""3d6.(5D).4d""","=""6D""","=""7/2""","=""""","=""10.3791615""","=""""","=""0.0000004""","=""-0.0195430""","=""""","=""  45                                  :    37  3d6.(5D).4d             6P    ""","=""L18349,L18361c138"""
"=""3d6.(5D).4d""","=""6D""","=""9/2""","=""""","=""10.3807526""","=""""","=""0.0000004""","=""0.0015911""","=""""","=""  87                                  :    12  3d6.(5D).4d             6F    ""","=""L18349,L18361c138"""
"=""3d6.(5D).4d""","=""6D""","=""5/2""","=""""","=""10.3914073""","=""""","=""0.0000004""","=""0.0106547""","=""""","=""  41  3d6.(5D).4d 6P                  :    41  3d6.(5D).4d             6D    ""","=""L18349,L18361c138"""
"=""3d6.(5D).4d""","=""6D""","=""3/2""","=""""","=""10.4134460""","=""""","=""0.0000004""","=""0.0220387""","=""""","=""  63                                  :    28  3d6.(5D).4d             6P    ""","=""L18349,L18361c138"""
"=""3d6.(5D).4d""","=""6D""","=""1/2""","=""""","=""10.4309920""","=""""","=""0.0000004""","=""0.0175460""","=""""","=""  97                                  :     2  3d6.(5D).4d             6F    ""","=""L18349,L18361c138"""
"=""3d6.(1F).4p""","=""v 2D*""","=""5/2""","=""""","=""10.3983625""","=""""","=""0.0000006""","=""-0.0326295""","=""""","=""  84                                  :     4  3d6.(1D2).4p            2D*   ""","=""L18349,L18361c138"""
"=""3d6.(1F).4p""","=""v 2D*""","=""3/2""","=""""","=""10.4592796""","=""""","=""0.0000006""","=""0.0609171""","=""""","=""  87                                  :     2  3d6.(1D2).4p            2D*   ""","=""L18349,L18361c138"""
"=""3d6.(5D).4d""","=""e 6G""","=""13/2""","=""""","=""10.4190334""","=""""","=""0.0000004""","=""-0.0402462""","=""""","="" 100                                                                         ""","=""L18349,L18361c138"""
"=""3d6.(5D).4d""","=""e 6G""","=""11/2""","=""""","=""10.4514812""","=""""","=""0.0000004""","=""0.0324478""","=""1.33""","=""  91                                  :     7  3d6.(5D).4d             4G    ""","=""L18349,L18361c138"""
"=""3d6.(5D).4d""","=""e 6G""","=""9/2""","=""""","=""10.4801123""","=""""","=""0.0000004""","=""0.0286311""","=""""","=""  92                                  :     5  3d6.(5D).4d             4G    ""","=""L18349,L18361c138"""
"=""3d6.(5D).4d""","=""e 6G""","=""7/2""","=""""","=""10.5027943""","=""""","=""0.0000004""","=""0.0226820""","=""""","=""  92                                  :     3  3d6.(5D).4d             4D    ""","=""L18349,L18361c138"""
"=""3d6.(5D).4d""","=""e 6G""","=""5/2""","=""""","=""10.5194227""","=""""","=""0.0000004""","=""0.0166284""","=""""","=""  95                                  :     3  3d6.(5D).4d             4D    ""","=""L18349,L18361c138"""
"=""3d6.(5D).4d""","=""e 6G""","=""3/2""","=""""","=""10.5310027""","=""""","=""0.0000004""","=""0.0115800""","=""""","=""  99                                                                         ""","=""L18349,L18361c138"""
"=""3d6.(5D).4d""","=""6P""","=""7/2""","=""""","=""10.4477261""","=""""","=""0.0000004""","=""-0.0832766""","=""""","=""  57                                  :    34  3d6.(5D).4d             6D    ""","=""L18349,L18361c138"""
"=""3d6.(5D).4d""","=""6P""","=""5/2""","=""""","=""10.4552114""","=""""","=""0.0000004""","=""0.0074853""","=""""","=""  47                                  :    42  3d6.(5D).4d             6D    ""","=""L18349,L18361c138"""
"=""3d6.(5D).4d""","=""6P""","=""3/2""","=""""","=""10.4672943""","=""""","=""0.0000004""","=""0.0120829""","=""""","=""  70                                  :    28  3d6.(5D).4d             6D    ""","=""L18349,L18361c138"""
"=""3d6.(5D).4d""","=""f 4D""","=""7/2""","=""""","=""10.4996322""","=""""","=""0.0000004""","=""0.0323379""","=""""","=""  88                                  :     4  3d6.(5D).4d             6P    ""","=""L18349,L18361c138"""
"=""3d6.(5D).4d""","=""f 4D""","=""5/2""","=""""","=""10.5226519""","=""""","=""0.0000004""","=""0.0230197""","=""""","=""  92                                  :     3  3d6.(5D).4d             6G    ""","=""L18349,L18361c138"""
"=""3d6.(5D).4d""","=""f 4D""","=""3/2""","=""""","=""10.5446893""","=""""","=""0.0000004""","=""0.0220374""","=""""","=""  97                                                                         ""","=""L18349,L18361c138"""
"=""3d6.(5D).4d""","=""f 4D""","=""1/2""","=""""","=""10.5600846""","=""""","=""0.0000005""","=""0.0153953""","=""""","=""  99                                                                         ""","=""L18349,L18361c138"""
"=""3d6.(5D).4d""","=""e 4G""","=""11/2""","=""""","=""10.5217184""","=""""","=""0.0000004""","=""-0.0383662""","=""1.27""","=""  92                                  :     7  3d6.(5D).4d             6G    ""","=""L18349,L18361c138"""
"=""3d6.(5D).4d""","=""e 4G""","=""9/2""","=""""","=""10.5615658""","=""""","=""0.0000004""","=""0.0398474""","=""""","=""  90                                  :     5  3d6.(5D).4d             6G    ""","=""L18349,L18361c138"""
"=""3d6.(5D).4d""","=""e 4G""","=""7/2""","=""""","=""10.5960500""","=""""","=""0.0000005""","=""0.0344842""","=""""","=""  93                                  :     3  3d6.(5D).4d             4F    ""","=""L18349,L18361c138"""
"=""3d6.(5D).4d""","=""e 4G""","=""5/2""","=""""","=""10.6229357""","=""""","=""0.0000005""","=""0.0268857""","=""""","=""  96                                  :     2  3d6.(5D).4d             4F    ""","=""L18349,L18361c138"""
"=""3d6.(5D).4d""","=""6S""","=""5/2""","=""""","=""10.6000744""","=""""","=""0.0000005""","=""-0.0228613""","=""""","=""  91                                  :     8  3d6.(5D).4d             6P    ""","=""L18349,L18361c138"""
"=""3d6.(5D).4d""","=""4S""","=""3/2""","=""""","=""10.6290223""","=""""","=""0.0000005""","=""0.0289479""","=""""","=""  97                                  :     2  3d6.(5D).4d             4P    ""","=""L18349,L18361c138"""
"=""3d6.(5D).4d""","=""e 4F""","=""9/2""","=""""","=""10.6780583""","=""""","=""0.0000005""","=""0.0490360""","=""1.29""","=""  92                                  :     4  3d6.(5D).4d             4G    ""","=""L18349,L18361c138"""
"=""3d6.(5D).4d""","=""e 4F""","=""7/2""","=""""","=""10.7142644""","=""""","=""0.0000005""","=""0.0362061""","=""""","=""  90                                  :     4  3d6.(5D).4d             4G    ""","=""L18349,L18361c138"""
"=""3d6.(5D).4d""","=""e 4F""","=""5/2""","=""""","=""10.7370057""","=""""","=""0.0000005""","=""0.0227413""","=""""","=""  92                                  :     2  3d6.(5D).4d             4G    ""","=""L18349,L18361c138"""
"=""3d6.(5D).4d""","=""e 4F""","=""3/2""","=""""","=""10.7507828""","=""""","=""0.0000005""","=""0.0137771""","=""""","=""  95                                                                         ""","=""L18349,L18361c138"""
"=""3d6.(3P1).4p""","=""v 4D*""","=""1/2""","=""""","=""10.7108444""","=""""","=""0.0000017""","=""-0.039938""","=""""","=""  36  3d6.(3F1).4p 4D*                :    34  3d6.(3P1).4p            4D*   ""","=""L18349,L18361c138"""
"=""3d6.(3P1).4p""","=""v 4D*""","=""3/2""","=""""","=""10.7300763""","=""""","=""0.0000010""","=""0.019232""","=""""","=""  38  3d6.(3F1).4p 4D*                :    32  3d6.(3P1).4p            4D*   ""","=""L18349,L18361c138"""
"=""3d6.(3P1).4p""","=""v 4D*""","=""5/2""","=""""","=""10.7578131""","=""""","=""0.0000005""","=""0.027737""","=""""","=""  37  3d6.(3F1).4p 4D*                :    27  3d6.(3P1).4p            4D*   ""","=""L18349,L18361c138"""
"=""3d6.(3P1).4p""","=""v 4D*""","=""7/2""","=""""","=""10.7779047""","=""""","=""0.0000006""","=""0.0200916""","=""""","=""  43  3d6.(3F1).4p 4D*                :    23  3d6.(3P1).4p            4D*   ""","=""L18349,L18361c138"""
"=""3d6.(1F).4p""","=""u 2F*""","=""7/2""","=""""","=""10.7224709""","=""""","=""0.0000005""","=""-0.0554338""","=""""","=""  84                                  :     4  3d6.(3F1).4p            4D*   ""","=""L18349,L18361c138"""
"=""3d6.(1F).4p""","=""u 2F*""","=""5/2""","=""""","=""10.7305134""","=""""","=""0.0000006""","=""0.0080425""","=""""","=""  84                                  :     4  3d6.(3F1).4p            4D*   ""","=""L18349,L18361c138"""
"=""3d5.(4G).4s.4p.(3P*)""","=""y 6F*""","=""11/2""","=""""","=""10.8288892""","=""""","=""0.0000005""","=""0.0983758""","=""""","=""  86  3d5.4s.(5G).4p 6F*              :     6  3d5.4s.(5F).4p          6F*   ""","=""L18349,L18361c138"""
"=""3d5.(4G).4s.4p.(3P*)""","=""y 6F*""","=""9/2""","=""""","=""10.8451196""","=""""","=""0.0000005""","=""0.0162304""","=""""","=""  81  3d5.4s.(5G).4p 6F*              :     6  3d5.4s.(5F).4p          6F*   ""","=""L18349,L18361c138"""
"=""3d5.(4G).4s.4p.(3P*)""","=""y 6F*""","=""7/2""","=""""","=""10.8532849""","=""""","=""0.0000005""","=""0.0081653""","=""""","=""  70  3d5.4s.(5G).4p 6F*              :    10  3d5.4s.(5P).4p          6D*   ""","=""L18349,L18361c138"""
"=""3d5.(4G).4s.4p.(3P*)""","=""y 6F*""","=""5/2""","=""""","=""10.8576631""","=""""","=""0.0000005""","=""0.0043782""","=""""","=""  51  3d5.4s.(5G).4p 6F*              :    27  3d5.4s.(5P).4p          6D*   ""","=""L18349,L18361c138"""
"=""3d5.(4G).4s.4p.(3P*)""","=""y 6F*""","=""1/2""","=""""","=""10.8979851""","=""""","=""0.0000006""","=""0.0403220""","=""""","=""  74  3d5.4s.(5G).4p 6F*              :    10  3d5.4s.(5P).4p          6D*   ""","=""L18349,L18361c138"""
"=""3d5.(4G).4s.4p.(3P*)""","=""y 6F*""","=""3/2""","=""""","=""10.9062870""","=""""","=""0.0000005""","=""0.0083019""","=""""","=""  55  3d5.4s.(5G).4p 6F*              :    30  3d5.4s.(5P).4p          6D*   ""","=""L18349,L18361c138"""
"=""3d5.(4P).4s.4p.(3P*)""","=""6D*""","=""3/2""","=""""","=""10.8613053""","=""""","=""0.0000006""","=""-0.0449817""","=""""","=""  50  3d5.4s.(5P).4p 6D*              :    29  3d5.4s.(5G).4p          6F*   ""","=""L18349,L18361c138"""
"=""3d5.(4P).4s.4p.(3P*)""","=""6D*""","=""1/2""","=""""","=""10.865516""","=""""","=""0.000005""","=""0.004211""","=""""","=""  72  3d5.4s.(5P).4p 6D*              :    14  3d5.4s.(5D).4p          6D*   ""","=""L18349,L18361c138"""
"=""3d5.(4P).4s.4p.(3P*)""","=""6D*""","=""5/2""","=""""","=""10.9179622""","=""""","=""0.0000005""","=""0.052446""","=""""","=""  41  3d5.4s.(5P).4p 6D*              :    25  3d5.4s.(5G).4p          6F*   ""","=""L18349,L18361c138"""
"=""3d5.(4P).4s.4p.(3P*)""","=""6D*""","=""7/2""","=""""","=""10.9365793""","=""""","=""0.0000005""","=""0.0186171""","=""""","=""  61  3d5.4s.(5P).4p 6D*              :    14  3d5.4s.(5G).4p          6F*   ""","=""L18349,L18361c138"""
"=""3d5.(4P).4s.4p.(3P*)""","=""6D*""","=""9/2""","=""""","=""10.9868006""","=""""","=""0.0000005""","=""0.0502213""","=""""","=""  78  3d5.4s.(5P).4p 6D*              :    13  3d5.4s.(5D).4p          6D*   ""","=""L18349,L18361c138"""
"=""3d6.(5D).4d""","=""4P""","=""5/2""","=""""","=""10.9088324""","=""""","=""0.0000005""","=""-0.0779682""","=""""","=""  96                                                                         ""","=""L18349,L18361c138"""
"=""3d6.(5D).4d""","=""4P""","=""3/2""","=""""","=""10.9300968""","=""""","=""0.0000005""","=""0.0212644""","=""""","=""  93                                  :     2  3d6.(5D).4d             4S    ""","=""L18349,L18361c138"""
"=""3d6.(5D).4d""","=""4P""","=""1/2""","=""""","=""10.9340507""","=""""","=""0.0000005""","=""0.0039539""","=""""","=""  96                                                                         ""","=""L18349,L18361c138"""
"=""3d6.(5D).5p""","=""6D*""","=""9/2""","=""""","=""11.0002994""","=""""","=""0.0000005""","=""0.0662487""","=""""","=""  97                                                                         ""","=""L18349,L18361c138"""
"=""3d6.(5D).5p""","=""6D*""","=""7/2""","=""""","=""11.0164343""","=""""","=""0.0000005""","=""0.0161349""","=""""","=""  60                                  :    13  3d6.(5D).5p             6P*   ""","=""L18349,L18361c138"""
"=""3d6.(5D).5p""","=""6D*""","=""5/2""","=""""","=""11.0494038""","=""""","=""0.0000005""","=""0.0329695""","=""""","=""  78                                  :     7  3d5.4s.(5P).4p          6P*   ""","=""L18349,L18361c138"""
"=""3d6.(5D).5p""","=""6D*""","=""3/2""","=""""","=""11.0756571""","=""""","=""0.0000005""","=""0.0262533""","=""""","=""  89                                  :     4  3d5.4s.(5P).4p          6P*   ""","=""L18349,L18361c138"""
"=""3d6.(5D).5p""","=""6D*""","=""1/2""","=""""","=""11.0930363""","=""""","=""0.0000005""","=""0.0173792""","=""""","=""  99                                                                         ""","=""L18349,L18361c138"""
"=""3d5.(4P).4s.4p.(3P*)""","=""6P*""","=""7/2""","=""""","=""11.0505342""","=""""","=""0.0000005""","=""-0.0425021""","=""""","=""  35  3d6.(5D).5p 6D*                 :    28  3d5.4s.(5P).4p          6P*   ""","=""L18349,L18361c138"""
"=""3d5.(4P).4s.4p.(3P*)""","=""6P*""","=""5/2""","=""""","=""11.0896991""","=""""","=""0.0000005""","=""0.0391649""","=""""","=""  42  3d5.4s.(5P).4p 6P*              :    20  3d5.4s.(5D).4p          6P*   ""","=""L18349,L18361c138"""
"=""3d5.(4P).4s.4p.(3P*)""","=""6P*""","=""3/2""","=""""","=""11.1122017""","=""""","=""0.0000005""","=""0.0225026""","=""""","=""  51  3d5.4s.(5P).4p 6P*              :    20  3d5.4s.(5D).4p          6P*   ""","=""L18349,L18361c138"""
"=""3d6.(3F1).4p""","=""4G*""","=""5/2""","=""""","=""11.1247777""","=""""","=""0.0000005""","=""0.0125760""","=""""","=""  77                                  :    17  3d6.(3F2).4p            4G*   ""","=""L18349,L18361c138"""
"=""3d6.(3F1).4p""","=""4G*""","=""7/2""","=""""","=""11.1449887""","=""""","=""0.0000006""","=""0.0202110""","=""""","=""  76                                  :    17  3d6.(3F2).4p            4G*   ""","=""L18349,L18361c138"""
"=""3d6.(3F1).4p""","=""4G*""","=""9/2""","=""""","=""11.1669291""","=""""","=""0.0000005""","=""0.0219404""","=""""","=""  62  3d6.(3F1).4p 4G*                :    14  3d6.(3F2).4p            4G*   ""","=""L18349,L18361c138"""
"=""3d6.(3F1).4p""","=""4G*""","=""11/2""","=""""","=""11.1848145""","=""""","=""0.0000005""","=""0.0178854""","=""""","=""  75                                  :    18  3d6.(3F2).4p            4G*   ""","=""L18349,L18361c138"""
"=""3d6.(5D).5p""","=""6F*""","=""11/2""","=""""","=""11.1491737""","=""""","=""0.0000005""","=""-0.0356408""","=""""","=""  95                                                                         ""","=""L18349,L18361c138"""
"=""3d6.(5D).5p""","=""6F*""","=""7/2""","=""""","=""11.1958510""","=""""","=""0.0000005""","=""0.0466773""","=""""","=""  40                                  :    30  3d6.(5D).5p             4F*   ""","=""L18349,L18361c138"""
"=""3d6.(5D).5p""","=""6F*""","=""9/2""","=""""","=""11.2065018""","=""""","=""0.0000005""","=""0.0106508""","=""""","=""  48  3d6.(5D).5p 6F*                 :    47  3d6.(5D).5p             4F*   ""","=""L18349,L18361c138"""
"=""3d6.(5D).5p""","=""6F*""","=""5/2""","=""""","=""11.2190607""","=""""","=""0.0000005""","=""0.0125589""","=""""","=""  81                                  :    11  3d6.(5D).5p             4F*   ""","=""L18349,L18361c138"""
"=""3d6.(5D).5p""","=""6F*""","=""3/2""","=""""","=""11.2321638""","=""""","=""0.0000005""","=""0.0131031""","=""""","=""  87                                  :     5  3d5.4s.(5D).4p          6F*   ""","=""L18349,L18361c138"""
"=""3d6.(5D).5p""","=""6F*""","=""1/2""","=""""","=""11.2389481""","=""""","=""0.0000005""","=""0.0067843""","=""""","=""  90                                  :     6  3d5.4s.(5D).4p          6F*   ""","=""L18349,L18361c138"""
"=""3d6.(5D).5p""","=""4F*""","=""9/2""","=""""","=""11.1638849""","=""""","=""0.0000005""","=""-0.0750632""","=""""","=""  41  3d6.(5D).5p 4F*                 :    36  3d6.(5D).5p             6F*   ""","=""L18349,L18361c138"""
"=""3d6.(5D).5p""","=""4F*""","=""7/2""","=""""","=""11.2553628""","=""""","=""0.0000005""","=""0.0914779""","=""""","=""  65                                  :    20  3d6.(5D).5p             6F*   ""","=""L18349,L18361c138"""
"=""3d6.(5D).5p""","=""4F*""","=""5/2""","=""""","=""11.2913111""","=""""","=""0.0000005""","=""0.0359483""","=""""","=""  53                                  :    22  3d6.(5D).5p             4D*   ""","=""L18349,L18361c138"""
"=""3d6.(5D).5p""","=""4F*""","=""3/2""","=""""","=""11.3084614""","=""""","=""0.0000005""","=""0.0171503""","=""""","=""  67                                  :    18  3d6.(5D).5p             4D*   ""","=""L18349,L18361c138"""
"=""3d6.(5D).5p""","=""4D*""","=""7/2""","=""""","=""11.2079078""","=""""","=""0.0000005""","=""-0.1005536""","=""""","=""  64                                  :    32  3d6.(5D).5p             6F*   ""","=""L18349,L18361c138"""
"=""3d6.(5D).5p""","=""4D*""","=""5/2""","=""""","=""11.2377818""","=""""","=""0.0000005""","=""0.0298740""","=""""","=""  68                                  :    16  3d6.(5D).5p             4P*   ""","=""L18349,L18361c138"""
"=""3d6.(5D).5p""","=""4D*""","=""3/2""","=""""","=""11.2700245""","=""""","=""0.0000005""","=""0.0322427""","=""""","=""  56  3d6.(5D).5p 4D*                 :    15  3d6.(5D).5p             4P*   ""","=""L18349,L18361c138"""
"=""3d6.(5D).5p""","=""4D*""","=""1/2""","=""""","=""11.3073311""","=""""","=""0.0000005""","=""0.0373066""","=""""","=""  92                                  :     2  3d6.(3F1).4p            4D*   ""","=""L18349,L18361c138"""
"=""3d6.(3P1).4p""","=""4S*""","=""3/2""","=""""","=""11.2366645""","=""""","=""0.0000006""","=""-0.0706666""","=""""","=""  49                                  :    23  3d6.(3P2).4p            4S*   ""","=""L18349,L18361c138"""
"=""3d6.(3P1).4p""","=""4P*""","=""1/2""","=""""","=""11.2626611""","=""""","=""0.0000005""","=""0.0259966""","=""""","=""  34                                  :    27  3d6.(5D).5p             4P*   ""","=""L18349,L18361c138"""
"=""3d6.(3P1).4p""","=""4P*""","=""5/2""","=""""","=""11.4405332""","=""""","=""0.0000005""","=""0.1778721""","=""""","=""  17                                  :    15  3d6.(3F1).4p            4F*   ""","=""L18349,L18361c138"""
"=""3d6.(5D).5p""","=""4P*""","=""5/2""","=""""","=""11.2703037""","=""""","=""0.0000005""","=""-0.1702295""","=""""","=""  48                                  :    22  3d6.(5D).5p             4F*   ""","=""L18349,L18361c138"""
"=""3d6.(5D).5p""","=""4P*""","=""3/2""","=""""","=""11.4345108""","=""""","=""0.0000005""","=""0.1642071""","=""""","=""  50                                  :    19  3d6.(3P1).4p            4P*   ""","=""L18349,L18361c138"""
"=""3d6.(5D).5p""","=""4P*""","=""1/2""","=""""","=""11.4455720""","=""""","=""0.0000005""","=""0.0110612""","=""""","=""  69                                  :    14  3d6.(3P1).4p            4P*   ""","=""L18349,L18361c138"""
"=""3d6.(3P1).5p""","=""4P*""","=""3/2""","=""""","=""11.2885412""","=""""","=""0.0000005""","=""-0.1570308""","=""""","=""  22  3d6.(5D).5p 4P*                 :    19  3d6.(5D).5p             4D*   ""","=""L18349,L18361c138"""
"=""3d6.(5D).5p""","=""w 6P*""","=""7/2""","=""""","=""11.3033835""","=""""","=""0.0000005""","=""0.0148423""","=""""","=""  71                                  :    16  3d5.4s.(5P).4p          6P*   ""","=""L18349,L18361c138"""
"=""3d6.(5D).5p""","=""w 6P*""","=""5/2""","=""""","=""11.3538714""","=""""","=""0.0000005""","=""0.0504879""","=""""","=""  74                                  :    16  3d5.4s.(5P).4p          6P*   ""","=""L18349,L18361c138"""
"=""3d6.(5D).5p""","=""w 6P*""","=""3/2""","=""""","=""11.3871409""","=""""","=""0.0000005""","=""0.0332695""","=""""","=""  74                                  :    17  3d5.4s.(5P).4p          6P*   ""","=""L18349,L18361c138"""
"=""3d5.(4D).4s.4p.(3P*)""","=""6F*""","=""1/2""","=""""","=""11.3880210""","=""""","=""0.0000005""","=""0.0008801""","=""""","=""  84  3d5.4s.(5D).4p 6F*              :    10  3d5.4s.(5G).4p          6F*   ""","=""L18349,L18361c138"""
"=""3d5.(4D).4s.4p.(3P*)""","=""6F*""","=""3/2""","=""""","=""11.3960783""","=""""","=""0.0000005""","=""0.0080573""","=""""","=""  84  3d5.4s.(5D).4p 6F*              :     9  3d5.4s.(5G).4p          6F*   ""","=""L18349,L18361c138"""
"=""3d5.(4D).4s.4p.(3P*)""","=""6F*""","=""5/2""","=""""","=""11.4088681""","=""""","=""0.0000005""","=""0.0127898""","=""""","=""  86  3d5.4s.(5D).4p 6F*              :     8  3d5.4s.(5G).4p          6F*   ""","=""L18349,L18361c138"""
"=""3d5.(4D).4s.4p.(3P*)""","=""6F*""","=""7/2""","=""""","=""11.4256589""","=""""","=""0.0000005""","=""0.0167908""","=""""","=""  85  3d5.4s.(5D).4p 6F*              :     7  3d5.4s.(5G).4p          6F*   ""","=""L18349,L18361c138"""
"=""3d5.(4D).4s.4p.(3P*)""","=""6F*""","=""9/2""","=""""","=""11.4437749""","=""""","=""0.0000005""","=""0.0181160""","=""""","=""  89  3d5.4s.(5D).4p 6F*              :     6  3d5.4s.(5G).4p          6F*   ""","=""L18349,L18361c138"""
"=""3d5.(4D).4s.4p.(3P*)""","=""6F*""","=""11/2""","=""""","=""11.4601196""","=""""","=""0.0000005""","=""0.0163447""","=""""","=""  93  3d5.4s.(5D).4p 6F*              :     5  3d5.4s.(5G).4p          6F*   ""","=""L18349,L18361c138"""
"=""3d5.(4G).4s.4p.(3P*)""","=""x 4H*""","=""7/2""","=""""","=""11.417586""","=""""","=""0.000003""","=""-0.042534""","=""""","=""  51  3d5.(4G).4s.(3G).4p 4H*         :    44  3d5.4s.(5G).4p          4H*   ""","=""L18349,L18361c138"""
"=""3d5.(4G).4s.4p.(3P*)""","=""x 4H*""","=""9/2""","=""""","=""11.4209940""","=""""","=""0.0000009""","=""0.003408""","=""""","=""  42  3d5.(4G).4s.(3G).4p 4H*         :    37  3d5.4s.(5G).4p          4H*   ""","=""L18349,L18361c138"""
"=""3d5.(4G).4s.4p.(3P*)""","=""x 4H*""","=""11/2""","=""""","=""11.4271793""","=""""","=""0.0000006""","=""0.006185""","=""""","=""  50  3d5.(4G).4s.(3G).4p 4H*         :    45  3d5.4s.(5G).4p          4H*   ""","=""L18349,L18361c138"""
"=""3d5.(4G).4s.4p.(3P*)""","=""x 4H*""","=""13/2""","=""""","=""11.4375285""","=""""","=""0.0000006""","=""0.0103492""","=""""","=""  50  3d5.(4G).4s.(3G).4p 4H*         :    47  3d5.4s.(5G).4p          4H*   ""","=""L18349,L18361c138"""
"=""3d6.(3F1).4p""","=""u 2G*""","=""9/2""","=""""","=""11.4278331""","=""""","=""0.0000005""","=""-0.0096954""","=""""","=""  30                                  :    14  3d6.(3F1).4p            4F*   ""","=""L18349,L18361c138"""
"=""3d6.(3F1).4p""","=""u 2G*""","=""7/2""","=""""","=""11.4812729""","=""""","=""0.0000005""","=""0.0534398""","=""""","=""  64                                  :    16  3d6.(3F2).4p            2G*   ""","=""L18349,L18361c138"""
"=""3d6.(3P1).4p""","=""u 2D*""","=""3/2""","=""""","=""11.4333753""","=""""","=""0.0000005""","=""-0.0478976""","=""""","=""  31  3d6.(3F1).4p 2D*                :    20  3d6.(3P1).4p            2D*   ""","=""L18349,L18361c138"""
"=""3d6.(3P1).4p""","=""u 2D*""","=""5/2""","=""""","=""11.4927646""","=""""","=""0.0000009""","=""0.059389""","=""""","=""  30  3d6.(3F1).4p 2D*                :    12  3d6.(3P1).4p            2D*   ""","=""L18349,L18361c138"""
"=""3d5.(4G).4s.4p.(3P*)""","=""v 4F*""","=""7/2""","=""""","=""11.4415681""","=""""","=""0.0000005""","=""-0.051196""","=""""","=""  28  3d5.4s.(5G).4p 4F*              :    26  3d6.(3F1).4p            4F*   ""","=""L18349,L18361c138"""
"=""3d5.(4G).4s.4p.(3P*)""","=""v 4F*""","=""5/2""","=""""","=""11.4474493""","=""""","=""0.0000005""","=""0.0058812""","=""""","=""  17  3d6.(3P1).4p 4P*                :    17  3d5.4s.(5G).4p          4F*   ""","=""L18349,L18361c138"""
"=""3d5.(4G).4s.4p.(3P*)""","=""v 4F*""","=""3/2""","=""""","=""11.4510101""","=""""","=""0.0000005""","=""0.0035608""","=""""","=""  26  3d6.(3F1).4p 4F*                :    18  3d5.4s.(5G).4p          4F*   ""","=""L18349,L18361c138"""
"=""3d5.(4G).4s.4p.(3P*)""","=""v 4F*""","=""9/2""","=""""","=""11.4594834""","=""""","=""0.0000005""","=""0.0084733""","=""""","=""  32  3d6.(3F1).4p 2G*                :    24  3d5.4s.(5G).4p          4F*   ""","=""L18349,L18361c138"""
"=""3d6.(3F1).4p""","=""4D*""","=""1/2""","=""""","=""11.4627564""","=""""","=""0.0000006""","=""0.0032730""","=""""","=""  38                                  :    25  3d6.(3P1).4p            4D*   ""","=""L18349,L18361c138"""
"=""3d6.(3F1).4p""","=""4D*""","=""3/2""","=""""","=""11.4868373""","=""""","=""0.0000005""","=""0.0240809""","=""""","=""  33                                  :    24  3d6.(3P1).4p            4D*   ""","=""L18349,L18361c138"""
"=""3d6.(3F1).4p""","=""4D*""","=""5/2""","=""""","=""11.5180460""","=""""","=""0.0000005""","=""0.0312087""","=""""","=""  19  3d6.(3F1).4p 2D*                :    18  3d6.(3F1).4p            4D*   ""","=""L18349,L18361c138"""
"=""3d6.(3F1).4p""","=""4D*""","=""7/2""","=""""","=""11.5466334""","=""""","=""0.0000007""","=""0.0285874""","=""""","=""  27  3d6.(3P1).4p 4D*                :    22  3d6.(3F1).4p            4D*   ""","=""L18349,L18361c138"""
"=""3d6.(3F1).4p""","=""u 4F*""","=""3/2""","=""""","=""11.5712658""","=""""","=""0.0000006""","=""0.0246324""","=""""","=""  33                                  :    24  3d5.(4G).4s.(3G).4p     4F*   ""","=""L18349,L18361c138"""
"=""3d6.(3F1).4p""","=""u 4F*""","=""5/2""","=""""","=""11.579555""","=""""","=""0.000004""","=""0.008289""","=""""","=""  38                                  :    20  3d5.(4G).4s.(3G).4p     4F*   ""","=""L18349,L18361c138"""
"=""3d6.(3F1).4p""","=""u 4F*""","=""9/2""","=""""","=""11.5906134""","=""""","=""0.0000007""","=""0.011058""","=""""","=""  47                                  :    18  3d6.(3F2).4p            4F*   ""","=""L18349,L18361c138"""
"=""3d6.(3F1).4p""","=""u 4F*""","=""7/2""","=""""","=""11.5909917""","=""""","=""0.0000005""","=""0.0003783""","=""""","=""  36                                  :    14  3d6.(3F2).4p            4F*   ""","=""L18349,L18361c138"""
"=""3d5.(4D).4s.4p.(3P*)""","=""6D*""","=""5/2""","=""""","=""11.6335565""","=""""","=""0.0000005""","=""0.0425648""","=""""","=""  32  3d5.4s.(5D).4p 6D*              :    18  3d5.4s.(5D).4p          6P*   ""","=""L18349,L18361c138"""
"=""3d5.(4D).4s.4p.(3P*)""","=""6D*""","=""3/2""","=""""","=""11.6347274""","=""""","=""0.0000005""","=""0.0011709""","=""""","=""  29  3d5.4s.(5D).4p 6D*              :    28  3d5.4s.(5D).4p          6P*   ""","=""L18349,L18361c138"""
"=""3d5.(4D).4s.4p.(3P*)""","=""6D*""","=""7/2""","=""""","=""11.6529591""","=""""","=""0.0000005""","=""0.0182317""","=""""","=""  59  3d5.4s.(5D).4p 6D*              :    16  3d5.4s.(5D).4p          6P*   ""","=""L18349,L18361c138"""
"=""3d5.(4D).4s.4p.(3P*)""","=""6D*""","=""1/2""","=""""","=""11.6584040""","=""""","=""0.0000005""","=""0.0054449""","=""""","=""  41  3d5.4s.(5D).4p 6D*              :    19  3d5.4s.(5P).4p          4P*   ""","=""L18349,L18361c138"""
"=""3d5.(4D).4s.4p.(3P*)""","=""6D*""","=""9/2""","=""""","=""11.6616719""","=""""","=""0.0000005""","=""0.0032679""","=""""","=""  76  3d5.4s.(5D).4p 6D*              :    15  3d5.4s.(5P).4p          6D*   ""","=""L18349,L18361c138"""
"=""3d5.(4G).4s.4p.(3P*)""","=""w 4G*""","=""5/2""","=""""","=""11.6530493""","=""""","=""0.0000005""","=""-0.0086226""","=""""","=""  59  3d5.(4G).4s.(3G).4p 4G*         :    31  3d5.4s.(5G).4p          4G*   ""","=""L18349,L18361c138"""
"=""3d5.(4G).4s.4p.(3P*)""","=""w 4G*""","=""7/2""","=""""","=""11.6636022""","=""""","=""0.0000005""","=""0.0105529""","=""""","=""  59  3d5.(4G).4s.(3G).4p 4G*         :    31  3d5.4s.(5G).4p          4G*   ""","=""L18349,L18361c138"""
"=""3d5.(4G).4s.4p.(3P*)""","=""w 4G*""","=""9/2""","=""""","=""11.6729127""","=""""","=""0.0000025""","=""0.009310""","=""""","=""  57  3d5.(4G).4s.(3G).4p 4G*         :    30  3d5.4s.(5G).4p          4G*   ""","=""L18349,L18361c138"""
"=""3d5.(4G).4s.4p.(3P*)""","=""w 4G*""","=""11/2""","=""""","=""11.6780141""","=""""","=""0.0000021""","=""0.005101""","=""""","=""  60  3d5.(4G).4s.(3G).4p 4G*         :    32  3d5.4s.(5G).4p          4G*   ""","=""L18349,L18361c138"""
"=""3d5.(4P).4s.4p.(3P*)""","=""4P*""","=""5/2""","=""""","=""11.6807228""","=""""","=""0.0000005""","=""0.002709""","=""""","=""  23  3d5.4s.(5P).4p 4P*              :    21  3d5.(4P).4s.(3P).4p     4P*   ""","=""L18349,L18361c138"""
"=""3d5.(4P).4s.4p.(3P*)""","=""4P*""","=""3/2""","=""""","=""11.7461558""","=""""","=""0.0000005""","=""0.0654330""","=""""","=""  37  3d5.4s.(5D).4p 6D*              :    10  3d5.4s.(5P).4p          4P*   ""","=""L18349,L18361c138"""
"=""3d5.(4P).4s.4p.(3P*)""","=""4P*""","=""1/2""","=""""","=""11.7636933""","=""""","=""0.0000024""","=""0.017537""","=""""","=""  37  3d5.4s.(5D).4p 6D*              :    20  3d5.4s.(5P).4p          4P*   ""","=""L18349,L18361c138"""
"=""3d5.(4D).4s.4p.(3P*)""","=""6P*""","=""5/2""","=""""","=""11.7394541""","=""""","=""0.0000005""","=""-0.024239""","=""""","=""  37  3d5.4s.(5D).4p 6D*              :    31  3d5.4s.(5D).4p          6P*   ""","=""L18349,L18361c138"""
"=""3d5.(4D).4s.4p.(3P*)""","=""6P*""","=""7/2""","=""""","=""11.7491416""","=""""","=""0.0000005""","=""0.0096875""","=""""","=""  46  3d5.4s.(5D).4p 6P*              :    28  3d5.4s.(5P).4p          6P*   ""","=""L18349,L18361c138"""
"=""3d6.(3F1).4p""","=""2D*""","=""5/2""","=""""","=""11.7413550""","=""""","=""0.0000005""","=""-0.0077866""","=""""","=""  35  3d6.(3P1).4p 2D*                :    27  3d6.(3F1).4p            2D*   ""","=""L18349,L18361c138"""
"=""3d6.(3F1).4p""","=""2F*""","=""5/2""","=""""","=""11.7842241""","=""""","=""0.0000006""","=""0.0428691""","=""""","=""  60                                  :    19  3d6.(3F2).4p            2F*   ""","=""L18349,L18361c138"""
"=""3d6.(3F1).4p""","=""2F*""","=""7/2""","=""""","=""11.7883360""","=""""","=""0.0000006""","=""0.0041119""","=""""","=""  57                                  :    19  3d6.(3F2).4p            2F*   ""","=""L18349,L18361c138"""
"=""3d5.(4P).4s.4p.(3P*)""","=""4D*""","=""1/2""","=""""","=""11.8736657""","=""""","=""0.0000009""","=""0.085330""","=""""","=""  50  3d5.(4P).4s.(3P).4p 4D*         :    35  3d5.4s.(5P).4p          4D*   ""","=""L18349,L18361c138"""
"=""3d5.(4P).4s.4p.(3P*)""","=""4D*""","=""3/2""","=""""","=""11.8849108""","=""""","=""0.0000006""","=""0.011245""","=""""","=""  49  3d5.(4P).4s.(3P).4p 4D*         :    35  3d5.4s.(5P).4p          4D*   ""","=""L18349,L18361c138"""
"=""3d5.(4P).4s.4p.(3P*)""","=""4D*""","=""5/2""","=""""","=""11.9019644""","=""""","=""0.0000006""","=""0.0170536""","=""""","=""  48  3d5.(4P).4s.(3P).4p 4D*         :    36  3d5.4s.(5P).4p          4D*   ""","=""L18349,L18361c138"""
"=""3d5.(4P).4s.4p.(3P*)""","=""4D*""","=""7/2""","=""""","=""11.9294769""","=""""","=""0.0000005""","=""0.0275125""","=""""","=""  48  3d5.(4P).4s.(3P).4p 4D*         :    39  3d5.4s.(5P).4p          4D*   ""","=""L18349,L18361c138"""
"=""3d5.(4G).4s.4p.(3P*)""","=""2H*""","=""11/2""","=""""","=""11.9101771""","=""""","=""0.0000007""","=""-0.0192998""","=""""","=""  97  3d5.(4G).4s.(3G).4p 2H*                                                ""","=""L18349,L18361c138"""
"=""3d5.(4G).4s.4p.(3P*)""","=""2H*""","=""9/2""","=""""","=""11.9321669""","=""""","=""0.0000006""","=""0.0219898""","=""""","=""  97  3d5.(4G).4s.(3G).4p 2H*                                                ""","=""L18349,L18361c138"""
"=""3d5.(4G).4s.4p.(3P*)""","=""t 2F*""","=""5/2""","=""""","=""11.9371037""","=""""","=""0.0000007""","=""0.0049368""","=""""","=""  76  3d5.(4G).4s.(3G).4p 2F*         :     8  3d6.(3F1).4p            2F*   ""","=""L18349,L18361c138"""
"=""3d5.(4G).4s.4p.(3P*)""","=""t 2F*""","=""7/2""","=""""","=""11.9466897""","=""""","=""0.0000007""","=""0.0095860""","=""""","=""  76  3d5.(4G).4s.(3G).4p 2F*         :     8  3d6.(3F1).4p            2F*   ""","=""L18349,L18361c138"""
"=""3d5.(4P).4s.4p.(3P*)""","=""2P*""","=""3/2""","=""""","=""12.0669485""","=""""","=""0.0000006""","=""0.1202588""","=""""","=""  59  3d5.(4P).4s.(3P).4p 2P*         :    16  3d5.(4D).4s.(3D).4p     2P*   ""","=""L18349,L18361c138"""
"=""3d6.(3P2).5s""","=""4P""","=""5/2""","=""""","=""12.0893786""","=""""","=""0.0000005""","=""0.0224301""","=""""","=""  61                                  :    39  3d6.(3P1).5s            4P    ""","=""L18349,L18361c138"""
"=""3d6.(3P2).5s""","=""4P""","=""3/2""","=""""","=""12.1646572""","=""""","=""0.0000005""","=""0.0752786""","=""""","=""  32                                  :    29  3d6.(3P2).5s            2P    ""","=""L18349,L18361c138"""
"=""3d6.(3P2).5s""","=""4P""","=""1/2""","=""""","=""12.2815138""","=""""","=""0.0000005""","=""0.1168566""","=""""","=""  56                                  :    35  3d6.(3P1).5s            4P    ""","=""L18349,L18361c138"""
"=""3d6.(1G1).4p""","=""2H*""","=""9/2""","=""""","=""12.1320190""","=""""","=""0.0000009""","=""-0.149495""","=""""","=""  61                                  :    34  3d6.(1G2).4p            2H*   ""","=""L18349,L18361c138"""
"=""3d6.(1G1).4p""","=""2H*""","=""11/2""","=""""","=""12.1850247""","=""""","=""0.0000005""","=""0.053006""","=""""","=""  62                                  :    34  3d6.(1G2).4p            2H*   ""","=""L18349,L18361c138"""
"=""3d6.(3H).5s""","=""e 4H""","=""13/2""","=""""","=""12.1665863""","=""""","=""0.0000005""","=""-0.0184384""","=""""","="" 100                                                                         ""","=""L18349,L18361c138"""
"=""3d6.(3H).5s""","=""e 4H""","=""11/2""","=""""","=""12.1870155""","=""""","=""0.0000005""","=""0.0204292""","=""""","=""  97                                  :     2  3d6.(3H).5s             2H    ""","=""L18349,L18361c138"""
"=""3d6.(3H).5s""","=""e 4H""","=""9/2""","=""""","=""12.2056752""","=""""","=""0.0000005""","=""0.0186597""","=""""","=""  97                                                                         ""","=""L18349,L18361c138"""
"=""3d6.(3H).5s""","=""e 4H""","=""7/2""","=""""","=""12.2209869""","=""""","=""0.0000005""","=""0.0153117""","=""""","=""  98                                                                         ""","=""L18349,L18361c138"""
"=""3d5.(4D).4s.4p.(3P*)""","=""4F*""","=""3/2""","=""""","=""12.1747693""","=""""","=""0.0000006""","=""-0.0462176""","=""""","=""  49  3d5.(4D).4s.(3D).4p 4F*         :    38  3d5.4s.(5D).4p          4F*   ""","=""L18349,L18361c138"""
"=""3d5.(4D).4s.4p.(3P*)""","=""4F*""","=""5/2""","=""""","=""12.1944232""","=""""","=""0.0000005""","=""0.0196539""","=""""","=""  48  3d5.(4D).4s.(3D).4p 4F*         :    38  3d5.4s.(5D).4p          4F*   ""","=""L18349,L18361c138"""
"=""3d5.(4D).4s.4p.(3P*)""","=""4F*""","=""7/2""","=""""","=""12.2169083""","=""""","=""0.0000005""","=""0.0224851""","=""""","=""  32  3d5.(4D).4s.(3D).4p 4F*         :    27  3d5.4s.(5D).4p          4F*   ""","=""L18349,L18361c138"""
"=""3d5.(4D).4s.4p.(3P*)""","=""4F*""","=""9/2""","=""""","=""12.2244065""","=""""","=""0.0000011""","=""0.007498""","=""""","=""  49  3d5.(4D).4s.(3D).4p 4F*         :    42  3d5.4s.(5D).4p          4F*   ""","=""L18349,L18361c138"""
"=""3d5.(4P).4s.4p.(3P*)""","=""4S*""","=""3/2""","=""""","=""12.1924024""","=""""","=""0.0000005""","=""-0.032004""","=""""","=""  54  3d5.(4P).4s.(3P).4p 4S*         :    23  3d5.4s.(5P).4p          4S*   ""","=""L18349,L18361c138"""
"=""3d5.(4D).4s.4p.(3P*)""","=""4D*""","=""7/2""","=""""","=""12.1989689""","=""""","=""0.0000009""","=""0.006566""","=""""","=""  29  3d5.(4D).4s.(3D).4p 4D*         :    28  3d5.4s.(5D).4p          4D*   ""","=""L18349,L18361c138"""
"=""3d5.(4D).4s.4p.(3P*)""","=""4D*""","=""5/2""","=""""","=""12.2130662""","=""""","=""0.0000005""","=""0.014097""","=""""","=""  42  3d5.(4D).4s.(3D).4p 4D*         :    40  3d5.4s.(5D).4p          4D*   ""","=""L18349,L18361c138"""
"=""3d5.(4D).4s.4p.(3P*)""","=""4D*""","=""3/2""","=""""","=""12.2459559""","=""""","=""0.0000022""","=""0.032890""","=""""","=""  34  3d5.(4D).4s.(3D).4p 4D*         :    33  3d5.4s.(5D).4p          4D*   ""","=""L18349,L18361c138"""
"=""3d5.(4D).4s.4p.(3P*)""","=""4D*""","=""1/2""","=""""","=""12.2753875""","=""""","=""0.0000005""","=""0.029432""","=""""","=""  32  3d5.(4D).4s.(3D).4p 4D*         :    31  3d5.4s.(5D).4p          4D*   ""","=""L18349,L18361c138"""
"=""3d6.(1G1).4p""","=""2F*""","=""7/2""","=""""","=""12.2618625""","=""""","=""0.0000010""","=""-0.013525""","=""""","=""  44                                  :    23  3d6.(1G2).4p            2F*   ""","=""L18349,L18361c138"""
"=""3d6.(3P2).5s""","=""2P""","=""3/2""","=""""","=""12.2829242""","=""""","=""0.0000005""","=""0.021062""","=""""","=""  32                                  :    30  3d6.(3P2).5s            4P    ""","=""L18349,L18361c138"""
"=""3d6.(3P2).5s""","=""2P""","=""1/2""","=""""","=""12.3887082""","=""""","=""0.0000005""","=""0.1057840""","=""""","=""  56                                  :    35  3d6.(3P1).5s            2P    ""","=""L18349,L18361c138"""
"=""3d6.(3F2).5s""","=""f 4F""","=""9/2""","=""""","=""12.3455088""","=""""","=""0.0000005""","=""-0.0431994""","=""""","=""  61                                  :    19  3d6.(3H).5s             2H    ""","=""L18349,L18361c138"""
"=""3d6.(3F2).5s""","=""f 4F""","=""7/2""","=""""","=""12.3597808""","=""""","=""0.0000005""","=""0.0142720""","=""""","=""  75                                  :    20  3d6.(3F1).5s            4F    ""","=""L18349,L18361c138"""
"=""3d6.(3F2).5s""","=""f 4F""","=""5/2""","=""""","=""12.3766049""","=""""","=""0.0000005""","=""0.0168241""","=""""","=""  78                                  :    20  3d6.(3F1).5s            4F    ""","=""L18349,L18361c138"""
"=""3d6.(3F2).5s""","=""f 4F""","=""3/2""","=""""","=""12.3883229""","=""""","=""0.0000005""","=""0.0117180""","=""""","=""  80                                  :    20  3d6.(3F1).5s            4F    ""","=""L18349,L18361c138"""
"=""3d5.(4G).4s.4p.(3P*)""","=""2G*""","=""7/2""","=""""","=""12.3532177""","=""""","=""0.0000005""","=""-0.0351052""","=""""","=""  55  3d5.(4G).4s.(3G).4p 2G*         :    21  3d6.(1G1).4p            2G*   ""","=""L18349,L18361c138"""
"=""3d5.(4G).4s.4p.(3P*)""","=""2G*""","=""9/2""","=""""","=""12.3683178""","=""""","=""0.0000012""","=""0.015100""","=""""","=""  81  3d5.(4G).4s.(3G).4p 2G*         :     9  3d6.(1G1).4p            2G*   ""","=""L18349,L18361c138"""
"=""3d6.(1G1).4p""","=""2G*""","=""9/2""","=""""","=""12.3554292""","=""""","=""0.0000019""","=""-0.012889""","=""""","=""  54                                  :    25  3d6.(1G2).4p            2G*   ""","=""L18349"""
"=""3d6.(1G1).4p""","=""2G*""","=""7/2""","=""""","=""12.3746829""","=""""","=""0.0000009""","=""0.019254""","=""""","=""  39  3d5.(4G).4s.(3G).4p 2G*         :    30  3d6.(1G1).4p            2G*   ""","=""L18349,L18361c138"""
"=""3d5.(4P).4s.4p.(3P*)""","=""2D*""","=""5/2""","=""""","=""12.448073""","=""""","=""0.000004""","=""0.073390""","=""""","=""  79  3d5.(4P).4s.(3P).4p 2D*         :     8  3d5.(4D).4s.(3D).4p     2D*   ""","=""L18349,L18361c138"""
"=""3d6.(3F2).5s""","=""e 2F""","=""7/2""","=""""","=""12.4594232""","=""""","=""0.0000005""","=""0.011350""","=""""","=""  74                                  :    21  3d6.(3F1).5s            2F    ""","=""L18349,L18361c138"""
"=""3d6.(3F2).5s""","=""e 2F""","=""5/2""","=""""","=""12.4913863""","=""""","=""0.0000005""","=""0.0319631""","=""""","=""  77                                  :    20  3d6.(3F1).5s            2F    ""","=""L18349,L18361c138"""
"=""3d5.(4D).4s.4p.(3P*)""","=""4P*""","=""1/2""","=""""","=""12.572292""","=""""","=""0.000004""","=""0.080906""","=""""","=""  42  3d5.(4D).4s.(3D).4p 4P*         :    30  3d5.4s.(5D).4p          4P*   ""","=""L18349,L18361c138"""
"=""3d5.(4D).4s.4p.(3P*)""","=""4P*""","=""3/2""","=""""","=""12.5935681""","=""""","=""0.0000019""","=""0.021276""","=""""","=""  40  3d5.(4D).4s.(3D).4p 4P*         :    28  3d5.4s.(5D).4p          4P*   ""","=""L18349,L18361c138"""
"=""3d5.(4D).4s.4p.(3P*)""","=""4P*""","=""5/2""","=""""","=""12.6099986""","=""""","=""0.0000017""","=""0.016431""","=""""","=""  38  3d5.(4D).4s.(3D).4p 4P*         :    25  3d5.4s.(5D).4p          4P*   ""","=""L18349,L18361c138"""
"=""3d6.(5D).6s""","=""6D""","=""9/2""","=""""","=""12.6090094""","=""""","=""0.0000005""","=""-0.000989""","=""""","="" 100                                                                         ""","=""L18349,L18361c138"""
"=""3d6.(5D).6s""","=""6D""","=""7/2""","=""""","=""12.6502274""","=""""","=""0.0000005""","=""0.0412180""","=""""","=""  85                                  :    15  3d6.(5D).6s             4D    ""","=""L18349,L18361c138"""
"=""3d6.(5D).6s""","=""6D""","=""5/2""","=""""","=""12.6878163""","=""""","=""0.0000005""","=""0.0375889""","=""""","=""  93                                  :     7  3d6.(5D).6s             4D    ""","=""L18349,L18361c138"""
"=""3d6.(5D).6s""","=""6D""","=""3/2""","=""""","=""12.7137971""","=""""","=""0.0000005""","=""0.0259808""","=""""","=""  97                                  :     3  3d6.(5D).6s             4D    ""","=""L18349,L18361c138"""
"=""3d6.(5D).6s""","=""6D""","=""1/2""","=""""","=""12.7290536""","=""""","=""0.0000005""","=""0.0152565""","=""""","=""  99                                                                         ""","=""L18349,L18361c138"""
"=""3d5.(2I).4s.4p.(3P*)""","=""4K*""","=""11/2""","=""""","=""12.6886004""","=""""","=""0.0000007""","=""-0.0404532""","=""""","=""  83  3d5.4s.(3I).4p 4K*              :    15  3d5.4s.(3I).4p          4I*   ""","=""L18349,L18361c138"""
"=""3d5.(2I).4s.4p.(3P*)""","=""4K*""","=""13/2""","=""""","=""12.7071549""","=""""","=""0.0000006""","=""0.0185545""","=""""","=""  73  3d5.4s.(3I).4p 4K*              :    25  3d5.4s.(3I).4p          4I*   ""","=""L18349,L18361c138"""
"=""3d6.(5D).6s""","=""4D""","=""7/2""","=""""","=""12.6953327""","=""""","=""0.0000005""","=""-0.0118222""","=""""","=""  85                                  :    15  3d6.(5D).6s             6D    ""","=""L18349,L18361c138"""
"=""3d6.(5D).6s""","=""4D""","=""5/2""","=""""","=""12.7458673""","=""""","=""0.0000005""","=""0.0505346""","=""""","=""  89                                  :     6  3d6.(5D).6s             6D    ""","=""L18349,L18361c138"""
"=""3d6.(5D).6s""","=""4D""","=""3/2""","=""""","=""12.7850548""","=""""","=""0.0000005""","=""0.0391875""","=""""","=""  96                                  :     3  3d6.(5D).6s             6D    ""","=""L18349,L18361c138"""
"=""3d6.(5D).6s""","=""4D""","=""1/2""","=""""","=""12.8033198""","=""""","=""0.0000005""","=""0.0182650""","=""""","=""  99                                                                         ""","=""L18349,L18361c138"""
"=""3d5.(4D).4s.4p.(3P*)""","=""2D*""","=""5/2""","=""""","=""12.702075""","=""""","=""0.000006""","=""-0.101245""","=""""","=""  74  3d5.(4D).4s.(3D).4p 2D*         :     9  3d5.(4P).4s.(3P).4p     2D*   ""","=""L18349,L18361c138"""
"=""3d5.(4D).4s.4p.(3P*)""","=""2D*""","=""3/2""","=""""","=""12.708840""","=""""","=""0.000006""","=""0.006765""","=""""","=""  83  3d5.(4D).4s.(3D).4p 2D*         :     8  3d5.(4F).4s.(3F).4p     2D*   ""","=""L18349,L18361c138"""
"=""3d6.(3G).5s""","=""f 4G""","=""11/2""","=""""","=""12.7189170""","=""""","=""0.0000005""","=""0.010077""","=""""","=""  98                                                                         ""","=""L18349,L18361c138"""
"=""3d6.(3G).5s""","=""f 4G""","=""9/2""","=""""","=""12.7486745""","=""""","=""0.0000005""","=""0.0297575""","=""""","=""  92                                  :     5  3d6.(3G).5s             2G    ""","=""L18349,L18361c138"""
"=""3d6.(3G).5s""","=""f 4G""","=""7/2""","=""""","=""12.7752353""","=""""","=""0.0000005""","=""0.0265608""","=""""","=""  95                                                                         ""","=""L18349,L18361c138"""
"=""3d6.(3G).5s""","=""f 4G""","=""5/2""","=""""","=""12.7917192""","=""""","=""0.0000005""","=""0.0164839""","=""""","=""  97                                                                         ""","=""L18349,L18361c138"""
"=""3d6.(5D<4>).4f""","=""2[5]*""","=""11/2""","=""""","=""12.7494678""","=""""","=""0.0000005""","=""-0.0422514""","=""""","=""  56  3d6.(5D).4f 6G*                 :    39  3d6.(5D).4f             6F*   ""","=""L18349,L18361c138"""
"=""3d6.(5D<4>).4f""","=""2[5]*""","=""9/2""","=""""","=""12.7519476""","=""""","=""0.0000005""","=""0.0024798""","=""""","=""  32  3d6.(5D).4f 6F*                 :    32  3d6.(5D).4f             6G*   ""","=""L18349,L18361c138"""
"=""3d6.(5D<4>).4f""","=""2[6]*""","=""13/2""","=""""","=""12.7505746""","=""""","=""0.0000005""","=""-0.0013730""","=""""","=""  87  3d6.(5D).4f 6G*                 :    10  3d6.(5D).4f             6H*   ""","=""L18349,L18361c138"""
"=""3d6.(5D<4>).4f""","=""2[6]*""","=""11/2""","=""""","=""12.7571589""","=""""","=""0.0000005""","=""0.0065843""","=""""","=""  76  3d6.(5D).4f 4G*                 :    14  3d6.(5D).4f             4H*   ""","=""L18349,L18361c138"""
"=""3d6.(5D<4>).4f""","=""2[4]*""","=""9/2""","=""""","=""12.7557949""","=""""","=""0.0000005""","=""-0.0013640""","=""""","=""  34  3d6.(5D).4f 4F*                 :    27  3d6.(5D).4f             4G*   ""","=""L18349,L18361c138"""
"=""3d6.(5D<4>).4f""","=""2[4]*""","=""7/2""","=""""","=""12.7563835""","=""""","=""0.0000005""","=""0.0005886""","=""""","=""  29  3d6.(5D).4f 6F*                 :    25  3d6.(5D).4f             4F*   ""","=""L18349,L18361c138"""
"=""3d6.(5D<4>).4f""","=""2[3]*""","=""7/2""","=""""","=""12.7632131""","=""""","=""0.0000005""","=""0.0068296""","=""""","=""  29  3d6.(5D).4f 4F*                 :    29  3d6.(5D).4f             6D*   ""","=""L18349,L18361c138"""
"=""3d6.(5D<4>).4f""","=""2[3]*""","=""5/2""","=""""","=""12.7644423""","=""""","=""0.0000005""","=""0.0012292""","=""""","=""  28  3d6.(5D).4f 6F*                 :    24  3d6.(5D).4f             6D*   ""","=""L18349,L18361c138"""
"=""3d5.(2I).4s.4p.(3P*)""","=""4I*""","=""11/2""","=""""","=""12.7679299""","=""""","=""0.0000025""","=""0.003488""","=""""","=""  80  3d5.4s.(3I).4p 4I*              :    16  3d5.4s.(3I).4p          4K*   ""","=""L18349,L18361c138"""
"=""3d5.(2I).4s.4p.(3P*)""","=""4I*""","=""13/2""","=""""","=""12.785375""","=""""","=""0.000012""","=""0.017445""","=""""","=""  71  3d5.4s.(3I).4p 4I*              :    26  3d5.4s.(3I).4p          4K*   ""","=""L18349,L18361c138"""
"=""3d5.(2I).4s.4p.(3P*)""","=""4I*""","=""15/2""","=""""","=""12.7991829""","=""""","=""0.0000005""","=""0.01381""","=""""","=""  67  3d5.4s.(3I).4p 4I*              :    32  3d5.4s.(3I).4p          4K*   ""","=""L18349,L18361c138"""
"=""3d6.(3P2).4d""","=""4D""","=""5/2""","=""""","=""12.7707022""","=""""","=""0.0000005""","=""-0.0284807""","=""""","=""  28                                  :    25  3d6.(3P2).4d            4P    ""","=""L18349,L18361c138"""
"=""3d6.(3P2).4d""","=""4D""","=""7/2""","=""""","=""12.7831241""","=""""","=""0.0000005""","=""0.0124219""","=""""","=""  23  3d6.(3P2).4d 4F                 :    16  3d6.(3P2).4d            4D    ""","=""L18349,L18361c138"""
"=""3d6.(3P2).4d""","=""4D""","=""1/2""","=""""","=""12.8700712""","=""""","=""0.0000005""","=""0.0869471""","=""""","=""  43                                  :    29  3d6.(3P1).4d            4D    ""","=""L18349,L18361c138"""
"=""3d6.(5D<4>).4f""","=""2[7]*""","=""13/2""","=""""","=""12.7728134""","=""""","=""0.0000005""","=""-0.0972578""","=""""","=""  87  3d6.(5D).4f 4H*                 :    12  3d6.(5D).4f             6H*   ""","=""L18349,L18361c138"""
"=""3d6.(5D<4>).4f""","=""2[7]*""","=""15/2""","=""""","=""12.7753777""","=""""","=""0.0000005""","=""0.0025643""","=""""","="" 100  3d6.(5D).4f 6H*                                                        ""","=""L18349,L18361c138"""
"=""3d6.(5D<4>).4f""","=""2[2]*""","=""5/2""","=""""","=""12.7733903""","=""""","=""0.0000005""","=""-0.0019874""","=""""","=""  26  3d6.(5D).4f 6D*                 :    25  3d6.(5D).4f             4F*   ""","=""L18349,L18361c138"""
"=""3d6.(5D<4>).4f""","=""2[2]*""","=""3/2""","=""""","=""12.7746894""","=""""","=""0.0000005""","=""0.0012991""","=""""","=""  34  3d6.(5D).4f 6D*                 :    18  3d6.(5D).4f             6F*   ""","=""L18349,L18361c138"""
"=""3d5.4s.(7S).5s""","=""8S""","=""7/2""","=""""","=""12.7821371""","=""""","=""0.0000010""","=""0.007448""","=""""","=""                                                                             ""","=""L18349"""
"=""3d6.(5D<4>).4f""","=""2[1]*""","=""3/2""","=""""","=""12.7841142""","=""""","=""0.0000005""","=""0.001977""","=""""","=""  37  3d6.(5D).4f 6P*                 :    27  3d6.(5D).4f             4D*   ""","=""L18349,L18361c138"""
"=""3d6.(5D<4>).4f""","=""2[1]*""","=""1/2""","=""""","=""12.7859594""","=""""","=""0.0000005""","=""0.0018452""","=""""","=""  49  3d6.(5D).4f 4P*                 :    23  3d6.(5D).4f             6D*   ""","=""L18349,L18361c138"""
"=""3d6.(3P2).4d""","=""4F""","=""9/2""","=""""","=""12.7908695""","=""""","=""0.0000005""","=""0.0049101""","=""""","=""  47                                  :    28  3d6.(3P1).4d            4F    ""","=""L18349,L18361c138"""
"=""3d6.(3P2).4d""","=""4F""","=""7/2""","=""""","=""12.9077394""","=""""","=""0.0000005""","=""0.1168699""","=""""","=""  33  3d6.(3H).4d 2F                  :    25  3d6.(5D).5d             4F    ""","=""L18349,L18361c138"""
"=""3d6.(3P2).4d""","=""4F""","=""5/2""","=""""","=""12.9649317""","=""""","=""0.0000005""","=""0.0571923""","=""""","=""  14  3d6.(3P2).4d 2D                 :    13  3d6.(5D).5d             4F    ""","=""L18349,L18361c138"""
"=""3d6.(3P2).4d""","=""4F""","=""3/2""","=""""","=""12.9653902""","=""""","=""0.0000005""","=""0.0004585""","=""""","=""  23  3d6.(5D).5d 4F                  :    16  3d6.(3P2).4d            4F    ""","=""L18349,L18361c138"""
"=""3d5.(4D).4s.4p.(3P*)""","=""2F*""","=""7/2""","=""""","=""12.7931471""","=""""","=""0.0000025""","=""-0.172243""","=""""","=""  91  3d5.(4D).4s.(3D).4p 2F*         :     3  3d5.(4G).4s.(3G).4p     2F*   ""","=""L18349,L18361c138"""
"=""3d5.(4D).4s.4p.(3P*)""","=""2F*""","=""5/2""","=""""","=""12.811801""","=""""","=""0.000004""","=""0.018654""","=""""","=""  88  3d5.(4D).4s.(3D).4p 2F*         :     2  3d5.(4P).4s.(3P).4p     2D*   ""","=""L18349,L18361c138"""
"=""3d6.(3P2).4d""","=""2F""","=""7/2""","=""""","=""12.7941734""","=""""","=""0.0000005""","=""-0.017628""","=""""","=""  27                                  :    24  3d6.(3P2).4d            4D    ""","=""L18349,L18361c138"""
"=""3d6.(3P2).4d""","=""2F""","=""5/2""","=""""","=""12.8444417""","=""""","=""0.0000005""","=""0.0502683""","=""""","=""  15  3d6.(3P2).4d 4F                 :    14  3d6.(3P2).4d            2F    ""","=""L18349,L18361c138"""
"=""3d6.(5D<3>).4f""","=""2[5]*""","=""11/2""","=""""","=""12.8107881""","=""""","=""0.0000005""","=""-0.0336536""","=""""","=""  51  3d6.(5D).4f 6F*                 :    27  3d6.(5D).4f             6G*   ""","=""L18349,L18361c138"""
"=""3d6.(5D<3>).4f""","=""2[5]*""","=""9/2""","=""""","=""12.8141045""","=""""","=""0.0000005""","=""0.0033164""","=""""","=""  34  3d6.(5D).4f 4F*                 :    33  3d6.(5D).4f             4G*   ""","=""L18349,L18361c138"""
"=""3d6.(5D<3>).4f""","=""2[4]*""","=""9/2""","=""""","=""12.8108465""","=""""","=""0.0000005""","=""-0.0032580""","=""""","=""  45  3d6.(5D).4f 6G*                 :    31  3d6.(5D).4f             6D*   ""","=""L18349,L18361c138"""
"=""3d6.(5D<3>).4f""","=""2[4]*""","=""7/2""","=""""","=""12.8126137""","=""""","=""0.0000005""","=""0.0017672""","=""""","=""  51  3d6.(5D).4f 6G*                 :    23  3d6.(5D).4f             6D*   ""","=""L18349,L18361c138"""
"=""3d6.(5D<3>).4f""","=""2[3]*""","=""5/2""","=""""","=""12.8156139""","=""""","=""0.0000005""","=""0.0030002""","=""""","=""  44  3d6.(5D).4f 6G*                 :    16  3d6.(5D).4f             6F*   ""","=""L18349,L18361c138"""
"=""3d6.(5D<3>).4f""","=""2[3]*""","=""7/2""","=""""","=""12.8182037""","=""""","=""0.0000005""","=""0.0025898""","=""""","=""  47  3d6.(5D).4f 4G*                 :    26  3d6.(5D).4f             4D*   ""","=""L18349,L18361c138"""
"=""3d6.(5D<3>).4f""","=""2[2]*""","=""3/2""","=""""","=""12.8188939""","=""""","=""0.0000005""","=""0.0006902""","=""""","=""  32  3d6.(5D).4f 6F*                 :    29  3d6.(5D).4f             6G*   ""","=""L18349,L18361c138"""
"=""3d6.(5D<3>).4f""","=""2[2]*""","=""5/2""","=""""","=""12.8207506""","=""""","=""0.0000005""","=""0.0018567""","=""""","=""  26  3d6.(5D).4f 4G*                 :    20  3d6.(5D).4f             4F*   ""","=""L18349,L18361c138"""
"=""3d6.(5D<3>).4f""","=""2[1]*""","=""3/2""","=""""","=""12.8221898""","=""""","=""0.0000005""","=""0.0014392""","=""""","=""  41  3d6.(5D).4f 4F*                 :    24  3d6.(5D).4f             6P*   ""","=""L18349,L18361c138"""
"=""3d6.(5D<3>).4f""","=""2[1]*""","=""1/2""","=""""","=""12.8245941""","=""""","=""0.0000005""","=""0.0024043""","=""""","=""  41  3d6.(5D).4f 6F*                 :    32  3d6.(5D).4f             4D*   ""","=""L18349,L18361c138"""
"=""3d6.(5D<3>).4f""","=""2[0]*""","=""1/2""","=""""","=""12.8222325""","=""""","=""0.0000005""","=""-0.0023616""","=""""","=""  49  3d6.(5D).4f 6D*                 :    23  3d6.(5D).4f             4P*   ""","=""L18349,L18361c138"""
"=""3d6.(5D<3>).4f""","=""2[6]*""","=""11/2""","=""""","=""12.8224715""","=""""","=""0.0000005""","=""0.0002390""","=""""","=""  54  3d6.(5D).4f 4H*                 :    26  3d6.(5D).4f             6H*   ""","=""L18349,L18361c138"""
"=""3d6.(5D<3>).4f""","=""2[6]*""","=""13/2""","=""""","=""12.8225962""","=""""","=""0.0000005""","=""0.0001247""","=""""","=""  78  3d6.(5D).4f 6H*                 :    12  3d6.(5D).4f             6G*   ""","=""L18349,L18361c138"""
"=""3d6.(3H).4d""","=""4G""","=""11/2""","=""""","=""12.8448160""","=""""","=""0.0000005""","=""0.0222198""","=""""","=""  90                                  :     5  3d6.(3F2).4d            4G    ""","=""L18349,L18361c138"""
"=""3d6.(3H).4d""","=""4G""","=""9/2""","=""""","=""12.8660067""","=""""","=""0.0000005""","=""0.0211907""","=""""","=""  81                                  :     6  3d6.(3F2).4d            4G    ""","=""L18349,L18361c138"""
"=""3d6.(3H).4d""","=""4G""","=""7/2""","=""""","=""12.8846409""","=""""","=""0.0000005""","=""0.0186342""","=""""","=""  76                                  :     7  3d6.(3F2).4d            4G    ""","=""L18349,L18361c138"""
"=""3d6.(3H).4d""","=""4G""","=""5/2""","=""""","=""12.8996498""","=""""","=""0.0000005""","=""0.0150089""","=""""","=""  68                                  :     8  3d6.(3H).4d             4F    ""","=""L18349,L18361c138"""
"=""3d6.(3G).5s""","=""e 2G""","=""9/2""","=""""","=""12.8458690""","=""""","=""0.0000005""","=""-0.0537808""","=""""","=""  92                                  :     4  3d6.(3G).5s             4G    ""","=""L18349,L18361c138"""
"=""3d6.(3G).5s""","=""e 2G""","=""7/2""","=""""","=""12.8923104""","=""""","=""0.0000005""","=""0.0464414""","=""""","=""  87                                  :     9  3d6.(3H).4d             4H    ""","=""L18349,L18361c138"""
"=""3d6.(3H).4d""","=""4H""","=""13/2""","=""""","=""12.8469422""","=""""","=""0.0000005""","=""-0.0453682""","=""""","=""  91                                  :     5  3d6.(3H).4d             4I    ""","=""L18349,L18361c138"""
"=""3d6.(3H).4d""","=""4H""","=""11/2""","=""""","=""12.8635679""","=""""","=""0.0000005""","=""0.0166257""","=""""","=""  89                                  :     6  3d6.(3H).4d             4I    ""","=""L18349,L18361c138"""
"=""3d6.(3H).4d""","=""4H""","=""9/2""","=""""","=""12.8787670""","=""""","=""0.0000005""","=""0.0151991""","=""""","=""  91                                  :     4  3d6.(3H).4d             4I    ""","=""L18349,L18361c138"""
"=""3d6.(3H).4d""","=""4H""","=""7/2""","=""""","=""12.8926628""","=""""","=""0.0000005""","=""0.0138958""","=""""","=""  82                                  :     8  3d6.(3G).5s             2G    ""","=""L18349,L18361c138"""
"=""3d6.(3H).4d""","=""4K""","=""17/2""","=""""","=""12.8503132""","=""""","=""0.0000005""","=""-0.0423496""","=""""","="" 100                                                                         ""","=""L18349,L18361c138"""
"=""3d6.(3H).4d""","=""4K""","=""15/2""","=""""","=""12.8579705""","=""""","=""0.0000005""","=""0.0076573""","=""""","=""  74                                  :    18  3d6.(3H).4d             4I    ""","=""L18349,L18361c138"""
"=""3d6.(3H).4d""","=""4K""","=""13/2""","=""""","=""12.8735344""","=""""","=""0.0000005""","=""0.0155639""","=""""","=""  68                                  :    22  3d6.(3H).4d             4I    ""","=""L18349,L18361c138"""
"=""3d6.(3H).4d""","=""4K""","=""11/2""","=""""","=""12.8911060""","=""""","=""0.0000005""","=""0.0175716""","=""""","=""  69                                  :    23  3d6.(3H).4d             4I    ""","=""L18349,L18361c138"""
"=""3d6.(5D<2>).4f""","=""2[2]*""","=""3/2""","=""""","=""12.8503740""","=""""","=""0.0000005""","=""-0.0407320""","=""""","=""  51  3d6.(5D).4f 6G*                 :    18  3d6.(5D).4f             4F*   ""","=""L18349,L18361c138"""
"=""3d6.(5D<2>).4f""","=""2[2]*""","=""5/2""","=""""","=""12.8523307""","=""""","=""0.0000005""","=""0.0019567""","=""""","=""  35  3d6.(5D).4f 6G*                 :    17  3d6.(5D).4f             6P*   ""","=""L18349,L18361c138"""
"=""3d6.(5D<2>).4f""","=""2[1]*""","=""3/2""","=""""","=""12.8532884""","=""""","=""0.0000005""","=""0.0009577""","=""""","=""  30  3d6.(5D).4f 6D*                 :    28  3d6.(5D).4f             6F*   ""","=""L18349,L18361c138"""
"=""3d6.(5D<2>).4f""","=""2[1]*""","=""1/2""","=""""","=""12.8542212""","=""""","=""0.0000005""","=""0.0009328""","=""""","=""  40  3d6.(5D).4f 4D*                 :    31  3d6.(5D).4f             6F*   ""","=""L18349,L18361c138"""
"=""3d6.(5D<2>).4f""","=""2[3]*""","=""7/2""","=""""","=""12.8542909""","=""""","=""0.0000005""","=""0.0000697""","=""""","=""  33  3d6.(5D).4f 6F*                 :    19  3d6.(5D).4f             6G*   ""","=""L18349,L18361c138"""
"=""3d6.(5D<2>).4f""","=""2[3]*""","=""5/2""","=""""","=""12.8569773""","=""""","=""0.0000005""","=""0.0026864""","=""""","=""  41  3d6.(5D).4f 4G*                 :    20  3d6.(5D).4f             4F*   ""","=""L18349,L18361c138"""
"=""3d6.(5D<2>).4f""","=""2[5]*""","=""9/2""","=""""","=""12.8547671""","=""""","=""0.0000005""","=""-0.0022102""","=""""","=""  31  3d6.(5D).4f 6D*                 :    30  3d6.(5D).4f             4H*   ""","=""L18349,L18361c138"""
"=""3d6.(5D<2>).4f""","=""2[5]*""","=""11/2""","=""""","=""12.8560572""","=""""","=""0.0000005""","=""0.0012901""","=""""","=""  60  3d6.(5D).4f 6H*                 :    19  3d6.(5D).4f             4H*   ""","=""L18349,L18361c138"""
"=""3d6.(5D).5d""","=""4F""","=""9/2""","=""""","=""12.8550633""","=""""","=""0.0000005""","=""-0.0009939""","=""""","=""  58                                  :    28  3d6.(3H).4d             4F    ""","=""L18349,L18361c138"""
"=""3d6.(5D).5d""","=""4F""","=""7/2""","=""""","=""12.8713640""","=""""","=""0.0000005""","=""0.0163007""","=""""","=""  42  3d6.(3H).4d 4F                  :    27  3d6.(5D).5d             4F    ""","=""L18349,L18361c138"""
"=""3d6.(5D).5d""","=""4F""","=""5/2""","=""""","=""12.8973225""","=""""","=""0.0000005""","=""0.0259585""","=""""","=""  29  3d6.(3H).4d 4F                  :    23  3d6.(3H).4d             2F    ""","=""L18349,L18361c138"""
"=""3d6.(5D).5d""","=""4F""","=""3/2""","=""""","=""13.2472961""","=""""","=""0.0000005""","=""0.3499736""","=""""","=""  33  3d6.(3G).4d 4F                  :    14  3d6.(3H).4d             4F    ""","=""L18349,L18361c138"""
"=""3d6.(5D<2>).4f""","=""2[4]*""","=""9/2""","=""""","=""12.8573818""","=""""","=""0.0000005""","=""-0.3899143""","=""""","=""  40  3d6.(5D).4f 6H*                 :    20  3d6.(5D).4f             4G*   ""","=""L18349,L18361c138"""
"=""3d6.(5D<2>).4f""","=""2[4]*""","=""7/2""","=""""","=""12.8586008""","=""""","=""0.0000005""","=""0.0012190""","=""""","=""  40  3d6.(5D).4f 4D*                 :    26  3d6.(5D).4f             4F*   ""","=""L18349,L18361c138"""
"=""3d6.(5D<1>).4f""","=""2[2]*""","=""5/2""","=""""","=""12.8767266""","=""""","=""0.0000005""","=""0.0181258""","=""""","=""  31  3d6.(5D).4f 6D*                 :    24  3d6.(5D).4f             6P*   ""","=""L18349,L18361c138"""
"=""3d6.(5D<1>).4f""","=""2[2]*""","=""3/2""","=""""","=""12.8781204""","=""""","=""0.0000005""","=""0.0013938""","=""""","=""  37  3d6.(5D).4f 4D*                 :    30  3d6.(5D).4f             4P*   ""","=""L18349,L18361c138"""
"=""3d6.(5D<1>).4f""","=""2[4]*""","=""9/2""","=""""","=""12.8787396""","=""""","=""0.0000005""","=""0.0006192""","=""""","=""  46  3d6.(5D).4f 6H*                 :    29  3d6.(5D).4f             4H*   ""","=""L18349,L18361c138"""
"=""3d6.(5D<1>).4f""","=""2[4]*""","=""7/2""","=""""","=""12.8798182""","=""""","=""0.0000005""","=""0.0010786""","=""""","=""  37  3d6.(5D).4f 6H*                 :    31  3d6.(5D).4f             4H*   ""","=""L18349,L18361c138"""
"=""3d6.(3H).4d""","=""4I""","=""15/2""","=""""","=""12.8792764""","=""""","=""0.0000005""","=""-0.0005418""","=""""","=""  70                                  :    21  3d6.(3H).4d             2K    ""","=""L18349,L18361c138"""
"=""3d6.(3H).4d""","=""4I""","=""13/2""","=""""","=""12.9023740""","=""""","=""0.0000005""","=""0.0230976""","=""""","=""  66                                  :    24  3d6.(3H).4d             4K    ""","=""L18349,L18361c138"""
"=""3d6.(3H).4d""","=""4I""","=""11/2""","=""""","=""12.9159652""","=""""","=""0.0000005""","=""0.0135912""","=""""","=""  65                                  :    28  3d6.(3H).4d             4K    ""","=""L18349,L18361c138"""
"=""3d6.(3H).4d""","=""4I""","=""9/2""","=""""","=""12.9182220""","=""""","=""0.0000005""","=""0.0022568""","=""""","=""  89                                  :     3  3d6.(3H).4d             4H    ""","=""L18349,L18361c138"""
"=""3d6.(5D).5d""","=""6F""","=""11/2""","=""""","=""12.8864963""","=""""","=""0.0000005""","=""-0.0317257""","=""""","=""  94                                  :     6  3d6.(5D).5d             6G    ""","=""L18349,L18361c138"""
"=""3d6.(5D).5d""","=""6F""","=""9/2""","=""""","=""12.8882321""","=""""","=""0.0000005""","=""0.0017358""","=""""","=""  51                                  :    47  3d6.(5D).5d             6D    ""","=""L18349,L18361c138"""
"=""3d6.(5D).5d""","=""6F""","=""7/2""","=""""","=""12.9415873""","=""""","=""0.0000005""","=""0.0533552""","=""""","=""  39                                  :    35  3d6.(5D).5d             6P    ""","=""L18349,L18361c138"""
"=""3d6.(5D).5d""","=""6F""","=""5/2""","=""""","=""12.9472309""","=""""","=""0.0000005""","=""0.0056436""","=""""","=""  16                                  :    16  3d6.(5D).5d             6P    ""","=""L18349,L18361c138"""
"=""3d6.(5D).5d""","=""6F""","=""3/2""","=""""","=""12.9725199""","=""""","=""0.0000005""","=""0.0252890""","=""""","=""  48                                  :    25  3d6.(5D).5d             6P    ""","=""L18349,L18361c138"""
"=""3d5.(4P).4s.4p.(3P*)""","=""2S*""","=""1/2""","=""""","=""12.8903340""","=""""","=""0.0000014""","=""-0.082186""","=""""","=""  91  3d5.(4P).4s.(3P).4p 2S*         :     2  3d6.(3P1).4p            2S*   ""","=""L18349,L18361c138"""
"=""3d6.(5D<1>).4f""","=""2[3]*""","=""7/2""","=""""","=""12.8906141""","=""""","=""0.0000005""","=""0.000280""","=""""","=""  35  3d6.(5D).4f 6H*                 :    33  3d6.(5D).4f             4H*   ""","=""L18349,L18361c138"""
"=""3d6.(5D<1>).4f""","=""2[3]*""","=""5/2""","=""""","=""12.8928690""","=""""","=""0.0000005""","=""0.0022549""","=""""","=""  87  3d6.(5D).4f 6H*                 :     5  3d6.(5D).4f             4P*   ""","=""L18349,L18361c138"""
"=""3d6.(5D).5d""","=""6P""","=""7/2""","=""""","=""12.8944571""","=""""","=""0.0000005""","=""0.0015881""","=""""","=""  49  3d6.(5D).5d 6D                  :    24  3d6.(5D).5d             6F    ""","=""L18349,L18361c138"""
"=""3d6.(5D).5d""","=""6P""","=""5/2""","=""""","=""12.9092650""","=""""","=""0.0000005""","=""0.0148079""","=""""","=""  37  3d6.(5D).5d 6D                  :    26  3d6.(5D).5d             6P    ""","=""L18349,L18361c138"""
"=""3d6.(5D).5d""","=""6P""","=""3/2""","=""""","=""13.0013649""","=""""","=""0.0000005""","=""0.0920999""","=""""","=""  48  3d6.(5D).5d 6D                  :    23  3d6.(5D).5d             6P    ""","=""L18349,L18361c138"""
"=""3d6.(5D<0>).4f""","=""2[3]*""","=""7/2""","=""""","=""12.8972034""","=""""","=""0.0000005""","=""-0.1041615""","=""""","=""  39  3d6.(5D).4f 6P*                 :    19  3d6.(5D).4f             6D*   ""","=""L18349,L18361c138"""
"=""3d6.(5D<0>).4f""","=""2[3]*""","=""5/2""","=""""","=""12.9001119""","=""""","=""0.0000005""","=""0.0029085""","=""""","=""  54  3d6.(5D).4f 4P*                 :    26  3d6.(5D).4f             4D*   ""","=""L18349,L18361c138"""
"=""3d6.(3H).4d""","=""2K""","=""15/2""","=""""","=""12.9092025""","=""""","=""0.0000005""","=""0.0090906""","=""""","=""  73                                  :    16  3d6.(3H).4d             4K    ""","=""L18349,L18361c138"""
"=""3d6.(3H).4d""","=""2K""","=""13/2""","=""""","=""12.9334579""","=""""","=""0.0000005""","=""0.0242554""","=""""","=""  72                                  :    18  3d6.(3H).4d             2I    ""","=""L18349,L18361c138"""
"=""3d6.(3H).4d""","=""4F""","=""3/2""","=""""","=""12.9178370""","=""""","=""0.0000005""","=""-0.0156209""","=""""","=""  51  3d6.(3H).4d 4F                  :    28  3d6.(5D).5d             4F    ""","=""L18349,L18361c138"""
"=""3d6.(3H).4d""","=""4F""","=""5/2""","=""""","=""12.9572238""","=""""","=""0.0000005""","=""0.0393868""","=""""","=""  32  3d6.(5D).5d 6F                  :    16  3d6.(5D).5d             6P    ""","=""L18349,L18361c138"""
"=""3d6.(3H).4d""","=""4F""","=""7/2""","=""""","=""13.0456930""","=""""","=""0.0000005""","=""0.0884692""","=""""","=""  34  3d6.(3F2).4d 4D                 :    17  3d6.(3F2).4d            4F    ""","=""L18349,L18361c138"""
"=""3d6.(3H).4d""","=""4F""","=""9/2""","=""""","=""13.2318648""","=""""","=""0.0000005""","=""0.1861718""","=""""","=""  21  3d6.(3G).4d 4F                  :    15  3d6.(3H).4d             2H    ""","=""L18349,L18361c138"""
"=""3d6.(3H).4d""","=""2F""","=""5/2""","=""""","=""12.9203460""","=""""","=""0.0000005""","=""-0.3115188""","=""""","=""  14  3d6.(5D).5d 4F                  :    13  3d6.(3H).4d             2F    ""","=""L18349,L18361c138"""
"=""3d6.(3H).4d""","=""2F""","=""7/2""","=""""","=""12.9540682""","=""""","=""0.0000005""","=""0.0337222""","=""""","=""  14                                  :    12  3d6.(3P2).4d            2F    ""","=""L18349,L18361c138"""
"=""3d6.(5D).5d""","=""6G""","=""13/2""","=""""","=""12.9398343""","=""""","=""0.0000005""","=""-0.0142339""","=""""","="" 100                                                                         ""","=""L18349,L18361c138"""
"=""3d6.(5D).5d""","=""6G""","=""11/2""","=""""","=""12.9679155""","=""""","=""0.0000005""","=""0.0280812""","=""""","=""  61                                  :    36  3d6.(5D).5d             4G    ""","=""L18349,L18361c138"""
"=""3d6.(5D).5d""","=""6G""","=""9/2""","=""""","=""13.0020396""","=""""","=""0.0000005""","=""0.0341241""","=""""","=""  55                                  :    16  3d6.(5D).5d             4G    ""","=""L18349,L18361c138"""
"=""3d6.(5D).5d""","=""6G""","=""7/2""","=""""","=""13.0264775""","=""""","=""0.0000005""","=""0.0244379""","=""""","=""  80                                  :     9  3d6.(5D).5d             4G    ""","=""L18349,L18361c138"""
"=""3d6.(5D).5d""","=""6G""","=""5/2""","=""""","=""13.0438578""","=""""","=""0.0000005""","=""0.0173803""","=""""","=""  88                                  :     5  3d6.(5D).5d             6F    ""","=""L18349,L18361c138"""
"=""3d6.(5D).5d""","=""6G""","=""3/2""","=""""","=""13.0541176""","=""""","=""0.0000005""","=""0.0102598""","=""""","=""  89                                  :     2  3d6.(5D).5d             6F    ""","=""L18349,L18361c138"""
"=""3d6.(5D).5d""","=""6D""","=""9/2""","=""""","=""12.9453973""","=""""","=""0.0000005""","=""-0.1087203""","=""""","=""  50                                  :    40  3d6.(5D).5d             6F    ""","=""L18349,L18361c138"""
"=""3d6.(5D).5d""","=""6D""","=""3/2""","=""""","=""12.9673497""","=""""","=""0.0000005""","=""0.0219524""","=""""","=""  48                                  :    24  3d6.(5D).5d             6P    ""","=""L18349,L18361c138"""
"=""3d6.(5D).5d""","=""6D""","=""7/2""","=""""","=""12.9818165""","=""""","=""0.0000005""","=""0.0144668""","=""""","=""  35  3d6.(5D).5d 4D                  :    28  3d6.(5D).5d             6D    ""","=""L18349,L18361c138"""
"=""3d6.(5D).5d""","=""6D""","=""1/2""","=""""","=""12.9882304""","=""""","=""0.0000005""","=""0.0064139""","=""""","=""  55  3d6.(5D).5d 6F                  :    42  3d6.(5D).5d             6D    ""","=""L18349,L18361c138"""
"=""3d6.(5D).5d""","=""6D""","=""5/2""","=""""","=""12.9970358""","=""""","=""0.0000005""","=""0.0088054""","=""""","=""  42                                  :    15  3d6.(5D).5d             6P    ""","=""L18349,L18361c138"""
"=""3d5.(2D3).4s.4p.(3P*)""","=""4F*""","=""3/2""","=""""","=""12.9570132""","=""""","=""0.0000005""","=""-0.0400226""","=""""","=""  40  3d5.(2D3).4s.(3D).4p 4F*        :    35  3d5.(2F1).4s.(3F).4p    4F*   ""","=""L18349,L18361c138"""
"=""3d5.(2D3).4s.4p.(3P*)""","=""4F*""","=""9/2""","=""""","=""13.068899""","=""""","=""0.000004""","=""0.111886""","=""""","=""  40  3d5.(2D3).4s.(3D).4p 4F*        :    35  3d5.(2F1).4s.(3F).4p    4F*   ""","=""L18349,L18361c138"""
"=""3d6.(3H).4d""","=""2I""","=""13/2""","=""""","=""12.9715130""","=""""","=""0.0000005""","=""-0.097386""","=""""","=""  77                                  :    18  3d6.(3H).4d             2K    ""","=""L18349,L18361c138"""
"=""3d6.(3H).4d""","=""2I""","=""11/2""","=""""","=""12.9892615""","=""""","=""0.0000005""","=""0.0177485""","=""""","=""  80                                  :     8  3d6.(3F2).4d            4G    ""","=""L18349,L18361c138"""
"=""3d5.(2I).4s.4p.(3P*)""","=""4H*""","=""13/2""","=""""","=""12.9760803""","=""""","=""0.0000005""","=""-0.0131812""","=""""","=""  89  3d5.4s.(3I).4p 4H*                                                     ""","=""L18349,L18361c138"""
"=""3d5.(2I).4s.4p.(3P*)""","=""4H*""","=""11/2""","=""""","=""12.9956148""","=""""","=""0.0000009""","=""0.019535""","=""""","=""  87  3d5.4s.(3I).4p 4H*                                                     ""","=""L18349,L18361c138"""
"=""3d5.(2I).4s.4p.(3P*)""","=""4H*""","=""9/2""","=""""","=""13.0106179""","=""""","=""0.0000025""","=""0.015003""","=""""","=""  87  3d5.4s.(3I).4p 4H*                                                     ""","=""L18349,L18361c138"""
"=""3d5.(2I).4s.4p.(3P*)""","=""4H*""","=""7/2""","=""""","=""13.0218790""","=""""","=""0.0000005""","=""0.011261""","=""""","=""  88  3d5.4s.(3I).4p 4H*              :     4  3d5.(2G2).4s.(3G).4p    4H*   ""","=""L18349,L18361c138"""
"=""3d6.(3P2).4d""","=""2P""","=""1/2""","=""""","=""12.9856663""","=""""","=""0.0000005""","=""-0.0362127""","=""""","=""  36                                  :    21  3d6.(3P1).4d            2P    ""","=""L18349,L18361c138"""
"=""3d6.(3P2).4d""","=""2P""","=""3/2""","=""""","=""13.0576934""","=""""","=""0.0000005""","=""0.0720271""","=""""","=""  47  3d6.(3F2).4d 4D                 :    12  3d6.(3F1).4d            4D    ""","=""L18349,L18361c138"""
"=""3d6.(3F2).4d""","=""4P""","=""5/2""","=""""","=""12.9859880""","=""""","=""0.0000005""","=""-0.0717054""","=""""","=""  23  3d6.(5D).5d 4D                  :    23  3d6.(5D).5d             4P    ""","=""L18349,L18361c138"""
"=""3d6.(3F2).4d""","=""4P""","=""3/2""","=""""","=""12.9985021""","=""""","=""0.0000005""","=""0.0125141""","=""""","=""  34  3d6.(5D).5d 4P                  :    19  3d6.(5D).5d             4D    ""","=""L18349,L18361c138"""
"=""3d6.(3F2).4d""","=""4P""","=""1/2""","=""""","=""13.0290363""","=""""","=""0.0000005""","=""0.0305342""","=""""","=""  40  3d6.(5D).5d 4P                  :    30  3d6.(5D).5d             4D    ""","=""L18349,L18361c138"""
"=""3d6.(3H).4d""","=""2G""","=""9/2""","=""""","=""12.9944385""","=""""","=""0.0000005""","=""-0.0345978""","=""""","=""  64                                  :     9  3d6.(3F2).4d            2G    ""","=""L18349,L18361c138"""
"=""3d6.(3H).4d""","=""2G""","=""7/2""","=""""","=""13.0335915""","=""""","=""0.0000005""","=""0.0391530""","=""""","=""  48                                  :     8  3d6.(3F2).4d            4G    ""","=""L18349,L18361c138"""
"=""3d6.(5D).5d""","=""4G""","=""11/2""","=""""","=""13.0014086""","=""""","=""0.0000005""","=""-0.0321829""","=""""","=""  63                                  :    33  3d6.(5D).5d             6G    ""","=""L18349,L18361c138"""
"=""3d6.(5D).5d""","=""4G""","=""9/2""","=""""","=""13.0445113""","=""""","=""0.0000005""","=""0.0431027""","=""""","=""  73                                  :    14  3d6.(5D).5d             6G    ""","=""L18349,L18361c138"""
"=""3d6.(5D).5d""","=""4G""","=""7/2""","=""""","=""13.0740788""","=""""","=""0.0000005""","=""0.0295675""","=""""","=""  86                                  :     7  3d6.(5D).5d             6G    ""","=""L18349,L18361c138"""
"=""3d6.(5D).5d""","=""4G""","=""5/2""","=""""","=""13.0965456""","=""""","=""0.0000005""","=""0.0224668""","=""""","=""  94                                  :     3  3d6.(5D).5d             6G    ""","=""L18349,L18361c138"""
"=""3d6.(5D).5d""","=""4D""","=""7/2""","=""""","=""13.0026236""","=""""","=""0.0000005""","=""-0.0939220""","=""""","=""  50                                  :    18  3d6.(5D).5d             6D    ""","=""L18349,L18361c138"""
"=""3d6.(5D).5d""","=""4D""","=""5/2""","=""""","=""13.0341827""","=""""","=""0.0000005""","=""0.0315591""","=""""","=""  42                                  :    15  3d6.(3F2).4d            4D    ""","=""L18349,L18361c138"""
"=""3d6.(5D).5d""","=""4D""","=""3/2""","=""""","=""13.0468933""","=""""","=""0.0000005""","=""0.0127106""","=""""","=""  60                                  :     8  3d6.(5D).5d             4S    ""","=""L18349,L18361c138"""
"=""3d6.(3F2).4d""","=""4F""","=""9/2""","=""""","=""13.0079946""","=""""","=""0.0000005""","=""-0.0388987""","=""""","=""  35  3d6.(3F2).4d 4F                 :    18  3d6.(5D).5d             6G    ""","=""L18349,L18361c138"""
"=""3d6.(3F2).4d""","=""4F""","=""3/2""","=""""","=""13.0825823""","=""""","=""0.0000005""","=""0.0745877""","=""""","=""  20  3d6.(3F2).4d 4F                 :    10  3d6.(3F2).4d            4D    ""","=""L18349,L18361c138"""
"=""3d6.(3F2).4d""","=""4F""","=""7/2""","=""""","=""13.2374489""","=""""","=""0.0000005""","=""0.1548666""","=""""","=""  39  3d6.(3F2).4d 2G                 :    13  3d6.(3G).4d             4F    ""","=""L18349,L18361c138"""
"=""3d6.(3F2).4d""","=""4F""","=""5/2""","=""""","=""13.2497908""","=""""","=""0.0000005""","=""0.0123419""","=""""","=""  28  3d6.(3G).4d 4F                  :    15  3d6.(3H).4d             4F    ""","=""L18349,L18361c138"""
"=""3d6.(3F2).4d""","=""4D""","=""7/2""","=""""","=""13.0175819""","=""""","=""0.0000005""","=""-0.2322089""","=""""","=""  31                                  :    25  3d6.(3H).4d             2G    ""","=""L18349,L18361c138"""
"=""3d6.(3F2).4d""","=""4D""","=""5/2""","=""""","=""13.0653835""","=""""","=""0.0000005""","=""0.0478016""","=""""","=""  30  3d6.(3F2).4d 4G                 :    24  3d6.(3F2).4d            4D    ""","=""L18349,L18361c138"""
"=""3d6.(3F2).4d""","=""4D""","=""3/2""","=""""","=""13.0754025""","=""""","=""0.0000005""","=""0.0100190""","=""""","=""  27  3d6.(3F2).4d 4F                 :    13  3d6.(3F2).4d            4D    ""","=""L18349,L18361c138"""
"=""3d6.(3F2).4d""","=""4D""","=""1/2""","=""""","=""13.0775959""","=""""","=""0.0000006""","=""0.0021934""","=""""","=""  78                                  :    20  3d6.(3F1).4d            4D    ""","=""L18349,L18361c138"""
"=""3d6.(3F2).4d""","=""4G""","=""11/2""","=""""","=""13.0262214""","=""""","=""0.0000005""","=""-0.0513745""","=""""","=""  57                                  :    18  3d6.(3F1).4d            4G    ""","=""L18349,L18361c138"""
"=""3d6.(3F2).4d""","=""4G""","=""9/2""","=""""","=""13.0375699""","=""""","=""0.0000005""","=""0.0113485""","=""""","=""  55                                  :    17  3d6.(3F1).4d            4G    ""","=""L18349,L18361c138"""
"=""3d6.(3F2).4d""","=""4G""","=""7/2""","=""""","=""13.0544220""","=""""","=""0.0000005""","=""0.0168521""","=""""","=""  51                                  :    15  3d6.(3F1).4d            4G    ""","=""L18349,L18361c138"""
"=""3d6.(3F2).4d""","=""4G""","=""5/2""","=""""","=""13.0696934""","=""""","=""0.0000005""","=""0.0152714""","=""""","=""  27                                  :    20  3d6.(3F2).4d            4F    ""","=""L18349,L18361c138"""
"=""3d6.(3P2).4d""","=""4P""","=""5/2""","=""""","=""13.0473836""","=""""","=""0.0000005""","=""-0.0223098""","=""""","=""  11  3d6.(3P2).4d 2F                 :    11  3d6.(3F2).4d            4D    ""","=""L18349,L18361c138"""
"=""3d6.(3P2).4d""","=""2D""","=""5/2""","=""""","=""13.0479501""","=""""","=""0.0000005""","=""0.0005665""","=""""","=""  19  3d6.(3F2).4d 4D                 :    17  3d6.(3F2).4d            4F    ""","=""L18349,L18361c138"""
"=""3d6.(3F2).4d""","=""4H""","=""13/2""","=""""","=""13.0541566""","=""""","=""0.0000005""","=""0.0062065""","=""""","=""  73                                  :    20  3d6.(3F1).4d            4H    ""","=""L18349,L18361c138"""
"=""3d6.(3F2).4d""","=""4H""","=""11/2""","=""""","=""13.0677952""","=""""","=""0.0000005""","=""0.0136386""","=""""","=""  64                                  :    17  3d6.(3F1).4d            4H    ""","=""L18349,L18361c138"""
"=""3d6.(3F2).4d""","=""4H""","=""9/2""","=""""","=""13.0833683""","=""""","=""0.0000005""","=""0.0155731""","=""""","=""  68                                  :    17  3d6.(3F1).4d            4H    ""","=""L18349,L18361c138"""
"=""3d6.(3F2).4d""","=""4H""","=""7/2""","=""""","=""13.0914511""","=""""","=""0.0000005""","=""0.0080828""","=""""","=""  69                                  :    17  3d6.(3F1).4d            4H    ""","=""L18349,L18361c138"""
"=""3d6.(3F2).4d""","=""2H""","=""11/2""","=""""","=""13.1129762""","=""""","=""0.0000005""","=""0.0215251""","=""""","=""  45                                  :    28  3d6.(3H).4d             2H    ""","=""L18349,L18361c138"""
"=""3d6.(3F2).4d""","=""2H""","=""9/2""","=""""","=""13.1544172""","=""""","=""0.0000005""","=""0.0414410""","=""""","=""  54  3d6.(3F2).4d 2H                 :    22  3d6.(3H).4d             2H    ""","=""L18349,L18361c138"""
"=""3d6.(3F2).4d""","=""2F""","=""7/2""","=""""","=""13.1144927""","=""""","=""0.0000005""","=""-0.0399245""","=""""","=""  59                                  :    18  3d6.(3F1).4d            2F    ""","=""L18349,L18361c138"""
"=""3d6.(3F2).4d""","=""2F""","=""5/2""","=""""","=""13.1681849""","=""""","=""0.0000005""","=""0.0536922""","=""""","=""  58                                  :    17  3d6.(3F1).4d            2F    ""","=""L18349,L18361c138"""
"=""3d6.(3H).4d""","=""2H""","=""9/2""","=""""","=""13.1446413""","=""""","=""0.0000005""","=""-0.0235436""","=""""","=""  33  3d6.(3H).4d 2H                  :    21  3d6.(3F2).4d            2H    ""","=""L18349,L18361c138"""
"=""3d6.(3H).4d""","=""2H""","=""11/2""","=""""","=""13.1479926""","=""""","=""0.0000005""","=""0.0033513""","=""""","=""  49                                  :    24  3d6.(3F2).4d            2H    ""","=""L18349,L18361c138"""
"=""3d5.(4D).4s.4p.(3P*)""","=""2P*""","=""1/2""","=""""","=""13.1572589""","=""""","=""0.0000025""","=""0.009266""","=""""","=""  60  3d5.(4D).4s.(3D).4p 2P*         :    13  3d5.(4P).4s.(3P).4p     2P*   ""","=""L18349c137"""
"=""3d5.(4D).4s.4p.(3P*)""","=""2P*""","=""3/2""","=""""","=""13.1917210""","=""""","=""0.0000006""","=""0.034462""","=""""","=""  59  3d5.(4D).4s.(3D).4p 2P*         :    15  3d5.(4P).4s.(3P).4p     2P*   ""","=""L18349c137"""
"=""3d5.(2I).4s.4p.(3P*)""","=""2K*""","=""13/2""","=""""","=""13.1650424""","=""""","=""0.0000005""","=""-0.0266786""","=""""","=""  72  3d5.(2I).4s.(1I).4p 2K*         :    26  3d5.(2I).4s.(3I).4p     2K*   ""","=""L18349c137"""
"=""3d5.(4F).4s.4p.(3P*)""","=""6F*""","=""5/2""","=""""","=""13.1769574""","=""""","=""0.0000005""","=""0.0119150""","=""""","=""  56  3d5.4s.(5F).4p 6F*              :    17  3d5.(2D3).4s.(3D).4p    4P*   ""","=""L18349c137"""
"=""3d5.(4F).4s.4p.(3P*)""","=""6F*""","=""1/2""","=""""","=""13.2013658""","=""""","=""0.0000011""","=""0.024408""","=""""","=""  59  3d5.4s.(5F).4p 6F*              :    14  3d5.(4D).4s.(3D).4p     2P*   ""","=""L18349c137"""
"=""3d5.(4F).4s.4p.(3P*)""","=""6F*""","=""7/2""","=""""","=""13.2015978""","=""""","=""0.0000005""","=""0.000232""","=""""","=""  66  3d5.4s.(5F).4p 6F*              :     9  3d5.4s.(5F).4p          6D*   ""","=""L18349c137"""
"=""3d5.(4F).4s.4p.(3P*)""","=""6F*""","=""3/2""","=""""","=""13.2020022""","=""""","=""0.0000012""","=""0.000404""","=""""","=""  58  3d5.4s.(5F).4p 6F*              :    11  3d5.(2D3).4s.(3D).4p    4D*   ""","=""L18349c137"""
"=""3d5.(4F).4s.4p.(3P*)""","=""6F*""","=""9/2""","=""""","=""13.2197694""","=""""","=""0.0000005""","=""0.017767""","=""""","=""  59  3d5.4s.(5F).4p 6F*              :    20  3d6.(5D).6p             6D*   ""","=""L18349c137"""
"=""3d5.(4F).4s.4p.(3P*)""","=""6F*""","=""11/2""","=""""","=""13.2228468""","=""""","=""0.0000005""","=""0.0030774""","=""""","=""  66  3d5.4s.(5F).4p 6F*              :    28  3d6.(5D).6p             6F*   ""","=""L18349c137"""
"=""3d6.(5D).6p""","=""6D*""","=""9/2""","=""""","=""13.1871128""","=""""","=""0.0000005""","=""-0.0357340""","=""""","=""  67  3d6.(5D).6p 6D*                 :    17  3d5.4s.(5F).4p          6F*   ""","=""L18349c137"""
"=""3d6.(5D).6p""","=""6D*""","=""7/2""","=""""","=""13.2177775""","=""""","=""0.0000005""","=""0.0306647""","=""""","=""  63  3d6.(5D).6p 6D*                 :    11  3d6.(5D).6p             6P*   ""","=""L18349c137"""
"=""3d6.(5D).6p""","=""6D*""","=""5/2""","=""""","=""13.2432705""","=""""","=""0.0000005""","=""0.0254930""","=""""","=""  60  3d6.(5D).6p 6D*                 :     7  3d5.4s.(5F).4p          6D*   ""","=""L18349c137"""
"=""3d6.(5D).6p""","=""6D*""","=""3/2""","=""""","=""13.2717918""","=""""","=""0.0000005""","=""0.0285213""","=""""","=""  27  3d6.(5D).6p 6D*                 :    13  3d6.(5D).6p             4F*   ""","=""L18349c137"""
"=""3d6.(5D).6p""","=""6D*""","=""1/2""","=""""","=""13.3014922""","=""""","=""0.0000005""","=""0.0297004""","=""""","=""  64  3d6.(5D).6p 6D*                 :    10  3d5.(2D3).4s.(3D).4p    4D*   ""","=""L18349c137"""
"=""3d5.(6S).4p2""","=""8P""","=""5/2""","=""""","=""13.1925791""","=""""","=""0.0000006""","=""-0.1089131""","=""""","="" 100                                                                         ""","=""L18349,L18361c138"""
"=""3d5.(6S).4p2""","=""8P""","=""7/2""","=""""","=""13.2459994""","=""""","=""0.0000006""","=""0.0534203""","=""""","="" 100                                                                         ""","=""L18349,L18361c138"""
"=""3d5.(6S).4p2""","=""8P""","=""9/2""","=""""","=""13.2935582""","=""""","=""0.0000006""","=""0.0475588""","=""""","=""  99                                                                         ""","=""L18349,L18361c138"""
"=""3d5.4s.(7S).4d""","=""6D""","=""9/2""","=""""","=""13.2044447""","=""""","=""0.0000005""","=""-0.0891135""","=""""","=""  58  3d5.4s.(7S).4d 6D               :    33  3d5.(6S).4p2            6D    ""","=""L18349,L18361c138"""
"=""3d5.4s.(7S).4d""","=""6D""","=""7/2""","=""""","=""13.2068727""","=""""","=""0.0000005""","=""0.0024280""","=""""","=""  56  3d5.4s.(7S).4d 6D               :    33  3d5.(6S).4p2            6D    ""","=""L18349,L18361c138"""
"=""3d5.4s.(7S).4d""","=""6D""","=""3/2""","=""""","=""13.2207434""","=""""","=""0.0000005""","=""0.0138707""","=""""","=""  58  3d5.4s.(7S).4d 6D               :    34  3d5.(6S).4p2            6D    ""","=""L18349,L18361c138"""
"=""3d5.4s.(7S).4d""","=""6D""","=""1/2""","=""""","=""13.2212958""","=""""","=""0.0000006""","=""0.0005524""","=""""","=""  60  3d5.4s.(7S).4d 6D               :    35  3d5.(6S).4p2            6D    ""","=""L18349,L18361c138"""
"=""3d5.4s.(7S).4d""","=""6D""","=""5/2""","=""""","=""13.2235251""","=""""","=""0.0000005""","=""0.0022293""","=""""","=""  57  3d5.4s.(7S).4d 6D               :    33  3d5.(6S).4p2            6D    ""","=""L18349,L18361c138"""
"=""3d5.(2D3).4s.4p.(3P*)""","=""4P*""","=""5/2""","=""""","=""13.2157601""","=""""","=""0.0000005""","=""-0.0077650""","=""""","=""  35  3d5.(2D3).4s.(3D).4p 4P*        :    18  3d5.4s.(5F).4p          6F*   ""","=""L18349c137"""
"=""3d5.(2D3).4s.4p.(3P*)""","=""4P*""","=""3/2""","=""""","=""13.2466810""","=""""","=""0.0000012""","=""0.030921""","=""""","=""  31  3d5.(2D3).4s.(3D).4p 4P*        :    19  3d5.4s.(5F).4p          6F*   ""","=""L18349c137"""
"=""3d5.4s.(7S).5s""","=""6S""","=""5/2""","=""""","=""13.2159291""","=""""","=""0.0000005""","=""-0.030752""","=""""","=""                                                                             ""","=""L18349"""
"=""3d5.(2I).4s.4p.(3P*)""","=""2H*""","=""11/2""","=""""","=""13.2279185""","=""""","=""0.0000005""","=""0.0119894""","=""""","=""  56  3d5.(2I).4s.(1I).4p 2H*         :    25  3d5.(2I).4s.(3I).4p     2H*   ""","=""L18349c137"""
"=""3d5.(2I).4s.4p.(3P*)""","=""2H*""","=""9/2""","=""""","=""13.2671379""","=""""","=""0.0000007""","=""0.0392194""","=""""","=""  56  3d5.(2I).4s.(1I).4p 2H*         :    27  3d5.(2I).4s.(3I).4p     2H*   ""","=""L18349c137"""
"=""3d6.(5D).6p""","=""4F*""","=""9/2""","=""""","=""13.2302308""","=""""","=""0.0000005""","=""-0.0369071""","=""""","=""  77  3d6.(5D).6p 4F*                 :     5  3d6.(5D).6p             6F*   ""","=""L18349c137"""
"=""3d6.(5D).6p""","=""4F*""","=""7/2""","=""""","=""13.2868609""","=""""","=""0.0000005""","=""0.0566301""","=""""","=""  36  3d6.(5D).6p 4F*                 :    27  3d6.(5D).6p             4D*   ""","=""L18349c137"""
"=""3d6.(5D).6p""","=""4F*""","=""3/2""","=""""","=""13.3576014""","=""""","=""0.0000005""","=""0.0707405""","=""""","=""  30  3d6.(5D).6p 4P*                 :    13  3d6.(5D).6p             4F*   ""","=""L18349c137"""
"=""3d6.(5D).5d""","=""4P""","=""5/2""","=""""","=""13.2411006""","=""""","=""0.0000005""","=""-0.1165008""","=""""","=""  32                                  :    26  3d6.(3F2).4d            4P    ""","=""L18349,L18361c138"""
"=""3d6.(5D).5d""","=""4P""","=""3/2""","=""""","=""13.2744861""","=""""","=""0.0000005""","=""0.0333855""","=""""","=""  37                                  :    34  3d6.(3F2).4d            4P    ""","=""L18349,L18361c138"""
"=""3d6.(5D).5d""","=""4P""","=""1/2""","=""""","=""13.2881420""","=""""","=""0.0000005""","=""0.0136559""","=""""","=""  39  3d6.(3F2).4d 4P                 :    36  3d6.(5D).5d             4P    ""","=""L18349,L18361c138"""
"=""3d6.(5D).6p""","=""4D*""","=""7/2""","=""""","=""13.2494003""","=""""","=""0.0000005""","=""-0.0387417""","=""""","=""  27  3d6.(5D).6p 4F*                 :    20  3d6.(5D).6p             4D*   ""","=""L18349c137"""
"=""3d6.(5D).6p""","=""4D*""","=""3/2""","=""""","=""13.3281166""","=""""","=""0.0000005""","=""0.0787163""","=""""","=""  46  3d6.(5D).6p 4D*                 :    22  3d6.(5D).6p             4P*   ""","=""L18349c137"""
"=""3d6.(5D).6p""","=""4D*""","=""5/2""","=""""","=""13.3475914""","=""""","=""0.0000005""","=""0.0194748""","=""""","=""  42  3d6.(5D).6p 4D*                 :    22  3d6.(5D).6p             6P*   ""","=""L18349c137"""
"=""3d6.(5D).6p""","=""4D*""","=""1/2""","=""""","=""13.3593643""","=""""","=""0.0000005""","=""0.0117729""","=""""","=""  81  3d6.(5D).6p 4D*                 :     9  3d6.(5D).6p             4P*   ""","=""L18349c137"""
"=""3d6.(5D).6p""","=""6F*""","=""11/2""","=""""","=""13.2530078""","=""""","=""0.0000005""","=""-0.1063565""","=""""","=""  72  3d6.(5D).6p 6F*                 :    26  3d5.4s.(5F).4p          6F*   ""","=""L18349c137"""
"=""3d6.(5D).6p""","=""6F*""","=""9/2""","=""""","=""13.2933197""","=""""","=""0.0000005""","=""0.0403119""","=""""","=""  81  3d6.(5D).6p 6F*                 :     6  3d6.(5D).6p             6D*   ""","=""L18349c137"""
"=""3d6.(5D).6p""","=""6F*""","=""7/2""","=""""","=""13.3320021""","=""""","=""0.0000005""","=""0.0386824""","=""""","=""  53  3d6.(5D).6p 6F*                 :    11  3d5.(2F1).4s.(3F).4p    4G*   ""","=""L18349c137"""
"=""3d6.(5D).6p""","=""6F*""","=""5/2""","=""""","=""13.3372628""","=""""","=""0.0000005""","=""0.0052607""","=""""","=""  69  3d6.(5D).6p 6F*                 :    14  3d6.(5D).6p             6P*   ""","=""L18349c137"""
"=""3d6.(5D).6p""","=""6F*""","=""3/2""","=""""","=""13.3413354""","=""""","=""0.0000005""","=""0.0040726""","=""""","=""  75  3d6.(5D).6p 6F*                 :     4  3d6.(5D).6p             4F*   ""","=""L18349c137"""
"=""3d6.(5D).6p""","=""6F*""","=""1/2""","=""""","=""13.3559746""","=""""","=""0.0000005""","=""0.0146392""","=""""","=""  93  3d6.(5D).6p 6F*                 :     3  3d5.4s.(5F).4p          6F*   ""","=""L18349c137"""
"=""3d6.(3F2).4d""","=""2G""","=""7/2""","=""""","=""13.2539571""","=""""","=""0.0000005""","=""-0.1020175""","=""""","=""  20  3d6.(3G).4d 4F                  :    20  3d6.(3F2).4d            2G    ""","=""L18349,L18361c138"""
"=""3d6.(3F2).4d""","=""2G""","=""9/2""","=""""","=""13.2569411""","=""""","=""0.0000005""","=""0.0029840""","=""""","=""  23                                  :    12  3d6.(3G).4d             4F    ""","=""L18349,L18361c138"""
"=""3d5.(2D3).4s.4p.(3P*)""","=""4D*""","=""5/2""","=""""","=""13.2685325""","=""""","=""0.0000005""","=""0.0115914""","=""""","=""  27  3d5.(2F1).4s.(3F).4p 4G*        :     9  3d6.(5D).6p             4F*   ""","=""L18349c137"""
"=""3d5.(2D3).4s.4p.(3P*)""","=""4D*""","=""7/2""","=""""","=""13.2710671""","=""""","=""0.0000005""","=""0.0025346""","=""""","=""  33  3d6.(5D).6p 4D*                 :    18  3d5.(2D3).4s.(3D).4p    4D*   ""","=""L18349c137"""
"=""3d5.(2D3).4s.4p.(3P*)""","=""4D*""","=""1/2""","=""""","=""13.3226665""","=""""","=""0.0000005""","=""0.0515994""","=""""","=""  38  3d5.(2D3).4s.(3D).4p 4D*        :    16  3d6.(5D).6p             6D*   ""","=""L18349c137"""
"=""3d6.(5D).6p""","=""4P*""","=""5/2""","=""""","=""13.2866266""","=""""","=""0.0000005""","=""-0.0360399""","=""""","=""  23  3d5.(2F1).4s.(3F).4p 4G*        :    22  3d6.(5D).6p             4D*   ""","=""L18349c137"""
"=""3d6.(5D).6p""","=""4P*""","=""3/2""","=""""","=""13.3837539""","=""""","=""0.0000005""","=""0.0971273""","=""""","=""  32  3d6.(5D).6p 6P*                 :    15  3d5.4s.(5F).4p          6D*   ""","=""L18349c137"""
"=""3d6.(5D).6p""","=""4P*""","=""1/2""","=""""","=""13.4010394""","=""""","=""0.0000005""","=""0.0172855""","=""""","=""  52  3d6.(5D).6p 4P*                 :    26  3d5.4s.(5F).4p          6D*   ""","=""L18349c137"""
"=""3d6.(5D).6p""","=""6P*""","=""7/2""","=""""","=""13.2907474""","=""""","=""0.0000005""","=""-0.1102920""","=""""","=""  64  3d6.(5D).6p 6P*                 :    11  3d6.(5D).6p             6D*   ""","=""L18349c137"""
"=""3d6.(5D).6p""","=""6P*""","=""5/2""","=""""","=""13.3314241""","=""""","=""0.0000005""","=""0.0406767""","=""""","=""  44  3d6.(5D).6p 6P*                 :    10  3d6.(5D).6p             4P*   ""","=""L18349c137"""
"=""3d6.(5D).6p""","=""6P*""","=""3/2""","=""""","=""13.3688367""","=""""","=""0.0000005""","=""0.0374126""","=""""","=""  23  3d6.(5D).6p 6P*                 :    20  3d6.(5D).6p             4D*   ""","=""L18349c137"""
"=""3d5.(2F1).4s.4p.(3P*)""","=""4G*""","=""5/2""","=""""","=""13.3032894""","=""""","=""0.0000005""","=""-0.0655473""","=""""","=""  31  3d6.(5D).6p 4P*                 :    18  3d5.(2F1).4s.(3F).4p    4G*   ""","=""L18349c137"""
"=""3d5.(2F1).4s.4p.(3P*)""","=""4G*""","=""7/2""","=""""","=""13.3233147""","=""""","=""0.0000005""","=""0.0200253""","=""""","=""  47  3d5.(2F1).4s.(3F).4p 4G*        :    18  3d6.(5D).6p             6F*   ""","=""L18349c137"""
"=""3d5.(2F1).4s.4p.(3P*)""","=""4G*""","=""9/2""","=""""","=""13.3498919""","=""""","=""0.0000005""","=""0.0265772""","=""""","=""  64  3d5.(2F1).4s.(3F).4p 4G*        :    14  3d5.(2F1).4s.(3F).4p    4F*   ""","=""L18349c137"""
"=""3d5.(2F1).4s.4p.(3P*)""","=""4G*""","=""11/2""","=""""","=""13.3556868""","=""""","=""0.0000005""","=""0.0057949""","=""""","=""  74  3d5.(2F1).4s.(3F).4p 4G*        :     8  3d5.(4G).4s.(3G).4p     4G*   ""","=""L18349c137"""
"=""3d5.(2D1).4s.4p.(3P*)""","=""4D*""","=""5/2""","=""""","=""13.3123923""","=""""","=""0.0000005""","=""-0.0432945""","=""""","=""  39  3d6.(5D).6p 4F*                 :    19  3d5.(2D3).4s.(3D).4p    4D*   ""","=""L18349c137"""
"=""3d6.(3F2).4d""","=""2D""","=""5/2""","=""""","=""13.3168722""","=""""","=""0.0000005""","=""0.0044799""","=""""","=""  58                                  :    12  3d6.(3P2).4d            2D    ""","=""L18349,L18361c138"""
"=""3d6.(3F2).4d""","=""2D""","=""3/2""","=""""","=""13.3197144""","=""""","=""0.0000006""","=""0.0028422""","=""""","=""  51                                  :    11  3d6.(3P2).4d            2D    ""","=""L18349,L18361c138"""
"=""3d5.(2D3).4s.4p.(3P*)""","=""2D*""","=""5/2""","=""""","=""13.3566857""","=""""","=""0.0000005""","=""0.0369713""","=""""","=""  14  3d5.(2D3).4s.(1D).4p 2D*        :    13  3d5.(2D3).4s.(3D).4p    4D*   ""","=""L18349c137"""
"=""3d5.(4F).4s.4p.(3P*)""","=""6D*""","=""7/2""","=""""","=""13.3762669""","=""""","=""0.0000005""","=""0.0195812""","=""""","=""  66  3d5.4s.(5F).4p 6D*              :     9  3d5.4s.(5F).4p          6F*   ""","=""L18349c137"""
"=""3d5.(4F).4s.4p.(3P*)""","=""6D*""","=""9/2""","=""""","=""13.3861576""","=""""","=""0.0000005""","=""0.0098907""","=""""","=""  79  3d5.4s.(5F).4p 6D*              :    11  3d5.4s.(5F).4p          6F*   ""","=""L18349c137"""
"=""3d5.(4F).4s.4p.(3P*)""","=""6D*""","=""5/2""","=""""","=""13.4064786""","=""""","=""0.0000005""","=""0.0203210""","=""""","=""  46  3d5.4s.(5F).4p 6D*              :    11  3d6.(5D).6p             6D*   ""","=""L18349c137"""
"=""3d5.(4F).4s.4p.(3P*)""","=""6D*""","=""3/2""","=""""","=""13.4140853""","=""""","=""0.0000005""","=""0.0076067""","=""""","=""  39  3d5.4s.(5F).4p 6D*              :    33  3d6.(5D).6p             6P*   ""","=""L18349c137"""
"=""3d6.(3F2).4d""","=""2P""","=""3/2""","=""""","=""13.4034281""","=""""","=""0.0000006""","=""-0.0106572""","=""""","=""  33                                  :    24  3d6.(3G).4d             4D    ""","=""L18349,L18361c138"""
"=""3d6.(3G).4d""","=""4H""","=""13/2""","=""""","=""13.4068420""","=""""","=""0.0000005""","=""0.0034139""","=""""","=""  98                                                                         ""","=""L18349,L18361c138"""
"=""3d6.(3G).4d""","=""4H""","=""11/2""","=""""","=""13.4383911""","=""""","=""0.0000005""","=""0.0315491""","=""""","=""  92                                  :     3  3d6.(3G).4d             4G    ""","=""L18349,L18361c138"""
"=""3d6.(3G).4d""","=""4H""","=""9/2""","=""""","=""13.4619063""","=""""","=""0.0000005""","=""0.0235152""","=""""","=""  88                                  :     6  3d6.(3G).4d             4G    ""","=""L18349,L18361c138"""
"=""3d6.(3G).4d""","=""4H""","=""7/2""","=""""","=""13.4782508""","=""""","=""0.0000006""","=""0.0163445""","=""""","=""  92                                  :     2  3d6.(3G).4d             4G    ""","=""L18349,L18361c138"""
"=""3d6.(3G).4d""","=""4G""","=""11/2""","=""""","=""13.4128045""","=""""","=""0.0000005""","=""-0.0654463""","=""""","=""  90                                  :     3  3d6.(3G).4d             4H    ""","=""L18349,L18361c138"""
"=""3d6.(3G).4d""","=""4G""","=""9/2""","=""""","=""13.4388341""","=""""","=""0.0000005""","=""0.0260296""","=""""","=""  83                                  :     6  3d6.(3G).4d             4H    ""","=""L18349,L18361c138"""
"=""3d6.(3G).4d""","=""4G""","=""7/2""","=""""","=""13.4569502""","=""""","=""0.0000005""","=""0.0181161""","=""""","=""  83                                  :     4  3d6.(3G).4d             4D    ""","=""L18349,L18361c138"""
"=""3d6.(3G).4d""","=""4G""","=""5/2""","=""""","=""13.4664169""","=""""","=""0.0000005""","=""0.0094667""","=""""","=""  69                                  :    24  3d6.(3G).4d             4D    ""","=""L18349,L18361c138"""
"=""3d5.(2F1).4s.4p.(3P*)""","=""4F*""","=""9/2""","=""""","=""13.4172719""","=""""","=""0.0000005""","=""-0.0491450""","=""""","=""  37  3d5.(2F1).4s.(3F).4p 4F*        :    21  3d5.(2D3).4s.(3D).4p    4F*   ""","=""L18349c137"""
"=""3d5.(2F1).4s.4p.(3P*)""","=""4F*""","=""7/2""","=""""","=""13.4545970""","=""""","=""0.0000005""","=""0.0373251""","=""""","=""  23  3d5.(2F1).4s.(3F).4p 4D*        :    17  3d5.(2F1).4s.(3F).4p    4F*   ""","=""L18349c137"""
"=""3d5.(2F1).4s.4p.(3P*)""","=""4F*""","=""5/2""","=""""","=""13.4571796""","=""""","=""0.0000005""","=""0.0025826""","=""""","=""  21  3d5.(2F1).4s.(3F).4p 4F*        :    16  3d5.(2F1).4s.(3F).4p    4D*   ""","=""L18349c137"""
"=""3d5.(2F1).4s.4p.(3P*)""","=""4F*""","=""3/2""","=""""","=""13.4868634""","=""""","=""0.0000005""","=""0.0296838""","=""""","=""  21  3d5.(2F1).4s.(3F).4p 4D*        :    20  3d5.(2F1).4s.(3F).4p    4F*   ""","=""L18349c137"""
"=""3d5.(2F1).4s.4p.(3P*)""","=""4D*""","=""7/2""","=""""","=""13.4199721""","=""""","=""0.0000005""","=""-0.0668913""","=""""","=""  20  3d5.(2F1).4s.(3F).4p 4D*        :    19  3d5.(2F1).4s.(3F).4p    4F*   ""","=""L18349c137"""
"=""3d5.(2F1).4s.4p.(3P*)""","=""4D*""","=""1/2""","=""""","=""13.4886264""","=""""","=""0.0000005""","=""0.0686543""","=""""","=""  63  3d5.(2F1).4s.(3F).4p 4D*        :     6  3d6.(3P2).5p            4D*   ""","=""L18349c137"""
"=""3d5.(2F1).4s.4p.(3P*)""","=""4D*""","=""3/2""","=""""","=""13.5147266""","=""""","=""0.0000005""","=""0.0261002""","=""""","=""  27  3d5.(2F1).4s.(3F).4p 4D*        :    10  3d5.(2F1).4s.(3F).4p    4F*   ""","=""L18349c137"""
"=""3d6.(3G).4d""","=""4I""","=""15/2""","=""""","=""13.4321750""","=""""","=""0.0000005""","=""-0.0825516""","=""""","=""  98                                                                         ""","=""L18349,L18361c138"""
"=""3d6.(3G).4d""","=""4I""","=""13/2""","=""""","=""13.4478119""","=""""","=""0.0000005""","=""0.0156369""","=""""","=""  65                                  :    26  3d6.(3G).4d             2I    ""","=""L18349,L18361c138"""
"=""3d6.(3G).4d""","=""4I""","=""11/2""","=""""","=""13.4863948""","=""""","=""0.0000005""","=""0.0385829""","=""""","=""  88                                  :     5  3d6.(3G).4d             2I    ""","=""L18349,L18361c138"""
"=""3d6.(3G).4d""","=""4I""","=""9/2""","=""""","=""13.5054786""","=""""","=""0.0000006""","=""0.0190838""","=""""","=""  95                                  :     2  3d6.(3H).4d             4I    ""","=""L18349,L18361c138"""
"=""3d6.(3G).4d""","=""4D""","=""7/2""","=""""","=""13.4355903""","=""""","=""0.0000005""","=""-0.0698883""","=""""","=""  88                                  :     5  3d6.(3G).4d             4G    ""","=""L18349,L18361c138"""
"=""3d6.(3G).4d""","=""4D""","=""5/2""","=""""","=""13.4699471""","=""""","=""0.0000005""","=""0.0343568""","=""""","=""  62                                  :    24  3d6.(3G).4d             4G    ""","=""L18349,L18361c138"""
"=""3d6.(3G).4d""","=""4D""","=""3/2""","=""""","=""13.4968562""","=""""","=""0.0000005""","=""0.0269091""","=""""","=""  68                                  :    14  3d6.(3F2).4d            2P    ""","=""L18349,L18361c138"""
"=""3d6.(3G).4d""","=""4D""","=""1/2""","=""""","=""13.5052424""","=""""","=""0.0000007""","=""0.0083862""","=""""","=""  84                                  :     8  3d6.(3F2).4d            2P    ""","=""L18349,L18361c138"""
"=""3d6.(3P2).5p""","=""4S*""","=""3/2""","=""""","=""13.4364452""","=""""","=""0.0000005""","=""-0.0687972""","=""""","=""  35  3d6.(3P2).5p 4S*                :    20  3d6.(3P1).5p            4S*   ""","=""L18349c137"""
"=""3d6.(3H).5p""","=""4G*""","=""11/2""","=""""","=""13.4502865""","=""""","=""0.0000005""","=""0.0138413""","=""""","=""  52  3d6.(3H).5p 4G*                 :    16  3d5.(2F1).4s.(3F).4p    4G*   ""","=""L18349c137"""
"=""3d6.(3H).5p""","=""4G*""","=""9/2""","=""""","=""13.4610958""","=""""","=""0.0000005""","=""0.0108093""","=""""","=""  46  3d6.(3H).5p 4G*                 :    16  3d5.(4G).4s.(5G).4p     4G*   ""","=""L18349c137"""
"=""3d6.(3H).5p""","=""4G*""","=""7/2""","=""""","=""13.6352538""","=""""","=""0.0000005""","=""0.1741580""","=""""","=""  20  3d6.(3H).5p 4G*                 :    17  3d6.(3F2).5p            4G*   ""","=""L18349c137"""
"=""3d6.(3H).5p""","=""4G*""","=""5/2""","=""""","=""13.6403590""","=""""","=""0.0000005""","=""0.0051052""","=""""","=""  33  3d6.(3H).5p 4G*                 :    23  3d5.(2H).4s.(3H).4p     4G*   ""","=""L18349c137"""
"=""3d5.(4G).4s.4p.(1P*)""","=""4G*""","=""5/2""","=""""","=""13.4683012""","=""""","=""0.0000005""","=""-0.1720578""","=""""","=""  40  3d6.(3H).5p 4G*                 :    23  3d5.4s.(5G).4p          4G*   ""","=""L18349c137"""
"=""3d5.(4G).4s.4p.(1P*)""","=""4G*""","=""7/2""","=""""","=""13.4685339""","=""""","=""0.0000005""","=""0.0002327""","=""""","=""  42  3d6.(3H).5p 4G*                 :    19  3d5.(4G).4s.(5G).4p     4G*   ""","=""L18349c137"""
"=""3d6.(1I).5s""","=""2I""","=""11/2""","=""""","=""13.4684564""","=""""","=""0.0000006""","=""-0.0000775""","=""""","=""  97                                  :     2  3d6.(3G).4d             2I    ""","=""L18349,L18361c138"""
"=""3d6.(1I).5s""","=""2I""","=""13/2""","=""""","=""13.4707235""","=""""","=""0.0000005""","=""0.0022671""","=""""","=""  88                                  :    11  3d6.(3G).4d             4I    ""","=""L18349,L18361c138"""
"=""3d6.(3D).5s""","=""4D""","=""3/2""","=""""","=""13.4724082""","=""""","=""0.0000006""","=""0.0016847""","=""""","=""  98                                                                         ""","=""L18349,L18361c138"""
"=""3d6.(3D).5s""","=""4D""","=""1/2""","=""""","=""13.4730259""","=""""","=""0.0000007""","=""0.0006177""","=""""","=""  99                                                                         ""","=""L18349,L18361c138"""
"=""3d6.(3D).5s""","=""4D""","=""5/2""","=""""","=""13.4786216""","=""""","=""0.0000006""","=""0.0055957""","=""""","=""  95                                  :     3  3d6.(3G).4d             4D    ""","=""L18349,L18361c138"""
"=""3d6.(3D).5s""","=""4D""","=""7/2""","=""""","=""13.4900649""","=""""","=""0.0000006""","=""0.0114433""","=""""","="" 100                                                                         ""","=""L18349,L18361c138"""
"=""3d6.(3H).5p""","=""4H*""","=""13/2""","=""""","=""13.4806980""","=""""","=""0.0000005""","=""-0.0093669""","=""""","=""  54  3d6.(3H).5p 4H*                 :    21  3d5.(4G).4s.(5G).4p     4H*   ""","=""L18349c137"""
"=""3d6.(3H).5p""","=""4H*""","=""9/2""","=""""","=""13.4980302""","=""""","=""0.0000005""","=""0.0173322""","=""""","=""  43  3d6.(3H).5p 4H*                 :    25  3d5.(4G).4s.(5G).4p     4H*   ""","=""L18349c137"""
"=""3d6.(3H).5p""","=""4H*""","=""11/2""","=""""","=""13.8361244""","=""""","=""0.0000005""","=""0.3380942""","=""""","=""  23  3d6.(3H).5p 4H*                 :    22  3d5.(2H).4s.(3H).4p     4I*   ""","=""L18349c137"""
"=""3d6.(3H).5p""","=""4H*""","=""7/2""","=""""","=""13.8534803""","=""""","=""0.0000005""","=""0.0173559""","=""""","=""  34  3d6.(3H).5p 4H*                 :    23  3d5.(4G).4s.(5G).4p     4H*   ""","=""L18349c137"""
"=""3d6.(3P2).5p""","=""4P*""","=""5/2""","=""""","=""13.4904140""","=""""","=""0.0000005""","=""-0.3630663""","=""""","=""  40  3d6.(3P2).5p 4P*                :    26  3d6.(3P1).5p            4P*   ""","=""L18349c137"""
"=""3d6.(3P2).5p""","=""4P*""","=""3/2""","=""""","=""13.5708617""","=""""","=""0.0000005""","=""0.0804477""","=""""","=""  19  3d6.(3P2).5p 4P*                :    12  3d6.(3P1).5p            4P*   ""","=""L18349c137"""
"=""3d6.(3P2).5p""","=""4P*""","=""1/2""","=""""","=""13.5798687""","=""""","=""0.0000005""","=""0.0090070""","=""""","=""  41  3d6.(3P2).5p 4P*                :    27  3d6.(3P1).5p            4P*   ""","=""L18349c137"""
"=""3d5.(4G).4s.(5G).4p""","=""4H*""","=""11/2""","=""""","=""13.4906971""","=""""","=""0.0000005""","=""-0.0891716""","=""""","=""  48  3d6.(3H).5p 4H*                 :    23  3d5.(4G).4s.(5G).4p     4H*   ""","=""L18349c137"""
"=""3d5.(4G).4s.(5G).4p""","=""4H*""","=""13/2""","=""""","=""13.8429666""","=""""","=""0.0000005""","=""0.3522695""","=""""","=""  25  3d6.(3H).5p 4H*                 :    22  3d5.(4G).4s.(5G).4p     4H*   ""","=""L18349c137"""
"=""3d5.(4G).4s.4p.(1P*)""","=""4H*""","=""7/2""","=""""","=""13.5027013""","=""""","=""0.0000005""","=""-0.3402653""","=""""","=""  40  3d6.(3H).5p 4H*                 :    27  3d5.(4G).4s.(5G).4p     4H*   ""","=""L18349c137"""
"=""3d6.(3P2).5p""","=""2D*""","=""5/2""","=""""","=""13.5059231""","=""""","=""0.0000005""","=""0.0032218""","=""""","=""  22  3d6.(3P2).5p 2D*                :    14  3d6.(3P1).5p            2D*   ""","=""L18349c137"""
"=""3d6.(3G).4d""","=""2I""","=""13/2""","=""""","=""13.5204286""","=""""","=""0.0000005""","=""0.0145055""","=""""","=""  72                                  :    20  3d6.(3G).4d             4I    ""","=""L18349,L18361c138"""
"=""3d6.(3G).4d""","=""2I""","=""11/2""","=""""","=""13.5626165""","=""""","=""0.0000006""","=""0.0421879""","=""""","=""  89                                  :     6  3d6.(3G).4d             4I    ""","=""L18349,L18361c138"""
"=""3d5.(2I).4s.4p.(3P*)""","=""2I*""","=""13/2""","=""""","=""13.5328270""","=""""","=""0.0000005""","=""-0.0297895""","=""""","=""  58  3d5.(2I).4s.(1I).4p 2I*         :    13  3d5.(2I).4s.(3I).4p     2I*   ""","=""L18349c137"""
"=""3d5.(2I).4s.4p.(3P*)""","=""2I*""","=""11/2""","=""""","=""13.5479929""","=""""","=""0.0000005""","=""0.0151659""","=""""","=""  65  3d5.(2I).4s.(1I).4p 2I*         :    14  3d5.(2I).4s.(3I).4p     2I*   ""","=""L18349c137"""
"=""3d5.4s.(7S).4d""","=""8D""","=""3/2""","=""""","=""13.5700574""","=""""","=""0.0000015""","=""0.022064""","=""""","=""  97                                  :     2  3d5.4s.(7S).4d          6D    ""","=""L18349,L18361c138"""
"=""3d5.4s.(7S).4d""","=""8D""","=""5/2""","=""""","=""13.5707684""","=""""","=""0.0000017""","=""0.000711""","=""""","=""  95                                  :     3  3d5.4s.(7S).4d          6D    ""","=""L18349,L18361c138"""
"=""3d5.4s.(7S).4d""","=""8D""","=""7/2""","=""""","=""13.5717654""","=""""","=""0.0000015""","=""0.000997""","=""""","=""  94                                  :     4  3d5.4s.(7S).4d          6D    ""","=""L18349,L18361c138"""
"=""3d5.4s.(7S).4d""","=""8D""","=""9/2""","=""""","=""13.5730536""","=""""","=""0.0000016""","=""0.001288""","=""""","=""  96                                  :     3  3d5.4s.(7S).4d          6D    ""","=""L18349,L18361c138"""
"=""3d5.4s.(7S).4d""","=""8D""","=""11/2""","=""""","=""13.5746023""","=""""","=""0.0000010""","=""0.001549""","=""""","="" 100                                                                         ""","=""L18349,L18361c138"""
"=""3d6.(3P2).5p""","=""4D*""","=""7/2""","=""""","=""13.5824790""","=""""","=""0.0000005""","=""0.007877""","=""""","=""  43  3d6.(3P2).5p 4D*                :    27  3d6.(3P1).5p            4D*   ""","=""L18349c137"""
"=""3d6.(3P2).5p""","=""4D*""","=""5/2""","=""""","=""13.7010694""","=""""","=""0.0000005""","=""0.1185904""","=""""","=""  34  3d6.(3P2).5p 4D*                :    21  3d6.(3P1).5p            4D*   ""","=""L18349c137"""
"=""3d5.(2G2).4s.4p.(3P*)""","=""4H*""","=""7/2""","=""""","=""13.5851518""","=""""","=""0.0000005""","=""-0.1159176""","=""""","=""  37  3d5.(2H).4s.(3H).4p 4H*         :    35  3d5.(2G2).4s.(3G).4p    4H*   ""","=""L18349c137"""
"=""3d5.(2G2).4s.4p.(3P*)""","=""4H*""","=""11/2""","=""""","=""13.6127714""","=""""","=""0.0000005""","=""0.0276196""","=""""","=""  15  3d5.(2G2).4s.(3G).4p 4H*        :    14  3d5.(2H).4s.(3H).4p     4H*   ""","=""L18349c137"""
"=""3d5.(2G2).4s.4p.(3P*)""","=""4H*""","=""13/2""","=""""","=""13.6814580""","=""""","=""0.0000005""","=""0.0686866""","=""""","=""  21  3d5.(2H).4s.(3H).4p 4H*         :    20  3d5.(2G2).4s.(3G).4p    4H*   ""","=""L18349c137"""
"=""3d6.(3H).5p""","=""4I*""","=""15/2""","=""""","=""13.5876320""","=""""","=""0.0000005""","=""-0.0938260""","=""""","=""  99  3d6.(3H).5p 4I*                                                        ""","=""L18349c137"""
"=""3d6.(3H).5p""","=""4I*""","=""13/2""","=""""","=""13.5911111""","=""""","=""0.0000005""","=""0.0034791""","=""""","=""  66  3d6.(3H).5p 4I*                 :    24  3d6.(3H).5p             2I*   ""","=""L18349c137"""
"=""3d6.(3H).5p""","=""4I*""","=""11/2""","=""""","=""13.6087832""","=""""","=""0.0000005""","=""0.0176721""","=""""","=""  82  3d6.(3H).5p 4I*                 :     6  3d6.(3H).5p             2I*   ""","=""L18349c137"""
"=""3d6.(3H).5p""","=""4I*""","=""9/2""","=""""","=""13.6273745""","=""""","=""0.0000005""","=""0.0185913""","=""""","=""  72  3d6.(3H).5p 4I*                 :     6  3d6.(3H).5p             4G*   ""","=""L18349c137"""
"=""3d6.(3D).5s""","=""2D""","=""3/2""","=""""","=""13.5888631""","=""""","=""0.0000006""","=""-0.0385114""","=""""","=""  98                                                                         ""","=""L18349,L18361c138"""
"=""3d6.(3D).5s""","=""2D""","=""5/2""","=""""","=""13.5951452""","=""""","=""0.0000006""","=""0.0062821""","=""""","=""  96                                  :     2  3d6.(3G).4d             2D    ""","=""L18349,L18361c138"""
"=""3d6.(3G).4d""","=""2G""","=""9/2""","=""""","=""13.5917945""","=""""","=""0.0000005""","=""-0.0033507""","=""""","=""  49                                  :    33  3d6.(3G).4d             2H    ""","=""L18349,L18361c138"""
"=""3d6.(3G).4d""","=""2G""","=""7/2""","=""""","=""13.6260522""","=""""","=""0.0000005""","=""0.0342577""","=""""","=""  73                                  :     8  3d6.(3G).4d             2F    ""","=""L18349,L18361c138"""
"=""3d6.(3G).4d""","=""2H""","=""11/2""","=""""","=""13.5989964""","=""""","=""0.0000005""","=""-0.0270558""","=""""","=""  75                                  :    12  3d6.(1I).4d             2H    ""","=""L18349,L18361c138"""
"=""3d6.(3G).4d""","=""2H""","=""9/2""","=""""","=""13.6392921""","=""""","=""0.0000005""","=""0.0402957""","=""""","=""  46                                  :    30  3d6.(3G).4d             2G    ""","=""L18349,L18361c138"""
"=""3d6.(3G).4d""","=""4F""","=""9/2""","=""""","=""13.6149454""","=""""","=""0.0000005""","=""-0.0243467""","=""""","=""                                                                             ""","=""L18349"""
"=""3d6.(3G).4d""","=""4F""","=""7/2""","=""""","=""13.6590048""","=""""","=""0.0000005""","=""0.0440594""","=""""","=""                                                                             ""","=""L18349"""
"=""3d6.(3G).4d""","=""4F""","=""5/2""","=""""","=""13.6913649""","=""""","=""0.0000005""","=""0.0323601""","=""""","=""                                                                             ""","=""L18349"""
"=""3d6.(3G).4d""","=""4F""","=""3/2""","=""""","=""13.7138361""","=""""","=""0.0000006""","=""0.0224712""","=""""","=""                                                                             ""","=""L18349"""
"=""3d5.(2H).4s.4p.(3P*)""","=""4G*""","=""9/2""","=""""","=""13.6196626""","=""""","=""0.0000005""","=""-0.0941735""","=""""","=""  21  3d6.(3H).5p 4I*                 :    19  3d6.(3H).5p             4G*   ""","=""L18349c137"""
"=""3d6.(3H).5p""","=""2I*""","=""13/2""","=""""","=""13.6287933""","=""""","=""0.0000005""","=""0.0091307""","=""""","=""  50  3d6.(3H).5p 2I*                 :    28  3d6.(3H).5p             4I*   ""","=""L18349c137"""
"=""3d6.(3H).5p""","=""2I*""","=""11/2""","=""""","=""13.6688867""","=""""","=""0.0000005""","=""0.0400934""","=""""","=""  74  3d6.(3H).5p 2I*                 :     7  3d6.(3H).5p             4I*   ""","=""L18349c137"""
"=""3d5.(2H).4s.4p.(3P*)""","=""4H*""","=""11/2""","=""""","=""13.6358609""","=""""","=""0.0000005""","=""-0.0330258""","=""""","=""  19  3d5.(2H).4s.(3H).4p 4H*         :    15  3d5.(2G2).4s.(3G).4p    4H*   ""","=""L18349c137"""
"=""3d6.(3H).5p""","=""2G*""","=""9/2""","=""""","=""13.6463166""","=""""","=""0.0000005""","=""0.0104557""","=""""","=""  83  3d6.(3H).5p 2G*                 :     3  3d5.(2F1).4s.(1F).4p    2G*   ""","=""L18349c137"""
"=""3d6.(3H).5p""","=""2G*""","=""7/2""","=""""","=""13.6895752""","=""""","=""0.0000005""","=""0.0432586""","=""""","=""  69  3d6.(3H).5p 2G*                 :    10  3d6.(3F2).5p            4D*   ""","=""L18349c137"""
"=""3d6.(3G).4d""","=""2D""","=""5/2""","=""""","=""13.6464158""","=""""","=""0.0000005""","=""-0.0431594""","=""""","=""  78                                  :     7  3d6.(3G).4d             2F    ""","=""L18349,L18361c138"""
"=""3d6.(3G).4d""","=""2D""","=""3/2""","=""""","=""13.6954523""","=""""","=""0.0000006""","=""0.0490365""","=""""","=""  88  3d6.(3G).4d 2D                  :     4  3d6.(3D).4d             2D    ""","=""L18349,L18361c138"""
"=""3d6.(3F2).5p""","=""4F*""","=""7/2""","=""""","=""13.6562198""","=""""","=""0.0000005""","=""-0.0392325""","=""""","=""  33  3d6.(3F2).5p 4D*                :    16  3d6.(3H).5p             2G*   ""","=""L18349c137"""
"=""3d6.(3F2).5p""","=""4F*""","=""9/2""","=""""","=""13.6589094""","=""""","=""0.0000005""","=""0.0026896""","=""""","=""  37  3d6.(3F2).5p 4F*                :    11  3d6.(3F1).5p            4F*   ""","=""L18349c137"""
"=""3d6.(3F2).5p""","=""4F*""","=""3/2""","=""""","=""13.6887084""","=""""","=""0.0000005""","=""0.0297990""","=""""","=""  40  3d6.(3F2).5p 4F*                :    18  3d6.(3F2).5p            4D*   ""","=""L18349c137"""
"=""3d6.(3F2).5p""","=""4F*""","=""5/2""","=""""","=""13.7087540""","=""""","=""0.0000005""","=""0.0200456""","=""""","=""  39  3d6.(3F2).5p 4F*                :    18  3d6.(3F2).5p            4D*   ""","=""L18349c137"""
"=""3d6.(3F1).5p""","=""4D*""","=""5/2""","=""""","=""13.6743089""","=""""","=""0.0000005""","=""-0.0344451""","=""""","=""  25  3d6.(3F2).5p 4D*                :    10  3d5.(2D3).4s.(1D).4p    2F*   ""","=""L18349c137"""
"=""3d6.(3F2).5p""","=""4D*""","=""7/2""","=""""","=""13.6964229""","=""""","=""0.0000005""","=""0.0221140""","=""""","=""  42  3d6.(3F2).5p 4F*                :    14  3d6.(3F2).5p            4D*   ""","=""L18349c137"""
"=""3d6.(3F2).5p""","=""4D*""","=""3/2""","=""""","=""13.7183314""","=""""","=""0.0000005""","=""0.0219085""","=""""","=""  37  3d6.(3F2).5p 4D*                :    15  3d6.(3F2).5p            4F*   ""","=""L18349c137"""
"=""3d6.(3G).4d""","=""2F""","=""7/2""","=""""","=""13.7089715""","=""""","=""0.0000006""","=""-0.0093599""","=""""","=""  61                                  :     9  3d6.(3H).4d             2F    ""","=""L18349,L18361c138"""
"=""3d6.(3G).4d""","=""2F""","=""5/2""","=""""","=""13.7141191""","=""""","=""0.0000006""","=""0.0051476""","=""""","=""  65                                  :     9  3d6.(3H).4d             2F    ""","=""L18349,L18361c138"""
"=""3d5.(2F1).4s.4p.(3P*)""","=""2G*""","=""9/2""","=""""","=""13.7201769""","=""""","=""0.0000006""","=""0.0060578""","=""""","=""  26  3d5.(2F1).4s.(1F).4p 2G*        :    15  3d6.(3F2).5p            4F*   ""","=""L18349c137"""
"=""3d6.(3H).5p""","=""2H*""","=""11/2""","=""""","=""13.7211983""","=""""","=""0.0000005""","=""0.0010214""","=""""","=""  92  3d6.(3H).5p 2H*                                                        ""","=""L18349c137"""
"=""3d6.(3H).5p""","=""2H*""","=""9/2""","=""""","=""13.7553024""","=""""","=""0.0000005""","=""0.0341041""","=""""","=""  90  3d6.(3H).5p 2H*                 :     2  3d6.(3F2).5p            4F*   ""","=""L18349c137"""
"=""3d6.(3F2).5p""","=""2G*""","=""9/2""","=""""","=""13.8172472""","=""""","=""0.0000005""","=""0.0619448""","=""""","=""  60  3d6.(3F2).5p 2G*                :    17  3d6.(3F1).5p            2G*   ""","=""L18349c137"""
"=""3d6.(3F2).5p""","=""2G*""","=""7/2""","=""""","=""13.8545352""","=""""","=""0.0000005""","=""0.0372880""","=""""","=""  62  3d6.(3F2).5p 2G*                :    16  3d6.(3F1).5p            2G*   ""","=""L18349c137"""
"=""3d6.(3F2).5p""","=""2F*""","=""7/2""","=""""","=""13.8342047""","=""""","=""0.0000005""","=""-0.0203305""","=""""","=""  58  3d6.(3F2).5p 2F*                :    18  3d6.(3F1).5p            2F*   ""","=""L18349c137"""
"=""3d6.(3F2).5p""","=""2F*""","=""5/2""","=""""","=""13.8655327""","=""""","=""0.0000005""","=""0.0313280""","=""""","=""  57  3d6.(3F2).5p 2F*                :    16  3d6.(3F1).5p            2F*   ""","=""L18349c137"""
"=""3d5.(2H).4s.4p.(3P*)""","=""4I*""","=""9/2""","=""""","=""13.8421908""","=""""","=""0.0000005""","=""-0.0233419""","=""""","=""  54  3d5.(2H).4s.(3H).4p 4I*         :    14  3d6.(3H).5p             4H*   ""","=""L18349c137"""
"=""3d5.(2H).4s.4p.(3P*)""","=""4I*""","=""11/2""","=""""","=""13.9068582""","=""""","=""0.0000006""","=""0.0646674""","=""""","=""  50  3d5.(2H).4s.(3H).4p 4I*         :    11  3d6.(3F2).5p            4G*   ""","=""L18349c137"""
"=""3d6.(3F2).5p""","=""4G*""","=""11/2""","=""""","=""13.8721967""","=""""","=""0.0000005""","=""-0.0346615""","=""""","=""  20  3d5.(2H).4s.(3H).4p 4I*         :    12  3d5.(4F).4s.(3F).4p     4G*   ""","=""L18349c137"""
"=""3d6.(3F2).5p""","=""4G*""","=""9/2""","=""""","=""13.8787827""","=""""","=""0.0000005""","=""0.0065860""","=""""","=""  23  3d6.(3F2).5p 4G*                :    12  3d6.(3F2).5p            4F*   ""","=""L18349,L18361c138"""
"=""3d6.(3F2).5p""","=""4G*""","=""7/2""","=""""","=""13.8952637""","=""""","=""0.0000005""","=""0.0164810""","=""""","=""  20  3d6.(3F2).5p 4G*                :    19  3d5.(4F).4s.(3F).4p     4G*   ""","=""L18349c137"""
"=""3d6.(3F2).5p""","=""4G*""","=""5/2""","=""""","=""13.8999028""","=""""","=""0.0000005""","=""0.0046391""","=""""","=""  23  3d6.(3F2).5p 4G*                :    21  3d5.(4F).4s.(3F).4p     4G*   ""","=""L18349c137"""
"=""3d5.(4F).4s.4p.(3P*)""","=""4G*""","=""9/2""","=""""","=""13.8933642""","=""""","=""0.0000005""","=""-0.0065386""","=""""","=""  18  3d5.(4F).4s.(3F).4p 4G*         :    13  3d6.(3F2).5p            4G*   ""","=""L18349c137"""
"=""3d5.(4F).4s.4p.(3P*)""","=""4G*""","=""11/2""","=""""","=""13.9288936""","=""""","=""0.0000006""","=""0.0355294""","=""""","=""  20  3d6.(3G).5p 4G*                 :    19  3d5.(2G2).4s.(3G).4p    4G*   ""","=""L18349c137"""
"=""3d6.(3G).5p""","=""4F*""","=""7/2""","=""""","=""13.9149250""","=""""","=""0.0000005""","=""-0.0139686""","=""""","=""  25  3d5.(2G2).4s.(3G).4p 4F*        :    10  3d6.(3F2).5p            4F*   ""","=""L18349c137"""
"=""3d6.(5D).7s""","=""6D""","=""9/2""","=""""","=""13.9354750""","=""""","=""0.0000005""","=""0.0205500""","=""""","=""                                                                             ""","=""L18349"""
"=""3d6.(5D).7s""","=""6D""","=""7/2""","=""""","=""13.9615627""","=""""","=""0.0000005""","=""0.0260877""","=""""","=""                                                                             ""","=""L18349"""
"=""3d6.(5D).7s""","=""6D""","=""5/2""","=""""","=""14.0086205""","=""""","=""0.0000005""","=""0.0470578""","=""""","=""                                                                             ""","=""L18349"""
"=""3d6.(5D).7s""","=""6D""","=""3/2""","=""""","=""14.0387743""","=""""","=""0.0000005""","=""0.0301538""","=""""","=""                                                                             ""","=""L18349"""
"=""3d6.(5D).7s""","=""6D""","=""1/2""","=""""","=""14.0561025""","=""""","=""0.0000006""","=""0.0173282""","=""""","=""                                                                             ""","=""L18349"""
"=""3d6.(5D).7s""","=""4D""","=""7/2""","=""""","=""13.9948548""","=""""","=""0.0000005""","=""-0.0612477""","=""""","=""                                                                             ""","=""L18349"""
"=""3d6.(5D).7s""","=""4D""","=""5/2""","=""""","=""14.0395114""","=""""","=""0.0000005""","=""0.0446566""","=""""","=""                                                                             ""","=""L18349"""
"=""3d6.(5D).7s""","=""4D""","=""3/2""","=""""","=""14.0698885""","=""""","=""0.0000006""","=""0.0303771""","=""""","=""                                                                             ""","=""L18349"""
"=""3d6.(5D).7s""","=""4D""","=""1/2""","=""""","=""14.0877969""","=""""","=""0.0000006""","=""0.0179084""","=""""","=""                                                                             ""","=""L18349"""
"=""3d6.(5D<4>).5f""","=""2[5]*""","=""11/2""","=""""","=""13.9951894""","=""""","=""0.0000006""","=""-0.0926075""","=""""","=""  91  3d6.(5D<4>).5f 2[5]*            :     9  3d6.(5D<4>).5f          2[6]* ""","=""L18349c137"""
"=""3d6.(5D<4>).5f""","=""2[5]*""","=""9/2""","=""""","=""14.0027710""","=""""","=""0.0000005""","=""0.0075816""","=""""","=""  63  3d6.(5D<4>).5f 2[5]*            :    18  3d6.(5D<4>).5f          2[4]* ""","=""L18349c137"""
"=""3d5.(6S).4p2""","=""6P""","=""5/2""","=""""","=""13.9956459""","=""""","=""0.0000006""","=""-0.0071251""","=""""","=""                                                                             ""","=""L18349"""
"=""3d5.(6S).4p2""","=""6P""","=""3/2""","=""""","=""14.0012604""","=""""","=""0.0000006""","=""0.0056145""","=""""","=""                                                                             ""","=""L18349"""
"=""3d5.(6S).4p2""","=""6P""","=""7/2""","=""""","=""14.0060955""","=""""","=""0.0000006""","=""0.0048351""","=""""","=""                                                                             ""","=""L18349"""
"=""3d6.(5D<4>).5f""","=""2[6]*""","=""13/2""","=""""","=""13.9966424""","=""""","=""0.0000006""","=""-0.0094531""","=""""","=""  98  3d6.(5D<4>).5f 2[6]*                                                   ""","=""L18349c137"""
"=""3d6.(5D<4>).5f""","=""2[6]*""","=""11/2""","=""""","=""14.0094825""","=""""","=""0.0000005""","=""0.0128401""","=""""","=""  76  3d6.(5D<4>).5f 2[6]*            :     7  3d6.(5D<4>).5f          2[5]* ""","=""L18349c137"""
"=""3d6.(5D<4>).5f""","=""2[4]*""","=""9/2""","=""""","=""13.9967077""","=""""","=""0.0000006""","=""-0.0127748""","=""""","=""  79  3d6.(5D<4>).5f 2[4]*            :    20  3d6.(5D<4>).5f          2[5]* ""","=""L18349c137"""
"=""3d6.(5D<4>).5f""","=""2[3]*""","=""7/2""","=""""","=""13.9993067""","=""""","=""0.0000006""","=""0.0025990""","=""""","=""  51  3d6.(5D<4>).5f 2[3]*            :    46  3d6.(5D<4>).5f          2[4]* ""","=""L18349c137"""
"=""3d6.(5D<4>).5f""","=""2[2]*""","=""5/2""","=""""","=""14.0020687""","=""""","=""0.0000005""","=""0.0027620""","=""""","=""  57  3d6.(5D<4>).5f 2[2]*            :    30  3d6.(5D<4>).5f          2[3]* ""","=""L18349c137"""
"=""3d6.(5D<4>).5f""","=""2[7]*""","=""15/2""","=""""","=""14.0074326""","=""""","=""0.0000006""","=""0.0053639""","=""""","="" 100  3d6.(5D<4>).5f 2[7]*                                                   ""","=""L18349c137"""
"=""3d6.(5D<4>).5f""","=""2[7]*""","=""13/2""","=""""","=""14.0115268""","=""""","=""0.0000006""","=""0.0040942""","=""""","=""  94  3d6.(5D<4>).5f 2[7]*                                                   ""","=""L18349c137"""
"=""3d6.(5D<4>).5g""","=""2[6]""","=""13/2""","=""""","=""14.0152467""","=""""","=""0.0000006""","=""0.0037199""","=""""","=""                                                                             ""","=""L18349"""
"=""3d6.(5D<4>).5g""","=""2[6]""","=""11/2""","=""""","=""14.0152591""","=""""","=""0.0000006""","=""0.0000124""","=""""","=""                                                                             ""","=""L18349"""
"=""3d6.(5D<4>).5g""","=""2[5]""","=""11/2""","=""""","=""14.0157289""","=""""","=""0.0000006""","=""0.0004698""","=""""","=""                                                                             ""","=""L18349"""
"=""3d6.(5D<4>).5g""","=""2[5]""","=""9/2""","=""""","=""14.0157388""","=""""","=""0.0000006""","=""0.0000099""","=""""","=""                                                                             ""","=""L18349"""
"=""3d6.(5D<4>).5g""","=""2[7]""","=""15/2""","=""""","=""14.0165948""","=""""","=""0.0000006""","=""0.0008560""","=""""","=""                                                                             ""","=""L18349"""
"=""3d6.(5D<4>).5g""","=""2[7]""","=""13/2""","=""""","=""14.0166120""","=""""","=""0.0000006""","=""0.0000172""","=""""","=""                                                                             ""","=""L18349"""
"=""3d6.(5D<4>).5g""","=""2[4]""","=""9/2""","=""""","=""14.0172473""","=""""","=""0.0000006""","=""0.0006353""","=""""","=""                                                                             ""","=""L18349"""
"=""3d6.(5D<4>).5g""","=""2[4]""","=""7/2""","=""""","=""14.0172626""","=""""","=""0.0000006""","=""0.0000153""","=""""","=""                                                                             ""","=""L18349"""
"=""3d6.(5D<4>).5g""","=""2[3]""","=""7/2""","=""""","=""14.0192637""","=""""","=""0.0000006""","=""0.0020011""","=""""","=""                                                                             ""","=""L18349"""
"=""3d6.(5D<4>).5g""","=""2[3]""","=""5/2""","=""""","=""14.0192870""","=""""","=""0.0000006""","=""0.0000233""","=""""","=""                                                                             ""","=""L18349"""
"=""3d6.(5D<4>).5g""","=""2[2]""","=""5/2""","=""""","=""14.0212996""","=""""","=""0.0000006""","=""0.0020126""","=""""","=""                                                                             ""","=""L18349"""
"=""3d6.(5D<4>).5g""","=""2[2]""","=""3/2""","=""""","=""14.0213177""","=""""","=""0.0000006""","=""0.0000181""","=""""","=""                                                                             ""","=""L18349"""
"=""3d6.(5D<4>).5g""","=""2[8]""","=""15/2""","=""""","=""14.0213652""","=""""","=""0.0000006""","=""0.0000475""","=""""","=""                                                                             ""","=""L18349"""
"=""3d6.(5D<4>).5g""","=""2[8]""","=""17/2""","=""""","=""14.0213790""","=""""","=""0.0000006""","=""0.0000138""","=""""","=""                                                                             ""","=""L18349"""
"=""3d6.(5D<4>).5g""","=""2[1]""","=""3/2""","=""""","=""14.0229717""","=""""","=""0.0000006""","=""0.0015927""","=""""","=""                                                                             ""","=""L18349"""
"=""3d6.(5D<4>).5g""","=""2[1]""","=""1/2""","=""""","=""14.0229859""","=""""","=""0.0000006""","=""0.0000142""","=""""","=""                                                                             ""","=""L18349"""
"=""3d6.(5D<4>).5g""","=""2[0]""","=""1/2""","=""""","=""14.0239170""","=""""","=""0.0000006""","=""0.0009311""","=""""","=""                                                                             ""","=""L18349"""
"=""3d6.(5D<3>).5f""","=""2[4]*""","=""7/2""","=""""","=""14.0520023""","=""""","=""0.0000006""","=""0.0280853""","=""""","=""  56  3d6.(5D<3>).5f 2[4]*            :     6  3d5.(4F).4s.(3F<4>).4p  2[3]* ""","=""L18349c137"""
"=""3d6.(5D<3>).5f""","=""2[4]*""","=""9/2""","=""""","=""14.0530687""","=""""","=""0.0000006""","=""0.0010664""","=""""","=""  70  3d6.(5D<3>).5f 2[4]*            :    28  3d6.(5D<3>).5f          2[5]* ""","=""L18349c137"""
"=""3d6.(5D<3>).5f""","=""2[3]*""","=""5/2""","=""""","=""14.0529375""","=""""","=""0.0000006""","=""-0.0001312""","=""""","=""  89  3d6.(5D<3>).5f 2[3]*                                                   ""","=""L18349c137"""
"=""3d6.(5D<3>).5f""","=""2[3]*""","=""7/2""","=""""","=""14.0566004""","=""""","=""0.0000006""","=""0.0036629""","=""""","=""  82  3d6.(5D<3>).5f 2[3]*                                                   ""","=""L18349c137"""
"=""3d6.(5D<3>).5f""","=""2[5]*""","=""11/2""","=""""","=""14.0541832""","=""""","=""0.0000006""","=""-0.0024172""","=""""","=""  96  3d6.(5D<3>).5f 2[5]*                                                   ""","=""L18349c137"""
"=""3d6.(5D<3>).5f""","=""2[5]*""","=""9/2""","=""""","=""14.0581539""","=""""","=""0.0000006""","=""0.0039707""","=""""","=""  66  3d6.(5D<3>).5f 2[5]*            :    27  3d6.(5D<3>).5f          2[4]* ""","=""L18349c137"""
"=""3d6.(5D<3>).5f""","=""2[2]*""","=""3/2""","=""""","=""14.0552242""","=""""","=""0.0000006""","=""-0.0029297""","=""""","=""  93  3d6.(5D<3>).5f 2[2]*                                                   ""","=""L18349c137"""
"=""3d6.(5D<3>).5f""","=""2[2]*""","=""5/2""","=""""","=""14.0569986""","=""""","=""0.0000006""","=""0.0017744""","=""""","=""  86  3d6.(5D<3>).5f 2[2]*            :     6  3d5.(2F1).4s.(1F<3>).4p 2[3]* ""","=""L18349c137"""
"=""3d6.(5D<3>).5f""","=""2[6]*""","=""13/2""","=""""","=""14.0583447""","=""""","=""0.0000006""","=""0.0013461""","=""""","=""  98  3d6.(5D<3>).5f 2[6]*                                                   ""","=""L18349c137"""
"=""3d6.(5D<3>).5f""","=""2[6]*""","=""11/2""","=""""","=""14.0619920""","=""""","=""0.0000006""","=""0.0036473""","=""""","=""  93  3d6.(5D<3>).5f 2[6]*                                                   ""","=""L18349c137"""
"=""3d6.(5D<3>).5g""","=""2[5]""","=""11/2""","=""""","=""14.0713476""","=""""","=""0.0000006""","=""0.0093556""","=""""","=""                                                                             ""","=""L18349"""
"=""3d6.(5D<3>).5g""","=""2[5]""","=""9/2""","=""""","=""14.0713631""","=""""","=""0.0000006""","=""0.0000155""","=""""","=""                                                                             ""","=""L18349"""
"=""3d6.(5D<3>).5g""","=""2[6]""","=""13/2""","=""""","=""14.0716616""","=""""","=""0.0000006""","=""0.0002985""","=""""","=""                                                                             ""","=""L18349"""
"=""3d6.(5D<3>).5g""","=""2[6]""","=""11/2""","=""""","=""14.0716656""","=""""","=""0.0000006""","=""0.0000040""","=""""","=""                                                                             ""","=""L18349"""
"=""3d6.(5D<3>).5g""","=""2[4]""","=""9/2""","=""""","=""14.0716915""","=""""","=""0.0000006""","=""0.0000259""","=""""","=""                                                                             ""","=""L18349"""
"=""3d6.(5D<3>).5g""","=""2[4]""","=""7/2""","=""""","=""14.0717141""","=""""","=""0.0000006""","=""0.0000226""","=""""","=""                                                                             ""","=""L18349"""
"=""3d6.(5D<3>).5g""","=""2[3]""","=""7/2""","=""""","=""14.0723585""","=""""","=""0.0000006""","=""0.0006444""","=""""","=""                                                                             ""","=""L18349"""
"=""3d6.(5D<3>).5g""","=""2[3]""","=""5/2""","=""""","=""14.0723830""","=""""","=""0.0000006""","=""0.0000245""","=""""","=""                                                                             ""","=""L18349"""
"=""3d6.(5D<3>).5g""","=""2[2]""","=""5/2""","=""""","=""14.0731127""","=""""","=""0.0000006""","=""0.0007297""","=""""","=""                                                                             ""","=""L18349"""
"=""3d6.(5D<3>).5g""","=""2[2]""","=""3/2""","=""""","=""14.0731624""","=""""","=""0.0000006""","=""0.0000497""","=""""","=""                                                                             ""","=""L18349"""
"=""3d6.(5D<3>).5g""","=""2[7]""","=""13/2""","=""""","=""14.0733423""","=""""","=""0.0000006""","=""0.0001799""","=""""","=""                                                                             ""","=""L18349"""
"=""3d6.(5D<3>).5g""","=""2[7]""","=""15/2""","=""""","=""14.0733431""","=""""","=""0.0000006""","=""0.0000008""","=""""","=""                                                                             ""","=""L18349"""
"=""3d6.(5D<3>).5g""","=""2[1]""","=""3/2""","=""""","=""14.0737413""","=""""","=""0.0000006""","=""0.0003982""","=""""","=""                                                                             ""","=""L18349"""
"=""3d6.(5D<3>).5g""","=""2[1]""","=""1/2""","=""""","=""14.0737807""","=""""","=""0.0000006""","=""0.0000394""","=""""","=""                                                                             ""","=""L18349"""
"=""3d6.(5D).6d""","=""6F""","=""11/2""","=""""","=""14.0756894""","=""""","=""0.0000006""","=""0.0019087""","=""""","=""                                                                             ""","=""L18349"""
"=""3d6.(5D).6d""","=""6F""","=""9/2""","=""""","=""14.0792796""","=""""","=""0.0000006""","=""0.0035902""","=""""","=""                                                                             ""","=""L18349"""
"=""3d6.(5D).6d""","=""6F""","=""7/2""","=""""","=""14.1036831""","=""""","=""0.0000006""","=""0.0244035""","=""""","=""                                                                             ""","=""L18349"""
"=""3d6.(5D).6d""","=""6F""","=""5/2""","=""""","=""14.1722740""","=""""","=""0.0000006""","=""0.0685909""","=""""","=""                                                                             ""","=""L18349"""
"=""3d6.(5D<2>).5f""","=""2[2]*""","=""3/2""","=""""","=""14.0891838""","=""""","=""0.0000006""","=""-0.0830902""","=""""","=""  44  3d6.(5D<2>).5f 2[2]*            :    32  3d6.(5D<2>).5f          2[1]* ""","=""L18349c137"""
"=""3d6.(5D<2>).5f""","=""2[2]*""","=""5/2""","=""""","=""14.0938409""","=""""","=""0.0000006""","=""0.0046571""","=""""","=""  28  3d6.(5D<2>).5f 2[2]*            :    20  3d6.(5D<2>).5f          2[3]* ""","=""L18349c137"""
"=""3d6.(5D<2>).5f""","=""2[5]*""","=""11/2""","=""""","=""14.0943138""","=""""","=""0.0000006""","=""0.0004729""","=""""","=""  96  3d6.(5D<2>).5f 2[5]*                                                   ""","=""L18349c137"""
"=""3d6.(5D<2>).5f""","=""2[4]*""","=""7/2""","=""""","=""14.0945335""","=""""","=""0.0000006""","=""0.0002197""","=""""","=""  50  3d6.(5D<2>).5f 2[4]*            :    36  3d6.(5D<2>).5f          2[3]* ""","=""L18349c137"""
"=""3d6.(5D<2>).5f""","=""2[4]*""","=""9/2""","=""""","=""14.0960624""","=""""","=""0.0000006""","=""0.0015289""","=""""","=""  53  3d6.(5D<2>).5f 2[4]*            :    28  3d6.(5D<2>).5f          2[5]* ""","=""L18349c137"""
"=""3d6.(5D<2>).5f""","=""2[1]*""","=""3/2""","=""""","=""14.0948520""","=""""","=""0.0000006""","=""-0.0012104""","=""""","=""  55  3d6.(5D<2>).5f 2[1]*            :    40  3d6.(5D<2>).5f          2[2]* ""","=""L18349c137"""
"=""3d6.(5D).6d""","=""113716""","=""7/2""","=""""","=""14.0990660""","=""""","=""0.0000006""","=""0.0042140""","=""""","=""                                                                             ""","=""L18349"""
"=""3d6.(5D).6d""","=""6G""","=""13/2""","=""""","=""14.1007091""","=""""","=""0.0000006""","=""0.0016431""","=""""","=""                                                                             ""","=""L18349"""
"=""3d6.(5D).6d""","=""6G""","=""11/2""","=""""","=""14.1177387""","=""""","=""0.0000006""","=""0.0170296""","=""""","=""                                                                             ""","=""L18349"""
"=""3d6.(5D).6d""","=""6G""","=""9/2""","=""""","=""14.1701853""","=""""","=""0.0000006""","=""0.0524466""","=""""","=""                                                                             ""","=""L18349"""
"=""3d6.(5D<2>).5f""","=""2[3]*""","=""5/2""","=""""","=""14.1051952""","=""""","=""0.0000006""","=""-0.0649901""","=""""","=""  69  3d6.(5D<2>).5f 2[3]*            :    20  3d6.(5D<2>).5f          2[2]* ""","=""L18349c137"""
"=""3d6.(5D<2>).5g""","=""2[2]""","=""5/2""","=""""","=""14.1088197""","=""""","=""0.0000006""","=""0.0036245""","=""""","=""                                                                             ""","=""L18349"""
"=""3d6.(5D<2>).5g""","=""2[2]""","=""3/2""","=""""","=""14.1088199""","=""""","=""0.0000006""","=""0.0000002""","=""""","=""                                                                             ""","=""L18349"""
"=""3d6.(5D<2>).5g""","=""2[6]""","=""13/2""","=""""","=""14.1095483""","=""""","=""0.0000006""","=""0.0007284""","=""""","=""                                                                             ""","=""L18349"""
"=""3d6.(5D<2>).5g""","=""2[6]""","=""11/2""","=""""","=""14.1095509""","=""""","=""0.0000006""","=""0.0000026""","=""""","=""                                                                             ""","=""L18349"""
"=""3d6.(5D<2>).5g""","=""2[3]""","=""7/2""","=""""","=""14.1096090""","=""""","=""0.0000006""","=""0.0000581""","=""""","=""                                                                             ""","=""L18349"""
"=""3d6.(5D<2>).5g""","=""2[3]""","=""5/2""","=""""","=""14.1096247""","=""""","=""0.0000006""","=""0.0000157""","=""""","=""                                                                             ""","=""L18349"""
"=""3d6.(5D<2>).5g""","=""2[4]""","=""9/2""","=""""","=""14.1102948""","=""""","=""0.0000006""","=""0.0006701""","=""""","=""                                                                             ""","=""L18349"""
"=""3d6.(5D<2>).5g""","=""2[4]""","=""7/2""","=""""","=""14.1103288""","=""""","=""0.0000006""","=""0.0000340""","=""""","=""                                                                             ""","=""L18349"""
"=""3d6.(5D<2>).5g""","=""2[5]""","=""11/2""","=""""","=""14.1105768""","=""""","=""0.0000006""","=""0.0002480""","=""""","=""                                                                             ""","=""L18349"""
"=""3d6.(5D<2>).5g""","=""2[5]""","=""9/2""","=""""","=""14.1105830""","=""""","=""0.0000006""","=""0.0000062""","=""""","=""                                                                             ""","=""L18349"""
"=""3d6.(3D).4d""","=""4P""","=""3/2""","=""""","=""14.1122413""","=""""","=""0.0000006""","=""0.0016583""","=""""","=""                                                                             ""","=""L18349"""
"=""3d6.(5D<1>).5f""","=""2[2]*""","=""3/2""","=""""","=""14.1166218""","=""""","=""0.0000006""","=""0.0043805""","=""""","=""  65  3d6.(5D<1>).5f 2[2]*            :     9  3d5.(2F1).4s.(1F<3>).4p 2[2]* ""","=""L18349c137"""
"=""3d6.(5D<1>).5f""","=""2[4]*""","=""7/2""","=""""","=""14.1182225""","=""""","=""0.0000006""","=""0.0016007""","=""""","=""  75  3d6.(5D<1>).5f 2[4]*            :     5  3d6.(5D<1>).5f          2[3]* ""","=""L18349c137"""
"=""3d6.(5D<1>).5f""","=""2[4]*""","=""9/2""","=""""","=""14.1184226""","=""""","=""0.0000006""","=""0.0002001""","=""""","=""  92  3d6.(5D<1>).5f 2[4]*                                                   ""","=""L18349c137"""
"=""3d6.(5D).6d""","=""6D""","=""5/2""","=""""","=""14.1260791""","=""""","=""0.0000006""","=""0.0076565""","=""""","=""                                                                             ""","=""L18349"""
"=""3d6.(5D).6d""","=""6D""","=""9/2""","=""""","=""14.1288093""","=""""","=""0.0000006""","=""0.0027302""","=""""","=""                                                                             ""","=""L18349"""
"=""3d6.(5D).6d""","=""6D""","=""7/2""","=""""","=""14.1556755""","=""""","=""0.0000006""","=""0.0268662""","=""""","=""                                                                             ""","=""L18349"""
"=""3d6.(5D<1>).5g""","=""2[3]""","=""7/2""","=""""","=""14.1320750""","=""""","=""0.0000006""","=""-0.0236005""","=""""","=""                                                                             ""","=""L18349"""
"=""3d6.(5D<1>).5g""","=""2[3]""","=""5/2""","=""""","=""14.1320779""","=""""","=""0.0000006""","=""0.0000029""","=""""","=""                                                                             ""","=""L18349"""
"=""3d6.(5D<0>).5f""","=""2[3]*""","=""7/2""","=""""","=""14.1325995""","=""""","=""0.0000006""","=""0.0005216""","=""""","=""  86  3d6.(5D<0>).5f 2[3]*                                                   ""","=""L18349c137"""
"=""3d6.(5D<1>).5g""","=""2[5]""","=""11/2""","=""""","=""14.1331316""","=""""","=""0.0000006""","=""0.0005321""","=""""","=""                                                                             ""","=""L18349"""
"=""3d6.(5D<1>).5g""","=""2[5]""","=""9/2""","=""""","=""14.1331327""","=""""","=""0.0000006""","=""0.0000011""","=""""","=""                                                                             ""","=""L18349"""
"=""3d6.(5D).6d""","=""4D""","=""7/2""","=""""","=""14.1354271""","=""""","=""0.0000006""","=""0.0022944""","=""""","=""                                                                             ""","=""L18349"""
"=""3d6.(5D<1>).5g""","=""2[4]""","=""9/2""","=""""","=""14.1368149""","=""""","=""0.0000006""","=""0.0013878""","=""""","=""                                                                             ""","=""L18349"""
"=""3d6.(5D<1>).5g""","=""2[4]""","=""7/2""","=""""","=""14.1368748""","=""""","=""0.0000006""","=""0.0000599""","=""""","=""                                                                             ""","=""L18349"""
"=""3d6.(5D).6d""","=""114094""","=""5/2""","=""""","=""14.1458834""","=""""","=""0.0000006""","=""0.0090086""","=""""","=""                                                                             ""","=""L18349"""
"=""3d6.(5D<0>).5g""","=""2[4]""","=""9/2""","=""""","=""14.1459384""","=""""","=""0.0000006""","=""0.0000550""","=""""","=""                                                                             ""","=""L18349"""
"=""3d6.(5D<0>).5g""","=""2[4]""","=""7/2""","=""""","=""14.1459608""","=""""","=""0.0000006""","=""0.0000224""","=""""","=""                                                                             ""","=""L18349"""
"=""3d6.(3G).5p""","=""4H*""","=""11/2""","=""""","=""14.1468316""","=""""","=""0.0000006""","=""0.0008708""","=""""","=""  49  3d6.(3G).5p 4H*                 :    41  3d6.(3G).5p             2H*   ""","=""L18349c137"""
"=""3d6.(3G).5p""","=""4H*""","=""13/2""","=""""","=""14.1471506""","=""""","=""0.0000006""","=""0.0003190""","=""""","=""  88  3d6.(3G).5p 4H*                 :     5  3d5.(2G2).4s.(3G).4p    4H*   ""","=""L18349c137"""
"=""3d6.(3G).5p""","=""4H*""","=""7/2""","=""""","=""14.2043157""","=""""","=""0.0000006""","=""0.0571651""","=""""","=""  57  3d6.(3G).5p 4H*                 :     9  3d5.(2H).4s.(3H).4p     4H*   ""","=""L18349c137"""
"=""3d6.(5D).6d""","=""4G""","=""11/2""","=""""","=""14.1537529""","=""""","=""0.0000006""","=""-0.0505628""","=""""","=""                                                                             ""","=""L18349"""
"=""3d6.(5D).6d""","=""4G""","=""9/2""","=""""","=""14.1940165""","=""""","=""0.0000006""","=""0.0402636""","=""""","=""                                                                             ""","=""L18349"""
"=""3d6.(5D).6d""","=""4G""","=""7/2""","=""""","=""14.2143044""","=""""","=""0.0000006""","=""0.0202879""","=""""","=""                                                                             ""","=""L18349"""
"=""3d6.(5D).6d""","=""4G""","=""5/2""","=""""","=""14.2342003""","=""""","=""0.0000006""","=""0.0198959""","=""""","=""                                                                             ""","=""L18349"""
"=""3d6.(5D).6d""","=""4F""","=""9/2""","=""""","=""14.1540577""","=""""","=""0.0000006""","=""-0.0801426""","=""""","=""                                                                             ""","=""L18349"""
"=""3d6.(5D).6d""","=""114212""","=""7/2""","=""""","=""14.1605300""","=""""","=""0.0000006""","=""0.0064723""","=""""","=""                                                                             ""","=""L18349"""
"=""3d6.(5D).6d""","=""114242""","=""5/2""","=""""","=""14.1642664""","=""""","=""0.0000006""","=""0.0037364""","=""""","=""                                                                             ""","=""L18349"""
"=""3d6.(5D).6d""","=""114333""","=""7/2""","=""""","=""14.1755723""","=""""","=""0.0000006""","=""0.0113059""","=""""","=""                                                                             ""","=""L18349"""
"=""3d6.(5D).6d""","=""114352""","=""5/2""","=""""","=""14.1779495""","=""""","=""0.0000006""","=""0.0023772""","=""""","=""                                                                             ""","=""L18349"""
"=""3d6.(5D).6d""","=""114393""","=""3/2""","=""""","=""14.1830292""","=""""","=""0.0000006""","=""0.0050797""","=""""","=""                                                                             ""","=""L18349"""
"=""3d6.(5D).6d""","=""114395""","=""7/2""","=""""","=""14.1832304""","=""""","=""0.0000006""","=""0.0002012""","=""""","=""                                                                             ""","=""L18349"""
"=""3d6.(5D).6d""","=""114399""","=""3/2""","=""""","=""14.1836894""","=""""","=""0.0000006""","=""0.0004590""","=""""","=""                                                                             ""","=""L18349"""
"=""3d6.(5D).6d""","=""114428""","=""7/2""","=""""","=""14.1873147""","=""""","=""0.0000006""","=""0.0036253""","=""""","=""                                                                             ""","=""L18349"""
"=""3d6.(5D).6d""","=""114464""","=""3/2""","=""""","=""14.1918354""","=""""","=""0.0000006""","=""0.0045207""","=""""","=""                                                                             ""","=""L18349"""
"=""3d6.(5D).6d""","=""114470""","=""5/2""","=""""","=""14.1925708""","=""""","=""0.0000006""","=""0.0007354""","=""""","=""                                                                             ""","=""L18349"""
"=""3d6.(5D).6d""","=""114475""","=""5/2""","=""""","=""14.1931935""","=""""","=""0.0000006""","=""0.0006227""","=""""","=""                                                                             ""","=""L18349"""
"=""3d6.(3G).5p""","=""2H*""","=""11/2""","=""""","=""14.1981066""","=""""","=""0.0000006""","=""0.0049131""","=""""","=""  50  3d6.(3G).5p 2H*                 :    29  3d6.(3G).5p             4H*   ""","=""L18349c137"""
"=""3d6.(3G).5p""","=""2H*""","=""9/2""","=""""","=""14.2297153""","=""""","=""0.0000006""","=""0.0316087""","=""""","=""  69  3d6.(3G).5p 2H*                 :     7  3d6.(3G).5p             2G*   ""","=""L18349c137"""
"=""3d6.(5D).6d""","=""114584""","=""5/2""","=""""","=""14.2066561""","=""""","=""0.0000006""","=""-0.0230592""","=""""","=""                                                                             ""","=""L18349"""
"=""3d6.(5D).6d""","=""114596""","=""3/2""","=""""","=""14.2081505""","=""""","=""0.0000006""","=""0.0014944""","=""""","=""                                                                             ""","=""L18349"""
"=""3d6.(5D).6d""","=""114673""","=""1/2""","=""""","=""14.2177335""","=""""","=""0.0000006""","=""0.0095830""","=""""","=""                                                                             ""","=""L18349"""
"=""3d6.(3G).5p""","=""4G*""","=""11/2""","=""""","=""14.2421732""","=""""","=""0.0000006""","=""0.0244397""","=""""","=""  44  3d6.(3G).5p 4G*                 :    14  3d5.(2G2).4s.(3G).4p    4G*   ""","=""L18349c137"""
"=""3d6.(3G).5p""","=""2G*""","=""9/2""","=""""","=""14.2430563""","=""""","=""0.0000006""","=""0.0008831""","=""""","=""  69  3d6.(3G).5p 2G*                 :     7  3d6.(3G).5p             2H*   ""","=""L18349c137"""
"=""3d6.(5D).6d""","=""6P""","=""7/2""","=""""","=""14.2557134""","=""""","=""0.0000006""","=""0.0126571""","=""""","=""                                                                             ""","=""L18349"""
"=""3d6.(5D).6d""","=""6P""","=""3/2""","=""""","=""14.2594058""","=""""","=""0.0000006""","=""0.0036924""","=""""","=""                                                                             ""","=""L18349"""
"=""3d6.(5D).6d""","=""6P""","=""5/2""","=""""","=""14.2641201""","=""""","=""0.0000006""","=""0.0047143""","=""""","=""                                                                             ""","=""L18349"""
"=""3d6.(3D).4d""","=""4F""","=""9/2""","=""""","=""14.2619847""","=""""","=""0.0000006""","=""-0.0021354""","=""""","=""                                                                             ""","=""L18349"""
"=""3d5.4s.(5S).5s""","=""6S""","=""5/2""","=""""","=""14.3037135""","=""""","=""0.0000006""","=""0.0417288""","=""""","=""                                                                             ""","=""L18349"""
"=""3d5.4s.(5S).5s""","=""4S""","=""3/2""","=""""","=""14.3258610""","=""""","=""0.0000006""","=""0.0221475""","=""""","=""                                                                             ""","=""L18349"""
"=""3d5.4s.(5S).4d""","=""6D""","=""1/2""","=""""","=""14.4234787""","=""""","=""0.0000010""","=""0.097618""","=""""","=""                                                                             ""","=""L18349"""
"=""3d5.4s.(5S).4d""","=""6D""","=""9/2""","=""""","=""14.4236948""","=""""","=""0.0000006""","=""0.000216""","=""""","=""                                                                             ""","=""L18349"""
"=""3d5.4s.(5S).4d""","=""6D""","=""3/2""","=""""","=""14.4237924""","=""""","=""0.0000007""","=""0.0000976""","=""""","=""                                                                             ""","=""L18349"""
"=""3d5.4s.(5S).4d""","=""6D""","=""5/2""","=""""","=""14.4241541""","=""""","=""0.0000006""","=""0.0003617""","=""""","=""                                                                             ""","=""L18349"""
"=""3d5.4s.(5S).4d""","=""6D""","=""7/2""","=""""","=""14.4246036""","=""""","=""0.0000007""","=""0.0004495""","=""""","=""                                                                             ""","=""L18349"""
"=""3d5.4p2""","=""4P""","=""5/2""","=""""","=""14.6422335""","=""""","=""0.0000006""","=""0.2176299""","=""""","=""                                                                             ""","=""L18349"""
"=""3d5.4p2""","=""4P""","=""3/2""","=""""","=""14.6645221""","=""""","=""0.0000006""","=""0.0222886""","=""""","=""                                                                             ""","=""L18349"""
"=""3d6.(5D<4>).6h""","=""2[7]*""","=""13/2""","=""""","=""14.6857167""","=""""","=""0.0000006""","=""0.0211946""","=""""","=""  97  3d6.(5D<4>).6h 2[7]*                                                   ""","=""L18349c137"""
"=""3d6.(5D<4>).6h""","=""2[7]*""","=""15/2""","=""""","=""14.6857179""","=""""","=""0.0000006""","=""0.0000012""","=""""","="" 100  3d6.(5D<4>).6h 2[7]*                                                   ""","=""L18349c137"""
"=""3d6.(5D<4>).6h""","=""2[6]*""","=""11/2""","=""""","=""14.6857403""","=""""","=""0.0000006""","=""0.0000224""","=""""","="" 100  3d6.(5D<4>).6h 2[6]*                                                   ""","=""L18349c137"""
"=""3d6.(5D<4>).6h""","=""2[6]*""","=""13/2""","=""""","=""14.6857410""","=""""","=""0.0000006""","=""0.0000007""","=""""","=""  97  3d6.(5D<4>).6h 2[6]*                                                   ""","=""L18349c137"""
"=""3d6.(5D<4>).6h""","=""2[5]*""","=""9/2""","=""""","=""14.6861256""","=""""","=""0.0000006""","=""0.0003846""","=""""","="" 100  3d6.(5D<4>).6h 2[5]*                                                   ""","=""L18349c137"""
"=""3d6.(5D<4>).6h""","=""2[5]*""","=""11/2""","=""""","=""14.6861256""","=""""","=""0.0000006""","=""0.0000000""","=""""","="" 100  3d6.(5D<4>).6h 2[5]*                                                   ""","=""L18349c137"""
"=""3d6.(5D<4>).6h""","=""2[8]*""","=""15/2""","=""""","=""14.6862614""","=""""","=""0.0000006""","=""0.0001358""","=""""","="" 100  3d6.(5D<4>).6h 2[8]*                                                   ""","=""L18349c137"""
"=""3d6.(5D<4>).6h""","=""2[8]*""","=""17/2""","=""""","=""14.6862633""","=""""","=""0.0000006""","=""0.0000019""","=""""","="" 100  3d6.(5D<4>).6h 2[8]*                                                   ""","=""L18349c137"""
"=""3d6.(5D<4>).6h""","=""2[4]*""","=""9/2""","=""""","=""14.6867116""","=""""","=""0.0000006""","=""0.0004483""","=""""","="" 100  3d6.(5D<4>).6h 2[4]*                                                   ""","=""L18349c137"""
"=""3d6.(5D<4>).6h""","=""2[4]*""","=""7/2""","=""""","=""14.6867118""","=""""","=""0.0000006""","=""0.0000002""","=""""","="" 100  3d6.(5D<4>).6h 2[4]*                                                   ""","=""L18349c137"""
"=""3d6.(5D<4>).6h""","=""2[3]*""","=""7/2""","=""""","=""14.6873616""","=""""","=""0.0000006""","=""0.0006498""","=""""","="" 100  3d6.(5D<4>).6h 2[3]*                                                   ""","=""L18349c137"""
"=""3d6.(5D<4>).6h""","=""2[3]*""","=""5/2""","=""""","=""14.6873623""","=""""","=""0.0000006""","=""0.0000007""","=""""","="" 100  3d6.(5D<4>).6h 2[3]*                                                   ""","=""L18349c137"""
"=""3d6.(5D<4>).6h""","=""2[9]*""","=""17/2""","=""""","=""14.6876767""","=""""","=""0.0000006""","=""0.0003144""","=""""","="" 100  3d6.(5D<4>).6h 2[9]*                                                   ""","=""L18349c137"""
"=""3d6.(5D<4>).6h""","=""2[9]*""","=""19/2""","=""""","=""14.6876795""","=""""","=""0.0000006""","=""0.0000028""","=""""","="" 100  3d6.(5D<4>).6h 2[9]*                                                   ""","=""L18349c137"""
"=""3d6.(5D<4>).6h""","=""2[2]*""","=""3/2""","=""""","=""14.6879642""","=""""","=""0.0000006""","=""0.0002847""","=""""","="" 100  3d6.(5D<4>).6h 2[2]*                                                   ""","=""L18349c137"""
"=""3d6.(5D<4>).6h""","=""2[2]*""","=""5/2""","=""""","=""14.6879652""","=""""","=""0.0000006""","=""0.0000010""","=""""","="" 100  3d6.(5D<4>).6h 2[2]*                                                   ""","=""L18349c137"""
"=""3d6.(5D<4>).6h""","=""2[1]*""","=""1/2""","=""""","=""14.6884234""","=""""","=""0.0000007""","=""0.0004582""","=""""","="" 100  3d6.(5D<4>).6h 2[1]*                                                   ""","=""L18349c137"""
"=""3d6.(5D<4>).6h""","=""2[1]*""","=""3/2""","=""""","=""14.6884246""","=""""","=""0.0000006""","=""0.0000012""","=""""","="" 100  3d6.(5D<4>).6h 2[1]*                                                   ""","=""L18349c137"""
"=""3d6.(5D<3>).6h""","=""2[6]*""","=""11/2""","=""""","=""14.7404256""","=""""","=""0.0000006""","=""0.0520010""","=""""","="" 100  3d6.(5D<3>).6h 2[6]*                                                   ""","=""L18349c137"""
"=""3d6.(5D<3>).6h""","=""2[6]*""","=""13/2""","=""""","=""14.7404270""","=""""","=""0.0000006""","=""0.0000014""","=""""","="" 100  3d6.(5D<3>).6h 2[6]*                                                   ""","=""L18349c137"""
"=""3d6.(5D<3>).6h""","=""2[5]*""","=""9/2""","=""""","=""14.7405065""","=""""","=""0.0000006""","=""0.0000795""","=""""","="" 100  3d6.(5D<3>).6h 2[5]*                                                   ""","=""L18349c137"""
"=""3d6.(5D<3>).6h""","=""2[5]*""","=""11/2""","=""""","=""14.7405071""","=""""","=""0.0000006""","=""0.0000006""","=""""","="" 100  3d6.(5D<3>).6h 2[5]*                                                   ""","=""L18349c137"""
"=""3d6.(5D<3>).6h""","=""2[7]*""","=""13/2""","=""""","=""14.7405552""","=""""","=""0.0000006""","=""0.0000481""","=""""","="" 100  3d6.(5D<3>).6h 2[7]*                                                   ""","=""L18349c137"""
"=""3d6.(5D<3>).6h""","=""2[7]*""","=""15/2""","=""""","=""14.7405570""","=""""","=""0.0000006""","=""0.0000018""","=""""","="" 100  3d6.(5D<3>).6h 2[7]*                                                   ""","=""L18349c137"""
"=""3d6.(5D<3>).6h""","=""2[4]*""","=""7/2""","=""""","=""14.7407048""","=""""","=""0.0000006""","=""0.0001478""","=""""","="" 100  3d6.(5D<3>).6h 2[4]*                                                   ""","=""L18349c137"""
"=""3d6.(5D<3>).6h""","=""2[4]*""","=""9/2""","=""""","=""14.7407056""","=""""","=""0.0000006""","=""0.0000008""","=""""","="" 100  3d6.(5D<3>).6h 2[4]*                                                   ""","=""L18349c137"""
"=""3d6.(5D<3>).6h""","=""2[3]*""","=""5/2""","=""""","=""14.7409442""","=""""","=""0.0000006""","=""0.0002386""","=""""","="" 100  3d6.(5D<3>).6h 2[3]*                                                   ""","=""L18349c137"""
"=""3d6.(5D<3>).6h""","=""2[3]*""","=""7/2""","=""""","=""14.7409444""","=""""","=""0.0000006""","=""0.0000002""","=""""","="" 100  3d6.(5D<3>).6h 2[3]*                                                   ""","=""L18349c137"""
"=""3d6.(5D<3>).6h""","=""2[8]*""","=""15/2""","=""""","=""14.7409971""","=""""","=""0.0000025""","=""0.000053""","=""""","="" 100  3d6.(5D<3>).6h 2[8]*                                                   ""","=""L18349c137"""
"=""3d6.(5D<3>).6h""","=""2[8]*""","=""17/2""","=""""","=""14.7409971""","=""""","=""0.0000025""","=""0.000000""","=""""","="" 100  3d6.(5D<3>).6h 2[8]*                                                   ""","=""L18349c137"""
"=""3d6.(5D<3>).6h""","=""2[2]*""","=""5/2""","=""""","=""14.7411656""","=""""","=""0.0000006""","=""0.000169""","=""""","="" 100  3d6.(5D<3>).6h 2[2]*                                                   ""","=""L18349c137"""
"=""3d6.(5D<3>).6h""","=""2[2]*""","=""3/2""","=""""","=""14.7411670""","=""""","=""0.0000006""","=""0.0000014""","=""""","="" 100  3d6.(5D<3>).6h 2[2]*                                                   ""","=""L18349c137"""
"=""3d6.(5D<2>).6h""","=""2[3]*""","=""7/2""","=""""","=""14.7778909""","=""""","=""0.0000006""","=""0.0367239""","=""""","="" 100  3d6.(5D<2>).6h 2[3]*                                                   ""","=""L18349c137"""
"=""3d6.(5D<2>).6h""","=""2[3]*""","=""5/2""","=""""","=""14.7778917""","=""""","=""0.0000006""","=""0.0000008""","=""""","="" 100  3d6.(5D<2>).6h 2[3]*                                                   ""","=""L18349c137"""
"=""3d6.(5D<2>).6h""","=""2[7]*""","=""15/2""","=""""","=""14.7780523""","=""""","=""0.0000025""","=""0.000161""","=""""","="" 100  3d6.(5D<2>).6h 2[7]*                                                   ""","=""L18349c137"""
"=""3d6.(5D<2>).6h""","=""2[7]*""","=""13/2""","=""""","=""14.7780548""","=""""","=""0.0000025""","=""0.000002""","=""""","="" 100  3d6.(5D<2>).6h 2[7]*                                                   ""","=""L18349c137"""
"=""3d6.(5D<2>).6h""","=""2[4]*""","=""7/2""","=""""","=""14.7782362""","=""""","=""0.0000006""","=""0.000181""","=""""","="" 100  3d6.(5D<2>).6h 2[4]*                                                   ""","=""L18349c137"""
"=""3d6.(5D<2>).6h""","=""2[4]*""","=""9/2""","=""""","=""14.7782369""","=""""","=""0.0000006""","=""0.0000007""","=""""","="" 100  3d6.(5D<2>).6h 2[4]*                                                   ""","=""L18349c137"""
"=""3d6.(5D<2>).6h""","=""2[5]*""","=""9/2""","=""""","=""14.7784754""","=""""","=""0.0000006""","=""0.0002385""","=""""","="" 100  3d6.(5D<2>).6h 2[5]*                                                   ""","=""L18349c137"""
"=""3d6.(5D<2>).6h""","=""2[5]*""","=""11/2""","=""""","=""14.7784757""","=""""","=""0.0000006""","=""0.0000003""","=""""","=""  98  3d6.(5D<2>).6h 2[5]*                                                   ""","=""L18349c137"""
"=""3d6.(5D<2>).6h""","=""2[6]*""","=""11/2""","=""""","=""14.7784769""","=""""","=""0.0000006""","=""0.0000012""","=""""","=""  98  3d6.(5D<2>).6h 2[6]*                                                   ""","=""L18349c137"""
"=""3d6.(5D<2>).6h""","=""2[6]*""","=""13/2""","=""""","=""14.7784779""","=""""","=""0.0000006""","=""0.0000010""","=""""","="" 100  3d6.(5D<2>).6h 2[6]*                                                   ""","=""L18349c137"""
"=""3d6.(5D<1>).6h""","=""2[4]*""","=""7/2""","=""""","=""14.8011557""","=""""","=""0.0000009""","=""0.022678""","=""""","="" 100  3d6.(5D<1>).6h 2[4]*                                                   ""","=""L18349c137"""
"=""3d6.(5D<1>).6h""","=""2[4]*""","=""9/2""","=""""","=""14.8011648""","=""""","=""0.0000006""","=""0.000009""","=""""","="" 100  3d6.(5D<1>).6h 2[4]*                                                   ""","=""L18349c137"""
"=""3d6.(5D<1>).6h""","=""2[6]*""","=""13/2""","=""""","=""14.8019180""","=""""","=""0.0000025""","=""0.000753""","=""""","="" 100  3d6.(5D<1>).6h 2[6]*                                                   ""","=""L18349c137"""
"=""3d6.(5D<1>).6h""","=""2[6]*""","=""11/2""","=""""","=""14.8019192""","=""""","=""0.0000025""","=""0.000001""","=""""","="" 100  3d6.(5D<1>).6h 2[6]*                                                   ""","=""L18349c137"""
"=""3d6.(5D<1>).6h""","=""2[5]*""","=""9/2""","=""""","=""14.8032017""","=""""","=""0.0000006""","=""0.001283""","=""""","="" 100  3d6.(5D<1>).6h 2[5]*                                                   ""","=""L18349c137"""
"=""3d6.(5D<1>).6h""","=""2[5]*""","=""11/2""","=""""","=""14.8032036""","=""""","=""0.0000006""","=""0.0000019""","=""""","="" 100  3d6.(5D<1>).6h 2[5]*                                                   ""","=""L18349c137"""
"=""3d6.(5D<0>).6h""","=""2[5]*""","=""9/2""","=""""","=""14.8140200""","=""""","=""0.0000006""","=""0.0108164""","=""""","="" 100  3d6.(5D<0>).6h 2[5]*                                                   ""","=""L18349c137"""
"=""3d6.(5D<0>).6h""","=""2[5]*""","=""11/2""","=""""","=""14.8140221""","=""""","=""0.0000006""","=""0.0000021""","=""""","="" 100  3d6.(5D<0>).6h 2[5]*                                                   ""","=""L18349c137"""
"=""3d6.(3H).6s""","=""4H""","=""13/2""","=""""","=""15.1092073""","=""""","=""0.0000006""","=""0.2951852""","=""""","=""                                                                             ""","=""L18349"""
"=""3d6.(3H).6s""","=""4H""","=""9/2""","=""""","=""15.1467502""","=""""","=""0.0000006""","=""0.0375429""","=""""","=""                                                                             ""","=""L18349"""
"=""3d6.(3H).6s""","=""4H""","=""7/2""","=""""","=""15.1629778""","=""""","=""0.0000006""","=""0.0162276""","=""""","=""                                                                             ""","=""L18349"""
"=""3d6.(3H).6s""","=""2H""","=""11/2""","=""""","=""15.1651318""","=""""","=""0.0000006""","=""0.0021540""","=""""","=""                                                                             ""","=""L18349"""
"=""3d6.(3H).6s""","=""2H""","=""9/2""","=""""","=""15.1971567""","=""""","=""0.0000006""","=""0.0320249""","=""""","=""                                                                             ""","=""L18349"""
"=""3d6.(3P2<2>).4f""","=""2[4]*""","=""9/2""","=""""","=""15.1700991""","=""""","=""0.0000006""","=""-0.0270576""","=""""","=""  58                                  :    37  3d6.(3P1<2>).4f         2[4]* ""","=""L18349"""
"=""3d6.(3P2<2>).4f""","=""2[3]*""","=""7/2""","=""""","=""15.1701620""","=""""","=""0.0000006""","=""0.0000629""","=""""","=""  52                                  :    33  3d6.(3P1<2>).4f         2[3]* ""","=""L18349"""
"=""3d6.(3H<6>).4f""","=""2[8]*""","=""15/2""","=""""","=""15.2390124""","=""""","=""0.0000006""","=""0.0688504""","=""""","=""  70  3d6.(3H<6>).4f 2[8]*            :     9  3d5.(2I).4s.(3I<7>).4p  2[8]* ""","=""L18349c137"""
"=""3d6.(3H<6>).4f""","=""2[8]*""","=""17/2""","=""""","=""15.2510360""","=""""","=""0.0000006""","=""0.0120236""","=""""","=""  97  3d6.(3H<6>).4f 2[8]*                                                   ""","=""L18349c137"""
"=""3d6.(3H<6>).4f""","=""2[3]*""","=""7/2""","=""""","=""15.2434180""","=""""","=""0.0000006""","=""-0.0076180""","=""""","=""  97  3d6.(3H<6>).4f 2[3]*                                                   ""","=""L18349c137"""
"=""3d6.(3H<6>).4f""","=""2[9]*""","=""17/2""","=""""","=""15.2441967""","=""""","=""0.0000006""","=""0.0007787""","=""""","="" 100  3d6.(3H<6>).4f 2[9]*                                                   ""","=""L18349c137"""
"=""3d6.(3H<6>).4f""","=""2[9]*""","=""19/2""","=""""","=""15.2443710""","=""""","=""0.0000006""","=""0.0001743""","=""""","="" 100  3d6.(3H<6>).4f 2[9]*                                                   ""","=""L18349c137"""
"=""3d6.(3H<6>).4f""","=""2[4]*""","=""9/2""","=""""","=""15.2485928""","=""""","=""0.0000007""","=""0.0042218""","=""""","=""  94  3d6.(3H<6>).4f 2[4]*                                                   ""","=""L18349c137"""
"=""3d6.(3H<6>).4f""","=""2[7]*""","=""13/2""","=""""","=""15.2488950""","=""""","=""0.0000007""","=""0.0003022""","=""""","=""  44  3d6.(3H<6>).4f 2[7]*            :    13  3d6.(3H<5>).4f          2[7]* ""","=""L18349c137"""
"=""3d6.(3H<6>).4f""","=""2[7]*""","=""15/2""","=""""","=""15.2523418""","=""""","=""0.0000006""","=""0.0034468""","=""""","=""  95  3d6.(3H<6>).4f 2[7]*                                                   ""","=""L18349c137"""
"=""3d6.(3H<6>).4f""","=""2[5]*""","=""11/2""","=""""","=""15.2503423""","=""""","=""0.0000006""","=""-0.0019995""","=""""","=""  84  3d6.(3H<6>).4f 2[5]*            :    15  3d6.(3H<6>).4f          2[6]* ""","=""L18349c137"""
"=""3d6.(3H<6>).4f""","=""2[5]*""","=""9/2""","=""""","=""15.2533240""","=""""","=""0.0000006""","=""0.0029817""","=""""","=""  94  3d6.(3H<6>).4f 2[5]*                                                   ""","=""L18349c137"""
"=""3d6.(3H<6>).4f""","=""2[6]*""","=""13/2""","=""""","=""15.2519656""","=""""","=""0.0000006""","=""-0.0013584""","=""""","=""  93  3d6.(3H<6>).4f 2[6]*            :     6  3d6.(3H<6>).4f          2[7]* ""","=""L18349c137"""
"=""3d6.(3H<6>).4f""","=""2[6]*""","=""11/2""","=""""","=""15.2547037""","=""""","=""0.0000009""","=""0.002738""","=""""","=""  83  3d6.(3H<6>).4f 2[6]*            :    14  3d6.(3H<6>).4f          2[5]* ""","=""L18349c137"""
"=""3d6.(3H<5>).4f""","=""2[7]*""","=""13/2""","=""""","=""15.2709730""","=""""","=""0.0000007""","=""0.016269""","=""""","=""  46  3d6.(3H<6>).4f 2[7]*            :    23  3d6.(3H<5>).4f          2[7]* ""","=""L18349c137"""
"=""3d6.(3H<5>).4f""","=""2[7]*""","=""15/2""","=""""","=""15.2796199""","=""""","=""0.0000006""","=""0.0086469""","=""""","=""  66  3d6.(3H<5>).4f 2[7]*            :    27  3d6.(3H<5>).4f          2[8]* ""","=""L18349c137"""
"=""3d6.(3H<5>).4f""","=""2[8]*""","=""15/2""","=""""","=""15.2739979""","=""""","=""0.0000006""","=""-0.0056220""","=""""","=""  67  3d6.(3H<5>).4f 2[8]*            :    19  3d6.(3H<5>).4f          2[7]* ""","=""L18349c137"""
"=""3d6.(3H<5>).4f""","=""2[8]*""","=""17/2""","=""""","=""15.2772402""","=""""","=""0.0000006""","=""0.0032423""","=""""","=""  96  3d6.(3H<5>).4f 2[8]*                                                   ""","=""L18349c137"""
"=""3d6.(3H<5>).4f""","=""2[6]*""","=""13/2""","=""""","=""15.2810098""","=""""","=""0.0000007""","=""0.0037696""","=""""","=""  65  3d6.(3H<5>).4f 2[6]*            :    30  3d6.(3H<5>).4f          2[7]* ""","=""L18349c137"""
"=""3d6.(3H<5>).4f""","=""2[6]*""","=""11/2""","=""""","=""15.2812358""","=""""","=""0.0000009""","=""0.000226""","=""""","=""  67  3d6.(3H<5>).4f 2[6]*            :    28  3d6.(3H<5>).4f          2[5]* ""","=""L18349c137"""
"=""3d6.(3H<5>).4f""","=""2[5]*""","=""11/2""","=""""","=""15.2835763""","=""""","=""0.0000007""","=""0.002341""","=""""","=""  68  3d6.(3H<5>).4f 2[5]*            :    29  3d6.(3H<5>).4f          2[6]* ""","=""L18349c137"""
"=""3d6.(3H<4>).4f""","=""2[6]*""","=""13/2""","=""""","=""15.2941354""","=""""","=""0.0000006""","=""0.0105591""","=""""","=""  34  3d6.(3H<4>).4f 2[7]*            :    24  3d6.(3H<4>).4f          2[6]* ""","=""L18349c137"""
"=""3d6.(3H<4>).4f""","=""2[6]*""","=""11/2""","=""""","=""15.3047457""","=""""","=""0.0000006""","=""0.0106103""","=""""","=""  74  3d6.(3H<4>).4f 2[6]*            :    23  3d6.(3H<4>).4f          2[5]* ""","=""L18349c137"""
"=""3d6.(3H<4>).4f""","=""2[7]*""","=""15/2""","=""""","=""15.2991859""","=""""","=""0.0000006""","=""-0.0055598""","=""""","=""  94  3d6.(3H<4>).4f 2[7]*                                                   ""","=""L18349c137"""
"=""3d6.(3H<4>).4f""","=""2[7]*""","=""13/2""","=""""","=""15.3014770""","=""""","=""0.0000006""","=""0.0022911""","=""""","=""  56  3d6.(3H<4>).4f 2[7]*            :    32  3d6.(3H<4>).4f          2[6]* ""","=""L18349c137"""
"=""3d6.(3H<4>).4f""","=""2[5]*""","=""11/2""","=""""","=""15.3030140""","=""""","=""0.0000009""","=""0.001537""","=""""","=""  71  3d6.(3H<4>).4f 2[5]*            :    22  3d6.(3H<4>).4f          2[6]* ""","=""L18349c137"""
"=""3d6.(3H<4>).4f""","=""2[5]*""","=""9/2""","=""""","=""15.3040466""","=""""","=""0.0000007""","=""0.001033""","=""""","=""  94  3d6.(3H<4>).4f 2[5]*                                                   ""","=""L18349c137"""
"=""3d6.(3H<4>).4f""","=""2[3]*""","=""5/2""","=""""","=""15.3033949""","=""""","=""0.0000007""","=""-0.0006517""","=""""","=""  71  3d6.(3H<4>).4f 2[3]*            :    19  3d6.(3H<4>).4f          2[2]* ""","=""L18349c137"""
"=""3d6.(3H<4>).4f""","=""2[4]*""","=""7/2""","=""""","=""15.3040200""","=""""","=""0.0000006""","=""0.0006251""","=""""","=""  93  3d6.(3H<4>).4f 2[4]*                                                   ""","=""L18349c137"""
"=""3d6.(3H<4>).4f""","=""2[4]*""","=""9/2""","=""""","=""15.3071775""","=""""","=""0.0000010""","=""0.003158""","=""""","=""  93  3d6.(3H<4>).4f 2[4]*                                                   ""","=""L18349c137"""
"=""3d6.(3P2<1>).4f""","=""2[4]*""","=""9/2""","=""""","=""15.3281124""","=""""","=""0.0000006""","=""0.020935""","=""""","=""  61                                  :    38  3d6.(3P1<1>).4f         2[4]* ""","=""L18349"""
"=""3d6.(3H).5d""","=""4H""","=""13/2""","=""""","=""15.3999198""","=""""","=""0.0000006""","=""0.0718074""","=""""","=""                                                                             ""","=""L18349"""
"=""3d6.(3H).5d""","=""4K""","=""15/2""","=""""","=""15.4108934""","=""""","=""0.0000020""","=""0.010974""","=""""","=""                                                                             ""","=""L18349"""
"=""3d6.(3F2<4>).4f""","=""2[6]*""","=""13/2""","=""""","=""15.4236520""","=""""","=""0.0000007""","=""0.012759""","=""""","=""  52  3d6.(3F2<4>).4f 2[6]*           :    22  3d6.(3F2<4>).4f         2[7]* ""","=""L18349c137"""
"=""3d6.(3F2<4>).4f""","=""2[7]*""","=""15/2""","=""""","=""15.4263027""","=""""","=""0.0000006""","=""0.0026507""","=""""","=""  75  3d6.(3F2<4>).4f 2[7]*           :    21  3d6.(3F1<4>).4f         2[7]* ""","=""L18349c137"""
"=""3d6.(3F2<4>).4f""","=""2[7]*""","=""13/2""","=""""","=""15.4281503""","=""""","=""0.0000007""","=""0.0018476""","=""""","=""  51  3d6.(3F2<4>).4f 2[7]*           :    18  3d6.(3F2<4>).4f         2[6]* ""","=""L18349c137"""
"=""3d6.(3H).5d""","=""2K""","=""15/2""","=""""","=""15.4462457""","=""""","=""0.0000010""","=""0.018095""","=""""","=""                                                                             ""","=""L18349"""
"=""3d6.(3F2<3>).4f""","=""2[6]*""","=""13/2""","=""""","=""15.4560319""","=""""","=""0.0000007""","=""0.009786""","=""""","=""  76  3d6.(3F2<3>).4f 2[6]*           :    20  3d6.(3F1<3>).4f         2[6]* ""","=""L18349c137"""
"=""3d6.(3G<5>).4f""","=""2[6]*""","=""11/2""","=""""","=""15.8058464""","=""""","=""0.0000009""","=""0.349815""","=""""","=""  79  3d6.(3G<5>).4f 2[6]*            :    15  3d6.(3G<5>).4f          2[5]* ""","=""L18349c137"""
"=""3d6.(3G<5>).4f""","=""2[7]*""","=""15/2""","=""""","=""15.8060861""","=""""","=""0.0000007""","=""0.000240""","=""""","=""  95  3d6.(3G<5>).4f 2[7]*                                                   ""","=""L18349c137"""
"=""3d6.(3G<5>).4f""","=""2[7]*""","=""13/2""","=""""","=""15.8098713""","=""""","=""0.0000006""","=""0.0037852""","=""""","=""  34  3d6.(3G<5>).4f 2[7]*            :    17  3d6.(3H<6>).6p          2[7]* ""","=""L18349c137"""
"=""3d6.(3G<5>).4f""","=""2[8]*""","=""15/2""","=""""","=""15.8109780""","=""""","=""0.0000006""","=""0.0011067""","=""""","=""  95  3d6.(3G<5>).4f 2[8]*                                                   ""","=""L18349c137"""
"=""3d6.(3G<4>).4f""","=""2[5]*""","=""11/2""","=""""","=""15.8537609""","=""""","=""0.0000010""","=""0.042783""","=""""","=""  53  3d6.(3G<4>).4f 2[5]*            :    36  3d6.(3G<4>).4f          2[6]* ""","=""L18349c137"""
"=""3d6.(3G<4>).4f""","=""2[6]*""","=""13/2""","=""""","=""15.8544846""","=""""","=""0.0000009""","=""0.000724""","=""""","=""  93  3d6.(3G<4>).4f 2[6]*                                                   ""","=""L18349c137"""
"=""3d6.(3G<4>).4f""","=""2[7]*""","=""15/2""","=""""","=""15.8567123""","=""""","=""0.0000006""","=""0.002228""","=""""","=""  95  3d6.(3G<4>).4f 2[7]*                                                   ""","=""L18349c137"""
"=""3d6.(3G<4>).4f""","=""2[7]*""","=""13/2""","=""""","=""15.8569894""","=""""","=""0.0000006""","=""0.0002771""","=""""","=""  94  3d6.(3G<4>).4f 2[7]*                                                   ""","=""L18349c137"""
"=""3d6.(3G<3>).4f""","=""2[5]*""","=""9/2""","=""""","=""15.8768834""","=""""","=""0.0000009""","=""0.019894""","=""""","=""  54  3d6.(3G<3>).4f 2[5]*            :    42  3d6.(3G<3>).4f          2[4]* ""","=""L18349c137"""
"=""3d6.(3G<3>).4f""","=""2[5]*""","=""11/2""","=""""","=""15.8788027""","=""""","=""0.0000007""","=""0.001919""","=""""","=""  77  3d6.(3G<3>).4f 2[5]*            :    17  3d6.(3G<3>).4f          2[6]* ""","=""L18349c137"""
"=""3d6.(3G<3>).4f""","=""2[6]*""","=""13/2""","=""""","=""15.8836410""","=""""","=""0.0000007""","=""0.0048383""","=""""","=""  94  3d6.(3G<3>).4f 2[6]*                                                   ""","=""L18349c137"""
"=""3d6.(3H).5d""","=""4I""","=""15/2""","=""""","=""15.9694815""","=""""","=""0.0000021""","=""0.085840""","=""""","=""                                                                             ""","=""L18349"""
"=""Fe III (3d6 5D<4>)""","=""Limit""","=""---""","=""""","=""16.19921""","=""""","=""0.00005""","=""""","=""""","=""                                                                             ""","=""L18349"""
