Configuration,Term,J,Prefix,Level (eV),Suffix,Uncertainty (eV),Splitting,Leading percentages,Reference
"=""3d6""","=""5D""","=""4""","=""""","=""0.000000""","=""""","=""0""","=""""","="" 100                                                        ""","=""L11223"""
"=""3d6""","=""5D""","=""3""","=""""","=""0.054081""","=""""","=""0.000005""","=""0.054081""","="" 100                                                        ""","=""L11223"""
"=""3d6""","=""5D""","=""2""","=""""","=""0.091608""","=""""","=""0.000017""","=""0.03753""","="" 100                                                        ""","=""L11223"""
"=""3d6""","=""5D""","=""1""","=""""","=""0.115618""","=""""","=""0.000020""","=""0.02401""","="" 100                                                        ""","=""L11223"""
"=""3d6""","=""5D""","=""0""","=""""","=""0.12736""","=""""","=""0.00003""","=""0.01174""","="" 100                                                        ""","=""L11223"""
"=""3d6""","=""a 3P""","=""2""","=""""","=""2.405841""","=""""","=""0.000017""","=""2.27848""","=""  61                           :    39  3d6            b 3P ""","=""L11223"""
"=""3d6""","=""a 3P""","=""1""","=""""","=""2.565000""","=""""","=""0.000020""","=""0.15916""","=""  62                           :    38  3d6            b 3P ""","=""L11223"""
"=""3d6""","=""a 3P""","=""0""","=""""","=""2.62947""","=""""","=""0.00003""","=""0.06447""","=""  62                           :    38  3d6            b 3P ""","=""L11223"""
"=""3d6""","=""3H""","=""6""","=""""","=""2.486052""","=""""","=""0.000017""","=""-0.14342""","="" 100                                                        ""","=""L11223"""
"=""3d6""","=""3H""","=""5""","=""""","=""2.516952""","=""""","=""0.000016""","=""0.03090""","=""  99                                                        ""","=""L11223"""
"=""3d6""","=""3H""","=""4""","=""""","=""2.539410""","=""""","=""0.000016""","=""0.02246""","=""  97                                                        ""","=""L11223"""
"=""3d6""","=""a 3F""","=""4""","=""""","=""2.660939""","=""""","=""0.000015""","=""0.12153""","=""  75                           :    21  3d6            b 3F ""","=""L11223"""
"=""3d6""","=""a 3F""","=""3""","=""""","=""2.690431""","=""""","=""0.000014""","=""0.02949""","=""  77                           :    21  3d6            b 3F ""","=""L11223"""
"=""3d6""","=""a 3F""","=""2""","=""""","=""2.709933""","=""""","=""0.000016""","=""0.01950""","=""  80                           :    20  3d6            b 3F ""","=""L11223"""
"=""3d6""","=""3G""","=""5""","=""""","=""3.044858""","=""""","=""0.000017""","=""0.33493""","=""  99                                                        ""","=""L11223"""
"=""3d6""","=""3G""","=""4""","=""""","=""3.092305""","=""""","=""0.000015""","=""0.04745""","=""  96                                                        ""","=""L11223"""
"=""3d6""","=""3G""","=""3""","=""""","=""3.117226""","=""""","=""0.000015""","=""0.02492""","=""  98                                                        ""","=""L11223"""
"=""3d5.(6S).4s""","=""7S""","=""3""","=""""","=""3.730646""","=""""","=""0.000016""","=""0.61342""","="" 100                                                        ""","=""L11223"""
"=""3d6""","=""1I""","=""6""","=""""","=""3.763649""","=""""","=""0.000021""","=""0.03300""","="" 100                                                        ""","=""L11223"""
"=""3d6""","=""3D""","=""2""","=""""","=""3.808296""","=""""","=""0.000014""","=""0.04465""","=""  99                                                        ""","=""L11223"""
"=""3d6""","=""3D""","=""1""","=""""","=""3.809472""","=""""","=""0.000016""","=""0.00118""","="" 100                                                        ""","=""L11223"""
"=""3d6""","=""3D""","=""3""","=""""","=""3.825866""","=""""","=""0.000014""","=""0.01639""","="" 100                                                        ""","=""L11223"""
"=""3d6""","=""a 1G""","=""4""","=""""","=""3.829400""","=""""","=""0.000017""","=""0.00353""","=""  65                           :    34  3d6            b 1G ""","=""L11223"""
"=""3d6""","=""a 1S""","=""0""","=""""","=""4.31613""","=""""","=""0.00005""","=""0.48673""","=""  76                           :    23  3d6            b 1S ""","=""L11223"""
"=""3d6""","=""a 1D""","=""2""","=""""","=""4.439007""","=""""","=""0.000020""","=""0.12288""","=""  77                           :    22  3d6            b 1D ""","=""L11223"""
"=""3d5.(6S).4s""","=""5S""","=""2""","=""""","=""5.083391""","=""""","=""0.000012""","=""0.64438""","="" 100                                                        ""","=""L11223"""
"=""3d6""","=""1F""","=""3""","=""""","=""5.318460""","=""""","=""0.000015""","=""0.23507""","=""  99                                                        ""","=""L11223"""
"=""3d6""","=""b 3P""","=""0""","=""""","=""6.093771""","=""""","=""0.000021""","=""0.77531""","=""  62                           :    38  3d6            a 3P ""","=""L11223"""
"=""3d6""","=""b 3P""","=""1""","=""""","=""6.146798""","=""""","=""0.000014""","=""0.05303""","=""  62                           :    38  3d6            a 3P ""","=""L11223"""
"=""3d6""","=""b 3P""","=""2""","=""""","=""6.250285""","=""""","=""0.000014""","=""0.10349""","=""  61                           :    39  3d6            a 3P ""","=""L11223"""
"=""3d6""","=""b 3F""","=""2""","=""""","=""6.222143""","=""""","=""0.000014""","=""-0.02814""","=""  80                           :    20  3d6            a 3F ""","=""L11223"""
"=""3d6""","=""b 3F""","=""4""","=""""","=""6.233453""","=""""","=""0.000012""","=""0.01131""","=""  78                           :    22  3d6            a 3F ""","=""L11223"""
"=""3d6""","=""b 3F""","=""3""","=""""","=""6.235798""","=""""","=""0.000012""","=""0.00235""","=""  79                           :    21  3d6            a 3F ""","=""L11223"""
"=""3d6""","=""b 1G""","=""4""","=""""","=""7.094525""","=""""","=""0.000015""","=""0.85873""","=""  65                           :    35  3d6            a 1G ""","=""L11223"""
"=""3d5.(4G).4s""","=""5G""","=""6""","=""""","=""7.863790""","=""""","=""0.000012""","=""0.76926""","="" 100                                                        ""","=""L11223"""
"=""3d5.(4G).4s""","=""5G""","=""5""","=""""","=""7.868887""","=""""","=""0.000011""","=""0.00510""","="" 100                                                        ""","=""L11223"""
"=""3d5.(4G).4s""","=""5G""","=""4""","=""""","=""7.871424""","=""""","=""0.000011""","=""0.00254""","="" 100                                                        ""","=""L11223"""
"=""3d5.(4G).4s""","=""5G""","=""3""","=""""","=""7.872343""","=""""","=""0.000012""","=""0.00092""","="" 100                                                        ""","=""L11223"""
"=""3d5.(4G).4s""","=""5G""","=""2""","=""""","=""7.872377""","=""""","=""0.000015""","=""0.00003""","="" 100                                                        ""","=""L11223"""
"=""3d5.(4P).4s""","=""5P""","=""3""","=""""","=""8.240615""","=""""","=""0.000011""","=""0.36824""","=""  95                                                        ""","=""L11223"""
"=""3d5.(4P).4s""","=""5P""","=""2""","=""""","=""8.247838""","=""""","=""0.000011""","=""0.00722""","=""  96                                                        ""","=""L11223"""
"=""3d5.(4P).4s""","=""5P""","=""1""","=""""","=""8.256366""","=""""","=""0.000011""","=""0.00853""","=""  98                                                        ""","=""L11223"""
"=""3d5.(4D).4s""","=""5D""","=""4""","=""""","=""8.641223""","=""""","=""0.000011""","=""0.38486""","="" 100                                                        ""","=""L11223"""
"=""3d5.(4D).4s""","=""5D""","=""0""","=""""","=""8.647644""","=""""","=""0.000011""","=""0.00642""","=""  99                                                        ""","=""L11223"""
"=""3d5.(4D).4s""","=""5D""","=""1""","=""""","=""8.652674""","=""""","=""0.000011""","=""0.00503""","=""  98                                                        ""","=""L11223"""
"=""3d5.(4D).4s""","=""5D""","=""3""","=""""","=""8.658703""","=""""","=""0.000011""","=""0.00603""","=""  96                                                        ""","=""L11223"""
"=""3d5.(4D).4s""","=""5D""","=""2""","=""""","=""8.658827""","=""""","=""0.000011""","=""0.00012""","=""  96                                                        ""","=""L11223"""
"=""3d5.(4G).4s""","=""3G""","=""5""","=""""","=""8.764989""","=""""","=""0.000011""","=""0.10616""","="" 100                                                        ""","=""L11223"""
"=""3d5.(4G).4s""","=""3G""","=""3""","=""""","=""8.768839""","=""""","=""0.000011""","=""0.00385""","="" 100                                                        ""","=""L11223"""
"=""3d5.(4G).4s""","=""3G""","=""4""","=""""","=""8.769293""","=""""","=""0.000011""","=""0.00045""","="" 100                                                        ""","=""L11223"""
"=""3d5.(4P).4s""","=""3P""","=""2""","=""""","=""9.141113""","=""""","=""0.000011""","=""0.37182""","=""  95                                                        ""","=""L11223"""
"=""3d5.(4P).4s""","=""3P""","=""1""","=""""","=""9.156152""","=""""","=""0.000011""","=""0.01504""","=""  97                                                        ""","=""L11223"""
"=""3d5.(4P).4s""","=""3P""","=""0""","=""""","=""9.166938""","=""""","=""0.000014""","=""0.01079""","=""  99                                                        ""","=""L11223"""
"=""3d5.(4D).4s""","=""3D""","=""3""","=""""","=""9.541454""","=""""","=""0.000011""","=""0.37452""","=""  99                                                        ""","=""L11223"""
"=""3d5.(4D).4s""","=""3D""","=""1""","=""""","=""9.556164""","=""""","=""0.000011""","=""0.01471""","=""  97                                                        ""","=""L11223"""
"=""3d5.(4D).4s""","=""3D""","=""2""","=""""","=""9.559511""","=""""","=""0.000011""","=""0.00335""","=""  95                                                        ""","=""L11223"""
"=""3d6""","=""b 1D""","=""2""","=""""","=""9.552322""","=""""","=""0.000015""","=""-0.00719""","=""  78                           :    22  3d6            a 1D ""","=""L11223"""
"=""3d5.(2I).4s""","=""3I""","=""7""","=""""","=""9.898941""","=""""","=""0.000012""","=""0.34662""","="" 100                                                        ""","=""L11223"""
"=""3d5.(2I).4s""","=""3I""","=""6""","=""""","=""9.899523""","=""""","=""0.000012""","=""0.00058""","="" 100                                                        ""","=""L11223"""
"=""3d5.(2I).4s""","=""3I""","=""5""","=""""","=""9.901471""","=""""","=""0.000011""","=""0.00195""","=""  99                                                        ""","=""L11223"""
"=""3d5.(6S).4p""","=""7P*""","=""2""","=""""","=""10.166967""","=""""","=""0.000017""","=""0.26550""","="" 100                                                        ""","=""L11223"""
"=""3d5.(6S).4p""","=""7P*""","=""3""","=""""","=""10.208168""","=""""","=""0.000017""","=""0.04120""","=""  99                                                        ""","=""L11223"""
"=""3d5.(6S).4p""","=""7P*""","=""4""","=""""","=""10.271718""","=""""","=""0.000022""","=""0.06355""","="" 100                                                        ""","=""L11223"""
"=""3d5.(a 2D).4s""","=""3D""","=""3""","=""""","=""10.214200""","=""""","=""0.000011""","=""-0.05752""","=""  58                           :    18  3d5.(c 2D).4s  3D   ""","=""L11223"""
"=""3d5.(a 2D).4s""","=""3D""","=""2""","=""""","=""10.217680""","=""""","=""0.000011""","=""0.00348""","=""  54                           :    17  3d5.(c 2D).4s  3D   ""","=""L11223"""
"=""3d5.(a 2D).4s""","=""3D""","=""1""","=""""","=""10.228095""","=""""","=""0.000011""","=""0.01042""","=""  51                           :    32  3d5.(4F).4s    5F   ""","=""L11223"""
"=""3d5.(4F).4s""","=""5F""","=""5""","=""""","=""10.307880""","=""""","=""0.000011""","=""0.07979""","=""  99                                                        ""","=""L11223"""
"=""3d5.(4F).4s""","=""5F""","=""4""","=""""","=""10.310749""","=""""","=""0.000011""","=""0.00287""","=""  98                                                        ""","=""L11223"""
"=""3d5.(4F).4s""","=""5F""","=""3""","=""""","=""10.320220""","=""""","=""0.000011""","=""0.00947""","=""  91                           :     6  3d5.(a 2F).4s  3F   ""","=""L11223"""
"=""3d5.(4F).4s""","=""5F""","=""2""","=""""","=""10.335224""","=""""","=""0.000011""","=""0.01500""","=""  78                           :    14  3d5.(a 2F).4s  3F   ""","=""L11223"""
"=""3d5.(4F).4s""","=""5F""","=""1""","=""""","=""10.370938""","=""""","=""0.000011""","=""0.03571""","=""  67                           :    25  3d5.(a 2D).4s  3D   ""","=""L11223"""
"=""3d5.(2I).4s""","=""1I""","=""6""","=""""","=""10.343984""","=""""","=""0.000012""","=""-0.02695""","=""  99                                                        ""","=""L11223"""
"=""3d5.(a 2F).4s""","=""3F""","=""4""","=""""","=""10.434482""","=""""","=""0.000011""","=""0.09050""","=""  97                                                        ""","=""L11223"""
"=""3d5.(a 2F).4s""","=""3F""","=""2""","=""""","=""10.460565""","=""""","=""0.000011""","=""0.02608""","=""  62                           :    17  3d5.(a 2D).4s  3D   ""","=""L11223"""
"=""3d5.(a 2F).4s""","=""3F""","=""3""","=""""","=""10.498000""","=""""","=""0.000011""","=""0.03743""","=""  77                           :    14  3d5.(a 2D).4s  3D   ""","=""L11223"""
"=""3d5.(a 2D).4s""","=""1D""","=""2""","=""""","=""10.767674""","=""""","=""0.000011""","=""0.26967""","=""  66                           :    20  3d5.(c 2D).4s  1D   ""","=""L11223"""
"=""3d5.(a 2F).4s""","=""1F""","=""3""","=""""","=""10.898466""","=""""","=""0.000011""","=""0.13079""","=""  93                                                        ""","=""L11223"""
"=""3d5.(2H).4s""","=""3H""","=""4""","=""""","=""10.992945""","=""""","=""0.000011""","=""0.09448""","=""  87                           :    11  3d5.(a 2G).4s  3G   ""","=""L11223"""
"=""3d5.(2H).4s""","=""3H""","=""5""","=""""","=""10.996761""","=""""","=""0.000011""","=""0.00382""","=""  86                           :    14  3d5.(a 2G).4s  3G   ""","=""L11223"""
"=""3d5.(2H).4s""","=""3H""","=""6""","=""""","=""11.025083""","=""""","=""0.000011""","=""0.02832""","=""  98                                                        ""","=""L11223"""
"=""3d5.(6S).4p""","=""5P*""","=""3""","=""""","=""11.045157""","=""""","=""0.000011""","=""0.02007""","=""  98                                                        ""","=""L11223"""
"=""3d5.(6S).4p""","=""5P*""","=""2""","=""""","=""11.076113""","=""""","=""0.000011""","=""0.03096""","=""  98                                                        ""","=""L11223"""
"=""3d5.(6S).4p""","=""5P*""","=""1""","=""""","=""11.095565""","=""""","=""0.000011""","=""0.01945""","=""  98                                                        ""","=""L11223"""
"=""3d5.(a 2G).4s""","=""3G""","=""3""","=""""","=""11.121102""","=""""","=""0.000011""","=""0.02554""","=""  90                           :     7  3d5.(4F).4s    3F   ""","=""L11223"""
"=""3d5.(a 2G).4s""","=""3G""","=""4""","=""""","=""11.131770""","=""""","=""0.000011""","=""0.01067""","=""  76                           :    12  3d5.(4F).4s    3F   ""","=""L11223"""
"=""3d5.(a 2G).4s""","=""3G""","=""5""","=""""","=""11.147182""","=""""","=""0.000011""","=""0.01541""","=""  83                           :    14  3d5.(2H).4s    3H   ""","=""L11223"""
"=""3d5.(4F).4s""","=""3F""","=""2""","=""""","=""11.211120""","=""""","=""0.000011""","=""0.06394""","=""  97                                                        ""","=""L11223"""
"=""3d5.(4F).4s""","=""3F""","=""4""","=""""","=""11.217174""","=""""","=""0.000011""","=""0.00605""","=""  84                           :    12  3d5.(a 2G).4s  3G   ""","=""L11223"""
"=""3d5.(4F).4s""","=""3F""","=""3""","=""""","=""11.218609""","=""""","=""0.000011""","=""0.00144""","=""  92                           :     7  3d5.(2G).4s    3G   ""","=""L11223"""
"=""3d5.(2H).4s""","=""1H""","=""5""","=""""","=""11.471505""","=""""","=""0.000011""","=""0.25290""","=""  98                                                        ""","=""L11223"""
"=""3d5.(b 2F).4s""","=""3F""","=""4""","=""""","=""11.578732""","=""""","=""0.000011""","=""0.10723""","=""  60                           :    39  3d5.(a 2G).4s  1G   ""","=""L11223"""
"=""3d5.(b 2F).4s""","=""3F""","=""3""","=""""","=""11.579200""","=""""","=""0.000011""","=""0.00047""","=""  99                                                        ""","=""L11223"""
"=""3d5.(b 2F).4s""","=""3F""","=""2""","=""""","=""11.581745""","=""""","=""0.000011""","=""0.00254""","=""  98                                                        ""","=""L11223"""
"=""3d5.(a 2G).4s""","=""1G""","=""4""","=""""","=""11.594098""","=""""","=""0.000011""","=""0.01235""","=""  57                           :    38  3d5.(b 2F).4s  3F   ""","=""L11223"""
"=""3d5.(b 2F).4s""","=""1F""","=""3""","=""""","=""12.031611""","=""""","=""0.000011""","=""0.43751""","=""  98                                                        ""","=""L11223"""
"=""3d5.(2S).4s""","=""3S""","=""1""","=""""","=""12.232626""","=""""","=""0.000012""","=""0.20101""","="" 100                                                        ""","=""L11223"""
"=""3d5.(2S).4s""","=""1S""","=""0""","=""""","=""12.697265""","=""""","=""0.000019""","=""0.46464""","="" 100                                                        ""","=""L11223"""
"=""3d5.(b 2D).4s""","=""3D""","=""1""","=""""","=""13.129349""","=""""","=""0.000011""","=""0.43208""","="" 100                                                        ""","=""L11223"""
"=""3d5.(b 2D).4s""","=""3D""","=""2""","=""""","=""13.130704""","=""""","=""0.000011""","=""0.00136""","="" 100                                                        ""","=""L11223"""
"=""3d5.(b 2D).4s""","=""3D""","=""3""","=""""","=""13.133553""","=""""","=""0.000011""","=""0.00285""","=""  99                                                        ""","=""L11223"""
"=""3d5.(b 2D).4s""","=""1D""","=""2""","=""""","=""13.585070""","=""""","=""0.000011""","=""0.45152""","="" 100                                                        ""","=""L11223"""
"=""3d5.(4G).4p""","=""5G*""","=""2""","=""""","=""14.082660""","=""""","=""0.000011""","=""0.49759""","=""  96                                                        ""","=""L11223"""
"=""3d5.(4G).4p""","=""5G*""","=""3""","=""""","=""14.085317""","=""""","=""0.000011""","=""0.00266""","=""  91                           :     6  3d5.(4G).4p    5H*  ""","=""L11223"""
"=""3d5.(4G).4p""","=""5G*""","=""4""","=""""","=""14.089014""","=""""","=""0.000011""","=""0.00370""","=""  88                           :     9  3d5.(4G).4p    5H*  ""","=""L11223"""
"=""3d5.(4G).4p""","=""5G*""","=""5""","=""""","=""14.094188""","=""""","=""0.000012""","=""0.00517""","=""  87                           :    10  3d5.(4G).4p    5H*  ""","=""L11223"""
"=""3d5.(4G).4p""","=""5G*""","=""6""","=""""","=""14.101961""","=""""","=""0.000014""","=""0.00777""","=""  90                           :     7  3d5.(4G).4p    5H*  ""","=""L11223"""
"=""3d5.(b 2G).4s""","=""3G""","=""5""","=""""","=""14.174554""","=""""","=""0.000011""","=""0.07259""","="" 100                                                        ""","=""L11223"""
"=""3d5.(b 2G).4s""","=""3G""","=""4""","=""""","=""14.176385""","=""""","=""0.000011""","=""0.00183""","="" 100                                                        ""","=""L11223"""
"=""3d5.(b 2G).4s""","=""3G""","=""3""","=""""","=""14.177867""","=""""","=""0.000011""","=""0.00148""","="" 100                                                        ""","=""L11223"""
"=""3d5.(4G).4p""","=""5H*""","=""3""","=""""","=""14.251839""","=""""","=""0.000012""","=""0.07397""","=""  93                           :     6  3d5.(4G).4p    5G*  ""","=""L11223"""
"=""3d5.(4G).4p""","=""5H*""","=""4""","=""""","=""14.271991""","=""""","=""0.000012""","=""0.02015""","=""  90                           :     9  3d5.(4G).4p    5G*  ""","=""L11223"""
"=""3d5.(4G).4p""","=""5H*""","=""5""","=""""","=""14.294177""","=""""","=""0.000014""","=""0.02219""","=""  89                           :    10  3d5.(4G).4p    5G*  ""","=""L11223"""
"=""3d5.(4G).4p""","=""5H*""","=""6""","=""""","=""14.317016""","=""""","=""0.000015""","=""0.02284""","=""  91                           :     8  3d5.(4G).4p    5G*  ""","=""L11223"""
"=""3d5.(4G).4p""","=""5H*""","=""7""","=""""","=""14.337867""","=""""","=""0.000017""","=""0.02085""","="" 100                                                        ""","=""L11223"""
"=""3d5.(4G).4p""","=""5F*""","=""5""","=""""","=""14.421451""","=""""","=""0.000012""","=""0.08358""","=""  90                                                        ""","=""L11223"""
"=""3d5.(4G).4p""","=""5F*""","=""4""","=""""","=""14.440141""","=""""","=""0.000012""","=""0.01869""","=""  82                           :     7  3d5.(4D).4p    5F*  ""","=""L11223"""
"=""3d5.(4G).4p""","=""5F*""","=""3""","=""""","=""14.441129""","=""""","=""0.000011""","=""0.00099""","=""  59                           :    19  3d5.(4P).4p    5D*  ""","=""L11223"""
"=""3d5.(4G).4p""","=""5F*""","=""2""","=""""","=""14.493559""","=""""","=""0.000012""","=""0.05243""","=""  53                           :    32  3d5.(4P).4p    5D*  ""","=""L11223"""
"=""3d5.(4G).4p""","=""5F*""","=""1""","=""""","=""14.498447""","=""""","=""0.000012""","=""0.00489""","=""  73                           :    15  3d5.(4P).4p    5D*  ""","=""L11223"""
"=""3d5.(4P).4p""","=""5D*""","=""0""","=""""","=""14.427425""","=""""","=""0.000015""","=""-0.07102""","=""  80                           :    19  3d5.(4D).4p    5D*  ""","=""L11223"""
"=""3d5.(4P).4p""","=""5D*""","=""1""","=""""","=""14.429311""","=""""","=""0.000012""","=""0.00189""","=""  63                           :    15  3d5.(4D).4p    5D*  ""","=""L11223"""
"=""3d5.(4P).4p""","=""5D*""","=""2""","=""""","=""14.434206""","=""""","=""0.000012""","=""0.00489""","=""  41                           :    34  3d5.(4G).4p    5F*  ""","=""L11223"""
"=""3d5.(4P).4p""","=""5D*""","=""3""","=""""","=""14.514684""","=""""","=""0.000012""","=""0.08048""","=""  50                           :    29  3d5.(4G).4p    5F*  ""","=""L11223"""
"=""3d5.(4P).4p""","=""5D*""","=""4""","=""""","=""14.570870""","=""""","=""0.000012""","=""0.05619""","=""  75                           :    14  3d5.(4D).4p    5D*  ""","=""L11223"""
"=""3d5.(4P).4p""","=""5S*""","=""2""","=""""","=""14.503078""","=""""","=""0.000011""","=""-0.06779""","=""  91                                                        ""","=""L11223"""
"=""3d5.(b 2G).4s""","=""1G""","=""4""","=""""","=""14.623957""","=""""","=""0.000011""","=""0.12088""","="" 100                                                        ""","=""L11223"""
"=""3d5.(4G).4p""","=""3F*""","=""2""","=""""","=""14.650432""","=""""","=""0.000011""","=""0.02647""","=""  90                                                        ""","=""L11223"""
"=""3d5.(4G).4p""","=""3F*""","=""4""","=""""","=""14.673582""","=""""","=""0.000011""","=""0.02315""","=""  91                                                        ""","=""L11223"""
"=""3d5.(4G).4p""","=""3F*""","=""3""","=""""","=""14.685094""","=""""","=""0.000011""","=""0.01151""","=""  66                           :    17  3d5.(4P).4p    5P*  ""","=""L11223"""
"=""3d5.(4P).4p""","=""5P*""","=""3""","=""""","=""14.660727""","=""""","=""0.000011""","=""-0.02437""","=""  45                           :    24  3d5.(4G).4p    3F*  ""","=""L11223"""
"=""3d5.(4P).4p""","=""5P*""","=""2""","=""""","=""14.719623""","=""""","=""0.000012""","=""0.05890""","=""  69                           :    19  3d5.(4D).4p    5P*  ""","=""L11223"""
"=""3d5.(4P).4p""","=""5P*""","=""1""","=""""","=""14.737759""","=""""","=""0.000012""","=""0.01814""","=""  78                           :    14  3d5.(4D).4p    5P*  ""","=""L11223"""
"=""3d5.(4G).4p""","=""3H*""","=""6""","=""""","=""14.674175""","=""""","=""0.000012""","=""-0.06358""","=""  96                                                        ""","=""L11223"""
"=""3d5.(4G).4p""","=""3H*""","=""5""","=""""","=""14.699234""","=""""","=""0.000011""","=""0.02506""","=""  97                                                        ""","=""L11223"""
"=""3d5.(4G).4p""","=""3H*""","=""4""","=""""","=""14.715239""","=""""","=""0.000011""","=""0.01600""","=""  97                                                        ""","=""L11223"""
"=""3d5.(4P).4p""","=""3P*""","=""2""","=""""","=""14.840622""","=""""","=""0.000012""","=""0.12538""","=""  65                           :    18  3d5.(4D).4p    3P*  ""","=""L11223"""
"=""3d5.(4P).4p""","=""3P*""","=""1""","=""""","=""14.875914""","=""""","=""0.000012""","=""0.03529""","=""  70                           :    18  3d5.(4D).4p    3P*  ""","=""L11223"""
"=""3d5.(4P).4p""","=""3P*""","=""0""","=""""","=""14.900428""","=""""","=""0.000019""","=""0.02451""","=""  75                           :    18  3d5.(4D).4p    3P*  ""","=""L11223"""
"=""3d5.(4D).4p""","=""5F*""","=""1""","=""""","=""14.964569""","=""""","=""0.000014""","=""0.06414""","=""  85                           :    11  3d5.(4G).4p    5F*  ""","=""L11223"""
"=""3d5.(4D).4p""","=""5F*""","=""2""","=""""","=""14.980557""","=""""","=""0.000012""","=""0.01599""","=""  84                           :     9  3d5.(4G).4p    5F*  ""","=""L11223"""
"=""3d5.(4D).4p""","=""5F*""","=""3""","=""""","=""15.003193""","=""""","=""0.000012""","=""0.02264""","=""  84                           :     8  3d5.(4G).4p    5F*  ""","=""L11223"""
"=""3d5.(4D).4p""","=""5F*""","=""4""","=""""","=""15.032080""","=""""","=""0.000012""","=""0.02889""","=""  87                           :     7  3d5.(4G).4p    5F*  ""","=""L11223"""
"=""3d5.(4D).4p""","=""5F*""","=""5""","=""""","=""15.060244""","=""""","=""0.000012""","=""0.02816""","=""  92                           :     6  3d5.(4G).4p    5F*  ""","=""L11223"""
"=""3d5.(4G).4p""","=""3G*""","=""3""","=""""","=""15.116134""","=""""","=""0.000012""","=""0.05589""","=""  94                                                        ""","=""L11223"""
"=""3d5.(4G).4p""","=""3G*""","=""4""","=""""","=""15.118815""","=""""","=""0.000011""","=""0.00268""","=""  95                                                        ""","=""L11223"""
"=""3d5.(4G).4p""","=""3G*""","=""5""","=""""","=""15.119846""","=""""","=""0.000011""","=""0.00103""","=""  95                                                        ""","=""L11223"""
"=""3d5.(4P).4p""","=""3D*""","=""3""","=""""","=""15.169064""","=""""","=""0.000012""","=""0.04922""","=""  46                           :    35  3d5.(4D).4p    5D*  ""","=""L11223"""
"=""3d5.(4P).4p""","=""3D*""","=""2""","=""""","=""15.237522""","=""""","=""0.000012""","=""0.06846""","=""  47                           :    18  3d5.(4D).4p    5D*  ""","=""L11223"""
"=""3d5.(4P).4p""","=""3D*""","=""1""","=""""","=""15.240343""","=""""","=""0.000012""","=""0.00282""","=""  50                           :    22  3d5.(4D).4p    5P*  ""","=""L11223"""
"=""3d5.(4D).4p""","=""5D*""","=""2""","=""""","=""15.204000""","=""""","=""0.000011""","=""-0.03634""","=""  42                           :    38  3d5.(4P).4p    3D*  ""","=""L11223"""
"=""3d5.(4D).4p""","=""5D*""","=""3""","=""""","=""15.228939""","=""""","=""0.000012""","=""0.02494""","=""  38  3d5.(4P).4p  3D*         :    29  3d5.(4D).4p    5D*  ""","=""L11223"""
"=""3d5.(4D).4p""","=""5D*""","=""1""","=""""","=""15.230633""","=""""","=""0.000012""","=""0.00169""","=""  41                           :    34  3d5.(4P).4p    3D*  ""","=""L11223"""
"=""3d5.(4D).4p""","=""5D*""","=""4""","=""""","=""15.243146""","=""""","=""0.000012""","=""0.01251""","=""  78                           :    16  3d5.(4P).4p    5D*  ""","=""L11223"""
"=""3d5.(4D).4p""","=""5D*""","=""0""","=""""","=""15.306577""","=""""","=""0.000014""","=""0.06343""","=""  74                           :    19  3d5.(4P).4p    5D*  ""","=""L11223"""
"=""3d5.(4D).4p""","=""5P*""","=""1""","=""""","=""15.318635""","=""""","=""0.000012""","=""0.01206""","=""  53                           :    22  3d5.(4D).4p    5D*  ""","=""L11223"""
"=""3d5.(4D).4p""","=""5P*""","=""2""","=""""","=""15.336492""","=""""","=""0.000012""","=""0.01786""","=""  54                           :    18  3d5.(4P).4p    5P*  ""","=""L11223"""
"=""3d5.(4D).4p""","=""5P*""","=""3""","=""""","=""15.343123""","=""""","=""0.000012""","=""0.00663""","=""  43                           :    23  3d5.(4P).4p    5P*  ""","=""L11223"""
"=""3d5.(4D).4p""","=""3D*""","=""3""","=""""","=""15.479937""","=""""","=""0.000011""","=""0.13681""","=""  71                           :    12  3d5.(4D).4p    5P*  ""","=""L11223"""
"=""3d5.(4D).4p""","=""3D*""","=""2""","=""""","=""15.486133""","=""""","=""0.000012""","=""0.00620""","=""  84                           :     7  3d5.(4F).4p    3D*  ""","=""L11223"""
"=""3d5.(4D).4p""","=""3D*""","=""1""","=""""","=""15.492457""","=""""","=""0.000012""","=""0.00632""","=""  83                           :     8  3d5.(4F).4p    3D*  ""","=""L11223"""
"=""3d5.(4D).4p""","=""3F*""","=""4""","=""""","=""15.553039""","=""""","=""0.000011""","=""0.06058""","=""  90                                                        ""","=""L11223"""
"=""3d5.(4D).4p""","=""3F*""","=""3""","=""""","=""15.577140""","=""""","=""0.000011""","=""0.02410""","=""  86                                                        ""","=""L11223"""
"=""3d5.(4D).4p""","=""3F*""","=""2""","=""""","=""15.581472""","=""""","=""0.000011""","=""0.00433""","=""  88                                                        ""","=""L11223"""
"=""3d5.(4P).4p""","=""3S*""","=""1""","=""""","=""15.670455""","=""""","=""0.000014""","=""0.08898""","=""  95                                                        ""","=""L11223"""
"=""3d5.(4D).4p""","=""3P*""","=""0""","=""""","=""15.916098""","=""""","=""0.000012""","=""0.24564""","=""  77                           :    19  3d5.(4P).4p    3P*  ""","=""L11223"""
"=""3d5.(4D).4p""","=""3P*""","=""1""","=""""","=""15.945080""","=""""","=""0.000011""","=""0.02898""","=""  73                           :    19  3d5.(4P).4p    3P*  ""","=""L11223"""
"=""3d5.(4D).4p""","=""3P*""","=""2""","=""""","=""15.983753""","=""""","=""0.000011""","=""0.03867""","=""  71                           :    22  3d5.(4P).4p    3P*  ""","=""L11223"""
"=""3d5.(2I).4p""","=""3K*""","=""6""","=""""","=""16.099966""","=""""","=""0.000016""","=""0.11621""","=""  82                           :    16  3d5.(2I).4p    3I*  ""","=""L11223"""
"=""3d5.(2I).4p""","=""3K*""","=""7""","=""""","=""16.122980""","=""""","=""0.000015""","=""0.02301""","=""  72                           :    23  3d5.(2I).4p    3I*  ""","=""L11223"""
"=""3d5.(2I).4p""","=""3K*""","=""8""","=""""","=""16.223616""","=""""","=""0.000021""","=""0.10064""","="" 100                                                        ""","=""L11223"""
"=""3d5.(2I).4p""","=""3I*""","=""5""","=""""","=""16.149738""","=""""","=""0.000011""","=""-0.07388""","=""  82                           :    10  3d5.(2I).4p    1H*  ""","=""L11223"""
"=""3d5.(2I).4p""","=""3I*""","=""6""","=""""","=""16.211791""","=""""","=""0.000012""","=""0.06205""","=""  77                           :    17  3d5.(2I).4p    3K*  ""","=""L11223"""
"=""3d5.(2I).4p""","=""3I*""","=""7""","=""""","=""16.246287""","=""""","=""0.000016""","=""0.03450""","=""  74                           :    25  3d5.(2I).4p    3K*  ""","=""L11223"""
"=""3d5.(2P).4s""","=""3P""","=""2""","=""""","=""16.224221""","=""""","=""0.000017""","=""-0.02207""","="" 100                                                        ""","=""L11223"""
"=""3d5.(2P).4s""","=""3P""","=""1""","=""""","=""16.224830""","=""""","=""0.000017""","=""0.00061""","="" 100                                                        ""","=""L11223"""
"=""3d5.(2P).4s""","=""3P""","=""0""","=""""","=""16.22570""","=""""","=""0.00006""","=""0.00087""","="" 100                                                        ""","=""L11223"""
"=""3d5.(a 2D).4p""","=""1D*""","=""2""","=""""","=""16.297118""","=""""","=""0.000011""","=""0.07142""","=""  23  3d5.(a 2F).4p 3F*        :    20  3d5.(a 2D).4p  3F*  ""","=""L11223"""
"=""3d5.(2I).4p""","=""1H*""","=""5""","=""""","=""16.330049""","=""""","=""0.000012""","=""0.03293""","=""  67                           :    14  3d5.(2I).4p    3I*  ""","=""L11223"""
"=""3d5.(2I).4p""","=""1K*""","=""7""","=""""","=""16.364890""","=""""","=""0.000019""","=""0.03484""","=""  95                                                        ""","=""L11223"""
"=""3d5.(a 2D).4p""","=""3F*""","=""3""","=""""","=""16.375838""","=""""","=""0.000011""","=""0.01095""","=""  43                           :    24  3d5.(a 2F).4p  3F*  ""","=""L11223"""
"=""3d5.(a 2D).4p""","=""3F*""","=""2""","=""""","=""16.378947""","=""""","=""0.000011""","=""0.00311""","=""  31                           :    21  3d5.(a 2D).4p  1D*  ""","=""L11223"""
"=""3d5.(a 2D).4p""","=""3F*""","=""4""","=""""","=""16.463293""","=""""","=""0.000011""","=""0.08435""","=""  46                           :    22  3d5.(a 2F).4p  3F*  ""","=""L11223"""
"=""3d5.(2I).4p""","=""3H*""","=""6""","=""""","=""16.398479""","=""""","=""0.000012""","=""-0.06481""","=""  90                                                        ""","=""L11223"""
"=""3d5.(2I).4p""","=""3H*""","=""5""","=""""","=""16.435954""","=""""","=""0.000012""","=""0.03748""","=""  84                           :     8  3d5.(2I).4p    1H*  ""","=""L11223"""
"=""3d5.(2I).4p""","=""3H*""","=""4""","=""""","=""16.447679""","=""""","=""0.000011""","=""0.01173""","=""  89                                                        ""","=""L11223"""
"=""3d5.(a 2D).4p""","=""3P*""","=""2""","=""""","=""16.646799""","=""""","=""0.000011""","=""0.19912""","=""  47                           :    15  3d5.(a 2F).4p  3D*  ""","=""L11223"""
"=""3d5.(a 2D).4p""","=""3P*""","=""1""","=""""","=""16.682001""","=""""","=""0.000014""","=""0.03520""","=""  36                           :    24  3d5.(a 2D).4p  3D*  ""","=""L11223"""
"=""3d5.(a 2D).4p""","=""3P*""","=""0""","=""""","=""16.748846""","=""""","=""0.000014""","=""0.06685""","=""  68                           :    21  3d5.(c 2D).4p  3P*  ""","=""L11223"""
"=""3d5.(a 2F).4p""","=""1G*""","=""4""","=""""","=""16.658568""","=""""","=""0.000011""","=""-0.09028""","=""  49                           :    17  3d5.(a 2F).4p  3G*  ""","=""L11223"""
"=""3d5.(2P).4s""","=""1P""","=""1""","=""""","=""16.668920""","=""""","=""0.000017""","=""0.01035""","=""  99                                                        ""","=""L11223"""
"=""3d5.(a 2F).4p""","=""3G*""","=""3""","=""""","=""16.681951""","=""""","=""0.000011""","=""0.01303""","=""  49                           :    19  3d5.(a 2D).4p  1F*  ""","=""L11223"""
"=""3d5.(a 2F).4p""","=""3G*""","=""5""","=""""","=""16.777125""","=""""","=""0.000012""","=""0.09517""","=""  43                           :    43  3d5.(4F).4p    5G*  ""","=""L11223"""
"=""3d5.(a 2F).4p""","=""3G*""","=""4""","=""""","=""16.806602""","=""""","=""0.000012""","=""0.02948""","=""  49                           :    38  3d5.(a 2F).4p  3F*  ""","=""L11223"""
"=""3d5.(4F).4p""","=""5G*""","=""2""","=""""","=""16.730201""","=""""","=""0.000012""","=""-0.07640""","=""  60                           :    14  3d5.(a 2D).4p  3D*  ""","=""L11223"""
"=""3d5.(4F).4p""","=""5G*""","=""3""","=""""","=""16.749894""","=""""","=""0.000011""","=""0.01969""","=""  60                           :     9  3d5.(a 2D).4p  3D*  ""","=""L11223"""
"=""3d5.(4F).4p""","=""5G*""","=""4""","=""""","=""16.767603""","=""""","=""0.000012""","=""0.01771""","=""  83                           :     5  3d5.(a 2F).4p  1G*  ""","=""L11223"""
"=""3d5.(4F).4p""","=""5G*""","=""5""","=""""","=""16.829048""","=""""","=""0.000014""","=""0.06144""","=""  49                           :    48  3d5.(a 2F).4p  3G*  ""","=""L11223"""
"=""3d5.(4F).4p""","=""5G*""","=""6""","=""""","=""16.829570""","=""""","=""0.000014""","=""0.00052""","=""  87                           :    10  3d5.(2I).4p    1I*  ""","=""L11223"""
"=""3d5.(a 2D).4p""","=""3D*""","=""3""","=""""","=""16.734896""","=""""","=""0.000012""","=""-0.09467""","=""  39                           :    20  3d5.(4F).4p    5G*  ""","=""L11223"""
"=""3d5.(a 2D).4p""","=""3D*""","=""1""","=""""","=""16.764794""","=""""","=""0.000012""","=""0.02990""","=""  37                           :    26  3d5.(a 2D).4p  3P*  ""","=""L11223"""
"=""3d5.(a 2D).4p""","=""3D*""","=""2""","=""""","=""16.772455""","=""""","=""0.000012""","=""0.00766""","=""  38                           :    26  3d5.(4F).4p    5G*  ""","=""L11223"""
"=""3d5.(2I).4p""","=""1I*""","=""6""","=""""","=""16.810040""","=""""","=""0.000014""","=""0.03758""","=""  84                           :     9  3d5.(4F).4p    5G*  ""","=""L11223"""
"=""3d5.(a 2F).4p""","=""3D*""","=""3""","=""""","=""16.825351""","=""""","=""0.000012""","=""0.01531""","=""  67                           :    11  3d5.(b 2F).4p  3D*  ""","=""L11223"""
"=""3d5.(a 2F).4p""","=""3D*""","=""1""","=""""","=""16.891119""","=""""","=""0.000012""","=""0.06577""","=""  57                           :    14  3d5.(a 2D).4p  1P*  ""","=""L11223"""
"=""3d5.(a 2F).4p""","=""3D*""","=""2""","=""""","=""16.927850""","=""""","=""0.000012""","=""0.03673""","=""  34                           :    21  3d5.(4F).4p    5F*  ""","=""L11223"""
"=""3d5.(4F).4p""","=""5F*""","=""4""","=""""","=""16.860715""","=""""","=""0.000012""","=""-0.06714""","=""  73                           :    18  3d5.(4F).4p    5D*  ""","=""L11223"""
"=""3d5.(4F).4p""","=""5F*""","=""3""","=""""","=""16.862954""","=""""","=""0.000012""","=""0.00224""","=""  74                           :    16  3d5.(4F).4p    5D*  ""","=""L11223"""
"=""3d5.(4F).4p""","=""5F*""","=""2""","=""""","=""16.876475""","=""""","=""0.000012""","=""0.01352""","=""  54                           :    15  3d5.(4F).4p    5D*  ""","=""L11223"""
"=""3d5.(4F).4p""","=""5F*""","=""5""","=""""","=""16.884808""","=""""","=""0.000014""","=""0.00833""","=""  87                                                        ""","=""L11223"""
"=""3d5.(4F).4p""","=""5F*""","=""1""","=""""","=""16.919479""","=""""","=""0.000012""","=""0.03467""","=""  76                           :     6  3d5.(a 2D).4p  3D*  ""","=""L11223"""
"=""3d5.(a 2D).4p""","=""1F*""","=""3""","=""""","=""16.886657""","=""""","=""0.000011""","=""-0.03282""","=""  30  3d5.(a 2F).4p 3G*        :    21  3d5.(a 2D).4p  1F*  ""","=""L11223"""
"=""3d5.(a 2F).4p""","=""3F*""","=""4""","=""""","=""16.937833""","=""""","=""0.000012""","=""0.05118""","=""  31                           :    26  3d5.(a 2D).4p  3F*  ""","=""L11223"""
"=""3d5.(a 2F).4p""","=""3F*""","=""2""","=""""","=""16.960270""","=""""","=""0.000011""","=""0.02244""","=""  34                           :    20  3d5.(a 2D).4p  3F*  ""","=""L11223"""
"=""3d5.(a 2F).4p""","=""3F*""","=""3""","=""""","=""16.960654""","=""""","=""0.000011""","=""0.00038""","=""  39                           :    12  3d5.(a 2D).4p  1F*  ""","=""L11223"""
"=""3d5.(4F).4p""","=""5D*""","=""4""","=""""","=""17.011859""","=""""","=""0.000012""","=""0.05120""","=""  73                           :    18  3d5.(4F).4p    5F*  ""","=""L11223"""
"=""3d5.(4F).4p""","=""5D*""","=""3""","=""""","=""17.038266""","=""""","=""0.000012""","=""0.02641""","=""  74                           :    15  3d5.(4F).4p    5F*  ""","=""L11223"""
"=""3d5.(4F).4p""","=""5D*""","=""2""","=""""","=""17.053369""","=""""","=""0.000012""","=""0.01510""","=""  75                           :     9  3d5.(4F).4p    5F*  ""","=""L11223"""
"=""3d5.(4F).4p""","=""5D*""","=""1""","=""""","=""17.055413""","=""""","=""0.000014""","=""0.00204""","=""  84                                                        ""","=""L11223"""
"=""3d5.(4F).4p""","=""5D*""","=""0""","=""""","=""17.056900""","=""""","=""0.000016""","=""0.00149""","=""  91                                                        ""","=""L11223"""
"=""3d5.(2H).4p""","=""3H*""","=""4""","=""""","=""17.051306""","=""""","=""0.000012""","=""-0.00559""","=""  45                           :    44  3d5.(a 2G).4p  3H*  ""","=""L11223"""
"=""3d5.(2H).4p""","=""3H*""","=""5""","=""""","=""17.080507""","=""""","=""0.000012""","=""0.02920""","=""  42                           :    42  3d5.(a 2G).4p  3H*  ""","=""L11223"""
"=""3d5.(2H).4p""","=""3H*""","=""6""","=""""","=""17.142623""","=""""","=""0.000012""","=""0.06212""","=""  45                           :    40  3d5.(a 2G).4p  3H*  ""","=""L11223"""
"=""3d5.(2H).4p""","=""3G*""","=""5""","=""""","=""17.116589""","=""""","=""0.000011""","=""-0.02603""","=""  48                           :    26  3d5.(4F).4p    3G*  ""","=""L11223"""
"=""3d5.(2H).4p""","=""3G*""","=""4""","=""""","=""17.122610""","=""""","=""0.000011""","=""0.00602""","=""  44                           :    28  3d5.(4F).4p    3G*  ""","=""L11223"""
"=""3d5.(2H).4p""","=""3G*""","=""3""","=""""","=""17.133123""","=""""","=""0.000011""","=""0.01051""","=""  42                           :    26  3d5.(4F).4p    3G*  ""","=""L11223"""
"=""3d5.(a 2D).4p""","=""1P*""","=""1""","=""""","=""17.195592""","=""""","=""0.000012""","=""0.06247""","=""  53                           :    17  3d5.(a 2F).4p  3D*  ""","=""L11223"""
"=""3d5.(c 2D).4s""","=""3D""","=""3""","=""""","=""17.215567""","=""""","=""0.000014""","=""0.01997""","=""  77                           :    23  3d5.(a 2D).4s  3D   ""","=""L11223"""
"=""3d5.(c 2D).4s""","=""3D""","=""2""","=""""","=""17.219074""","=""""","=""0.000019""","=""0.00351""","=""  76                           :    23  3d5.(a 2D).4s  3D   ""","=""L11223"""
"=""3d5.(c 2D).4s""","=""3D""","=""1""","=""""","=""17.223209""","=""""","=""0.000019""","=""0.00414""","=""  76                           :    23  3d5.(a 2D).4s  3D   ""","=""L11223"""
"=""3d5.(4F).4p""","=""3G*""","=""5""","=""""","=""17.291249""","=""""","=""0.000011""","=""0.06804""","=""  40  3d5.(2H).4p 3I*          :    32  3d5.(4F).4p    3G*  ""","=""L11223"""
"=""3d5.(4F).4p""","=""3G*""","=""4""","=""""","=""17.311320""","=""""","=""0.000011""","=""0.02007""","=""  43                           :    34  3d5.(a 2G).4p  3G*  ""","=""L11223"""
"=""3d5.(4F).4p""","=""3G*""","=""3""","=""""","=""17.318159""","=""""","=""0.000012""","=""0.00684""","=""  43                           :    40  3d5.(a 2G).4p  3G*  ""","=""L11223"""
"=""3d5.(2H).4p""","=""3I*""","=""5""","=""""","=""17.296966""","=""""","=""0.000012""","=""-0.02119""","=""  49                           :    21  3d5.(4F).4p    3G*  ""","=""L11223"""
"=""3d5.(2H).4p""","=""3I*""","=""6""","=""""","=""17.338718""","=""""","=""0.000012""","=""0.04175""","=""  87                           :     5  3d5.(2H).4p    3H*  ""","=""L11223"""
"=""3d5.(2H).4p""","=""3I*""","=""7""","=""""","=""17.382140""","=""""","=""0.000016""","=""0.04342""","=""  97                                                        ""","=""L11223"""
"=""3d5.(a 2F).4p""","=""1D*""","=""2""","=""""","=""17.328590""","=""""","=""0.000014""","=""-0.05355""","=""  57                           :    29  3d5.(a 2D).4p  1D*  ""","=""L11223"""
"=""3d5.(a 2G).4p""","=""1G*""","=""4""","=""""","=""17.336361""","=""""","=""0.000011""","=""0.00777""","=""  36                           :    19  3d5.(a 2F).4p  1G*  ""","=""L11223"""
"=""3d5.(a 2F).4p""","=""1F*""","=""3""","=""""","=""17.413970""","=""""","=""0.000011""","=""0.07761""","=""  73                           :     5  3d5.(a 2G).4p  1F*  ""","=""L11223"""
"=""3d5.(a 2G).4p""","=""3F*""","=""3""","=""""","=""17.443756""","=""""","=""0.000011""","=""0.02979""","=""  44                           :    25  3d5.(4F).4p    3F*  ""","=""L11223"""
"=""3d5.(a 2G).4p""","=""3F*""","=""2""","=""""","=""17.450883""","=""""","=""0.000012""","=""0.00713""","=""  42                           :    30  3d5.(4F).4p    3F*  ""","=""L11223"""
"=""3d5.(a 2G).4p""","=""3F*""","=""4""","=""""","=""17.482140""","=""""","=""0.000011""","=""0.03126""","=""  46                           :    23  3d5.(4F).4p    3F*  ""","=""L11223"""
"=""3d5.(4F).4p""","=""3D*""","=""2""","=""""","=""17.531264""","=""""","=""0.000012""","=""0.04912""","=""  67                           :     7  3d5.(a 2G).4p  3F*  ""","=""L11223"""
"=""3d5.(4F).4p""","=""3D*""","=""3""","=""""","=""17.539629""","=""""","=""0.000011""","=""0.00837""","=""  65                           :     7  3d5.(4D).4p    3D*  ""","=""L11223"""
"=""3d5.(4F).4p""","=""3D*""","=""1""","=""""","=""17.539968""","=""""","=""0.000012""","=""0.00034""","=""  84                           :     6  3d5.(4D).4p    3D*  ""","=""L11223"""
"=""3d5.(2H).4p""","=""1I*""","=""6""","=""""","=""17.548634""","=""""","=""0.000015""","=""0.00867""","=""  87                           :     6  3d5.(2H).4p    3H*  ""","=""L11223"""
"=""3d5.(4F).4p""","=""3F*""","=""4""","=""""","=""17.611581""","=""""","=""0.000012""","=""0.06295""","=""  52                           :    23  3d5.(a 2G).4p  3F*  ""","=""L11223"""
"=""3d5.(4F).4p""","=""3F*""","=""3""","=""""","=""17.644537""","=""""","=""0.000012""","=""0.03296""","=""  53                           :    23  3d5.(a 2G).4p  3F*  ""","=""L11223"""
"=""3d5.(4F).4p""","=""3F*""","=""2""","=""""","=""17.672069""","=""""","=""0.000012""","=""0.02753""","=""  49                           :    23  3d5.(a 2G).4p  3F*  ""","=""L11223"""
"=""3d5.(c 2D).4s""","=""1D""","=""2""","=""""","=""17.662873""","=""""","=""0.000019""","=""-0.00920""","=""  77                           :    23  3d5.(a 2D).4s  1D   ""","=""L11223"""
"=""3d5.(a 2G).4p""","=""3H*""","=""4""","=""""","=""17.711821""","=""""","=""0.000012""","=""0.04895""","=""  47  3d5.(2H).4p 3H*          :    43  3d5.(a 2G).4p  3H*  ""","=""L11223"""
"=""3d5.(a 2G).4p""","=""3H*""","=""5""","=""""","=""17.718370""","=""""","=""0.000012""","=""0.00655""","=""  45                           :    37  3d5.(2H).4p    3H*  ""","=""L11223"""
"=""3d5.(a 2G).4p""","=""3H*""","=""6""","=""""","=""17.769521""","=""""","=""0.000014""","=""0.05115""","=""  50                           :    40  3d5.(2H).4p    3H*  ""","=""L11223"""
"=""3d5.(a 2G).4p""","=""3G*""","=""5""","=""""","=""17.839313""","=""""","=""0.000012""","=""0.06979""","=""  37                           :    20  3d5.(b 2F).4p  3G*  ""","=""L11223"""
"=""3d5.(a 2G).4p""","=""3G*""","=""4""","=""""","=""17.864385""","=""""","=""0.000012""","=""0.02507""","=""  40                           :    23  3d5.(b 2F).4p  3G*  ""","=""L11223"""
"=""3d5.(a 2G).4p""","=""3G*""","=""3""","=""""","=""17.868165""","=""""","=""0.000012""","=""0.00378""","=""  41                           :    25  3d5.(b 2F).4p  3G*  ""","=""L11223"""
"=""3d5.(b 2F).4p""","=""1G*""","=""4""","=""""","=""17.894916""","=""""","=""0.000011""","=""0.02675""","=""  31                           :    21  3d5.(b 2F).4p  3F*  ""","=""L11223"""
"=""3d5.(b 2F).4p""","=""3F*""","=""2""","=""""","=""17.915937""","=""""","=""0.000012""","=""0.02102""","=""  61                           :    17  3d5.(a 2G).4p  3F*  ""","=""L11223"""
"=""3d5.(b 2F).4p""","=""3F*""","=""3""","=""""","=""17.924464""","=""""","=""0.000011""","=""0.00853""","=""  72                           :     9  3d5.(a 2G).4p  3F*  ""","=""L11223"""
"=""3d5.(b 2F).4p""","=""3F*""","=""4""","=""""","=""17.973792""","=""""","=""0.000011""","=""0.04933""","=""  55                           :    12  3d5.(b 2F).4p  1G*  ""","=""L11223"""
"=""3d5.(a 2G).4p""","=""1H*""","=""5""","=""""","=""17.926474""","=""""","=""0.000012""","=""-0.04732""","=""  60                           :    23  3d5.(2H).4p    1H*  ""","=""L11223"""
"=""3d5.(2H).4p""","=""1H*""","=""5""","=""""","=""17.958243""","=""""","=""0.000014""","=""0.03177""","=""  65                           :    28  3d5.(a 2G).4p  1H*  ""","=""L11223"""
"=""3d5.(a 2G).4p""","=""1F*""","=""3""","=""""","=""17.982497""","=""""","=""0.000011""","=""0.02425""","=""  75                                                        ""","=""L11223"""
"=""3d5.(b 2F).4p""","=""1D*""","=""2""","=""""","=""18.054358""","=""""","=""0.000012""","=""0.07186""","=""  79                           :     9  3d5.(b 2F).4p  3F*  ""","=""L11223"""
"=""3d5.(b 2F).4p""","=""3G*""","=""3""","=""""","=""18.212179""","=""""","=""0.000012""","=""0.15782""","=""  52                           :    37  3d5.(2H).4p    3G*  ""","=""L11223"""
"=""3d5.(b 2F).4p""","=""3G*""","=""4""","=""""","=""18.245672""","=""""","=""0.000012""","=""0.03349""","=""  56                           :    33  3d5.(2H).4p    3G*  ""","=""L11223"""
"=""3d5.(b 2F).4p""","=""3G*""","=""5""","=""""","=""18.276016""","=""""","=""0.000016""","=""0.03034""","=""  62                           :    29  3d5.(2H).4p    3G*  ""","=""L11223"""
"=""3d5.(6S).4d""","=""7D""","=""1""","=""""","=""18.26062""","=""""","=""0.00003""","=""-0.01540""","=""                                                            ""","=""L7185"""
"=""3d5.(6S).4d""","=""7D""","=""2""","=""""","=""18.26180""","=""""","=""0.00003""","=""0.00118""","=""                                                            ""","=""L7185"""
"=""3d5.(6S).4d""","=""7D""","=""3""","=""""","=""18.26364""","=""""","=""0.00003""","=""0.00184""","=""                                                            ""","=""L7185"""
"=""3d5.(6S).4d""","=""7D""","=""4""","=""""","=""18.26623""","=""""","=""0.00003""","=""0.00259""","=""                                                            ""","=""L7185"""
"=""3d5.(6S).4d""","=""7D""","=""5""","=""""","=""18.26968""","=""""","=""0.00003""","=""0.00345""","=""                                                            ""","=""L7185"""
"=""3d5.(b 2F).4p""","=""3D*""","=""1""","=""""","=""18.294648""","=""""","=""0.000014""","=""0.02497""","=""  81                           :     9  3d5.(a 2F).4p  3D*  ""","=""L11223"""
"=""3d5.(b 2F).4p""","=""3D*""","=""2""","=""""","=""18.301874""","=""""","=""0.000014""","=""0.00723""","=""  79                           :    10  3d5.(a 2F).4p  3D*  ""","=""L11223"""
"=""3d5.(b 2F).4p""","=""3D*""","=""3""","=""""","=""18.304501""","=""""","=""0.000012""","=""0.00263""","=""  75                           :    11  3d5.(a 2F).4p  3D*  ""","=""L11223"""
"=""3d5.(2S).4p""","=""3P*""","=""0""","=""""","=""18.431678""","=""""","=""0.000019""","=""0.12718""","=""  85                           :    12  3d5.(b 2D).4p  3P*  ""","=""L11223"""
"=""3d5.(2S).4p""","=""3P*""","=""1""","=""""","=""18.463134""","=""""","=""0.000020""","=""0.03146""","=""  82                           :    12  3d5.(b 2D).4p  3P*  ""","=""L11223"""
"=""3d5.(2S).4p""","=""3P*""","=""2""","=""""","=""18.538787""","=""""","=""0.000015""","=""0.07565""","=""  82                           :    14  3d5.(b 2D).4p  3P*  ""","=""L11223"""
"=""3d5.(2H).4p""","=""1G*""","=""4""","=""""","=""18.475283""","=""""","=""0.000012""","=""-0.06350""","=""  43  3d5.(b 2F).4p  1G*       :    35  3d5.(2H).4p    1G*  ""","=""L11223"""
"=""3d5.(6S).5s""","=""7S""","=""3""","=""""","=""18.50900""","=""""","=""0.00003""","=""0.03372""","=""                                                            ""","=""L7185"""
"=""3d5.(b 2F).4p""","=""1F*""","=""3""","=""""","=""18.678784""","=""""","=""0.000014""","=""0.16978""","=""  93                                                        ""","=""L11223"""
"=""3d5.(6S).4d""","=""5D""","=""3""","=""""","=""18.787859""","=""""","=""0.000011""","=""0.10908""","=""                                                            ""","=""L7185"""
"=""3d5.(6S).4d""","=""5D""","=""2""","=""""","=""18.787949""","=""""","=""0.000012""","=""0.00009""","=""                                                            ""","=""L7185"""
"=""3d5.(6S).4d""","=""5D""","=""1""","=""""","=""18.788175""","=""""","=""0.000012""","=""0.00023""","=""                                                            ""","=""L7185"""
"=""3d5.(6S).4d""","=""5D""","=""4""","=""""","=""18.788316""","=""""","=""0.000012""","=""0.00014""","=""                                                            ""","=""L7185"""
"=""3d5.(6S).4d""","=""5D""","=""0""","=""""","=""18.788326""","=""""","=""0.000012""","=""0.00001""","=""                                                            ""","=""L7185"""
"=""3d5.(2S).4p""","=""1P*""","=""1""","=""""","=""18.800571""","=""""","=""0.000016""","=""0.01225""","=""  78                           :    16  3d5.(b 2D).4p  1P*  ""","=""L11223"""
"=""3d5.(6S).5s""","=""5S""","=""2""","=""""","=""18.815572""","=""""","=""0.000011""","=""0.01500""","=""                                                            ""","=""L7185"""
"=""3d5.(b 2D).4p""","=""3F*""","=""2""","=""""","=""19.55035""","=""""","=""0.00003""","=""0.73478""","=""  82                           :    10  3d5.(b 2D).4p  3D*  ""","=""L11223"""
"=""3d5.(b 2D).4p""","=""3F*""","=""3""","=""""","=""19.587268""","=""""","=""0.000012""","=""0.03692""","=""  69                           :    17  3d5.(b 2D).4p  3D*  ""","=""L11223"""
"=""3d5.(b 2D).4p""","=""3F*""","=""4""","=""""","=""19.659249""","=""""","=""0.000016""","=""0.07198""","=""  93                                                        ""","=""L11223"""
"=""3d5.(b 2D).4p""","=""3D*""","=""1""","=""""","=""19.621423""","=""""","=""0.000012""","=""-0.03783""","=""  93                                                        ""","=""L11223"""
"=""3d5.(b 2D).4p""","=""3D*""","=""2""","=""""","=""19.641170""","=""""","=""0.000015""","=""0.01975""","=""  82                           :    10  3d5.(b 2D).4p  3F*  ""","=""L11223"""
"=""3d5.(b 2D).4p""","=""3D*""","=""3""","=""""","=""19.679929""","=""""","=""0.000014""","=""0.03876""","=""  74                           :    20  3d5.(b 2D).4p  3F*  ""","=""L11223"""
"=""3d5.(b 2D).4p""","=""1F*""","=""3""","=""""","=""19.774614""","=""""","=""0.000014""","=""0.09468""","=""  81                           :     9  3d5.(b 2G).4p  1F*  ""","=""L11223"""
"=""3d5.(b 2D).4p""","=""3P*""","=""2""","=""""","=""19.842139""","=""""","=""0.000015""","=""0.06752""","=""  80                           :    14  3d5.(2S).4p    3P*  ""","=""L11223"""
"=""3d5.(b 2D).4p""","=""3P*""","=""1""","=""""","=""19.845719""","=""""","=""0.000016""","=""0.00358""","=""  81                           :    13  3d5.(2S).4p    3P*  ""","=""L11223"""
"=""3d5.(b 2D).4p""","=""3P*""","=""0""","=""""","=""19.84662""","=""""","=""0.00004""","=""0.00090""","=""  86                           :    13  3d5.(2S).4p    3P*  ""","=""L11223"""
"=""3d5.(b 2D).4p""","=""1P*""","=""1""","=""""","=""19.963757""","=""""","=""0.000015""","=""0.11714""","=""  78                           :    15  3d5.(2S).4p    1P*  ""","=""L11223"""
"=""3d5.(b 2D).4p""","=""1D*""","=""2""","=""""","=""20.095948""","=""""","=""0.000016""","=""0.13219""","=""  91                                                        ""","=""L11223"""
"=""3d5.(b 2G).4p""","=""3H*""","=""4""","=""""","=""20.546594""","=""""","=""0.000014""","=""0.45065""","=""  92                           :     5  3d5.(b 2G).4p  3G*  ""","=""L11223"""
"=""3d5.(b 2G).4p""","=""3H*""","=""5""","=""""","=""20.573917""","=""""","=""0.000014""","=""0.02732""","=""  88                           :     7  3d5.(b 2G).4p  3G*  ""","=""L11223"""
"=""3d5.(b 2G).4p""","=""3H*""","=""6""","=""""","=""20.604654""","=""""","=""0.000015""","=""0.03074""","=""  98                                                        ""","=""L11223"""
"=""3d5.(6S).5p""","=""7P*""","=""2""","=""""","=""20.59933""","=""""","=""0.00003""","=""-0.00532""","=""                                                            ""","=""L7185"""
"=""3d5.(6S).5p""","=""7P*""","=""3""","=""""","=""20.61274""","=""""","=""0.00003""","=""0.01341""","=""                                                            ""","=""L7185"""
"=""3d5.(6S).5p""","=""7P*""","=""4""","=""""","=""20.63364""","=""""","=""0.00003""","=""0.02090""","=""                                                            ""","=""L7185"""
"=""3d5.(b 2G).4p""","=""3F*""","=""4""","=""""","=""20.608944""","=""""","=""0.000014""","=""-0.02470""","=""  81                           :    10  3d5.(b 2G).4p  3G*  ""","=""L11223"""
"=""3d5.(b 2G).4p""","=""3F*""","=""3""","=""""","=""20.643111""","=""""","=""0.000015""","=""0.03417""","=""  49                           :    46  3d5.(b 2G).4p  3G*  ""","=""L11223"""
"=""3d5.(b 2G).4p""","=""3F*""","=""2""","=""""","=""20.705654""","=""""","=""0.000019""","=""0.06254""","=""  93                                                        ""","=""L11223"""
"=""3d5.(b 2G).4p""","=""3G*""","=""3""","=""""","=""20.715974""","=""""","=""0.000015""","=""0.01032""","=""  51                           :    45  3d5.(b 2G).4p  3F*  ""","=""L11223"""
"=""3d5.(b 2G).4p""","=""3G*""","=""4""","=""""","=""20.731069""","=""""","=""0.000015""","=""0.01510""","=""  83                           :    11  3d5.(b 2G).4p  3F*  ""","=""L11223"""
"=""3d5.(b 2G).4p""","=""3G*""","=""5""","=""""","=""20.742408""","=""""","=""0.000014""","=""0.01134""","=""  88                           :     8  3d5.(b 2G).4p  3H*  ""","=""L11223"""
"=""3d5.(6S).5p""","=""5P*""","=""3""","=""""","=""20.870239""","=""""","=""0.000011""","=""0.12783""","=""                                                            ""","=""L7185"""
"=""3d5.(6S).5p""","=""5P*""","=""2""","=""""","=""20.881561""","=""""","=""0.000011""","=""0.01132""","=""                                                            ""","=""L7185"""
"=""3d5.(6S).5p""","=""5P*""","=""1""","=""""","=""20.888550""","=""""","=""0.000011""","=""0.00699""","=""                                                            ""","=""L7185"""
"=""3d5.(b 2G).4p""","=""1H*""","=""5""","=""""","=""20.926033""","=""""","=""0.000014""","=""0.03748""","=""  94                                                        ""","=""L11223"""
"=""3d5.(b 2G).4p""","=""1G*""","=""4""","=""""","=""20.987751""","=""""","=""0.000016""","=""0.06172""","=""  95                                                        ""","=""L11223"""
"=""3d5.(b 2G).4p""","=""1F*""","=""3""","=""""","=""21.115753""","=""""","=""0.000014""","=""0.12800""","=""  84                           :     8  3d5.(b 2D).4p  1F*  ""","=""L11223"""
"=""3d5.(2P).4p""","=""3P*""","=""0""","=""""","=""22.150464""","=""""","=""0.000022""","=""1.03471""","=""  77                           :    19  3d5.(c 2D).4p  3P*  ""","=""L11223"""
"=""3d5.(2P).4p""","=""3P*""","=""1""","=""""","=""22.171617""","=""""","=""0.000019""","=""0.02115""","=""  76                           :    19  3d5.(c 2D).4p  3P*  ""","=""L11223"""
"=""3d5.(2P).4p""","=""3P*""","=""2""","=""""","=""22.225576""","=""""","=""0.000021""","=""0.05396""","=""  76                           :    20  3d5.(c 2D).4p  3P*  ""","=""L11223"""
"=""3d5.(4G).4d""","=""5H""","=""3""","=""""","=""22.215336""","=""""","=""0.000014""","=""-0.01024""","=""                                                            ""","=""L7185"""
"=""3d5.(4G).4d""","=""5H""","=""4""","=""""","=""22.217269""","=""""","=""0.000012""","=""0.00193""","=""                                                            ""","=""L7185"""
"=""3d5.(4G).4d""","=""5H""","=""5""","=""""","=""22.218923""","=""""","=""0.000012""","=""0.00165""","=""                                                            ""","=""L7185"""
"=""3d5.(4G).4d""","=""5H""","=""6""","=""""","=""22.220031""","=""""","=""0.000012""","=""0.00111""","=""                                                            ""","=""L7185"""
"=""3d5.(4G).4d""","=""5H""","=""7""","=""""","=""22.220651""","=""""","=""0.000014""","=""0.00062""","=""                                                            ""","=""L7185"""
"=""3d5.(4G).4d""","=""5F""","=""5""","=""""","=""22.265081""","=""""","=""0.000012""","=""0.04443""","=""                                                            ""","=""L7185"""
"=""3d5.(4G).4d""","=""5F""","=""4""","=""""","=""22.271397""","=""""","=""0.000012""","=""0.00632""","=""                                                            ""","=""L7185"""
"=""3d5.(4G).4d""","=""5F""","=""3""","=""""","=""22.275198""","=""""","=""0.000012""","=""0.00380""","=""                                                            ""","=""L7185"""
"=""3d5.(4G).4d""","=""5F""","=""2""","=""""","=""22.277113""","=""""","=""0.000014""","=""0.00192""","=""                                                            ""","=""L7185"""
"=""3d5.(4G).4d""","=""5F""","=""1""","=""""","=""22.277863""","=""""","=""0.000014""","=""0.00075""","=""                                                            ""","=""L7185"""
"=""3d5.(4G).4d""","=""5G""","=""6""","=""""","=""22.283121""","=""""","=""0.000012""","=""0.00526""","=""                                                            ""","=""L7185"""
"=""3d5.(4G).4d""","=""5G""","=""5""","=""""","=""22.285965""","=""""","=""0.000014""","=""0.00284""","=""                                                            ""","=""L7185"""
"=""3d5.(4G).4d""","=""5G""","=""4""","=""""","=""22.287164""","=""""","=""0.000012""","=""0.00120""","=""                                                            ""","=""L7185"""
"=""3d5.(4G).4d""","=""5G""","=""2""","=""""","=""22.287355""","=""""","=""0.000014""","=""0.00019""","=""                                                            ""","=""L7185"""
"=""3d5.(4G).4d""","=""5G""","=""3""","=""""","=""22.287501""","=""""","=""0.000012""","=""0.00015""","=""                                                            ""","=""L7185"""
"=""3d5.(4G).4d""","=""5I""","=""4""","=""""","=""22.301890""","=""""","=""0.000016""","=""0.01439""","=""                                                            ""","=""L7185"""
"=""3d5.(4G).4d""","=""5I""","=""8""","=""""","=""22.303427""","=""""","=""0.000016""","=""0.00154""","=""                                                            ""","=""L7185"""
"=""3d5.(4G).4d""","=""5I""","=""5""","=""""","=""22.303974""","=""""","=""0.000012""","=""0.00055""","=""                                                            ""","=""L7185"""
"=""3d5.(4G).4d""","=""5I""","=""6""","=""""","=""22.305341""","=""""","=""0.000014""","=""0.00137""","=""                                                            ""","=""L7185"""
"=""3d5.(4G).4d""","=""5I""","=""7""","=""""","=""22.305349""","=""""","=""0.000014""","=""0.00001""","=""                                                            ""","=""L7185"""
"=""3d5.(4G).5s""","=""5G""","=""6""","=""""","=""22.536954""","=""""","=""0.000012""","=""0.23161""","=""                                                            ""","=""L7185"""
"=""3d5.(4G).5s""","=""5G""","=""5""","=""""","=""22.541418""","=""""","=""0.000012""","=""0.00446""","=""                                                            ""","=""L7185"""
"=""3d5.(4G).5s""","=""5G""","=""4""","=""""","=""22.543527""","=""""","=""0.000012""","=""0.00211""","=""                                                            ""","=""L7185"""
"=""3d5.(4G).5s""","=""5G""","=""2""","=""""","=""22.543898""","=""""","=""0.000014""","=""0.00037""","=""                                                            ""","=""L7185"""
"=""3d5.(4G).5s""","=""5G""","=""3""","=""""","=""22.544067""","=""""","=""0.000012""","=""0.00017""","=""                                                            ""","=""L7185"""
"=""3d5.(4P).4d""","=""5F""","=""5""","=""""","=""22.612237""","=""""","=""0.000014""","=""0.06817""","=""                                                            ""","=""L7185"""
"=""3d5.(4P).4d""","=""5F""","=""4""","=""""","=""22.616305""","=""""","=""0.000015""","=""0.00407""","=""                                                            ""","=""L7185"""
"=""3d5.(4P).4d""","=""5F""","=""3""","=""""","=""22.620276""","=""""","=""0.000014""","=""0.00397""","=""                                                            ""","=""L7185"""
"=""3d5.(4P).4d""","=""5F""","=""2""","=""""","=""22.624733""","=""""","=""0.000015""","=""0.00446""","=""                                                            ""","=""L7185"""
"=""3d5.(4P).4d""","=""5F""","=""1""","=""""","=""22.625444""","=""""","=""0.000016""","=""0.00071""","=""                                                            ""","=""L7185"""
"=""3d5.(4G).4d""","=""3F""","=""2""","=""""","=""22.613810""","=""""","=""0.000014""","=""-0.01163""","=""                                                            ""","=""L7185"""
"=""3d5.(4G).4d""","=""3F""","=""3""","=""""","=""22.615842""","=""""","=""0.000014""","=""0.00203""","=""                                                            ""","=""L7185"""
"=""3d5.(4G).4d""","=""3F""","=""4""","=""""","=""22.617049""","=""""","=""0.000014""","=""0.00121""","=""                                                            ""","=""L7185"""
"=""3d5.(2P).4p""","=""3D*""","=""1""","=""""","=""22.648380""","=""""","=""0.000020""","=""0.03133""","=""  93                                                        ""","=""L11223"""
"=""3d5.(2P).4p""","=""3D*""","=""2""","=""""","=""22.650089""","=""""","=""0.000020""","=""0.00171""","=""  67                           :    21  3d5.(2P).4p    1D*  ""","=""L11223"""
"=""3d5.(2P).4p""","=""3D*""","=""3""","=""""","=""22.733276""","=""""","=""0.000022""","=""0.08319""","=""  92                           :     6  3d5.(c 2D).4p  3D*  ""","=""L11223"""
"=""3d5.(4G).4d""","=""3I""","=""5""","=""""","=""22.665648""","=""""","=""0.000014""","=""-0.06763""","=""                                                            ""","=""L7185"""
"=""3d5.(4G).4d""","=""3I""","=""6""","=""""","=""22.668143""","=""""","=""0.000017""","=""0.00249""","=""                                                            ""","=""L7185"""
"=""3d5.(4G).4d""","=""3I""","=""7""","=""""","=""22.670785""","=""""","=""0.000016""","=""0.00264""","=""                                                            ""","=""L7185"""
"=""3d5.(4G).5s""","=""3G""","=""5""","=""""","=""22.742599""","=""""","=""0.000014""","=""0.07181""","=""                                                            ""","=""L7185"""
"=""3d5.(4G).5s""","=""3G""","=""3""","=""""","=""22.745743""","=""""","=""0.000012""","=""0.00314""","=""                                                            ""","=""L7185"""
"=""3d5.(4G).5s""","=""3G""","=""4""","=""""","=""22.745806""","=""""","=""0.000012""","=""0.00006""","=""                                                            ""","=""L7185"""
"=""3d5.(2P).4p""","=""1D*""","=""2""","=""""","=""22.778872""","=""""","=""0.000019""","=""0.03307""","=""  59                           :    25  3d5.(2P).4p    3D*  ""","=""L11223"""
"=""3d5.(6S).4f""","=""7F*""","=""1""","=""""","=""22.83560""","=""""","=""0.00004""","=""0.05673""","=""                                                            ""","=""L7185"""
"=""3d5.(6S).4f""","=""7F*""","=""2""","=""""","=""22.84376""","=""""","=""0.00003""","=""0.00816""","=""                                                            ""","=""L7185"""
"=""3d5.(6S).4f""","=""7F*""","=""3""","=""""","=""22.85237""","=""""","=""0.00004""","=""0.00861""","=""                                                            ""","=""L7185"""
"=""3d5.(6S).4f""","=""7F*""","=""4""","=""""","=""22.85956""","=""""","=""0.00004""","=""0.00719""","=""                                                            ""","=""L7185"""
"=""3d5.(6S).4f""","=""7F*""","=""5""","=""""","=""22.86487""","=""""","=""0.00004""","=""0.00531""","=""                                                            ""","=""L7185"""
"=""3d5.(6S).4f""","=""7F*""","=""6""","=""""","=""22.86860""","=""""","=""0.00004""","=""0.00373""","=""                                                            ""","=""L7185"""
"=""3d5.(6S).4f""","=""5F*""","=""1""","=""""","=""22.909479""","=""""","=""0.000025""","=""0.04088""","=""                                                            ""","=""L7185"""
"=""3d5.(6S).4f""","=""5F*""","=""2""","=""""","=""22.90954""","=""""","=""0.00004""","=""0.00006""","=""                                                            ""","=""L7185"""
"=""3d5.(6S).4f""","=""5F*""","=""3""","=""""","=""22.90964""","=""""","=""0.00003""","=""0.00010""","=""                                                            ""","=""L7185"""
"=""3d5.(6S).4f""","=""5F*""","=""4""","=""""","=""22.90975""","=""""","=""0.00004""","=""0.00011""","=""                                                            ""","=""L7185"""
"=""3d5.(6S).4f""","=""5F*""","=""5""","=""""","=""22.90992""","=""""","=""0.00003""","=""0.00017""","=""                                                            ""","=""L7185"""
"=""3d5.(4P).5s""","=""5P""","=""3""","=""""","=""22.931096""","=""""","=""0.000011""","=""0.02118""","=""                                                            ""","=""L7185"""
"=""3d5.(4P).5s""","=""5P""","=""2""","=""""","=""22.937513""","=""""","=""0.000012""","=""0.00642""","=""                                                            ""","=""L7185"""
"=""3d5.(4P).5s""","=""5P""","=""1""","=""""","=""22.944703""","=""""","=""0.000012""","=""0.00719""","=""                                                            ""","=""L7185"""
"=""3d5.(2P).4p""","=""3S*""","=""1""","=""""","=""22.951104""","=""""","=""0.000022""","=""0.00640""","=""  97                                                        ""","=""L11223"""
"=""3d5.(4D).4d""","=""5G""","=""2""","=""""","=""23.094394""","=""""","=""0.000025""","=""0.14329""","=""                                                            ""","=""L7185"""
"=""3d5.(4D).4d""","=""5G""","=""3""","=""""","=""23.098700""","=""""","=""0.000014""","=""0.00431""","=""                                                            ""","=""L7185"""
"=""3d5.(4D).4d""","=""5G""","=""4""","=""""","=""23.108058""","=""""","=""0.000015""","=""0.00936""","=""                                                            ""","=""L7185"""
"=""3d5.(4D).4d""","=""5G""","=""5""","=""""","=""23.117362""","=""""","=""0.000014""","=""0.00930""","=""                                                            ""","=""L7185"""
"=""3d5.(4D).4d""","=""5G""","=""6""","=""""","=""23.135140""","=""""","=""0.000016""","=""0.01778""","=""                                                            ""","=""L7185"""
"=""3d5.(4D).4d""","=""5D""","=""1""","=""""","=""23.149328""","=""""","=""0.000017""","=""0.01419""","=""                                                            ""","=""L7185"""
"=""3d5.(4D).4d""","=""5D""","=""2""","=""""","=""23.159245""","=""""","=""0.000012""","=""0.00992""","=""                                                            ""","=""L7185"""
"=""3d5.(4D).4d""","=""5D""","=""3""","=""""","=""23.170553""","=""""","=""0.000012""","=""0.01131""","=""                                                            ""","=""L7185"""
"=""3d5.(4D).4d""","=""5D""","=""4""","=""""","=""23.184899""","=""""","=""0.000012""","=""0.01435""","=""                                                            ""","=""L7185"""
"=""3d4.(5D).4s.4p.(3P*)""","=""7P*""","=""2""","=""""","=""23.15298""","=""""","=""0.00004""","=""-0.03192""","=""                                                            ""","=""L7185"""
"=""3d4.(5D).4s.4p.(3P*)""","=""7P*""","=""3""","=""""","=""23.17170""","=""""","=""0.00004""","=""0.01872""","=""                                                            ""","=""L7185"""
"=""3d4.(5D).4s.4p.(3P*)""","=""7P*""","=""4""","=""""","=""23.19636""","=""""","=""0.00004""","=""0.02466""","=""                                                            ""","=""L7185"""
"=""3d5.(4D).5s""","=""5D""","=""4""","=""""","=""23.310704""","=""""","=""0.000011""","=""0.11434""","=""                                                            ""","=""L7185"""
"=""3d5.(4D).5s""","=""5D""","=""0""","=""""","=""23.322596""","=""""","=""0.000012""","=""0.01189""","=""                                                            ""","=""L7185"""
"=""3d5.(4D).5s""","=""5D""","=""3""","=""""","=""23.322635""","=""""","=""0.000011""","=""0.00004""","=""                                                            ""","=""L7185"""
"=""3d5.(4D).5s""","=""5D""","=""1""","=""""","=""23.325375""","=""""","=""0.000012""","=""0.00274""","=""                                                            ""","=""L7185"""
"=""3d5.(4D).5s""","=""5D""","=""2""","=""""","=""23.326732""","=""""","=""0.000011""","=""0.00136""","=""                                                            ""","=""L7185"""
"=""3d5.(4D).4d""","=""3G""","=""3""","=""""","=""23.427522""","=""""","=""0.000014""","=""0.10079""","=""                                                            ""","=""L7185"""
"=""3d5.(4D).4d""","=""3G""","=""4""","=""""","=""23.434500""","=""""","=""0.000014""","=""0.00698""","=""                                                            ""","=""L7185"""
"=""3d5.(4D).4d""","=""3G""","=""5""","=""""","=""23.436083""","=""""","=""0.000014""","=""0.00158""","=""                                                            ""","=""L7185"""
"=""3d5.(4D).5s""","=""3D""","=""3""","=""""","=""23.517225""","=""""","=""0.000012""","=""0.08114""","=""                                                            ""","=""L7185"""
"=""3d5.(4D).5s""","=""3D""","=""2""","=""""","=""23.530298""","=""""","=""0.000012""","=""0.01307""","=""                                                            ""","=""L7185"""
"=""3d5.(4D).5s""","=""3D""","=""1""","=""""","=""23.531722""","=""""","=""0.000012""","=""0.00142""","=""                                                            ""","=""L7185"""
"=""3d5.(6S).5d""","=""7D""","=""1""","=""""","=""23.60577""","=""""","=""0.00004""","=""0.07405""","=""                                                            ""","=""L7185"""
"=""3d5.(6S).5d""","=""7D""","=""2""","=""""","=""23.60633""","=""""","=""0.00003""","=""0.00056""","=""                                                            ""","=""L7185"""
"=""3d5.(6S).5d""","=""7D""","=""3""","=""""","=""23.60715""","=""""","=""0.00003""","=""0.00082""","=""                                                            ""","=""L7185"""
"=""3d5.(6S).5d""","=""7D""","=""4""","=""""","=""23.60830""","=""""","=""0.00003""","=""0.00115""","=""                                                            ""","=""L7185"""
"=""3d5.(6S).5d""","=""7D""","=""5""","=""""","=""23.60981""","=""""","=""0.00003""","=""0.00151""","=""                                                            ""","=""L7185"""
"=""3d5.(6S).6s""","=""7S""","=""3""","=""""","=""23.67086""","=""""","=""0.00003""","=""0.06105""","=""                                                            ""","=""L7185"""
"=""3d5.(c 2D).4p""","=""3F*""","=""2""","=""""","=""23.682906""","=""""","=""0.000020""","=""0.01205""","=""  68                           :    22  3d5.(a 2D).4p  3F*  ""","=""L11223"""
"=""3d5.(c 2D).4p""","=""3F*""","=""3""","=""""","=""23.695731""","=""""","=""0.000017""","=""0.01282""","=""  67                           :    21  3d5.(a 2D).4p  3F*  ""","=""L11223"""
"=""3d5.(c 2D).4p""","=""3F*""","=""4""","=""""","=""23.759360""","=""""","=""0.000022""","=""0.06363""","=""  73                           :    23  3d5.(a 2D).4p  3F*  ""","=""L11223"""
"=""3d5.(6S).6s""","=""5S""","=""2""","=""""","=""23.805846""","=""""","=""0.000012""","=""0.04649""","=""                                                            ""","=""L7185"""
"=""3d5.(c 2D).4p""","=""3D*""","=""1""","=""""","=""23.872747""","=""""","=""0.000021""","=""0.06690""","=""  72                           :    22  3d5.(a 2D).4p  3D*  ""","=""L11223"""
"=""3d5.(c 2D).4p""","=""3D*""","=""2""","=""""","=""23.913575""","=""""","=""0.000017""","=""0.04083""","=""  67                           :    21  3d5.(a 2D).4p  3D*  ""","=""L11223"""
"=""3d5.(c 2D).4p""","=""3D*""","=""3""","=""""","=""23.958982""","=""""","=""0.000020""","=""0.04541""","=""  66                           :    20  3d5.(a 2D).4p  3D*  ""","=""L11223"""
"=""3d5.(c 2D).4p""","=""1D*""","=""2""","=""""","=""23.997855""","=""""","=""0.000020""","=""0.03887""","=""  52                           :    17  3d5.(a 2D).4p  1D*  ""","=""L11223"""
"=""3d5.(6S).5d""","=""5D""","=""0""","=""""","=""24.002777""","=""""","=""0.000015""","=""0.00492""","=""                                                            ""","=""L7185"""
"=""3d5.(6S).5d""","=""5D""","=""1""","=""""","=""24.003307""","=""""","=""0.000014""","=""0.00053""","=""                                                            ""","=""L7185"""
"=""3d5.(6S).5d""","=""5D""","=""2""","=""""","=""24.004101""","=""""","=""0.000012""","=""0.00079""","=""                                                            ""","=""L7185"""
"=""3d5.(6S).5d""","=""5D""","=""3""","=""""","=""24.004720""","=""""","=""0.000015""","=""0.00062""","=""                                                            ""","=""L7185"""
"=""3d5.(6S).5d""","=""5D""","=""4""","=""""","=""24.004762""","=""""","=""0.000024""","=""0.00004""","=""                                                            ""","=""L7185"""
"=""3d5.(c 2D).4p""","=""1F*""","=""3""","=""""","=""24.157407""","=""""","=""0.000021""","=""0.15264""","=""  71                           :    22  3d5.(a 2D).4p  1F*  ""","=""L11223"""
"=""3d5.(2I).5s""","=""3I""","=""7""","=""""","=""24.410217""","=""""","=""0.000015""","=""0.25281""","=""                                                            ""","=""L7185"""
"=""3d5.(2I).5s""","=""3I""","=""6""","=""""","=""24.410778""","=""""","=""0.000015""","=""0.00056""","=""                                                            ""","=""L7185"""
"=""3d5.(2I).5s""","=""3I""","=""5""","=""""","=""24.412670""","=""""","=""0.000015""","=""0.00189""","=""                                                            ""","=""L7185"""
"=""3d5.(4G).5p""","=""5G*""","=""2""","=""""","=""24.590246""","=""""","=""0.000012""","=""0.17758""","=""                                                            ""","=""L7185"""
"=""3d5.(4G).5p""","=""5G*""","=""6""","=""""","=""24.590272""","=""""","=""0.000012""","=""0.00003""","=""                                                            ""","=""L7185"""
"=""3d5.(4G).5p""","=""5G*""","=""5""","=""""","=""24.590630""","=""""","=""0.000012""","=""0.00036""","=""                                                            ""","=""L7185"""
"=""3d5.(4G).5p""","=""5G*""","=""3""","=""""","=""24.590675""","=""""","=""0.000012""","=""0.00005""","=""                                                            ""","=""L7185"""
"=""3d5.(4G).5p""","=""5G*""","=""4""","=""""","=""24.590873""","=""""","=""0.000012""","=""0.00020""","=""                                                            ""","=""L7185"""
"=""3d5.(6S).6p""","=""7P*""","=""2""","=""""","=""24.62408""","=""""","=""0.00004""","=""0.03321""","=""                                                            ""","=""L7185"""
"=""3d5.(6S).6p""","=""7P*""","=""3""","=""""","=""24.63019""","=""""","=""0.00004""","=""0.00611""","=""                                                            ""","=""L7185"""
"=""3d5.(6S).6p""","=""7P*""","=""4""","=""""","=""24.64027""","=""""","=""0.00004""","=""0.01008""","=""                                                            ""","=""L7185"""
"=""3d5.(4G).5p""","=""5H*""","=""3""","=""""","=""24.630572""","=""""","=""0.000014""","=""-0.00970""","=""                                                            ""","=""L7185"""
"=""3d5.(4G).5p""","=""5H*""","=""4""","=""""","=""24.637856""","=""""","=""0.000012""","=""0.00728""","=""                                                            ""","=""L7185"""
"=""3d5.(4G).5p""","=""5H*""","=""5""","=""""","=""24.644846""","=""""","=""0.000012""","=""0.00699""","=""                                                            ""","=""L7185"""
"=""3d5.(4G).5p""","=""5H*""","=""6""","=""""","=""24.650734""","=""""","=""0.000012""","=""0.00589""","=""                                                            ""","=""L7185"""
"=""3d5.(4G).5p""","=""5H*""","=""7""","=""""","=""24.654084""","=""""","=""0.000012""","=""0.00335""","=""                                                            ""","=""L7185"""
"=""3d5.(4G).5p""","=""5F*""","=""5""","=""""","=""24.690205""","=""""","=""0.000012""","=""0.03612""","=""                                                            ""","=""L7185"""
"=""3d5.(4G).5p""","=""5F*""","=""4""","=""""","=""24.699247""","=""""","=""0.000012""","=""0.00904""","=""                                                            ""","=""L7185"""
"=""3d5.(4G).5p""","=""5F*""","=""3""","=""""","=""24.705408""","=""""","=""0.000012""","=""0.00616""","=""                                                            ""","=""L7185"""
"=""3d5.(4G).5p""","=""5F*""","=""2""","=""""","=""24.710085""","=""""","=""0.000012""","=""0.00468""","=""                                                            ""","=""L7185"""
"=""3d5.(4G).5p""","=""5F*""","=""1""","=""""","=""24.713533""","=""""","=""0.000014""","=""0.00345""","=""                                                            ""","=""L7185"""
"=""3d5.(4G).5p""","=""3F*""","=""2""","=""""","=""24.744495""","=""""","=""0.000014""","=""0.03096""","=""                                                            ""","=""L7185"""
"=""3d5.(4G).5p""","=""3F*""","=""3""","=""""","=""24.746682""","=""""","=""0.000014""","=""0.00219""","=""                                                            ""","=""L7185"""
"=""3d5.(4G).5p""","=""3F*""","=""4""","=""""","=""24.747711""","=""""","=""0.000014""","=""0.00103""","=""                                                            ""","=""L7185"""
"=""3d5.(4G).5p""","=""3H*""","=""6""","=""""","=""24.751594""","=""""","=""0.000015""","=""0.00388""","=""                                                            ""","=""L7185"""
"=""3d5.(4G).5p""","=""3H*""","=""5""","=""""","=""24.754808""","=""""","=""0.000014""","=""0.00321""","=""                                                            ""","=""L7185"""
"=""3d5.(4G).5p""","=""3H*""","=""4""","=""""","=""24.759760""","=""""","=""0.000012""","=""0.00495""","=""                                                            ""","=""L7185"""
"=""3d5.(4F).4d""","=""5H""","=""3""","=""""","=""24.759918""","=""""","=""0.000017""","=""0.00016""","=""                                                            ""","=""L7185"""
"=""3d5.(4F).4d""","=""5H""","=""4""","=""""","=""24.772668""","=""""","=""0.000015""","=""0.01275""","=""                                                            ""","=""L7185"""
"=""3d5.(4F).4d""","=""5H""","=""5""","=""""","=""24.782493""","=""""","=""0.000020""","=""0.00982""","=""                                                            ""","=""L7185"""
"=""3d5.(4F).4d""","=""5H""","=""6""","=""""","=""24.785205""","=""""","=""0.000021""","=""0.00271""","=""                                                            ""","=""L7185"""
"=""3d5.(4F).4d""","=""5H""","=""7""","=""""","=""24.797322""","=""""","=""0.000017""","=""0.01212""","=""                                                            ""","=""L7185"""
"=""3d5.(4F).4d""","=""5G""","=""4""","=""""","=""24.837225""","=""""","=""0.000016""","=""0.03990""","=""                                                            ""","=""L7185"""
"=""3d5.(4F).4d""","=""5G""","=""3""","=""""","=""24.844508""","=""""","=""0.000015""","=""0.00728""","=""                                                            ""","=""L7185"""
"=""3d5.(4F).4d""","=""5G""","=""5""","=""""","=""24.845873""","=""""","=""0.000015""","=""0.00136""","=""                                                            ""","=""L7185"""
"=""3d5.(4F).4d""","=""5G""","=""2""","=""""","=""24.851182""","=""""","=""0.000017""","=""0.00531""","=""                                                            ""","=""L7185"""
"=""3d5.(4F).4d""","=""5G""","=""6""","=""""","=""24.878197""","=""""","=""0.000016""","=""0.02701""","=""                                                            ""","=""L7185"""
"=""3d5.(4G).5p""","=""3G*""","=""3""","=""""","=""24.859463""","=""""","=""0.000014""","=""-0.01873""","=""                                                            ""","=""L7185"""
"=""3d5.(4G).5p""","=""3G*""","=""4""","=""""","=""24.860643""","=""""","=""0.000014""","=""0.00118""","=""                                                            ""","=""L7185"""
"=""3d5.(4G).5p""","=""3G*""","=""5""","=""""","=""24.861843""","=""""","=""0.000014""","=""0.00120""","=""                                                            ""","=""L7185"""
"=""3d5.(4P).5p""","=""5D*""","=""2""","=""""","=""24.941204""","=""""","=""0.000012""","=""0.07936""","=""                                                            ""","=""L7185"""
"=""3d5.(4P).5p""","=""5D*""","=""3""","=""""","=""24.941475""","=""""","=""0.000012""","=""0.00027""","=""                                                            ""","=""L7185"""
"=""3d5.(4P).5p""","=""5D*""","=""0""","=""""","=""24.941932""","=""""","=""0.000014""","=""0.00046""","=""                                                            ""","=""L7185"""
"=""3d5.(4P).5p""","=""5D*""","=""1""","=""""","=""24.942912""","=""""","=""0.000015""","=""0.00098""","=""                                                            ""","=""L7185"""
"=""3d5.(4P).5p""","=""5D*""","=""4""","=""""","=""24.946541""","=""""","=""0.000012""","=""0.00363""","=""                                                            ""","=""L7185"""
"=""3d5.(4P).5p""","=""5S*""","=""2""","=""""","=""24.957264""","=""""","=""0.000012""","=""0.01072""","=""                                                            ""","=""L7185"""
"=""3d5.(4F).5s""","=""5F""","=""5""","=""""","=""25.031492""","=""""","=""0.000015""","=""0.07423""","=""                                                            ""","=""L7185"""
"=""3d5.(4F).5s""","=""5F""","=""4""","=""""","=""25.034852""","=""""","=""0.000015""","=""0.00336""","=""                                                            ""","=""L7185"""
"=""3d5.(4F).5s""","=""5F""","=""3""","=""""","=""25.048596""","=""""","=""0.000015""","=""0.01374""","=""                                                            ""","=""L7185"""
"=""3d5.(4F).5s""","=""5F""","=""2""","=""""","=""25.064195""","=""""","=""0.000015""","=""0.01560""","=""                                                            ""","=""L7185"""
"=""3d5.(4F).5s""","=""5F""","=""1""","=""""","=""25.098026""","=""""","=""0.000016""","=""0.03383""","=""                                                            ""","=""L7185"""
"=""3d5.(4P).5p""","=""5P*""","=""3""","=""""","=""25.069688""","=""""","=""0.000012""","=""-0.02834""","=""                                                            ""","=""L7185"""
"=""3d5.(4P).5p""","=""5P*""","=""2""","=""""","=""25.079872""","=""""","=""0.000012""","=""0.01018""","=""                                                            ""","=""L7185"""
"=""3d5.(4P).5p""","=""5P*""","=""1""","=""""","=""25.086286""","=""""","=""0.000014""","=""0.00641""","=""                                                            ""","=""L7185"""
"=""3d5.(4D).5p""","=""5F*""","=""1""","=""""","=""25.405265""","=""""","=""0.000012""","=""0.31898""","=""                                                            ""","=""L7185"""
"=""3d5.(4D).5p""","=""5F*""","=""2""","=""""","=""25.409739""","=""""","=""0.000012""","=""0.00447""","=""                                                            ""","=""L7185"""
"=""3d5.(4D).5p""","=""5F*""","=""3""","=""""","=""25.417083""","=""""","=""0.000012""","=""0.00734""","=""                                                            ""","=""L7185"""
"=""3d5.(4D).5p""","=""5F*""","=""4""","=""""","=""25.428243""","=""""","=""0.000012""","=""0.01116""","=""                                                            ""","=""L7185"""
"=""3d5.(4D).5p""","=""5F*""","=""5""","=""""","=""25.440980""","=""""","=""0.000012""","=""0.01274""","=""                                                            ""","=""L7185"""
"=""3d5.(4D).5p""","=""5D*""","=""4""","=""""","=""25.500088""","=""""","=""0.000012""","=""0.05911""","=""                                                            ""","=""L7185"""
"=""3d5.(4D).5p""","=""5D*""","=""1""","=""""","=""25.502828""","=""""","=""0.000014""","=""0.00274""","=""                                                            ""","=""L7185"""
"=""3d5.(4D).5p""","=""5D*""","=""3""","=""""","=""25.507583""","=""""","=""0.000011""","=""0.00475""","=""                                                            ""","=""L7185"""
"=""3d5.(4D).5p""","=""5D*""","=""2""","=""""","=""25.508216""","=""""","=""0.000012""","=""0.00063""","=""                                                            ""","=""L7185"""
"=""3d5.(4D).5p""","=""3D*""","=""3""","=""""","=""25.563127""","=""""","=""0.000012""","=""0.05491""","=""                                                            ""","=""L7185"""
"=""3d5.(4D).5p""","=""3D*""","=""2""","=""""","=""25.569689""","=""""","=""0.000012""","=""0.00656""","=""                                                            ""","=""L7185"""
"=""3d5.(4D).5p""","=""3D*""","=""1""","=""""","=""25.577434""","=""""","=""0.000014""","=""0.00774""","=""                                                            ""","=""L7185"""
"=""3d5.(4D).5p""","=""3F*""","=""4""","=""""","=""25.573170""","=""""","=""0.000012""","=""-0.00426""","=""                                                            ""","=""L7185"""
"=""3d5.(4D).5p""","=""3F*""","=""2""","=""""","=""25.581037""","=""""","=""0.000012""","=""0.00787""","=""                                                            ""","=""L7185"""
"=""3d5.(4D).5p""","=""3F*""","=""3""","=""""","=""25.581456""","=""""","=""0.000012""","=""0.00042""","=""                                                            ""","=""L7185"""
"=""3d5.(6S).5f""","=""7F*""","=""6""","=""""","=""25.67941""","=""""","=""0.00004""","=""0.09795""","=""                                                            ""","=""L7185"""
"=""3d5.(6S).5f""","=""7F*""","=""5""","=""""","=""25.67946""","=""""","=""0.00004""","=""0.00005""","=""                                                            ""","=""L7185"""
"=""3d5.(6S).5f""","=""7F*""","=""4""","=""""","=""25.67952""","=""""","=""0.00004""","=""0.00006""","=""                                                            ""","=""L7185"""
"=""3d5.(6S).5f""","=""7F*""","=""3""","=""""","=""25.67958""","=""""","=""0.00004""","=""0.00006""","=""                                                            ""","=""L7185"""
"=""3d5.(6S).5f""","=""7F*""","=""2""","=""""","=""25.67962""","=""""","=""0.00004""","=""0.00004""","=""                                                            ""","=""L7185"""
"=""3d5.(6S).5f""","=""5F*""","=""1""","=""""","=""25.69605""","=""""","=""0.00005""","=""0.01643""","=""                                                            ""","=""L7185"""
"=""3d5.(6S).5f""","=""5F*""","=""2""","=""""","=""25.696717""","=""""","=""0.000014""","=""0.00067""","=""                                                            ""","=""L7185"""
"=""3d5.(6S).5f""","=""5F*""","=""3""","=""""","=""25.697365""","=""""","=""0.000020""","=""0.00065""","=""                                                            ""","=""L7185"""
"=""3d5.(6S).5f""","=""5F*""","=""4""","=""""","=""25.698003""","=""""","=""0.000022""","=""0.00064""","=""                                                            ""","=""L7185"""
"=""3d5.(6S).5f""","=""5F*""","=""5""","=""""","=""25.698618""","=""""","=""0.000024""","=""0.00061""","=""                                                            ""","=""L7185"""
"=""3d5.(6S).5g""","=""7G""","=""4""","=""""","=""25.74422""","=""""","=""0.00004""","=""0.04560""","=""                                                            ""","=""L7185"""
"=""3d5.(6S).5g""","=""7G""","=""5""","=""""","=""25.74422""","=""""","=""0.00004""","=""0.00000""","=""                                                            ""","=""L7185"""
"=""3d5.(6S).5g""","=""7G""","=""6""","=""""","=""25.74422""","=""""","=""0.00004""","=""0.00000""","=""                                                            ""","=""L7185"""
"=""3d5.(6S).5g""","=""7G""","=""7""","=""""","=""25.74422""","=""""","=""0.00004""","=""0.00000""","=""                                                            ""","=""L7185"""
"=""3d5.(6S).5g""","=""7G""","=""3""","=""""","=""25.74423""","=""""","=""0.00004""","=""0.00001""","=""                                                            ""","=""L7185"""
"=""3d5.(6S).5g""","=""7G""","=""2""","=""""","=""25.74424""","=""""","=""0.00004""","=""0.00001""","=""                                                            ""","=""L7185"""
"=""3d5.(6S).5g""","=""5G""","=""4""","=""""","=""25.74450""","=""""","=""0.00004""","=""0.00026""","=""                                                            ""","=""L7185"""
"=""3d5.(6S).5g""","=""5G""","=""5""","=""""","=""25.74450""","=""""","=""0.00005""","=""0.00000""","=""                                                            ""","=""L7185"""
"=""3d5.(6S).5g""","=""5G""","=""6""","=""""","=""25.74450""","=""""","=""0.00004""","=""0.00000""","=""                                                            ""","=""L7185"""
"=""3d5.(6S).5g""","=""5G""","=""2""","=""""","=""25.74451""","=""""","=""0.00003""","=""0.00001""","=""                                                            ""","=""L7185"""
"=""3d5.(6S).5g""","=""5G""","=""3""","=""""","=""25.74451""","=""""","=""0.00005""","=""0.00000""","=""                                                            ""","=""L7185"""
"=""3d5.(6S).6d""","=""7D""","=""1""","=""""","=""26.08552""","=""""","=""0.00004""","=""0.34101""","=""                                                            ""","=""L7185"""
"=""3d5.(6S).6d""","=""7D""","=""2""","=""""","=""26.08580""","=""""","=""0.00004""","=""0.00028""","=""                                                            ""","=""L7185"""
"=""3d5.(6S).6d""","=""7D""","=""3""","=""""","=""26.08625""","=""""","=""0.00004""","=""0.00045""","=""                                                            ""","=""L7185"""
"=""3d5.(6S).6d""","=""7D""","=""4""","=""""","=""26.08687""","=""""","=""0.00004""","=""0.00062""","=""                                                            ""","=""L7185"""
"=""3d5.(6S).6d""","=""7D""","=""5""","=""""","=""26.08770""","=""""","=""0.00004""","=""0.00083""","=""                                                            ""","=""L7185"""
"=""3d5.(6S).7s""","=""7S""","=""3""","=""""","=""26.11298""","=""""","=""0.00004""","=""0.02528""","=""                                                            ""","=""L7185"""
"=""3d5.(2I).5p""","=""3I*""","=""7""","=""""","=""26.465423""","=""""","=""0.000016""","=""0.35244""","=""                                                            ""","=""L7185"""
"=""3d5.(2I).5p""","=""3I*""","=""6""","=""""","=""26.471362""","=""""","=""0.000015""","=""0.00594""","=""                                                            ""","=""L7185"""
"=""3d5.(2I).5p""","=""3I*""","=""5""","=""""","=""26.478471""","=""""","=""0.000015""","=""0.00711""","=""                                                            ""","=""L7185"""
"=""3d5.(2I).5p""","=""3H*""","=""6""","=""""","=""26.529469""","=""""","=""0.000015""","=""0.05100""","=""                                                            ""","=""L7185"""
"=""3d5.(2I).5p""","=""3H*""","=""5""","=""""","=""26.533923""","=""""","=""0.000015""","=""0.00445""","=""                                                            ""","=""L7185"""
"=""3d5.(2I).5p""","=""3H*""","=""4""","=""""","=""26.538518""","=""""","=""0.000015""","=""0.00459""","=""                                                            ""","=""L7185"""
"=""3d5.(4F).5p""","=""5G*""","=""2""","=""""","=""27.135276""","=""""","=""0.000017""","=""0.59676""","=""                                                            ""","=""L7185"""
"=""3d5.(4F).5p""","=""5G*""","=""3""","=""""","=""27.143031""","=""""","=""0.000015""","=""0.00775""","=""                                                            ""","=""L7185"""
"=""3d5.(4F).5p""","=""5G*""","=""4""","=""""","=""27.153118""","=""""","=""0.000015""","=""0.01009""","=""                                                            ""","=""L7185"""
"=""3d5.(4F).5p""","=""5G*""","=""5""","=""""","=""27.164071""","=""""","=""0.000015""","=""0.01095""","=""                                                            ""","=""L7185"""
"=""3d5.(4F).5p""","=""5G*""","=""6""","=""""","=""27.172694""","=""""","=""0.000015""","=""0.00862""","=""                                                            ""","=""L7185"""
"=""3d5.(4F).5p""","=""5F*""","=""5""","=""""","=""27.204088""","=""""","=""0.000015""","=""0.03139""","=""                                                            ""","=""L7185"""
"=""3d5.(4F).5p""","=""5F*""","=""4""","=""""","=""27.211075""","=""""","=""0.000015""","=""0.00699""","=""                                                            ""","=""L7185"""
"=""3d5.(4F).5p""","=""5F*""","=""3""","=""""","=""27.222746""","=""""","=""0.000015""","=""0.01167""","=""                                                            ""","=""L7185"""
"=""3d5.(4F).5p""","=""5F*""","=""2""","=""""","=""27.233840""","=""""","=""0.000015""","=""0.01109""","=""                                                            ""","=""L7185"""
"=""3d5.(4F).5p""","=""5F*""","=""1""","=""""","=""27.244689""","=""""","=""0.000016""","=""0.01085""","=""                                                            ""","=""L7185"""
"=""3d5.(6S).6g""","=""7G""","=""5""","=""""","=""27.24428""","=""""","=""0.00007""","=""-0.00041""","=""                                                            ""","=""L7185"""
"=""3d5.(6S).6g""","=""7G""","=""4""","=""""","=""27.24428""","=""""","=""0.00007""","=""0.00000""","=""                                                            ""","=""L7185"""
"=""3d5.(6S).6g""","=""7G""","=""3""","=""""","=""27.24428""","=""""","=""0.00009""","=""0.0000""","=""                                                            ""","=""L7185"""
"=""3d5.(6S).6g""","=""7G""","=""2""","=""""","=""27.24428""","=""""","=""0.00009""","=""0.0000""","=""                                                            ""","=""L7185"""
"=""3d5.(6S).6g""","=""7G""","=""7""","=""""","=""27.24428""","=""""","=""0.00006""","=""0.0000""","=""                                                            ""","=""L7185"""
"=""3d5.(6S).6g""","=""7G""","=""6""","=""""","=""27.24428""","=""""","=""0.00007""","=""0.00000""","=""                                                            ""","=""L7185"""
"=""3d5.(6S).6g""","=""7G""","=""1""","=""""","=""27.24428""","=""""","=""0.00009""","=""0.0000""","=""                                                            ""","=""L7185"""
"=""3d5.(6S).6g""","=""5G""","=""6""","=""""","=""27.244532""","=""""","=""0.000025""","=""0.00025""","=""                                                            ""","=""L7185"""
"=""3d5.(6S).6g""","=""5G""","=""5""","=""""","=""27.244539""","=""""","=""0.000024""","=""0.00001""","=""                                                            ""","=""L7185"""
"=""3d5.(6S).6g""","=""5G""","=""2""","=""""","=""27.24456""","=""""","=""0.00005""","=""0.00002""","=""                                                            ""","=""L7185"""
"=""3d5.(6S).6g""","=""5G""","=""3""","=""""","=""27.244569""","=""""","=""0.000016""","=""0.00001""","=""                                                            ""","=""L7185"""
"=""3d5.(6S).6g""","=""5G""","=""4""","=""""","=""27.244570""","=""""","=""0.000021""","=""0.00000""","=""                                                            ""","=""L7185"""
"=""3d5.(6S).6h""","=""7H*""","=""3""","=""""","=""27.24930""","=""""","=""0.00004""","=""0.00473""","=""                                                            ""","=""L7185"""
"=""3d5.(6S).6h""","=""7H*""","=""5""","=""""","=""27.24930""","=""""","=""0.00004""","=""0.00000""","=""                                                            ""","=""L7185"""
"=""3d5.(6S).6h""","=""7H*""","=""6""","=""""","=""27.24930""","=""""","=""0.00004""","=""0.00000""","=""                                                            ""","=""L7185"""
"=""3d5.(6S).6h""","=""7H*""","=""7""","=""""","=""27.24930""","=""""","=""0.00004""","=""0.00000""","=""                                                            ""","=""L7185"""
"=""3d5.(6S).6h""","=""7H*""","=""8""","=""""","=""27.24930""","=""""","=""0.00004""","=""0.00000""","=""                                                            ""","=""L7185"""
"=""3d5.(6S).6h""","=""7H*""","=""4""","=""""","=""27.24930""","=""""","=""0.00004""","=""0.00000""","=""                                                            ""","=""L7185"""
"=""3d5.(6S).6h""","=""7H*""","=""2""","=""""","=""27.24930""","=""""","=""0.00005""","=""0.00000""","=""                                                            ""","=""L7185"""
"=""3d5.(6S).6h""","=""5H*""","=""4""","=""""","=""27.24935""","=""""","=""0.00005""","=""0.00005""","=""                                                            ""","=""L7185"""
"=""3d5.(6S).6h""","=""5H*""","=""5""","=""""","=""27.24935""","=""""","=""0.00004""","=""0.00000""","=""                                                            ""","=""L7185"""
"=""3d5.(6S).6h""","=""5H*""","=""6""","=""""","=""27.24935""","=""""","=""0.00005""","=""0.00000""","=""                                                            ""","=""L7185"""
"=""3d5.(6S).6h""","=""5H*""","=""7""","=""""","=""27.24935""","=""""","=""0.00004""","=""0.00000""","=""                                                            ""","=""L7185"""
"=""3d5.(6S).6h""","=""5H*""","=""3""","=""""","=""27.24935""","=""""","=""0.00004""","=""0.00000""","=""                                                            ""","=""L7185"""
"=""3d5.(4G).5d""","=""5H""","=""7""","=""""","=""27.597772""","=""""","=""0.000014""","=""0.34842""","=""                                                            ""","=""L7185"""
"=""3d5.(4G).5d""","=""5H""","=""6""","=""""","=""27.599215""","=""""","=""0.000014""","=""0.00144""","=""                                                            ""","=""L7185"""
"=""3d5.(4G).5d""","=""5H""","=""3""","=""""","=""27.599552""","=""""","=""0.000014""","=""0.00034""","=""                                                            ""","=""L7185"""
"=""3d5.(4G).5d""","=""5H""","=""4""","=""""","=""27.599620""","=""""","=""0.000022""","=""0.00007""","=""                                                            ""","=""L7185"""
"=""3d5.(4G).5d""","=""5H""","=""5""","=""""","=""27.600284""","=""""","=""0.000014""","=""0.00066""","=""                                                            ""","=""L7185"""
"=""3d5.(4G).5d""","=""5F""","=""5""","=""""","=""27.611186""","=""""","=""0.000012""","=""0.01090""","=""                                                            ""","=""L7185"""
"=""3d5.(4G).5d""","=""5F""","=""4""","=""""","=""27.615562""","=""""","=""0.000014""","=""0.00438""","=""                                                            ""","=""L7185"""
"=""3d5.(4G).5d""","=""5F""","=""3""","=""""","=""27.617520""","=""""","=""0.000012""","=""0.00196""","=""                                                            ""","=""L7185"""
"=""3d5.(4G).5d""","=""5F""","=""2""","=""""","=""27.620495""","=""""","=""0.000012""","=""0.00297""","=""                                                            ""","=""L7185"""
"=""3d5.(4G).5d""","=""5F""","=""1""","=""""","=""27.620833""","=""""","=""0.000015""","=""0.00034""","=""                                                            ""","=""L7185"""
"=""3d5.(4G).5d""","=""5G""","=""6""","=""""","=""27.613074""","=""""","=""0.000012""","=""-0.00776""","=""                                                            ""","=""L7185"""
"=""3d5.(4G).5d""","=""5G""","=""5""","=""""","=""27.616840""","=""""","=""0.000012""","=""0.00377""","=""                                                            ""","=""L7185"""
"=""3d5.(4G).5d""","=""5G""","=""2""","=""""","=""27.618525""","=""""","=""0.000014""","=""0.00169""","=""                                                            ""","=""L7185"""
"=""3d5.(4G).5d""","=""5G""","=""4""","=""""","=""27.619471""","=""""","=""0.000014""","=""0.00095""","=""                                                            ""","=""L7185"""
"=""3d5.(4G).5d""","=""5G""","=""3""","=""""","=""27.619480""","=""""","=""0.000015""","=""0.00001""","=""                                                            ""","=""L7185"""
"=""3d5.(4G).5d""","=""5I""","=""8""","=""""","=""27.623456""","=""""","=""0.000015""","=""0.00398""","=""                                                            ""","=""L7185"""
"=""3d5.(4G).5d""","=""5I""","=""4""","=""""","=""27.626593""","=""""","=""0.000015""","=""0.00314""","=""                                                            ""","=""L7185"""
"=""3d5.(4G).5d""","=""5I""","=""7""","=""""","=""27.626744""","=""""","=""0.000014""","=""0.00015""","=""                                                            ""","=""L7185"""
"=""3d5.(4G).5d""","=""5I""","=""5""","=""""","=""27.627723""","=""""","=""0.000014""","=""0.00098""","=""                                                            ""","=""L7185"""
"=""3d5.(4G).5d""","=""5I""","=""6""","=""""","=""27.628005""","=""""","=""0.000015""","=""0.00028""","=""                                                            ""","=""L7185"""
"=""3d5.(4G).6s""","=""5G""","=""6""","=""""","=""27.682237""","=""""","=""0.000014""","=""0.05423""","=""                                                            ""","=""L7185"""
"=""3d5.(4G).6s""","=""5G""","=""5""","=""""","=""27.686862""","=""""","=""0.000012""","=""0.00463""","=""                                                            ""","=""L7185"""
"=""3d5.(4G).6s""","=""5G""","=""4""","=""""","=""27.689008""","=""""","=""0.000019""","=""0.00215""","=""                                                            ""","=""L7185"""
"=""3d5.(4G).6s""","=""5G""","=""2""","=""""","=""27.689148""","=""""","=""0.000016""","=""0.00014""","=""                                                            ""","=""L7185"""
"=""3d5.(4G).6s""","=""5G""","=""3""","=""""","=""27.689491""","=""""","=""0.000016""","=""0.00034""","=""                                                            ""","=""L7185"""
"=""3d5.(4G).6s""","=""3G""","=""5""","=""""","=""27.777287""","=""""","=""0.000014""","=""0.08780""","=""                                                            ""","=""L7185"""
"=""3d5.(4G).6s""","=""3G""","=""3""","=""""","=""27.778875""","=""""","=""0.000015""","=""0.00159""","=""                                                            ""","=""L7185"""
"=""3d5.(4G).6s""","=""3G""","=""4""","=""""","=""27.779759""","=""""","=""0.000015""","=""0.00088""","=""                                                            ""","=""L7185"""
"=""3d5.(4P).6s""","=""5P""","=""3""","=""""","=""28.067797""","=""""","=""0.000014""","=""0.28804""","=""                                                            ""","=""L7185"""
"=""3d5.(4P).6s""","=""5P""","=""2""","=""""","=""28.075971""","=""""","=""0.000021""","=""0.00817""","=""                                                            ""","=""L7185"""
"=""3d5.(4P).6s""","=""5P""","=""1""","=""""","=""28.083252""","=""""","=""0.000014""","=""0.00728""","=""                                                            ""","=""L7185"""
"=""3d5.(4D).6s""","=""5D""","=""4""","=""""","=""28.444679""","=""""","=""0.000014""","=""0.36143""","=""                                                            ""","=""L7185"""
"=""3d5.(4D).6s""","=""5D""","=""3""","=""""","=""28.455576""","=""""","=""0.000014""","=""0.01090""","=""                                                            ""","=""L7185"""
"=""3d5.(4D).6s""","=""5D""","=""1""","=""""","=""28.458193""","=""""","=""0.000014""","=""0.00262""","=""                                                            ""","=""L7185"""
"=""3d5.(4D).6s""","=""5D""","=""2""","=""""","=""28.463112""","=""""","=""0.000014""","=""0.00492""","=""                                                            ""","=""L7185"""
"=""3d5.(4D).6s""","=""3D""","=""3""","=""""","=""28.540302""","=""""","=""0.000014""","=""0.07719""","=""                                                            ""","=""L7185"""
"=""3d5.(4D).6s""","=""3D""","=""1""","=""""","=""28.547162""","=""""","=""0.000016""","=""0.00686""","=""                                                            ""","=""L7185"""
"=""3d5.(4D).6s""","=""3D""","=""2""","=""""","=""28.548272""","=""""","=""0.000014""","=""0.00111""","=""                                                            ""","=""L7185"""
"=""Fe IV (3d5 6S<5/2>)""","=""Limit""","=""---""","=""""","=""30.651""","=""""","=""0.012""","=""""","=""                                                            ""","=""L7185,L1171"""
