Configuration,Term,J,Prefix,Level (eV),Suffix,Uncertainty (eV),Splitting,Lande,Leading percentages,Reference
"=""4f7.(8S*).5d.6s2""","=""9D*""","=""2""","=""""","=""0.0000000""","=""""","=""0""","=""""","=""2.6514""","=""  95                                                                           ""","=""L3974"""
"=""4f7.(8S*).5d.6s2""","=""9D*""","=""3""","=""""","=""0.0266720""","=""""","=""""","=""0.0266720""","=""2.0708""","=""  94                                                                           ""","="""""
"=""4f7.(8S*).5d.6s2""","=""9D*""","=""4""","=""""","=""0.0660807""","=""""","=""""","=""0.039409""","=""1.8392""","=""  93                                                                           ""","="""""
"=""4f7.(8S*).5d.6s2""","=""9D*""","=""5""","=""""","=""0.1238752""","=""""","=""""","=""0.057794""","=""1.720""","=""  92                                                                           ""","="""""
"=""4f7.(8S*).5d.6s2""","=""9D*""","=""6""","=""""","=""0.2131396""","=""""","=""""","=""0.089264""","=""1.660""","=""  95                                                                           ""","="""""
"=""4f7.(8S*).5d2.(3F) (10F*).6s""","=""11F*""","=""2""","=""""","=""0.7907893""","=""""","=""""","=""0.577650""","=""2.980""","=""  98                                                                           ""","="""""
"=""4f7.(8S*).5d2.(3F) (10F*).6s""","=""11F*""","=""3""","=""""","=""0.8121455""","=""""","=""""","=""0.021356""","=""2.237""","=""  98                                                                           ""","="""""
"=""4f7.(8S*).5d2.(3F) (10F*).6s""","=""11F*""","=""4""","=""""","=""0.8413796""","=""""","=""""","=""0.029234""","=""1.935""","=""  98                                                                           ""","="""""
"=""4f7.(8S*).5d2.(3F) (10F*).6s""","=""11F*""","=""5""","=""""","=""0.8807118""","=""""","=""""","=""0.039332""","=""1.781""","=""  98                                                                           ""","="""""
"=""4f7.(8S*).5d2.(3F) (10F*).6s""","=""11F*""","=""6""","=""""","=""0.9274450""","=""""","=""""","=""0.046733""","=""1.72""","=""  98                                                                           ""","="""""
"=""4f7.(8S*).5d2.(3F) (10F*).6s""","=""11F*""","=""7""","=""""","=""0.9853389""","=""""","=""""","=""0.057894""","=""1.695""","=""  98                                                                           ""","="""""
"=""4f7.(8S*).5d2.(3F) (10F*).6s""","=""11F*""","=""8""","=""""","=""1.0536715""","=""""","=""""","=""0.068333""","=""1.62""","=""  99                                                                           ""","="""""
"=""4f7.(8S*).5d.6s2""","=""7D*""","=""5""","=""""","=""0.8649768""","=""""","=""""","=""-0.188695""","=""1.600""","=""  90                                                                           ""","="""""
"=""4f7.(8S*).5d.6s2""","=""7D*""","=""4""","=""""","=""0.8970145""","=""""","=""""","=""0.032038""","=""1.65""","=""  90                                                                           ""","="""""
"=""4f7.(8S*).5d.6s2""","=""7D*""","=""3""","=""""","=""0.9207947""","=""""","=""""","=""0.023780""","=""1.744""","=""  90                                                                           ""","="""""
"=""4f7.(8S*).5d.6s2""","=""7D*""","=""2""","=""""","=""0.9376252""","=""""","=""""","=""0.016831""","=""1.995:""","=""  91                                                                           ""","="""""
"=""4f7.(8S*).5d.6s2""","=""7D*""","=""1""","=""""","=""0.9489660""","=""""","=""""","=""0.011341""","=""2.979:""","=""  91                                                                           ""","="""""
"=""4f7.(8S*).5d2.(3F) (10F*).6s""","=""9F*""","=""1""","=""""","=""1.2673954""","=""""","=""""","=""0.318429""","=""3.466""","=""  79                                                                           ""","="""""
"=""4f7.(8S*).5d2.(3F) (10F*).6s""","=""9F*""","=""2""","=""""","=""1.2844645""","=""""","=""""","=""0.017069""","=""2.144""","=""  78                                                                           ""","="""""
"=""4f7.(8S*).5d2.(3F) (10F*).6s""","=""9F*""","=""3""","=""""","=""1.3113077""","=""""","=""""","=""0.026843""","=""1.814""","=""  77                                                                           ""","="""""
"=""4f7.(8S*).5d2.(3F) (10F*).6s""","=""9F*""","=""4""","=""""","=""1.3493826""","=""""","=""""","=""0.038075""","=""1.684""","=""  75                                                                           ""","="""""
"=""4f7.(8S*).5d2.(3F) (10F*).6s""","=""9F*""","=""5""","=""""","=""1.4005832""","=""""","=""""","=""0.051201""","=""1.619""","=""  74                                                                           ""","="""""
"=""4f7.(8S*).5d2.(3F) (10F*).6s""","=""9F*""","=""6""","=""""","=""1.4667818""","=""""","=""""","=""0.066199""","=""1.58""","=""  70                                                                           ""","="""""
"=""4f7.(8S*).5d2.(3F) (10F*).6s""","=""9F*""","=""7""","=""""","=""1.5481345""","=""""","=""""","=""0.081353""","=""1.56""","=""  70                                                                           ""","="""""
"=""4f8.6s2""","=""7F""","=""6""","=""""","=""1.3572811""","=""""","=""""","=""-0.190853""","=""1.48""","=""                                                                               ""","="""""
"=""4f8.6s2""","=""7F""","=""5""","=""""","=""1.5522818""","=""""","=""""","=""0.195001""","=""1.49""","=""                                                                               ""","="""""
"=""4f8.6s2""","=""7F""","=""4""","=""""","=""1.6745369""","=""""","=""""","=""0.122255""","=""1.50""","=""                                                                               ""","="""""
"=""4f8.6s2""","=""7F""","=""3""","=""""","=""1.7672643""","=""""","=""""","=""0.092727""","=""1.51""","=""                                                                               ""","="""""
"=""4f8.6s2""","=""7F""","=""2""","=""""","=""1.8322354""","=""""","=""""","=""0.064971""","=""1.51""","=""                                                                               ""","="""""
"=""4f8.6s2""","=""7F""","=""1""","=""""","=""1.8747923""","=""""","=""""","=""0.042557""","=""1.49""","=""                                                                               ""","="""""
"=""4f8.6s2""","=""7F""","=""0""","=""""","=""1.8955987""","=""""","=""""","=""0.020806""","=""""","=""                                                                               ""","="""""
"=""4f7.(8S*).5d2.(3P) (10P*).6s""","=""11P*""","=""4""","=""""","=""1.4488290""","=""""","=""""","=""-0.446770""","=""2.19""","=""  98                                                                           ""","="""""
"=""4f7.(8S*).5d2.(3P) (10P*).6s""","=""11P*""","=""5""","=""""","=""1.4948978""","=""""","=""""","=""0.046069""","=""1.96""","=""  98                                                                           ""","="""""
"=""4f7.(8S*).5d2.(3P) (10P*).6s""","=""11P*""","=""6""","=""""","=""1.5307047""","=""""","=""""","=""0.035807""","=""1.82""","=""  94                                                                           ""","="""""
"=""4f7.(8S*).6s2.6p""","=""9P""","=""3""","=""""","=""1.6655852""","=""""","=""""","=""0.134880""","=""2.22""","=""  70                                                                           ""","="""""
"=""4f7.(8S*).6s2.6p""","=""9P""","=""4""","=""""","=""1.7266425""","=""""","=""""","=""0.061057""","=""1.89""","=""  57                                                                           ""","="""""
"=""4f7.(8S*).6s2.6p""","=""9P""","=""5""","=""""","=""1.9422650""","=""""","=""""","=""0.215622""","=""1.80""","=""  69                                                                           ""","="""""
"=""4f7.(8S*).5d (9D*).6s.6p.(3P*)""","=""11F""","=""2""","=""""","=""1.7402454""","=""""","=""""","=""-0.202020""","=""2.96""","=""  92                                                                           ""","="""""
"=""4f7.(8S*).5d (9D*).6s.6p.(3P*)""","=""11F""","=""3""","=""""","=""1.7727646""","=""""","=""""","=""0.032519""","=""2.22""","=""  90                                                                           ""","="""""
"=""4f7.(8S*).5d (9D*).6s.6p.(3P*)""","=""11F""","=""4""","=""""","=""1.8187426""","=""""","=""""","=""0.045978""","=""1.92""","=""  88                                                                           ""","="""""
"=""4f7.(8S*).5d (9D*).6s.6p.(3P*)""","=""11F""","=""5""","=""""","=""1.8813362""","=""""","=""""","=""0.062594""","=""1.78""","=""  86                                                                           ""","="""""
"=""4f7.(8S*).5d (9D*).6s.6p.(3P*)""","=""11F""","=""6""","=""""","=""1.9654279""","=""""","=""""","=""0.084092""","=""1.70""","=""  85                                                                           ""","="""""
"=""4f7.(8S*).5d (9D*).6s.6p.(3P*)""","=""11F""","=""7""","=""""","=""2.0798379""","=""""","=""""","=""0.114410""","=""1.63""","=""  89                                                                           ""","="""""
"=""4f7.(8S*).5d (9D*).6s.6p.(3P*)""","=""11F""","=""8""","=""""","=""2.2205501""","=""""","=""""","=""0.140712""","=""1.62""","=""  99                                                                           ""","="""""
"=""4f7.(8S*).5d2.(3P) (10P*).6s""","=""9P*""","=""3""","=""""","=""1.8812915""","=""""","=""""","=""-0.339259""","=""2.23""","=""  83                                                                           ""","="""""
"=""4f7.(8S*).5d2.(3P) (10P*).6s""","=""9P*""","=""4""","=""""","=""1.9241331""","=""""","=""""","=""0.042842""","=""1.92""","=""  71                                                                           ""","="""""
"=""4f7.(8S*).5d2.(3P) (10P*).6s""","=""9P*""","=""5""","=""""","=""1.9491202""","=""""","=""""","=""0.024987""","=""1.75""","=""  51                                                                           ""","="""""
"=""4f7.(8S*).5d2.(3F) (8F*).6s""","=""9F*""","=""2""","=""""","=""1.9521096""","=""""","=""""","=""0.002989""","=""2.08:""","=""  74                                                                           ""","="""""
"=""4f7.(8S*).5d2.(3F) (8F*).6s""","=""9F*""","=""3""","=""""","=""1.9537773""","=""""","=""""","=""0.001668""","=""1.81:""","=""  68                                                                           ""","="""""
"=""4f7.(8S*).5d2.(3F) (8F*).6s""","=""9F*""","=""1""","=""""","=""1.9538237""","=""""","=""""","=""0.000046""","=""3.33:""","=""  79                                                                           ""","="""""
"=""4f7.(8S*).5d2.(3F) (8F*).6s""","=""9F*""","=""4""","=""""","=""1.9631406""","=""""","=""""","=""0.009317""","=""1.71""","=""  59                                                                           ""","="""""
"=""4f7.(8S*).5d2.(3F) (8F*).6s""","=""9F*""","=""5""","=""""","=""1.9824408""","=""""","=""""","=""0.019300""","=""1.65""","=""  46                                                                           ""","="""""
"=""4f7.(8S*).5d2.(3F) (8F*).6s""","=""9F*""","=""6""","=""""","=""2.0121175""","=""""","=""""","=""0.029677""","=""1.60""","=""  57                                                                           ""","="""""
"=""4f7.(8S*).5d2.(3F) (8F*).6s""","=""9F*""","=""7""","=""""","=""2.0778437""","=""""","=""""","=""0.065726""","=""1.57""","=""  68                                                                           ""","="""""
"=""4f7.(8S*).5d2.(3F) (8F*).6s""","=""7F*""","=""0""","=""""","=""1.9803091""","=""""","=""""","=""-0.097535""","=""""","=""  87                                                                           ""","="""""
"=""4f7.(8S*).5d2.(3F) (8F*).6s""","=""7F*""","=""1""","=""""","=""1.9853446""","=""""","=""""","=""0.005035""","=""1.64:""","=""  82                                                                           ""","="""""
"=""4f7.(8S*).5d2.(3F) (8F*).6s""","=""7F*""","=""2""","=""""","=""1.9934238""","=""""","=""""","=""0.008079""","=""1.57:""","=""  76                                                                           ""","="""""
"=""4f7.(8S*).5d2.(3F) (8F*).6s""","=""7F*""","=""3""","=""""","=""2.0043277""","=""""","=""""","=""0.010904""","=""1.54""","=""  71                                                                           ""","="""""
"=""4f7.(8S*).5d2.(3F) (8F*).6s""","=""7F*""","=""4""","=""""","=""2.0205230""","=""""","=""""","=""0.016195""","=""1.55""","=""  68                                                                           ""","="""""
"=""4f7.(8S*).5d2.(3F) (8F*).6s""","=""7F*""","=""5""","=""""","=""2.0500186""","=""""","=""""","=""0.029496""","=""1.53""","=""  62                                                                           ""","="""""
"=""4f7.(8S*).5d2.(3F) (8F*).6s""","=""7F*""","=""6""","=""""","=""2.1097089""","=""""","=""""","=""0.059690""","=""1.52""","=""  76                                                                           ""","="""""
"=""4f7.(8S*).5d (9D*).6s.6p.(3P*)""","=""11D""","=""3""","=""""","=""1.9913441""","=""""","=""""","=""-0.118365""","=""2.42""","=""  86                                                                           ""","="""""
"=""4f7.(8S*).5d (9D*).6s.6p.(3P*)""","=""11D""","=""4""","=""""","=""2.0080480""","=""""","=""""","=""0.016704""","=""1.97""","=""  56                                                                           ""","="""""
"=""4f7.(8S*).5d (9D*).6s.6p.(3P*)""","=""11D""","=""5""","=""""","=""2.0935648""","=""""","=""""","=""0.085517""","=""1.88""","=""  83                                                                           ""","="""""
"=""4f7.(8S*).5d (9D*).6s.6p.(3P*)""","=""11D""","=""6""","=""""","=""2.1472751""","=""""","=""""","=""0.053710""","=""1.77""","=""  87                                                                           ""","="""""
"=""4f7.(8S*).5d (9D*).6s.6p.(3P*)""","=""11D""","=""7""","=""""","=""2.2335013""","=""""","=""""","=""0.086226""","=""1.70""","=""  88                                                                           ""","="""""
"=""4f7.(8S*).5d (9D*).6s.6p.(3P*)""","=""""","=""4""","=""""","=""2.0859832""","=""""","=""""","=""-0.147518""","=""1.90""","=""  34  11D        :    33  4f7.(8S*).6s2.6p               7P                    ""","="""""
"=""4f7.(8S*).6s2.6p""","=""7P""","=""3""","=""""","=""2.0978622""","=""""","=""""","=""0.011879""","=""1.994:""","=""  61             :    10  4f7.(8S*)5d (9D*).6s.6p.(3P*)  7P                    ""","="""""
"=""4f7.(8S*).6s2.6p""","=""7P""","=""2""","=""""","=""2.0982315""","=""""","=""""","=""0.000369""","=""2.354:""","=""  60             :    15  4f7.(8S*)5d (9D*).6s.6p.(3P*)  7P                    ""","="""""
"=""4f7.(8S*).5d (9D*).6s.6p.(3P*)""","=""9F""","=""1""","=""""","=""2.1359959""","=""""","=""""","=""0.037764""","=""3.33""","=""  67                                                                           ""","="""""
"=""4f7.(8S*).5d (9D*).6s.6p.(3P*)""","=""9F""","=""2""","=""""","=""2.1549479""","=""""","=""""","=""0.018952""","=""2.105""","=""  63                                                                           ""","="""""
"=""4f7.(8S*).5d (9D*).6s.6p.(3P*)""","=""9F""","=""3""","=""""","=""2.1843247""","=""""","=""""","=""0.029377""","=""1.79""","=""  60                                                                           ""","="""""
"=""4f7.(8S*).5d (9D*).6s.6p.(3P*)""","=""9F""","=""4""","=""""","=""2.2284438""","=""""","=""""","=""0.044119""","=""1.69""","=""  38             :    24                                 (8S*)(9D*)(3P*) 9D    ""","="""""
"=""4f7.(8S*).5d (9D*).6s.6p.(3P*)""","=""9F""","=""5""","=""""","=""2.2948481""","=""""","=""""","=""0.066404""","=""1.61""","=""  53             :    17                                 (8S*)(9D*)(3P*) 7D    ""","="""""
"=""4f7.(8S*).5d (9D*).6s.6p.(3P*)""","=""9F""","=""6""","=""""","=""2.4152132""","=""""","=""""","=""0.120365""","=""1.59""","=""  72                                                                           ""","="""""
"=""4f7.(8S*).5d (9D*).6s.6p.(3P*)""","=""9F""","=""7""","=""""","=""2.5335074""","=""""","=""""","=""0.118294""","=""1.57""","=""  81                                                                           ""","="""""
"=""4f7.(8S*).5d2.(1D) (8D*).6s""","=""9D*""","=""2""","=""""","=""2.1489217""","=""""","=""""","=""-0.384586""","=""2.64:""","=""  89                                                                           ""","="""""
"=""4f7.(8S*).5d2.(1D) (8D*).6s""","=""9D*""","=""3""","=""""","=""2.1526382""","=""""","=""""","=""0.003717""","=""2.07:""","=""  78                                                                           ""","="""""
"=""4f7.(8S*).5d2.(1D) (8D*).6s""","=""9D*""","=""4""","=""""","=""2.1622531""","=""""","=""""","=""0.009615""","=""1.83""","=""  69                                                                           ""","="""""
"=""4f7.(8S*).5d2.(1D) (8D*).6s""","=""9D*""","=""5""","=""""","=""2.1822233""","=""""","=""""","=""0.019970""","=""1.71""","=""  67                                                                           ""","="""""
"=""4f7.(8S*).5d2.(1D) (8D*).6s""","=""9D*""","=""6""","=""""","=""2.2201524""","=""""","=""""","=""0.037929""","=""1.63""","=""  75                                                                           ""","="""""
"=""4f7.(8S*).5d (9D*).6s.6p.(3P*)""","=""9D""","=""2""","=""""","=""2.2007168""","=""""","=""""","=""-0.019436""","=""2.606""","=""  73                                                                           ""","="""""
"=""4f7.(8S*).5d (9D*).6s.6p.(3P*)""","=""9D""","=""3""","=""""","=""2.2063319""","=""""","=""""","=""0.005615""","=""2.076""","=""  83                                                                           ""","="""""
"=""4f7.(8S*).5d (9D*).6s.6p.(3P*)""","=""9D""","=""4""","=""""","=""2.2231007""","=""""","=""""","=""0.016769""","=""1.83""","=""  50             :    18                                 (8S*)(9D*)(3P*) 9F    ""","="""""
"=""4f7.(8S*).5d (9D*).6s.6p.(3P*)""","=""9D""","=""6""","=""""","=""2.2404263""","=""""","=""""","=""0.017326""","=""1.71:""","=""  46             :    32                                 (8S*)(9D*)(3P*) 11P   ""","="""""
"=""4f7.(8S*).5d (9D*).6s.6p.(3P*)""","=""9D""","=""5""","=""""","=""2.2420859""","=""""","=""""","=""0.001660""","=""1.75:""","=""  56             :    21                                 (8S*)(9D*)(3P*) 11P   ""","="""""
"=""4f7.(8S*).5d2.(1D) (8D*).6s""","=""7D*""","=""3""","=""""","=""2.3548532""","=""""","=""""","=""0.112767""","=""1.73""","=""  72                                                                           ""","="""""
"=""4f7.(8S*).5d2.(1D) (8D*).6s""","=""7D*""","=""2""","=""""","=""2.3574448""","=""""","=""""","=""0.002592""","=""2.00""","=""  80                                                                           ""","="""""
"=""4f7.(8S*).5d2.(1D) (8D*).6s""","=""7D*""","=""4""","=""""","=""2.3585192""","=""""","=""""","=""0.001074""","=""1.63""","=""  65                                                                           ""","="""""
"=""4f7.(8S*).5d2.(1D) (8D*).6s""","=""7D*""","=""1""","=""""","=""2.3634143""","=""""","=""""","=""0.004895""","=""2.96""","=""  89                                                                           ""","="""""
"=""4f7.(8S*).5d2.(1D) (8D*).6s""","=""7D*""","=""5""","=""""","=""2.3663358""","=""""","=""""","=""0.002921""","=""1.58""","=""  40                                                                           ""","="""""
"=""4f7.(8S*).5d (9D*).6s.6p.(3P*)""","=""11P""","=""4""","=""""","=""2.3761291""","=""""","=""""","=""0.009793""","=""2.17""","=""  86                                                                           ""","="""""
"=""4f7.(8S*).5d (9D*).6s.6p.(3P*)""","=""11P""","=""5""","=""""","=""2.4208378""","=""""","=""""","=""0.044709""","=""1.905""","=""  71                                                                           ""","="""""
"=""4f7.(8S*).5d (9D*).6s.6p.(3P*)""","=""11P""","=""6""","=""""","=""2.4995393""","=""""","=""""","=""0.078701""","=""1.78""","=""  59             :    35                                 (8S*)(9D*)(3P*) 9D    ""","="""""
"=""4f7.(8S*).5d (9D*).6s.6p.(3P*)""","=""7D""","=""1""","=""""","=""2.3910954""","=""""","=""""","=""-0.108444""","=""3.111:""","=""  71                                                                           ""","="""""
"=""4f7.(8S*).5d (9D*).6s.6p.(3P*)""","=""7D""","=""2""","=""""","=""2.3966919""","=""""","=""""","=""0.005596""","=""2.039:""","=""  67                                                                           ""","="""""
"=""4f7.(8S*).5d (9D*).6s.6p.(3P*)""","=""7D""","=""3""","=""""","=""2.4052735""","=""""","=""""","=""0.008582""","=""1.775:""","=""  62                                                                           ""","="""""
"=""4f7.(8S*).5d (9D*).6s.6p.(3P*)""","=""7D""","=""4""","=""""","=""2.4186009""","=""""","=""""","=""0.013327""","=""1.665""","=""  58             :    23                                 (8S*)(9D*)(3P*) 9F    ""","="""""
"=""4f7.(8S*).5d (9D*).6s.6p.(3P*)""","=""7D""","=""5""","=""""","=""2.4425638""","=""""","=""""","=""0.023963""","=""1.64""","=""  56             :    21                                 (8S*)(9D*)(3P*) 9F    ""","="""""
"=""4f7.(8S*).5d2.(1G) (8G*).6s""","=""9G*""","=""0""","=""""","=""2.4005573""","=""""","=""""","=""-0.042006""","=""""","=""  94                                                                           ""","="""""
"=""4f7.(8S*).5d2.(1G) (8G*).6s""","=""9G*""","=""1""","=""""","=""2.4022653""","=""""","=""""","=""0.001708""","=""1.49""","=""  93                                                                           ""","="""""
"=""4f7.(8S*).5d2.(1G) (8G*).6s""","=""9G*""","=""2""","=""""","=""2.4056783""","=""""","=""""","=""0.003413""","=""1.50""","=""  93                                                                           ""","="""""
"=""4f7.(8S*).5d2.(1G) (8G*).6s""","=""9G*""","=""3""","=""""","=""2.4109415""","=""""","=""""","=""0.005263""","=""1.50:""","=""  85                                                                           ""","="""""
"=""4f7.(8S*).5d2.(1G) (8G*).6s""","=""9G*""","=""4""","=""""","=""2.4186829""","=""""","=""""","=""0.007741""","=""1.51""","=""  86                                                                           ""","="""""
"=""4f7.(8S*).5d2.(1G) (8G*).6s""","=""9G*""","=""5""","=""""","=""2.4291585""","=""""","=""""","=""0.010476""","=""1.51""","=""  90                                                                           ""","="""""
"=""4f7.(8S*).5d2.(1G) (8G*).6s""","=""9G*""","=""6""","=""""","=""2.4402731""","=""""","=""""","=""0.011115""","=""1.50""","=""  92                                                                           ""","="""""
"=""4f7.(8S*).5d2.(1G) (8G*).6s""","=""9G*""","=""7""","=""""","=""2.4526002""","=""""","=""""","=""0.012327""","=""1.51""","=""  94                                                                           ""","="""""
"=""4f7.(8S*).5d2.(1G) (8G*).6s""","=""9G*""","=""8""","=""""","=""2.4611027""","=""""","=""""","=""0.008503""","=""1.50""","=""  96                                                                           ""","="""""
"=""4f7.(8S*).5d2.(3P) (8P*).6s""","=""9P*""","=""3""","=""""","=""2.4268697""","=""""","=""""","=""-0.034233""","=""2.22""","=""  71                                                                           ""","="""""
"=""4f7.(8S*).5d2.(3P) (8P*).6s""","=""9P*""","=""4""","=""""","=""2.4448097""","=""""","=""""","=""0.017940""","=""1.92""","=""  66                                                                           ""","="""""
"=""4f7.(8S*).5d2.(3P) (8P*).6s""","=""9P*""","=""5""","=""""","=""2.4770524""","=""""","=""""","=""0.032243""","=""1.76""","=""  63                                                                           ""","="""""
"=""4f7.(8S*).5d2.(3F) (6F*).6s""","=""5F*""","=""3""","=""""","=""2.5168631""","=""""","=""""","=""0.039811""","=""1.25:""","=""  65                                                                           ""","="""""
"=""4f7.(8S*).5d2.(3F) (6F*).6s""","=""5F*""","=""2""","=""""","=""2.5173504""","=""""","=""""","=""0.000487""","=""0.93:""","=""  56                                                                           ""","="""""
"=""4f7.(8S*).5d2.(3F) (6F*).6s""","=""5F*""","=""1""","=""""","=""2.5177399""","=""""","=""""","=""0.000389""","=""0.03:""","=""  50                                                                           ""","="""""
"=""4f7.(8S*).5d2.(3F) (6F*).6s""","=""5F*""","=""4""","=""""","=""2.5199444""","=""""","=""""","=""0.002204""","=""1.37""","=""  73                                                                           ""","="""""
"=""4f7.(8S*).5d2.(3F) (6F*).6s""","=""5F*""","=""5""","=""""","=""2.5526229""","=""""","=""""","=""0.032678""","=""1.49""","=""  39                                                                           ""","="""""
"=""4f7.(8S*).5d2.(3P) (8P*).6s""","=""7P*""","=""2""","=""""","=""2.5498119""","=""""","=""""","=""-0.002811""","=""2.27""","=""  79                                                                           ""","="""""
"=""4f7.(8S*).5d2.(3P) (8P*).6s""","=""7P*""","=""3""","=""""","=""2.5738715""","=""""","=""""","=""0.024060""","=""1.86""","=""  68                                                                           ""","="""""
"=""4f7.(8S*).5d2.(3P) (8P*).6s""","=""7P*""","=""4""","=""""","=""2.6226192""","=""""","=""""","=""0.048748""","=""1.72""","=""  66                                                                           ""","="""""
"=""4f7.(8S*).5d (9D*).6s.6p.(3P*)""","=""7F""","=""0""","=""""","=""2.6467436""","=""""","=""""","=""0.024124""","=""""","=""  79                                                                           ""","="""""
"=""4f7.(8S*).5d (9D*).6s.6p.(3P*)""","=""7F""","=""1""","=""""","=""2.6509699""","=""""","=""""","=""0.004226""","=""1.50""","=""  77                                                                           ""","="""""
"=""4f7.(8S*).5d (9D*).6s.6p.(3P*)""","=""7F""","=""2""","=""""","=""2.6594814""","=""""","=""""","=""0.008512""","=""1.49""","=""  73                                                                           ""","="""""
"=""4f7.(8S*).5d (9D*).6s.6p.(3P*)""","=""7F""","=""3""","=""""","=""2.6710109""","=""""","=""""","=""0.011529""","=""1.560""","=""  60                                                                           ""","="""""
"=""4f7.(8S*).5d (9D*).6s.6p.(3P*)""","=""7F""","=""4""","=""""","=""2.6873240""","=""""","=""""","=""0.016313""","=""1.561""","=""  39             :    27                                 (8S*)(9D*)(3P*) 9P    ""","="""""
"=""4f7.(8S*).5d (9D*).6s.6p.(3P*)""","=""7F""","=""5""","=""""","=""2.7159176""","=""""","=""""","=""0.028594""","=""1.57""","=""  48             :    11                                 (8S*)(9D*)(3P*) 9P    ""","="""""
"=""4f7.(8S*).5d (9D*).6s.6p.(3P*)""","=""7F""","=""6""","=""""","=""2.7838007""","=""""","=""""","=""0.067883""","=""1.54""","=""  62                                                                           ""","="""""
"=""4f7.(8S*).5d2.(1G) (8G*).6s""","=""7G*""","=""6""","=""""","=""2.6519603""","=""""","=""""","=""-0.131840""","=""1.42""","=""  94                                                                           ""","="""""
"=""4f7.(8S*).5d2.(1G) (8G*).6s""","=""7G*""","=""5""","=""""","=""2.6581859""","=""""","=""""","=""0.006226""","=""1.36""","=""  90                                                                           ""","="""""
"=""4f7.(8S*).5d2.(1G) (8G*).6s""","=""7G*""","=""7""","=""""","=""2.6675141""","=""""","=""""","=""0.009328""","=""1.43""","=""  97                                                                           ""","="""""
"=""4f7.(8S*).5d2.(1G) (8G*).6s""","=""7G*""","=""4""","=""""","=""2.6711999""","=""""","=""""","=""0.003686""","=""1.34""","=""  72                                                                           ""","="""""
"=""4f7.(8S*).5d2.(1G) (8G*).6s""","=""7G*""","=""3""","=""""","=""2.6840019""","=""""","=""""","=""0.012802""","=""1.21""","=""  66                                                                           ""","="""""
"=""4f7.(8S*).5d2.(1G) (8G*).6s""","=""7G*""","=""2""","=""""","=""2.6961170""","=""""","=""""","=""0.012115""","=""0.90""","=""  55                                                                           ""","="""""
"=""4f7.(8S*).5d2.(1G) (8G*).6s""","=""7G*""","=""1""","=""""","=""2.7047953""","=""""","=""""","=""0.008678""","=""-0.36""","=""  50                                                                           ""","="""""
"=""4f7.(8S*).5d (9D*).6s.6p.(3P*)""","=""9P""","=""3""","=""""","=""2.7099815""","=""""","=""""","=""0.005186""","=""2.169""","=""  71                                                                           ""","="""""
"=""4f7.(8S*).5d (9D*).6s.6p.(3P*)""","=""9P""","=""4""","=""""","=""2.7556154""","=""""","=""""","=""0.045634""","=""1.855""","=""  45             :    22                                 (8S*)(9D*)(3P*) 7F    ""","="""""
"=""4f7.(8S*).5d (9D*).6s.6p.(3P*)""","=""9P""","=""5""","=""""","=""2.8167120""","=""""","=""""","=""0.061097""","=""1.70""","=""  43             :    13                                 (8S*)(7D*)(3P*) 9D    ""","="""""
"=""4f7.(8S*).5d (9D*).6s.6p.(1P*)""","=""""","=""2""","=""""","=""2.7691261""","=""""","=""""","=""-0.047586""","=""2.631""","=""  33  9D         :    29                                 (8S*)(7D*)(3P*) 9D    ""","="""""
"=""4f7.(8S*).5d3.(4F)""","=""11F*""","=""2""","=""""","=""2.7808609""","=""""","=""""","=""0.011735""","=""""","=""  98                                                                           ""","="""""
"=""4f7.(8S*).5d3.(4F)""","=""11F*""","=""3""","=""""","=""2.8023590""","=""""","=""""","=""0.021498""","=""""","=""  98                                                                           ""","="""""
"=""4f7.(8S*).5d3.(4F)""","=""11F*""","=""4""","=""""","=""2.8312288""","=""""","=""""","=""0.028870""","=""""","=""  98                                                                           ""","="""""
"=""4f7.(8S*).5d3.(4F)""","=""11F*""","=""5""","=""""","=""2.8675343""","=""""","=""""","=""0.036306""","=""""","=""  98                                                                           ""","="""""
"=""4f7.(8S*).5d3.(4F)""","=""11F*""","=""6""","=""""","=""2.9110512""","=""""","=""""","=""0.043517""","=""""","=""  98                                                                           ""","="""""
"=""4f7.(8S*).5d3.(4F)""","=""11F*""","=""7""","=""""","=""2.9611771""","=""""","=""""","=""0.050126""","=""""","=""  98                                                                           ""","="""""
"=""4f7.(8S*).5d3.(4F)""","=""11F*""","=""8""","=""""","=""3.0168722""","=""""","=""""","=""0.055695""","=""""","=""  98                                                                           ""","="""""
"=""4f7.(8S*).5d (7D*).6s.6p.(3P*)""","=""9D""","=""3""","=""""","=""2.7975576""","=""""","=""""","=""-0.219315""","=""2.077""","=""  40             :    27                                 (8S*)(9D*)(1P*) 9D    ""","="""""
"=""4f7.(8S*).5d (7D*).6s.6p.(3P*)""","=""9D""","=""4""","=""""","=""2.8294304""","=""""","=""""","=""0.031873""","=""1.849""","=""  50             :    17                                 (8S*)(9D*)(1P*) 9D    ""","="""""
"=""4f7.(8S*).5d (7D*).6s.6p.(3P*)""","=""9D""","=""5""","=""""","=""2.8759883""","=""""","=""""","=""0.046558""","=""1.74""","=""  44             :    22                                 (8S*)(9D*)(3P*) 9P    ""","="""""
"=""4f7.(8S*).5d (7D*).6s.6p.(3P*)""","=""9D""","=""6""","=""""","=""2.8800659""","=""""","=""""","=""0.004078""","=""1.65""","=""  62                                                                           ""","="""""
"=""4f7.(8S*).5d (7D*).6s.6p.(3P*)""","=""9D""","=""2""","=""""","=""3.0569096""","=""""","=""""","=""0.176844""","=""2.632""","=""  45             :    22  4f7.(8S*).5d2(3F) (10F*).6p    9D                    ""","="""""
"=""4f7.(8S*).5d2.(3F) (10F*).6p""","=""""","=""1""","=""""","=""2.8644888""","=""""","=""""","=""-0.192421""","=""3.549:""","=""  29  11G        :    25  4f7.(8S*)5d (9D*).6s.6p.(1P*)  9F                    ""","="""""
"=""4f7.(8S*).5d (9D*).6s.6p.(1P*)""","=""""","=""2""","=""""","=""2.8782966""","=""""","=""""","=""0.013808""","=""2.176:""","=""  25  9F         :    25  4f7.(8S*).5d2.(3F) (10F*)6p    11G                   ""","="""""
"=""4f7.(8S*).5d (9D*).6s.6p.(1P*)""","=""""","=""3""","=""""","=""2.8999634""","=""""","=""""","=""0.021667""","=""1.833""","=""  24  9F         :    20  4f7.(8S*).5d2.(3F) (10F*).6p   11G                   ""","="""""
"=""4f7.(8S*).5d (9D*).6s.6p.(1P*)""","=""""","=""4""","=""""","=""2.9315017""","=""""","=""""","=""0.031538""","=""1.696""","=""  23  9F         :    18  4f7.(8S*).5d2.(3F) (10F*).6p   9F                    ""","="""""
"=""4f7.(8S*).5d (9D*).6s.6p.(1P*)""","=""""","=""5""","=""""","=""2.9756099""","=""""","=""""","=""0.044108""","=""1.631""","=""  21  9F         :    18  4f7.(8S*).5d2.(3F) (10F*).6p   9F                    ""","="""""
"=""4f8.(7F).5d (8G).6s""","=""9G""","=""8""","=""""","=""""","=""""","=""""","=""""","=""""","=""                                                                               ""","="""""
"=""4f8.(7F).5d (8G).6s""","=""9G""","=""7""","=""""","=""3.0072495""","=""""","=""""","=""""","=""1.51""","=""                                                                               ""","="""""
"=""4f8.(7F).5d (8G).6s""","=""9G""","=""6""","=""""","=""3.0815401""","=""""","=""""","=""0.074291""","=""1.555""","=""                                                                               ""","="""""
"=""4f8.(7F).5d (8G).6s""","=""9G""","=""5""","=""""","=""3.1468287""","=""""","=""""","=""0.065289""","=""1.63""","=""                                                                               ""","="""""
"=""4f8.(7F).5d (8G).6s""","=""9G""","=""4""","=""""","=""3.2013613""","=""""","=""""","=""0.054533""","=""1.580""","=""                                                                               ""","="""""
"=""4f8.(7F).5d (8G).6s""","=""9G""","=""3""","=""""","=""3.2542888""","=""""","=""""","=""0.052928""","=""1.60""","=""                                                                               ""","="""""
"=""4f8.(7F).5d (8G).6s""","=""9G""","=""2""","=""""","=""3.2965338""","=""""","=""""","=""0.042245""","=""1.70""","=""                                                                               ""","="""""
"=""4f8.(7F).5d (8G).6s""","=""9G""","=""1""","=""""","=""3.3270305""","=""""","=""""","=""0.030497""","=""2.26""","=""                                                                               ""","="""""
"=""4f8.(7F).5d (8G).6s""","=""9G""","=""0""","=""""","=""3.3587090""","=""""","=""""","=""0.031679""","=""""","=""                                                                               ""","="""""
"=""4f7.(8S*).5d (9D*).6s.6p.(1P*)""","=""""","=""6""","=""""","=""3.0289867""","=""""","=""""","=""-0.329722""","=""1.580""","=""  20  9F         :    17  4f7.(8S*).5d2.(3F) (10F*).6p   9F                    ""","="""""
"=""4f7.(8S*).5d (9D*).6s.6p.(3P*)""","=""7P""","=""2""","=""""","=""3.0325280""","=""""","=""""","=""0.003541""","=""2.31""","=""  64                                                                           ""","="""""
"=""4f7.(8S*).5d (9D*).6s.6p.(3P*)""","=""7P""","=""3""","=""""","=""3.0822521""","=""""","=""""","=""0.049724""","=""1.87""","=""  70                                                                           ""","="""""
"=""4f7.(8S*).5d (9D*).6s.6p.(3P*)""","=""7P""","=""4""","=""""","=""3.2137805""","=""""","=""""","=""0.131528""","=""1.58""","=""  63                                                                           ""","="""""
"=""4f7.(8S*).5d (7D*).6s.6p.(3P*)?""","=""""","=""5""","=""""","=""3.0574906""","=""""","=""""","=""-0.156290""","=""1.51""","=""  44  5F         :    35                                 (8S*)(7D*)(3P*) 7D    ""","="""""
"=""4f7.(8S*).5d (7D*).6s.6p.(3P*)""","=""""","=""3""","=""""","=""3.0642498""","=""""","=""""","=""0.006759""","=""2.042""","=""  34  9D         :    23  4f7.(8S*).5d2.(3F) (10F*).6p   9D                    ""","="""""
"=""4f7.(8S*).5d (7D*).6s.6p.(3P*)""","=""""","=""4""","=""""","=""3.0809471""","=""""","=""""","=""0.016697""","=""1.82""","=""  22  9D         :    16                                 (8S*)(9D*)(1P*) 9D    ""","="""""
"=""4f7.(8S*).5d (7D*).6s.6p.(3P*)""","=""7D""","=""4""","=""""","=""3.0982268""","=""""","=""""","=""0.017280""","=""1.65""","=""  44             :     9                                 (8S*)(9D*)(3P*) 5P    ""","="""""
"=""4f7.(8S*).5d (7D*).6s.6p.(3P*)""","=""7D""","=""3""","=""""","=""3.1310769""","=""""","=""""","=""0.032850""","=""1.784""","=""  58             :    16  4f7.(8S*).5d2.(3F) (10F*).6p   11G                   ""","="""""
"=""4f7.(8S*).5d (7D*).6s.6p.(3P*)""","=""7D""","=""2""","=""""","=""3.1414812""","=""""","=""""","=""0.010404""","=""2.06:""","=""  65                                                                           ""","="""""
"=""4f7.(8S*).5d (7D*).6s.6p.(3P*)""","=""7D""","=""1""","=""""","=""3.1433349""","=""""","=""""","=""0.001854""","=""3.07:""","=""  73                                                                           ""","="""""
"=""4f7.(8S*).5d (7D*).6s.6p.(3P*)""","=""7D""","=""5""","=""""","=""3.1904668""","=""o""","=""""","=""0.047132""","=""1.50""","=""  43             :    31                                 (8S*)(7D*)(3P*) 5F    ""","="""""
"=""4f7.(8S*).5d (9D*).6s.6p.(1P*)""","=""""","=""5""","=""""","=""3.1050167""","=""""","=""""","=""-0.085450""","=""1.65""","=""  30  9D         :    25  4f7.(8S*).5d2.(3F) (10F*).6p   9D                    ""","="""""
"=""4f7.(8S*).5d2.(3F) (10F*).6p""","=""11G""","=""1""","=""""","=""3.1081821""","=""""","=""""","=""0.003165""","=""3.764:""","=""  66                                                                           ""","="""""
"=""4f7.(8S*).5d2.(3F) (10F*).6p""","=""11G""","=""2""","=""""","=""3.1200177""","=""""","=""""","=""0.011836""","=""2.21:""","=""  57             :    13  4f7.(8S*)5d (7D*).6s.6p.(3P*)  7D                    ""","="""""
"=""4f7.(8S*).5d2.(3F) (10F*).6p""","=""11G""","=""3""","=""""","=""3.1496034""","=""""","=""""","=""0.029586""","=""1.857""","=""  49             :    15  4f7.(8S*)5d (9D*).6s.6p.(1P*)  9F                    ""","="""""
"=""4f7.(8S*).5d2.(3F) (10F*).6p""","=""11G""","=""4""","=""""","=""3.1704833""","=""o""","=""""","=""0.020880""","=""1.70""","=""  35             :    25  4f7.(8S*)5d (7D*).6s.6p.(3P*)  5F                    ""","="""""
"=""4f7.(8S*).5d2.(3F) (10F*).6p""","=""11G""","=""5""","=""""","=""3.2161652""","=""""","=""""","=""0.045682""","=""1.64""","=""  60                                                                           ""","="""""
"=""4f7.(8S*).5d2.(3F) (10F*).6p""","=""11G""","=""6""","=""""","=""3.2653806""","=""""","=""""","=""0.049215""","=""1.61""","=""  53             :    11  4f7.(8S*)5d (9D*).6s.6p.(1P*)  9D                    ""","="""""
"=""4f7.(8S*).5d2.(3F) (10F*).6p""","=""11G""","=""7""","=""""","=""3.3315041""","=""""","=""""","=""0.066124""","=""1.57""","=""  85                                                                           ""","="""""
"=""4f7.(8S*).5d2.(3F) (10F*).6p""","=""11G""","=""8""","=""""","=""3.4140781""","=""""","=""""","=""0.082574""","=""1.56""","=""  92                                                                           ""","="""""
"=""4f7.(8S*).5d2.(3F) (10F*).6p""","=""11G""","=""9""","=""""","=""3.5252252""","=""""","=""""","=""0.111147""","=""1.54""","="" 100                                                                           ""","="""""
"=""4f7.(8S*).5d (9D*).6s.6p.(1P*)""","=""""","=""7""","=""""","=""3.1462618""","=""""","=""""","=""-0.378963""","=""1.58""","=""  32  9F         :    23  4f7.(8S*).5d2.(3F) (10F*).6p   9F                    ""","="""""
"=""4f7.(8S*).5d (7D*).6s.6p.(3P*)?""","=""""","=""4""","=""""","=""3.1766355""","=""""","=""""","=""0.030374""","=""1.57""","=""  35  5D         :    30                                 (8S*)(7D*)(3P*) 7F    ""","="""""
"=""4f8.(7F).6s.6p""","=""*""","=""6""","=""""","=""3.1811934""","=""""","=""""","=""0.004558""","=""1.58""","=""                                                                               ""","="""""
"=""4f7.(8S*).5d (7D*).6s.6p.(3P*)""","=""""","=""6""","=""""","=""3.1816007""","=""""","=""""","=""0.000407""","=""1.62""","=""  21  9D         :    21                                 (8S*)(7D*)(3P*) 7F    ""","="""""
"=""4f8.(7F).6s.6p""","=""*""","=""7""","=""""","=""3.1835286""","=""""","=""""","=""0.001928""","=""1.54""","=""                                                                               ""","="""""
"=""4f8.(7F).5d (8D).6s""","=""9D""","=""6""","=""""","=""3.2006930""","=""""","=""""","=""0.017164""","=""1.55""","=""                                                                               ""","="""""
"=""4f8.(7F).5d (8D).6s""","=""9D""","=""5""","=""""","=""3.2652058""","=""""","=""""","=""0.064513""","=""1.58""","=""                                                                               ""","="""""
"=""4f8.(7F).5d (8D).6s""","=""9D""","=""4""","=""""","=""3.4349779""","=""""","=""""","=""0.169772""","=""1.73""","=""                                                                               ""","="""""
"=""4f8.(7F).5d (8D).6s""","=""9D""","=""3""","=""""","=""3.4982315""","=""""","=""""","=""0.063254""","=""1.96""","=""                                                                               ""","="""""
"=""4f8.(7F).5d (8D).6s""","=""9D""","=""2""","=""""","=""3.5689137""","=""""","=""""","=""0.070682""","=""2.31""","=""                                                                               ""","="""""
"=""4f7.(8S*).5d (7D*).6s.6p.(3P*)""","=""7F""","=""3""","=""""","=""3.2361841""","=""""","=""""","=""-0.332730""","=""1.38""","=""  41             :    29                                 (8S*)(7D*)(3P*) 5D    ""","="""""
"=""4f7.(8S*).5d (7D*).6s.6p.(3P*)""","=""7F""","=""6""","=""""","=""3.2940450""","=""""","=""""","=""0.057861""","=""1.55""","=""  30             :    19  4f7.(8S*).5d2.(3F) (10F*).6p   11G                   ""","="""""
"=""4f7.(8S*).5d (7D*).6s.6p.(3P*)""","=""7F""","=""5""","=""""","=""3.2998449""","=""""","=""""","=""0.005800""","=""1.55""","=""  52             :     9                                 (8S*)(9D*)(1P*) 9F    ""","="""""
"=""4f7.(8S*).5d (7D*).6s.6p.(3P*)""","=""7F""","=""1""","=""""","=""3.3000031""","=""""","=""""","=""0.000158""","=""1.18""","=""  41             :    32                                 (8S*)(7D*)(3P*) 5D    ""","="""""
"=""4f7.(8S*).5d (7D*).6s.6p.(3P*)""","=""7F""","=""0""","=""""","=""3.3156236""","=""o""","=""""","=""0.015620""","=""""","=""  49             :    36                                 (8S*)(7D*)(3P*) 5D    ""","="""""
"=""4f7.(8S*).5d (7D*).6s.6p.(3P*)""","=""7F""","=""4""","=""""","=""3.3310072""","=""o""","=""""","=""0.015384""","=""1.565""","=""  43             :    11                                 (8S*)(9D*)(1P*) 9F    ""","="""""
"=""""","=""9F""","=""7""","=""""","=""3.2416725""","=""""","=""""","=""-0.089335""","=""1.550""","=""                                                                               ""","="""""
"=""""","=""9F""","=""4""","=""""","=""3.3526400""","=""""","=""""","=""0.110968""","=""1.60:""","=""                                                                               ""","="""""
"=""""","=""9F""","=""3""","=""""","=""3.3527498""","=""""","=""""","=""0.000110""","=""1.67:""","=""                                                                               ""","="""""
"=""""","=""9F""","=""2""","=""""","=""3.3622934""","=""""","=""""","=""0.009544""","=""1.84:""","=""                                                                               ""","="""""
"=""""","=""9F""","=""1""","=""""","=""3.3635970""","=""""","=""""","=""0.001304""","=""2.34:""","=""                                                                               ""","="""""
"=""""","=""9F""","=""5""","=""""","=""3.3867265""","=""""","=""""","=""0.023130""","=""1.63""","=""                                                                               ""","="""""
"=""""","=""9F""","=""6""","=""""","=""3.3893434""","=""""","=""""","=""0.002617""","=""1.53""","=""                                                                               ""","="""""
"=""4f7.(8S*).5d (7D*).6s.6p.(3P*)""","=""""","=""2""","=""""","=""3.2728834""","=""""","=""""","=""-0.116460""","=""1.29""","=""  30  5D         :    27                                 (8S*)(7D*)(3P*) 7F    ""","="""""
"=""4f7.(8S*).5d2.(3F) (10F*).6p?""","=""""","=""4""","=""""","=""3.2796034""","=""""","=""""","=""0.006720""","=""1.48""","=""  32  11G        :    25  4f7.(8S*)5d (7D*).6s.6p.(3P*)  5D                    ""","="""""
"=""4f8.(7F).6s.6p""","=""*""","=""5""","=""""","=""3.3044159""","=""""","=""""","=""0.024812""","=""1.57""","=""                                                                               ""","="""""
"=""4f7.(8S*).5d (7D*).6s.6p.(3P*)""","=""5F""","=""3""","=""""","=""3.3141915""","=""""","=""""","=""0.009776""","=""1.42""","=""  49             :    25                                 (8S*)(7D*)(3P*) 5D    ""","="""""
"=""4f7.(8S*).5d (7D*).6s.6p.(3P*)""","=""5F""","=""2""","=""""","=""3.3330507""","=""""","=""""","=""0.018859""","=""1.28""","=""  56             :    19                                 (8S*)(7D*)(3P*) 5D    ""","="""""
"=""4f8.(7F).5d (8G?).6s""","=""7G""","=""7""","=""""","=""3.3382157""","=""""","=""""","=""0.005165""","=""1.48""","=""                                                                               ""","="""""
"=""4f8.(7F).5d (8G?).6s""","=""7G""","=""6""","=""""","=""3.3576220""","=""""","=""""","=""0.019406""","=""1.50""","=""                                                                               ""","="""""
"=""4f8.(7F).5d (8G?).6s""","=""7G""","=""5""","=""""","=""3.4184517""","=""""","=""""","=""0.060830""","=""1.61""","=""                                                                               ""","="""""
"=""4f8.(7F).5d (8G?).6s""","=""7G""","=""4""","=""""","=""3.4924694""","=""""","=""""","=""0.074018""","=""1.54""","=""                                                                               ""","="""""
"=""4f8.(7F).5d (8G?).6s""","=""7G""","=""3""","=""""","=""3.5519650""","=""""","=""""","=""0.059496""","=""1.25""","=""                                                                               ""","="""""
"=""4f8.(7F).5d (8G?).6s""","=""7G""","=""2""","=""""","=""3.6066935""","=""""","=""""","=""0.054728""","=""1.17:""","=""                                                                               ""","="""""
"=""4f8.(7F).5d (8G?).6s""","=""7G""","=""1""","=""""","=""3.6357080""","=""""","=""""","=""0.029015""","=""-0.42""","=""                                                                               ""","="""""
"=""4f7.(8S*).5d (7D*).6s.6p.(3P*)""","=""5F""","=""1""","=""""","=""3.3420249""","=""""","=""""","=""-0.293683""","=""0.63""","=""  87                                                                           ""","="""""
"=""4f7.(8S*).5d3.(4P)""","=""11P*""","=""4""","=""""","=""3.3508079""","=""""","=""""","=""0.008783""","=""2.18""","=""  97                                                                           ""","="""""
"=""4f7.(8S*).5d3.(4P)""","=""11P*""","=""5""","=""""","=""3.3796835""","=""""","=""""","=""0.028876""","=""1.95""","=""  97                                                                           ""","="""""
"=""4f7.(8S*).5d3.(4P)""","=""11P*""","=""6""","=""""","=""3.4362655""","=""""","=""""","=""0.056582""","=""1.81""","=""  99                                                                           ""","="""""
"=""4f7.(8S*).5d (9D*).6s.6p.(1P*)""","=""9P""","=""3""","=""""","=""3.3643974""","=""""","=""""","=""-0.071868""","=""2.240""","=""  53             :    14  4f7.(8S*).5d2.(1D) (8D*).6p    9P                    ""","="""""
"=""4f8.(7F).6s.6p""","=""*""","=""6""","=""""","=""3.3902082""","=""""","=""""","=""0.025811""","=""1.48""","=""                                                                               ""","="""""
"=""4f7.(8S*).5d (9D*).6s.6p.(1P*)""","=""""","=""4""","=""""","=""3.4002970""","=""""","=""""","=""0.010089""","=""1.914""","=""  37  9P         :    24                                 (8S*)(7D*)(3P*) 9P    ""","="""""
"=""4f7.(8S*).5d (7D*).6s.6p.(3P*)""","=""""","=""3""","=""""","=""3.4065576""","=""""","=""""","=""0.006261""","=""1.58""","=""  26  9F         :    25                                 (8S*)(7D*)(3P*) 7F    ""","="""""
"=""4f8.(7F).5d (8H).6s""","=""9H""","=""4""","=""""","=""""","=""""","=""""","=""""","=""""","=""                                                                               ""","="""""
"=""4f8.(7F).5d (8H).6s""","=""9H""","=""3""","=""""","=""""","=""""","=""""","=""""","=""""","=""                                                                               ""","="""""
"=""4f8.(7F).5d (8H).6s""","=""9H""","=""2""","=""""","=""""","=""""","=""""","=""""","=""""","=""                                                                               ""","="""""
"=""4f8.(7F).5d (8H).6s""","=""9H""","=""1""","=""""","=""""","=""""","=""""","=""""","=""""","=""                                                                               ""","="""""
"=""4f8.(7F).5d (8H).6s""","=""9H""","=""9""","=""""","=""3.4165168""","=""""","=""""","=""""","=""1.44""","=""                                                                               ""","="""""
"=""4f8.(7F).5d (8H).6s""","=""9H""","=""8""","=""""","=""3.5053525""","=""""","=""""","=""0.088836""","=""1.42""","=""                                                                               ""","="""""
"=""4f8.(7F).5d (8H).6s""","=""9H""","=""7""","=""""","=""3.5822647""","=""""","=""""","=""0.076912""","=""1.40""","=""                                                                               ""","="""""
"=""4f8.(7F).5d (8H).6s""","=""9H""","=""6""","=""""","=""3.6506372""","=""""","=""""","=""0.068372""","=""1.36""","=""                                                                               ""","="""""
"=""4f8.(7F).5d (8H).6s""","=""9H""","=""5""","=""""","=""3.7056651""","=""""","=""""","=""0.055028""","=""1.36:""","=""                                                                               ""","="""""
"=""4f8.(7F).6s.6p""","=""*""","=""5""","=""""","=""3.4254640""","=""""","=""""","=""-0.280201""","=""1.50""","=""                                                                               ""","="""""
"=""4f8.(7F).6s.6p""","=""*""","=""4""","=""""","=""3.4280111""","=""""","=""""","=""0.002547""","=""1.66""","=""                                                                               ""","="""""
"=""4f7.(8S*).5d2.(3F) (10F*).6p""","=""11F""","=""2""","=""""","=""3.4294575""","=""""","=""""","=""0.001446""","=""2.88""","=""  93                                                                           ""","="""""
"=""4f7.(8S*).5d2.(3F) (10F*).6p""","=""11F""","=""3""","=""""","=""3.4543353""","=""""","=""""","=""0.024878""","=""2.223""","=""  90                                                                           ""","="""""
"=""4f7.(8S*).5d2.(3F) (10F*).6p""","=""11F""","=""4""","=""""","=""3.4854029""","=""""","=""""","=""0.031068""","=""1.83""","=""  91                                                                           ""","="""""
"=""4f7.(8S*).5d2.(3F) (10F*).6p""","=""11F""","=""5""","=""""","=""3.5274680""","=""""","=""""","=""0.042065""","=""1.78""","=""  91                                                                           ""","="""""
"=""4f7.(8S*).5d2.(3F) (10F*).6p""","=""11F""","=""6""","=""""","=""3.5759121""","=""""","=""""","=""0.048444""","=""1.70""","=""  88                                                                           ""","="""""
"=""4f7.(8S*).5d2.(3F) (10F*).6p""","=""11F""","=""7""","=""""","=""3.6319457""","=""""","=""""","=""0.056034""","=""1.63""","=""  81                                                                           ""","="""""
"=""4f7.(8S*).5d2.(3F) (10F*).6p""","=""11F""","=""8""","=""""","=""3.6940782""","=""""","=""""","=""0.062132""","=""1.57""","=""  70                                                                           ""","="""""
"=""4f7.(8S*).5d (9D*).6s.6p.(1P*)""","=""""","=""5""","=""""","=""3.4382309""","=""""","=""""","=""-0.255847""","=""1.62""","=""  30  9P         :    26                                 (8S*)(7D*)(3P*) 9F    ""","="""""
"=""4f7.(8S*).5d (7D*).6s.6p.(3P*)""","=""""","=""2""","=""""","=""3.4389102""","=""""","=""""","=""0.000679""","=""1.65""","=""  39  5D         :    26                                 (8S*)(7D*)(3P*) 7F    ""","="""""
"=""4f8.(7F<6>).6s.6p.(3P*<2>)""","=""(6,2)*""","=""8""","=""""","=""3.4464635""","=""?""","=""""","=""0.007553""","=""1.50?""","=""                                                                               ""","="""""
"=""4f8.(7F).6s.6p""","=""*""","=""6""","=""""","=""3.4504406""","=""""","=""""","=""0.003977""","=""1.55""","=""                                                                               ""","="""""
"=""4f7.(8S*).5d (7D*).6s.6p.(3P*)""","=""5D""","=""1""","=""""","=""3.4567685""","=""""","=""""","=""0.006328""","=""1.56""","=""  52             :    24                                 (8S*)(7D*)(3P*) 7F    ""","="""""
"=""4f7.(8S*).5d (7D*).6s.6p.(3P*)""","=""5D""","=""0""","=""""","=""3.4653474""","=""""","=""""","=""0.008579""","=""""","=""  57             :    23                                 (8S*)(7D*)(3P*) 7F    ""","="""""
"=""4f8.(7F).6s.6p""","=""*""","=""7""","=""""","=""3.4692604""","=""""","=""""","=""0.003913""","=""1.46""","=""                                                                               ""","="""""
"=""4f8.(7F).6s.6p""","=""*""","=""6""","=""""","=""3.5169966""","=""""","=""""","=""0.047736""","=""1.53""","=""                                                                               ""","="""""
"=""4f8.(7F).5d.6s?""","=""7F?""","=""5""","=""""","=""3.5230017""","=""""","=""""","=""0.006005""","=""1.55""","=""                                                                               ""","="""""
"=""4f7.(8S*).5d (7D*).6s.6p.(3P*)""","=""5P""","=""3""","=""""","=""3.5319198""","=""""","=""""","=""0.008918""","=""1.71""","=""  64                                                                           ""","="""""
"=""4f7.(8S*).5d (7D*).6s.6p.(3P*)""","=""5P""","=""2""","=""""","=""3.5604318""","=""""","=""""","=""0.028512""","=""2.00""","=""  72                                                                           ""","="""""
"=""4f7.(8S*).5d (7D*).6s.6p.(3P*)""","=""5P""","=""1""","=""""","=""3.6192976""","=""""","=""""","=""0.058866""","=""2.74""","=""  90                                                                           ""","="""""
"=""""","=""9F?""","=""7""","=""""","=""3.5340995""","=""""","=""""","=""-0.085198""","=""1.55""","=""                                                                               ""","="""""
"=""""","=""9F?""","=""6""","=""""","=""3.5622632""","=""""","=""""","=""0.028164""","=""1.58""","=""                                                                               ""","="""""
"=""""","=""9F?""","=""4""","=""""","=""3.5699229""","=""""","=""""","=""0.007660""","=""1.60""","=""                                                                               ""","="""""
"=""""","=""9F?""","=""5""","=""""","=""3.6104143""","=""""","=""""","=""0.040491""","=""1.64""","=""                                                                               ""","="""""
"=""""","=""9F?""","=""3""","=""""","=""3.6484148""","=""""","=""""","=""0.038000""","=""1.93""","=""                                                                               ""","="""""
"=""""","=""9F?""","=""1""","=""""","=""3.6646983""","=""""","=""""","=""0.016284""","=""3.41""","=""                                                                               ""","="""""
"=""""","=""9F?""","=""2""","=""""","=""3.6844671""","=""""","=""""","=""0.019769""","=""2.24:""","=""                                                                               ""","="""""
"=""4f7.(8S*).5d3.(4F)""","=""9F*""","=""2""","=""""","=""3.5614647""","=""""","=""""","=""-0.123002""","=""2.16:""","=""  96                                                                           ""","="""""
"=""4f7.(8S*).5d3.(4F)""","=""9F*""","=""1""","=""""","=""3.5635030""","=""""","=""""","=""0.002038""","=""3.45:""","=""  98                                                                           ""","="""""
"=""4f7.(8S*).5d3.(4F)""","=""9F*""","=""3""","=""""","=""3.6007146""","=""""","=""""","=""0.037212""","=""1.80""","=""  94                                                                           ""","="""""
"=""4f7.(8S*).5d3.(4F)""","=""9F*""","=""4""","=""""","=""3.6171869""","=""""","=""""","=""0.016472""","=""1.67""","=""  91                                                                           ""","="""""
"=""4f7.(8S*).5d3.(4F)""","=""9F*""","=""5""","=""""","=""3.6500117""","=""""","=""""","=""0.032825""","=""1.61""","=""  90                                                                           ""","="""""
"=""4f7.(8S*).5d3.(4F)""","=""9F*""","=""6""","=""""","=""3.7031024""","=""""","=""""","=""0.053091""","=""1.58""","=""  90                                                                           ""","="""""
"=""4f7.(8S*).5d3.(4F)""","=""9F*""","=""7""","=""""","=""3.7650729""","=""""","=""""","=""0.061970""","=""1.56""","=""  93                                                                           ""","="""""
"=""4f8.(7F).6s.6p""","=""*""","=""5""","=""""","=""3.5753621""","=""""","=""""","=""-0.189711""","=""1.51""","=""                                                                               ""","="""""
"=""4f8.(7F).6s.6p""","=""*""","=""5""","=""""","=""3.5878903""","=""""","=""""","=""0.012528""","=""1.44""","=""                                                                               ""","="""""
"=""4f7.(8S*).5d2.(3F) (10F*).6p""","=""9G""","=""0""","=""""","=""3.5920659""","=""""","=""""","=""0.004176""","=""""","=""  73                                                                           ""","="""""
"=""4f7.(8S*).5d2.(3F) (10F*).6p""","=""9G""","=""1""","=""""","=""3.5936436""","=""""","=""""","=""0.001578""","=""1.54:""","=""  73                                                                           ""","="""""
"=""4f7.(8S*).5d2.(3F) (10F*).6p""","=""9G""","=""2""","=""""","=""3.5962372""","=""""","=""""","=""0.002594""","=""1.30:""","=""  72                                                                           ""","="""""
"=""4f7.(8S*).5d2.(3F) (10F*).6p""","=""9G""","=""3""","=""""","=""3.6111448""","=""""","=""""","=""0.014908""","=""1.515:""","=""  71                                                                           ""","="""""
"=""4f7.(8S*).5d2.(3F) (10F*).6p""","=""9G""","=""4""","=""""","=""3.6214817""","=""o""","=""""","=""0.010337""","=""1.603:""","=""  67                                                                           ""","="""""
"=""4f7.(8S*).5d2.(3F) (10F*).6p""","=""9G""","=""5""","=""""","=""3.6734519""","=""""","=""""","=""0.051970""","=""1.509""","=""  66                                                                           ""","="""""
"=""4f7.(8S*).5d2.(3F) (10F*).6p""","=""9G""","=""6""","=""""","=""3.7204319""","=""""","=""""","=""0.046980""","=""1.50""","=""  62                                                                           ""","="""""
"=""4f7.(8S*).5d2.(3F) (10F*).6p""","=""9G""","=""7""","=""""","=""3.7821843""","=""""","=""""","=""0.061752""","=""1.51""","=""  61                                                                           ""","="""""
"=""4f7.(8S*).5d2.(3F) (10F*).6p""","=""9G""","=""8""","=""""","=""3.8647886""","=""""","=""""","=""0.082604""","=""1.50""","=""  59                                                                           ""","="""""
"=""4f8.(7F).5d.6s?""","=""7F?""","=""4""","=""""","=""3.6130489""","=""""","=""""","=""-0.251740""","=""1.49""","=""                                                                               ""","="""""
"=""4f8.(7F).6s.6p""","=""*""","=""5""","=""""","=""3.6343203""","=""""","=""""","=""0.021271""","=""1.52""","=""                                                                               ""","="""""
"=""4f7.(8S*).5d (7D*).6s.6p.(3P*)?""","=""7P?""","=""4""","=""""","=""3.6400060""","=""""","=""""","=""0.005686""","=""1.66""","=""  54             :    10                                 (8S*)(9D*)(3P*) 7P    ""","="""""
"=""4f7.(8S*).5d (7D*).6s.6p.(3P*)?""","=""7P?""","=""3""","=""""","=""3.6800128""","=""""","=""""","=""0.040007""","=""1.86:""","=""  38             :    25                                 (8S*)(7D*)(3P*) 5P    ""","="""""
"=""4f7.(8S*).5d (7D*).6s.6p.(3P*)?""","=""7P?""","=""2""","=""""","=""3.6990813""","=""""","=""""","=""0.019068""","=""2.29""","=""  59             :    17                                 (8S*)(7D*)(3P*) 5P    ""","="""""
"=""""","=""""","=""6""","=""""","=""3.6404976""","=""""","=""""","=""-0.058584""","=""1.51""","=""                                                                               ""","="""""
"=""4f8.(7F).6s.6p""","=""*""","=""6""","=""""","=""3.6476988""","=""""","=""""","=""0.007201""","=""1.47""","=""                                                                               ""","="""""
"=""4f7.(8S*).5d.6s.6p?""","=""""","=""5""","=""""","=""3.6515028""","=""""","=""""","=""0.003804""","=""1.69""","=""                                                                               ""","="""""
"=""""","=""""","=""4""","=""""","=""3.6577372""","=""""","=""""","=""0.006234""","=""1.63""","=""                                                                               ""","="""""
"=""4f7.(8S*).5d2.(3F) (10F*).6p""","=""11D""","=""3""","=""""","=""3.6738074""","=""""","=""""","=""0.016070""","=""2.26""","=""  44             :    26                                 (8S*)(3P). (10P*) 11D ""","="""""
"=""4f7.(8S*).5d2.(3F) (10F*).6p""","=""11D""","=""4""","=""""","=""3.7042285""","=""""","=""""","=""0.030421""","=""2.04:""","=""  52             :    31                                 (8S*)(3P). (10P*) 11D ""","="""""
"=""4f7.(8S*).5d2.(3F) (10F*).6p""","=""11D""","=""5""","=""""","=""3.7495665""","=""""","=""""","=""0.045338""","=""1.80""","=""  67                                                                           ""","="""""
"=""4f7.(8S*).5d2.(3F) (10F*).6p""","=""11D""","=""6""","=""""","=""3.8003659""","=""""","=""""","=""0.050799""","=""1.78""","=""  74                                                                           ""","="""""
"=""4f7.(8S*).5d2.(3F) (10F*).6p""","=""11D""","=""7""","=""""","=""3.8616684""","=""""","=""""","=""0.061303""","=""1.72""","=""  74                                                                           ""","="""""
"=""4f8.(7F).6s.6p""","=""*""","=""4""","=""""","=""3.6789230""","=""""","=""""","=""-0.182745""","=""1.49""","=""                                                                               ""","="""""
"=""4f8.(7F).5d.6s?""","=""7H?""","=""8""","=""""","=""3.6891384""","=""""","=""""","=""0.010215""","=""1.39""","=""                                                                               ""","="""""
"=""4f7.(8S*).5d2.6p?""","=""11D?""","=""3""","=""""","=""3.7044590""","=""""","=""""","=""0.015321""","=""1.76""","=""                                                                               ""","="""""
"=""4f8.(7F).5d.6s?""","=""7D?""","=""5""","=""""","=""3.7439875""","=""""","=""""","=""0.039528""","=""1.52""","=""                                                                               ""","="""""
"=""4f8.(7F).5d.6s?""","=""7D?""","=""4""","=""""","=""3.8230476""","=""""","=""""","=""0.079060""","=""1.50""","=""                                                                               ""","="""""
"=""4f8.(7F).5d.6s?""","=""7D?""","=""3""","=""""","=""3.8841175""","=""""","=""""","=""0.061070""","=""1.58""","=""                                                                               ""","="""""
"=""4f8.(7F).5d.6s?""","=""7D?""","=""2""","=""""","=""3.9116680""","=""""","=""""","=""0.027551""","=""1.71""","=""                                                                               ""","="""""
"=""4f8.(7F).5d.6s?""","=""7D?""","=""1""","=""""","=""3.9182641""","=""""","=""""","=""0.006596""","=""2.31""","=""                                                                               ""","="""""
"=""4f8.(7F).6s.6p""","=""*""","=""4""","=""""","=""3.7554052""","=""""","=""""","=""-0.162859""","=""1.46""","=""                                                                               ""","="""""
"=""4f7.(8S*).5d.6s.6p?""","=""""","=""4""","=""""","=""3.7576486""","=""""","=""""","=""0.002243""","=""1.89""","=""                                                                               ""","="""""
"=""""","=""""","=""2""","=""""","=""3.7684551""","=""""","=""""","=""0.010807""","=""1.77""","=""                                                                               ""","="""""
"=""4f8.(7F).5d.6s?""","=""7F?""","=""6""","=""""","=""3.7703458""","=""""","=""""","=""0.001891""","=""1.42""","=""                                                                               ""","="""""
"=""4f7.(8S*).5d2.(3F) (10F*).6p""","=""9F""","=""1""","=""""","=""3.7884397""","=""""","=""""","=""0.018094""","=""3.427""","=""  62                                                                           ""","="""""
"=""4f7.(8S*).5d2.(3F) (10F*).6p""","=""9F""","=""2""","=""""","=""3.8056793""","=""""","=""""","=""0.017240""","=""2.136""","=""  58             :    22  4f7.(8S*).5d.(9D*).6s.6p.(1P*) 9F                    ""","="""""
"=""4f7.(8S*).5d2.(3F) (10F*).6p""","=""9F""","=""3""","=""""","=""3.8288376""","=""""","=""""","=""0.023158""","=""1.878""","=""  38             :    17                                 (8S*)(3P). (10P*) 11D ""","="""""
"=""4f7.(8S*).5d2.(3F) (10F*).6p""","=""9F""","=""4""","=""""","=""3.8603466""","=""""","=""""","=""0.031509""","=""1.685""","=""  45             :    13  4f7.(8S*).5d (9D*).6s.6p.(1P*) 9F                    ""","="""""
"=""4f7.(8S*).5d2.(3F) (10F*).6p""","=""9F""","=""5""","=""""","=""3.9001931""","=""o""","=""""","=""0.039846""","=""1.614""","=""  42             :    15  4f7.(8S*).5d (9D*).6s.6p.(1P*) 9F                    ""","="""""
"=""4f7.(8S*).5d2.(3F) (10F*).6p""","=""9F""","=""6""","=""""","=""3.9788674""","=""""","=""""","=""0.078674""","=""1.57""","=""  51             :    15  4f7.(8S*).5d (9D*).6s.6p.(1P*) 9F                    ""","="""""
"=""4f7.(8S*).5d2.(3F) (10F*).6p""","=""9F""","=""7""","=""""","=""4.0579411""","=""""","=""""","=""0.079074""","=""1.56""","=""  46             :    20                                 (8S*)(3P). (10P*) 11D ""","="""""
"=""4f8.(7F).6s.6p""","=""*""","=""4""","=""""","=""3.7919005""","=""""","=""""","=""-0.266041""","=""1.64""","=""                                                                               ""","="""""
"=""4f8.(7F).5d.6s?""","=""5F?""","=""5""","=""""","=""3.7975734""","=""""","=""""","=""0.005673""","=""1.44""","=""                                                                               ""","="""""
"=""4f8.(7F).5d.6s?""","=""7G?""","=""7""","=""""","=""3.8038585""","=""""","=""""","=""0.006285""","=""1.45""","=""                                                                               ""","="""""
"=""4f8.(7F).5d.6s?""","=""7G?""","=""6""","=""""","=""3.9949199""","=""""","=""""","=""0.191061""","=""1.43""","=""                                                                               ""","="""""
"=""4f8.(7F).5d.6s?""","=""7G?""","=""5""","=""""","=""4.0830212""","=""""","=""""","=""0.088101""","=""1.42""","=""                                                                               ""","="""""
"=""4f8.(7F).5d.6s?""","=""7G?""","=""4""","=""""","=""4.1455890""","=""""","=""""","=""0.062568""","=""1.41""","=""                                                                               ""","="""""
"=""4f8.(7F).5d.6s?""","=""7G?""","=""3""","=""""","=""4.2083337""","=""""","=""""","=""0.062745""","=""1.28""","=""                                                                               ""","="""""
"=""4f8.(7F).5d.6s?""","=""7G?""","=""2""","=""""","=""4.2508559""","=""""","=""""","=""0.042522""","=""0.85""","=""                                                                               ""","="""""
"=""4f8.(7F).5d.6s?""","=""7G?""","=""1""","=""""","=""4.2733164""","=""""","=""""","=""0.022460""","=""-0.30""","=""                                                                               ""","="""""
"=""4f8.(7F).6s.6p""","=""*""","=""6""","=""""","=""3.8124142""","=""""","=""""","=""-0.460902""","=""1.41""","=""                                                                               ""","="""""
"=""4f7.(8S*).5d.6s.6p?""","=""""","=""3""","=""""","=""3.8198757""","=""""","=""""","=""0.007461""","=""2.15""","=""                                                                               ""","="""""
"=""""","=""""","=""1""","=""""","=""3.8323408""","=""""","=""""","=""0.012465""","=""2.16""","=""                                                                               ""","="""""
"=""""","=""""","=""5""","=""""","=""3.8781222""","=""""","=""""","=""0.045781""","=""1.46""","=""                                                                               ""","="""""
"=""4f8.(7F).6s.6p""","=""*""","=""3""","=""""","=""3.9107608""","=""""","=""""","=""0.032639""","=""1.66""","=""                                                                               ""","="""""
"=""4f8.(7F).5d.6s?""","=""7H?""","=""8""","=""""","=""3.9112591""","=""""","=""""","=""0.000498""","=""1.36""","=""                                                                               ""","="""""
"=""""","=""*""","=""5""","=""""","=""3.9221155""","=""""","=""""","=""0.010856""","=""1.71""","=""                                                                               ""","="""""
"=""4f8.(7F).5d.6s?""","=""7H?""","=""5""","=""""","=""3.9274072""","=""""","=""""","=""0.005292""","=""1.24""","=""                                                                               ""","="""""
"=""4f8.(7F).6s.6p""","=""*""","=""5""","=""""","=""3.9385558""","=""""","=""""","=""0.011149""","=""1.35""","=""                                                                               ""","="""""
"=""""","=""""","=""5""","=""""","=""3.9399664""","=""""","=""""","=""0.001411""","=""1.62:""","=""                                                                               ""","="""""
"=""4f7.(8S*).5d (7D*).6s.6p.(1P*)?""","=""""","=""6""","=""""","=""3.9420497""","=""""","=""""","=""0.002083""","=""1.48""","=""  28  7F         :    20  4f7.(8S*).5d2.(3P) (10P*).6p   11D                   ""","="""""
"=""4f8.(7F).5d.6s?""","=""7F?""","=""4""","=""""","=""3.9485840""","=""""","=""""","=""0.006534""","=""1.50:""","=""                                                                               ""","="""""
"=""4f7.(8S*).5d2.(3F) (10F*).6p?""","=""""","=""4""","=""""","=""3.9500477""","=""""","=""""","=""0.001464""","=""1.64:""","=""  17  11D        :    14  4f7.(8S*).5d (7D*).6s.6p.(1P*) 7D                    ""","="""""
"=""4f7.(8S*).5d2.(3P) (10P*).6p?""","=""""","=""2""","=""""","=""3.9507865""","=""""","=""""","=""0.000739""","=""2.58:""","=""  38  9D         :    24  (8S*)(3F) (10F*).6p?           9D                    ""","="""""
"=""4f7.(8S*).5d2.(3P) (10P*).6p?""","=""""","=""3""","=""""","=""3.9512697""","=""""","=""""","=""0.000483""","=""2.12:""","=""  30  9D         :    21  (8S*)(3F) (10F*).6p?           9D                    ""","="""""
"=""4f7.(8S*).5d (9D*).6s (10D*).7s""","=""11D*""","=""3""","=""""","=""3.9559663""","=""""","=""""","=""0.004697""","=""2.496""","=""  99                                                                           ""","="""""
"=""4f7.(8S*).5d (9D*).6s (10D*).7s""","=""11D*""","=""4""","=""""","=""3.9893710""","=""""","=""""","=""0.033405""","=""2.09""","=""  98                                                                           ""","="""""
"=""4f7.(8S*).5d (9D*).6s (10D*).7s""","=""11D*""","=""5""","=""""","=""4.0353881""","=""""","=""""","=""0.046017""","=""1.89""","=""  97                                                                           ""","="""""
"=""4f7.(8S*).5d (9D*).6s (10D*).7s""","=""11D*""","=""6""","=""""","=""4.0991104""","=""""","=""""","=""0.063722""","=""1.77""","=""  97                                                                           ""","="""""
"=""4f7.(8S*).5d (9D*).6s (10D*).7s""","=""11D*""","=""7""","=""""","=""4.1912245""","=""""","=""""","=""0.092114""","=""1.71""","="" 100                                                                           ""","="""""
"=""4f7.(8S*).5d (7D*).6s.6p.(1P*)?""","=""""","=""3""","=""""","=""3.9674708""","=""""","=""""","=""-0.223754""","=""1.57""","=""  24  7F         :    22                                 (8S*)(7D*)(1P*) 7D    ""","="""""
"=""4f8.(7F).5d.6s?""","=""7F?""","=""6""","=""""","=""""","=""""","=""""","=""""","=""""","=""                                                                               ""","="""""
"=""4f8.(7F).5d.6s?""","=""7F?""","=""5""","=""""","=""3.9700162""","=""""","=""""","=""""","=""1.54""","=""                                                                               ""","="""""
"=""4f8.(7F).5d.6s?""","=""7F?""","=""4""","=""""","=""4.0356317""","=""""","=""""","=""0.065615""","=""1.59""","=""                                                                               ""","="""""
"=""4f8.(7F).5d.6s?""","=""7F?""","=""3""","=""""","=""4.1022726""","=""""","=""""","=""0.066641""","=""1.45""","=""                                                                               ""","="""""
"=""4f8.(7F).5d.6s?""","=""7F?""","=""2""","=""""","=""4.1661682""","=""""","=""""","=""0.063896""","=""1.38""","=""                                                                               ""","="""""
"=""4f8.(7F).5d.6s?""","=""7F?""","=""1""","=""""","=""4.2099627""","=""""","=""""","=""0.043794""","=""1.30""","=""                                                                               ""","="""""
"=""4f8.(7F).5d.6s?""","=""7F?""","=""0""","=""""","=""4.2274824""","=""""","=""""","=""0.017520""","=""""","=""                                                                               ""","="""""
"=""4f8.(7F).5d.6s?""","=""7H?""","=""4""","=""""","=""3.9751173""","=""""","=""""","=""-0.252365""","=""1.32:""","=""                                                                               ""","="""""
"=""4f7.(8S*).5d (7D*).6s.6p.(1P*)?""","=""""","=""3""","=""""","=""3.9839997""","=""""","=""""","=""0.008882""","=""1.65""","=""  23  7D         :    21                                 (8S*)(7D*)(1P*) 7F    ""","="""""
"=""4f7.(8S*).5d (7D*).6s.6p.(1P*)?""","=""""","=""2""","=""""","=""3.9860318""","=""""","=""""","=""0.002032""","=""1.70:""","=""  28  7F         :    19                                 (8S*)(7D*)(1P*) 7D    ""","="""""
"=""4f7.(8S*).5d2.6p?""","=""""","=""4""","=""""","=""3.9869713""","=""""","=""""","=""0.000939""","=""1.90""","=""                                                                               ""","="""""
"=""4f8.6s.6p?""","=""*""","=""2""","=""""","=""3.9883144""","=""""","=""""","=""0.001343""","=""1.17""","=""                                                                               ""","="""""
"=""""","=""*""","=""3""","=""""","=""3.9900155""","=""""","=""""","=""0.001701""","=""2.19""","=""                                                                               ""","="""""
"=""4f7.(8S*).5d2.(3P) (10P*).6p?""","=""""","=""4""","=""""","=""3.9931368""","=""""","=""""","=""0.003121""","=""1.728""","=""  18  9D         :    12  4f7.(8S*).5d (7D*).6s.6p.(1P*) 7F                    ""","="""""
"=""4f8.6s.6p?""","=""*""","=""2""","=""""","=""3.9948134""","=""""","=""""","=""0.001677""","=""1.78""","=""                                                                               ""","="""""
"=""4f8.(7F).5d.6s?""","=""5G?""","=""6""","=""""","=""""","=""""","=""""","=""""","=""""","=""                                                                               ""","="""""
"=""4f8.(7F).5d.6s?""","=""5G?""","=""5""","=""""","=""3.9956073""","=""""","=""""","=""""","=""1.31""","=""                                                                               ""","="""""
"=""4f8.(7F).5d.6s?""","=""5G?""","=""4""","=""""","=""4.0895326""","=""""","=""""","=""0.093925""","=""1.23""","=""                                                                               ""","="""""
"=""4f8.(7F).5d.6s?""","=""5G?""","=""3""","=""""","=""4.1599742""","=""""","=""""","=""0.070442""","=""1.25""","=""                                                                               ""","="""""
"=""4f8.(7F).5d.6s?""","=""5G?""","=""2""","=""""","=""4.2303594""","=""""","=""""","=""0.070385""","=""0.67""","=""                                                                               ""","="""""
"=""4f7.(8S*).5d (7D*).6s.6p.(1P*)?""","=""""","=""1""","=""""","=""3.9987082""","=""""","=""""","=""-0.231651""","=""2.23""","=""  33  7F         :    15                                 (8S*)(7D*)(1P*) 7D    ""","="""""
"=""""","=""""","=""3""","=""""","=""4.0012335""","=""""","=""""","=""0.002525""","=""1.59""","=""                                                                               ""","="""""
"=""4f7.(8S*).5d (7D*).6s.6p.(1P*)?""","=""""","=""2""","=""""","=""4.0091628""","=""""","=""""","=""0.007929""","=""1.79""","=""  27  7D         :    19                                 (8S*)(7D*)(1P*) 7F    ""","="""""
"=""4f7.(8S*).5d (7D*).6s.6p.(1P*)?""","=""7F?""","=""0""","=""""","=""4.0097851""","=""""","=""""","=""0.000622""","=""""","=""  49             :    20  4f7.(8S*).5d2.(3F) (8F*).6p    7F                    ""","="""""
"=""4f7.(8S*).5d (7D*).6s.6p.(1P*)?""","=""""","=""1""","=""""","=""4.0116433""","=""""","=""""","=""0.001858""","=""2.25""","=""  31  7D         :    22  4f7.(8S*).5d2.(3F) (8F*).6p    7D                    ""","="""""
"=""4f8.(7F).5d.6s?""","=""5F?""","=""3""","=""""","=""4.0151043""","=""""","=""""","=""0.003461""","=""1.44""","=""                                                                               ""","="""""
"=""""","=""""","=""3""","=""""","=""4.0230532""","=""""","=""""","=""0.007949""","=""1.448""","=""                                                                               ""","="""""
"=""""","=""""","=""5""","=""""","=""4.0373715""","=""""","=""""","=""0.014318""","=""1.74""","=""                                                                               ""","="""""
"=""4f7.(8S*).5d2.(3P) (10P*).6p?""","=""""","=""5""","=""""","=""4.0400406""","=""""","=""""","=""0.002669""","=""1.75""","=""  33  11D        :    24                                 (8S*)(3P). (10P*) 9D  ""","="""""
"=""4f8.6s.6p?""","=""*""","=""1""","=""""","=""4.0494276""","=""""","=""""","=""0.009387""","=""2.81""","=""                                                                               ""","="""""
"=""""","=""""","=""4""","=""""","=""4.0648362""","=""""","=""""","=""0.015409""","=""1.832""","=""                                                                               ""","="""""
"=""""","=""""","=""4""","=""""","=""4.0773786""","=""""","=""""","=""0.012542""","=""1.82""","=""                                                                               ""","="""""
"=""4f7.(8S*).5d3.(4P)""","=""9P*""","=""3""","=""""","=""""","=""""","=""""","=""""","=""""","=""  44                                                                           ""","="""""
"=""4f7.(8S*).5d3.(4P)""","=""9P*""","=""4""","=""""","=""4.0822390""","=""""","=""""","=""""","=""1.93""","=""  55                                                                           ""","="""""
"=""4f7.(8S*).5d3.(4P)""","=""9P*""","=""5""","=""""","=""4.1524007""","=""""","=""""","=""0.070162""","=""1.78""","=""  78                                                                           ""","="""""
"=""4f8.6s.6p?""","=""*""","=""7""","=""""","=""4.0826387""","=""""","=""""","=""-0.069762""","=""1.44""","=""                                                                               ""","="""""
"=""4f8.(7F).5d.6s?""","=""5F?""","=""2""","=""""","=""4.0852576""","=""""","=""""","=""0.002619""","=""0.98""","=""                                                                               ""","="""""
"=""4f7.(8S*).5d (9D*).6s (10D*).7s""","=""9D*""","=""2""","=""""","=""4.0862421""","=""""","=""""","=""0.000984""","=""2.65""","=""  93                                                                           ""","="""""
"=""4f7.(8S*).5d (9D*).6s (10D*).7s""","=""9D*""","=""3""","=""""","=""4.1156927""","=""""","=""""","=""0.029451""","=""2.07""","=""  92                                                                           ""","="""""
"=""4f7.(8S*).5d (9D*).6s (10D*).7s""","=""9D*""","=""4""","=""""","=""4.1577743""","=""""","=""""","=""0.042082""","=""1.85""","=""  91                                                                           ""","="""""
"=""4f7.(8S*).5d (9D*).6s (10D*).7s""","=""9D*""","=""5""","=""""","=""4.2209590""","=""""","=""""","=""0.063185""","=""1.72""","=""  90                                                                           ""","="""""
"=""4f7.(8S*).5d (9D*).6s (10D*).7s""","=""9D*""","=""6""","=""""","=""4.3090696""","=""""","=""""","=""0.088111""","=""1.62""","=""  94                                                                           ""","="""""
"=""4f7.(8S*).5d2.(3P) (10P*).6p?""","=""11D?""","=""6""","=""""","=""4.0873700""","=""""","=""""","=""-0.221700""","=""1.69""","=""  52             :    19                                 (8S*)(3P). (10P*) 9D  ""","="""""
"=""4f8.(7F).5d.6s?""","=""7H?""","=""6""","=""""","=""4.0931932""","=""""","=""""","=""0.005823""","=""1.26""","=""                                                                               ""","="""""
"=""4f8.6s.6p?""","=""*""","=""4""","=""""","=""4.1024309""","=""""","=""""","=""0.009238""","=""1.46""","=""                                                                               ""","="""""
"=""4f8.6s.6p?""","=""*""","=""3""","=""""","=""4.1149703""","=""""","=""""","=""0.012539""","=""1.00""","=""                                                                               ""","="""""
"=""4f7.(8S*).5d2.(3P) (10P*).6p?""","=""11S?""","=""5""","=""""","=""4.1201308""","=""""","=""""","=""0.005160""","=""1.95""","=""  84                                                                           ""","="""""
"=""""","=""""","=""5""","=""""","=""4.1346531""","=""""","=""""","=""0.014522""","=""1.81""","=""                                                                               ""","="""""
"=""""","=""""","=""4""","=""""","=""4.1619072""","=""""","=""""","=""0.027254""","=""1.88""","=""                                                                               ""","="""""
"=""""","=""""","=""3""","=""""","=""4.1788412""","=""""","=""""","=""0.016934""","=""1.75""","=""                                                                               ""","="""""
"=""""","=""""","=""4""","=""""","=""4.1813072""","=""""","=""""","=""0.002466""","=""1.51""","=""                                                                               ""","="""""
"=""""","=""""","=""5""","=""""","=""4.1822691""","=""""","=""""","=""0.000962""","=""1.47""","=""                                                                               ""","="""""
"=""4f7.(8S*).5d3.(4P)""","=""*""","=""4""","=""""","=""4.1824947""","=""""","=""""","=""0.000226""","=""1.93""","=""  32  9P*                                                                      ""","="""""
"=""4f7.(8S*).5d3.(2D2)""","=""*""","=""5""","=""""","=""4.1884515""","=""""","=""""","=""0.005957""","=""1.77""","=""  37  9D*                                                                      ""","="""""
"=""4f8.6s.6p?""","=""*""","=""5""","=""""","=""4.1935275""","=""""","=""""","=""0.005076""","=""1.50""","=""                                                                               ""","="""""
"=""""","=""""","=""6""","=""""","=""4.1970918""","=""""","=""""","=""0.003564""","=""1.73""","=""                                                                               ""","="""""
"=""""","=""""","=""5""","=""""","=""4.2059729""","=""""","=""""","=""0.008881""","=""1.97""","=""                                                                               ""","="""""
"=""""","=""*""","=""3""","=""""","=""4.2094526""","=""""","=""""","=""0.003480""","=""2.22""","=""                                                                               ""","="""""
"=""""","=""""","=""2""","=""""","=""4.2337310""","=""""","=""""","=""0.024278""","=""2.119""","=""                                                                               ""","="""""
"=""""","=""""","=""7""","=""""","=""4.2372635""","=""""","=""""","=""0.003533""","=""1.68""","=""                                                                               ""","="""""
"=""""","=""""","=""4""","=""""","=""4.2722748""","=""""","=""""","=""0.035011""","=""2.13:""","=""                                                                               ""","="""""
"=""""","=""""","=""3""","=""""","=""4.2732235""","=""""","=""""","=""0.000949""","=""2.23:""","=""                                                                               ""","="""""
"=""4f7.(8S*).5d2.6p?""","=""11P?""","=""5""","=""""","=""4.2796458""","=""""","=""""","=""0.006422""","=""1.95""","=""                                                                               ""","="""""
"=""4f8.(7F).5d.6s?""","=""5H?""","=""4""","=""""","=""4.2805124""","=""""","=""""","=""0.000867""","=""0.97""","=""                                                                               ""","="""""
"=""4f7.(8S*).5d3.(4F)""","=""7F*""","=""4""","=""""","=""4.2842721""","=""""","=""""","=""0.003760""","=""1.54:""","=""  73                                                                           ""","="""""
"=""""","=""*""","=""6""","=""""","=""4.2928208""","=""""","=""""","=""0.008549""","=""1.44""","=""                                                                               ""","="""""
"=""""","=""""","=""4""","=""""","=""4.2942572""","=""""","=""""","=""0.001436""","=""1.73""","=""                                                                               ""","="""""
"=""""","=""""","=""4""","=""""","=""4.3020273""","=""""","=""""","=""0.007770""","=""1.53""","=""                                                                               ""","="""""
"=""4f8.6s.6p?""","=""*""","=""4""","=""""","=""4.3020312""","=""""","=""""","=""0.000004""","=""1.56""","=""                                                                               ""","="""""
"=""4f7.(8S*).5d2.(3F) (8F*).6p?""","=""9G?""","=""0""","=""""","=""4.3028480""","=""""","=""""","=""0.000817""","=""""","=""  67                                                                           ""","="""""
"=""4f7.(8S*).5d2.(3F) (8F*).6p?""","=""9G?""","=""1""","=""""","=""4.3036707""","=""""","=""""","=""0.000823""","=""1.47:""","=""  65                                                                           ""","="""""
"=""4f7.(8S*).5d2.(3F) (8F*).6p?""","=""9G?""","=""2""","=""""","=""4.3050940""","=""""","=""""","=""0.001423""","=""1.48:""","=""  60                                                                           ""","="""""
"=""4f7.(8S*).5d2.(3F) (8F*).6p?""","=""9G?""","=""3""","=""""","=""4.3103894""","=""""","=""""","=""0.005295""","=""1.48:""","=""  52             :    14                                 (8S*)(1G). (8G*) 9G   ""","="""""
"=""4f7.(8S*).5d2.(3F) (8F*).6p?""","=""9G?""","=""4""","=""""","=""4.3192350""","=""""","=""""","=""0.008846""","=""1.47:""","=""  44             :    14                                 (8S*)(1G). (8G*) 9G   ""","="""""
"=""4f7.(8S*).5d2.(3F) (8F*).6p?""","=""9G?""","=""5""","=""""","=""4.3333737""","=""""","=""""","=""0.014139""","=""1.47""","=""  36             :    16                                 (8S*)(3F). (8F*) 7G   ""","="""""
"=""4f7.(8S*).5d2.(3F) (8F*).6p?""","=""9G?""","=""6""","=""""","=""4.3579379""","=""""","=""""","=""0.024564""","=""1.46""","=""  27             :    25                                 (8S*)(3F). (8F*) 7G   ""","="""""
"=""4f7.(8S*).5d2.(3F) (8F*).6p?""","=""9G?""","=""7""","=""""","=""4.5232554""","=""""","=""""","=""0.165318""","=""1.48""","=""  45             :    33                                 (8S*)(3F). (8F*) 7G   ""","="""""
"=""4f7.(8S*).5d2.(3F) (8F*).6p?""","=""9G?""","=""8""","=""""","=""4.5541367""","=""""","=""""","=""0.030881""","=""1.49""","=""  69                                                                           ""","="""""
"=""4f7.(8S*).6s2.7s""","=""9S*""","=""4""","=""""","=""4.3046233""","=""""","=""""","=""-0.249513""","=""1.98""","=""                                                                               ""","="""""
"=""""","=""*""","=""5""","=""""","=""4.3047553""","=""""","=""""","=""0.000132""","=""1.50""","=""                                                                               ""","="""""
"=""4f8.6s.6p?""","=""*""","=""6""","=""""","=""4.3161114""","=""""","=""""","=""0.011356""","=""1.48""","=""                                                                               ""","="""""
"=""""","=""*""","=""2""","=""""","=""4.3278172""","=""""","=""""","=""0.011706""","=""1.94""","=""                                                                               ""","="""""
"=""4f8.6s.6p?""","=""*""","=""5""","=""""","=""4.3284673""","=""""","=""""","=""0.000650""","=""1.46""","=""                                                                               ""","="""""
"=""""","=""""","=""3""","=""""","=""4.3287372""","=""""","=""""","=""0.000270""","=""1.66""","=""                                                                               ""","="""""
"=""""","=""""","=""6""","=""""","=""4.3318137""","=""""","=""""","=""0.003076""","=""1.80""","=""                                                                               ""","="""""
"=""4f7.(8S*).6s2.7s""","=""7S*""","=""3""","=""""","=""4.3375330""","=""""","=""""","=""0.005719""","=""1.88""","=""                                                                               ""","="""""
"=""""","=""*""","=""3""","=""""","=""4.3451198""","=""""","=""""","=""0.007587""","=""1.80""","=""                                                                               ""","="""""
"=""4f7.(8S*).5d (9D*).6s (8D*).7s""","=""7D*""","=""1""","=""""","=""4.3710115""","=""""","=""""","=""0.025892""","=""2.98""","=""  91                                                                           ""","="""""
"=""4f7.(8S*).5d (9D*).6s (8D*).7s""","=""7D*""","=""2""","=""""","=""4.3935028""","=""""","=""""","=""0.022491""","=""1.99""","=""  79                                                                           ""","="""""
"=""4f7.(8S*).5d (9D*).6s (8D*).7s""","=""7D*""","=""3""","=""""","=""4.4283172""","=""""","=""""","=""0.034814""","=""1.84""","=""  50                                                                           ""","="""""
"=""4f7.(8S*).5d (9D*).6s (8D*).7s""","=""7D*""","=""4""","=""""","=""4.5039281""","=""""","=""""","=""0.075611""","=""1.67""","=""  66                                                                           ""","="""""
"=""4f7.(8S*).5d (9D*).6s (8D*).7s""","=""7D*""","=""5""","=""""","=""4.6128006""","=""""","=""""","=""0.108872""","=""1.51""","=""  81                                                                           ""","="""""
"=""""","=""""","=""2""","=""""","=""4.3818901""","=""""","=""""","=""-0.230911""","=""2.65""","=""                                                                               ""","="""""
"=""""","=""""","=""3""","=""""","=""4.3841315""","=""""","=""""","=""0.002241""","=""1.89""","=""                                                                               ""","="""""
"=""4f7.(8S*).5d2.6p?""","=""""","=""3""","=""""","=""4.3943366""","=""""","=""""","=""0.010205""","=""1.94""","=""                                                                               ""","="""""
"=""4f8.(7F).5d.6s?""","=""7P?""","=""4""","=""""","=""4.4012890""","=""""","=""""","=""0.006952""","=""1.68""","=""                                                                               ""","="""""
"=""""","=""""","=""3""","=""""","=""4.4081237""","=""""","=""""","=""0.006835""","=""1.46:""","=""                                                                               ""","="""""
"=""4f7.(8S*).6s.6p2.(4P)""","=""11P*""","=""4""","=""""","=""4.4090395""","=""""","=""""","=""0.000916""","=""2.18""","=""                                                                               ""","="""""
"=""4f7.(8S*).6s.6p2.(4P)""","=""11P*""","=""5""","=""""","=""4.5107528""","=""""","=""""","=""0.101713""","=""1.91""","=""                                                                               ""","="""""
"=""4f7.(8S*).6s.6p2.(4P)""","=""11P*""","=""6""","=""""","=""4.6445456""","=""""","=""""","=""0.133793""","=""1.78""","=""                                                                               ""","="""""
"=""4f7.(8S*).5d2.6p?""","=""""","=""4""","=""""","=""4.4096400""","=""""","=""""","=""-0.234906""","=""1.84""","=""                                                                               ""","="""""
"=""4f7.(8S*).5d2.(3F) (8F*).6p?""","=""7G?""","=""7""","=""""","=""4.4113024""","=""""","=""""","=""0.001662""","=""1.47""","=""  39             :    19                                 (8S*)(3F). (8F*) 9G   ""","="""""
"=""4f7.(8S*).5d2.(3F) (8F*).6p?""","=""7G?""","=""1""","=""""","=""4.4317540""","=""""","=""""","=""0.020452""","=""-0.42:""","=""  84                                                                           ""","="""""
"=""4f7.(8S*).5d2.(3F) (8F*).6p?""","=""7G?""","=""2""","=""""","=""4.4345219""","=""""","=""""","=""0.002768""","=""0.85:""","=""  78                                                                           ""","="""""
"=""4f7.(8S*).5d2.(3F) (8F*).6p?""","=""7G?""","=""3""","=""""","=""4.4400682""","=""""","=""""","=""0.005546""","=""1.22:""","=""  71                                                                           ""","="""""
"=""4f7.(8S*).5d2.(3F) (8F*).6p?""","=""7G?""","=""4""","=""""","=""4.4490010""","=""""","=""""","=""0.008933""","=""1.35""","=""  65                                                                           ""","="""""
"=""4f7.(8S*).5d2.(3F) (8F*).6p?""","=""7G?""","=""5""","=""""","=""4.4634900""","=""""","=""""","=""0.014489""","=""1.42""","=""  54             :    24                                 (8S*)(3F). (8F*) 9G   ""","="""""
"=""4f7.(8S*).5d2.(3F) (8F*).6p?""","=""7G?""","=""6""","=""""","=""4.4886277""","=""""","=""""","=""0.025138""","=""1.55""","=""  42             :    34                                 (8S*)(3F). (8F*) 9G   ""","="""""
"=""4f8.(7F).5d.6s?""","=""7H?""","=""3""","=""""","=""4.4129708""","=""""","=""""","=""-0.075657""","=""1.03""","=""                                                                               ""","="""""
"=""4f8.6s.6p?""","=""*""","=""4""","=""""","=""4.4142819""","=""""","=""""","=""0.001311""","=""1.42""","=""                                                                               ""","="""""
"=""4f7.(8S*).5d (9D*).6s (8D*).7s""","=""9D*""","=""2""","=""""","=""4.4145991""","=""""","=""""","=""0.000317""","=""2.61""","=""  74                                                                           ""","="""""
"=""4f7.(8S*).5d (9D*).6s (8D*).7s""","=""9D*""","=""3""","=""""","=""4.4461458""","=""""","=""""","=""0.031547""","=""1.99""","=""  46                                                                           ""","="""""
"=""4f7.(8S*).5d (9D*).6s (8D*).7s""","=""9D*""","=""4""","=""""","=""4.4708853""","=""""","=""""","=""0.024739""","=""1.74""","=""  65                                                                           ""","="""""
"=""4f7.(8S*).5d (9D*).6s (8D*).7s""","=""9D*""","=""5""","=""""","=""4.5305388""","=""""","=""""","=""0.059654""","=""1.68""","=""  72                                                                           ""","="""""
"=""4f7.(8S*).5d (9D*).6s (8D*).7s""","=""9D*""","=""6""","=""""","=""4.6061109""","=""""","=""""","=""0.075572""","=""1.65""","=""  66                                                                           ""","="""""
"=""""","=""""","=""5""","=""""","=""4.4379690""","=""""","=""""","=""-0.168142""","=""1.72""","=""                                                                               ""","="""""
"=""""","=""""","=""1""","=""""","=""4.4521433""","=""""","=""""","=""0.014174""","=""2.71""","=""                                                                               ""","="""""
"=""4f8.6s.6p?""","=""*""","=""3""","=""""","=""4.4630628""","=""""","=""""","=""0.010919""","=""1.29""","=""                                                                               ""","="""""
"=""4f7.(8S*).5d2.(3F) (8F*).6p?""","=""9F?""","=""1""","=""""","=""4.4664130""","=""""","=""""","=""0.003350""","=""3.39:""","=""  65                                                                           ""","="""""
"=""4f7.(8S*).5d2.(3F) (8F*).6p?""","=""9F?""","=""2""","=""""","=""4.4680471""","=""""","=""""","=""0.001634""","=""2.16:""","=""  47             :     9                                 (8S*)(3P). (10P*) 9D  ""","="""""
"=""4f7.(8S*).5d2.(3F) (8F*).6p?""","=""9F?""","=""3""","=""""","=""4.4742506""","=""""","=""""","=""0.006204""","=""1.83""","=""  47             :     7                                 (8S*)(3F). (8F*) 9G   ""","="""""
"=""4f7.(8S*).5d2.(3F) (8F*).6p?""","=""9F?""","=""4""","=""""","=""4.4872016""","=""""","=""""","=""0.012951""","=""1.69""","=""  49             :     6                                 (8S*)(3F). (8F*) 9G   ""","="""""
"=""4f7.(8S*).5d2.(3F) (8F*).6p?""","=""9F?""","=""5""","=""""","=""4.5123438""","=""""","=""""","=""0.025142""","=""1.62""","=""  47             :    12                                 (8S*)(3F). (8F*) 9D   ""","="""""
"=""4f7.(8S*).5d2.(3F) (8F*).6p?""","=""9F?""","=""6""","=""""","=""4.5591659""","=""""","=""""","=""0.046822""","=""1.59""","=""  45             :    21                                 (8S*)(3F). (8F*) 9D   ""","="""""
"=""4f7.(8S*).5d2.(3F) (8F*).6p?""","=""9F?""","=""7""","=""""","=""4.6299635""","=""""","=""""","=""0.070798""","=""1.55""","=""  72                                                                           ""","="""""
"=""""","=""""","=""5""","=""""","=""4.4709080""","=""""","=""""","=""-0.159056""","=""1.55""","=""                                                                               ""","="""""
"=""""","=""""","=""6""","=""""","=""4.4816729""","=""""","=""""","=""0.010765""","=""1.59""","=""                                                                               ""","="""""
"=""""","=""*""","=""4""","=""""","=""4.4856794""","=""""","=""""","=""0.004007""","=""1.69:""","=""                                                                               ""","="""""
"=""""","=""*""","=""3""","=""""","=""4.4860831""","=""""","=""""","=""0.000404""","=""1.78:""","=""                                                                               ""","="""""
"=""4f7.(8S*).5d2.6p?""","=""""","=""2""","=""""","=""4.4886746""","=""""","=""""","=""0.002592""","=""2.30""","=""                                                                               ""","="""""
"=""4f8.6s.6p?""","=""*""","=""2""","=""""","=""4.4967153""","=""""","=""""","=""0.008041""","=""0.97""","=""                                                                               ""","="""""
"=""4f8.6s.6p?""","=""7G*""","=""1""","=""""","=""4.5080764""","=""""","=""""","=""0.011361""","=""-0.41""","=""                                                                               ""","="""""
"=""4f8.6s.6p?""","=""*""","=""4""","=""""","=""4.5113365""","=""""","=""""","=""0.003260""","=""1.52""","=""                                                                               ""","="""""
"=""4f8.6s.6p?""","=""*""","=""3""","=""""","=""4.5349666""","=""""","=""""","=""0.023630""","=""1.46""","=""                                                                               ""","="""""
"=""""","=""*""","=""4""","=""""","=""4.5398946""","=""""","=""""","=""0.004928""","=""1.51""","=""                                                                               ""","="""""
"=""4f8.6s.6p?""","=""*""","=""5""","=""""","=""4.5445131""","=""""","=""""","=""0.004618""","=""1.58""","=""                                                                               ""","="""""
"=""4f7.(8S*).5d2.6p?""","=""9D?""","=""2""","=""""","=""4.5688605""","=""""","=""""","=""0.024347""","=""2.65""","=""                                                                               ""","="""""
"=""4f7.(8S*).5d2.6p?""","=""9D?""","=""3""","=""""","=""4.5817183""","=""""","=""""","=""0.012858""","=""1.98""","=""                                                                               ""","="""""
"=""4f7.(8S*).5d2.6p?""","=""9D?""","=""4""","=""""","=""4.5985838""","=""""","=""""","=""0.016865""","=""1.84""","=""                                                                               ""","="""""
"=""4f7.(8S*).5d2.6p?""","=""9D?""","=""5""","=""""","=""4.6220495""","=""""","=""""","=""0.023466""","=""1.74""","=""                                                                               ""","="""""
"=""4f7.(8S*).5d2.6p?""","=""9D?""","=""6""","=""""","=""4.6877815""","=""""","=""""","=""0.065732""","=""1.62""","=""                                                                               ""","="""""
"=""4f8.6s.6p?""","=""*""","=""5""","=""""","=""4.5692033""","=""""","=""""","=""-0.118578""","=""1.56""","=""                                                                               ""","="""""
"=""4f8.6s.6p?""","=""*""","=""2""","=""""","=""4.5745018""","=""""","=""""","=""0.005299""","=""1.41""","=""                                                                               ""","="""""
"=""4f8.6s.6p?""","=""*""","=""4""","=""""","=""4.5925241""","=""""","=""""","=""0.018022""","=""1.44""","=""                                                                               ""","="""""
"=""4f8.6s.6p?""","=""*""","=""4""","=""""","=""4.6027567""","=""""","=""""","=""0.010233""","=""1.58""","=""                                                                               ""","="""""
"=""4f8.6s.6p?""","=""*""","=""3""","=""""","=""4.6141891""","=""""","=""""","=""0.011432""","=""1.39""","=""                                                                               ""","="""""
"=""4f8.6s.6p?""","=""*""","=""1""","=""""","=""4.6179886""","=""""","=""""","=""0.003800""","=""1.04""","=""                                                                               ""","="""""
"=""""","=""*""","=""3""","=""""","=""4.6182289""","=""""","=""""","=""0.000240""","=""1.60""","=""                                                                               ""","="""""
"=""""","=""""","=""3""","=""""","=""4.6227191""","=""""","=""""","=""0.004490""","=""2.29""","=""                                                                               ""","="""""
"=""4f7.(8S*).5d3.(2G)""","=""7G*""","=""6""","=""""","=""4.6232050""","=""""","=""""","=""0.000486""","=""1.47""","=""                                                                               ""","="""""
"=""""","=""9D*?""","=""2""","=""""","=""""","=""""","=""""","=""""","=""""","=""                                                                               ""","="""""
"=""""","=""9D*?""","=""3""","=""""","=""4.6263117""","=""""","=""""","=""""","=""2.07""","=""                                                                               ""","="""""
"=""""","=""9D*?""","=""4""","=""""","=""4.6548987""","=""""","=""""","=""0.028587""","=""1.80""","=""                                                                               ""","="""""
"=""""","=""9D*?""","=""5""","=""""","=""4.7000536""","=""""","=""""","=""0.045155""","=""1.68""","=""                                                                               ""","="""""
"=""""","=""9D*?""","=""6""","=""""","=""4.7144743""","=""""","=""""","=""0.014421""","=""1.65""","=""                                                                               ""","="""""
"=""""","=""""","=""3""","=""""","=""4.6351571""","=""""","=""""","=""-0.079317""","=""2.13""","=""                                                                               ""","="""""
"=""4f7.(8S*).5d3.(2F)""","=""9F*""","=""5""","=""""","=""""","=""""","=""""","=""""","=""""","=""                                                                               ""","="""""
"=""4f7.(8S*).5d3.(2F)""","=""9F*""","=""6""","=""""","=""""","=""""","=""""","=""""","=""""","=""                                                                               ""","="""""
"=""4f7.(8S*).5d3.(2F)""","=""9F*""","=""7""","=""""","=""""","=""""","=""""","=""""","=""""","=""                                                                               ""","="""""
"=""4f7.(8S*).5d3.(2F)""","=""9F*""","=""1""","=""""","=""4.6351753""","=""""","=""""","=""""","=""3.58:""","=""                                                                               ""","="""""
"=""4f7.(8S*).5d3.(2F)""","=""9F*""","=""4""","=""""","=""4.6449214""","=""""","=""""","=""0.009746""","=""1.60""","=""  85                                                                           ""","="""""
"=""4f7.(8S*).5d3.(2F)""","=""9F*""","=""2""","=""""","=""4.6531003""","=""""","=""""","=""0.008179""","=""2.07:""","=""  87                                                                           ""","="""""
"=""4f7.(8S*).5d3.(2F)""","=""9F*""","=""3""","=""""","=""4.6554062""","=""""","=""""","=""0.002306""","=""1.80:""","=""  88                                                                           ""","="""""
"=""""","=""""","=""4""","=""""","=""4.6372188""","=""""","=""""","=""-0.018187""","=""1.87""","=""                                                                               ""","="""""
"=""4f8.6s.6p?""","=""*""","=""2""","=""""","=""4.6390659""","=""""","=""""","=""0.001847""","=""1.51""","=""                                                                               ""","="""""
"=""""","=""*""","=""2""","=""""","=""4.6400413""","=""""","=""""","=""0.000975""","=""1.97:""","=""                                                                               ""","="""""
"=""""","=""""","=""5""","=""""","=""4.6401278""","=""""","=""""","=""0.000087""","=""1.67""","=""                                                                               ""","="""""
"=""""","=""""","=""2""","=""""","=""4.6477919""","=""""","=""""","=""0.007664""","=""1.60""","=""                                                                               ""","="""""
"=""""","=""""","=""2""","=""""","=""4.6500980""","=""""","=""""","=""0.002306""","=""2.16""","=""                                                                               ""","="""""
"=""4f8.6s.6p?""","=""*""","=""0""","=""""","=""4.6532627""","=""""","=""""","=""0.003165""","=""""","=""                                                                               ""","="""""
"=""""","=""""","=""3""","=""""","=""4.6545199""","=""""","=""""","=""0.001257""","=""1.58""","=""                                                                               ""","="""""
"=""4f8.6s.6p?""","=""*""","=""1""","=""""","=""4.6549189""","=""""","=""""","=""0.000399""","=""0.29""","=""                                                                               ""","="""""
"=""4f8.6s.6p?""","=""*""","=""3""","=""""","=""4.6624196""","=""""","=""""","=""0.007501""","=""1.82""","=""                                                                               ""","="""""
"=""""","=""*""","=""3""","=""""","=""4.6678195""","=""""","=""""","=""0.005400""","=""1.98""","=""                                                                               ""","="""""
"=""""","=""""","=""4""","=""""","=""4.6694898""","=""""","=""""","=""0.001670""","=""1.70""","=""                                                                               ""","="""""
"=""""","=""*""","=""3""","=""""","=""4.6703864""","=""""","=""""","=""0.000897""","=""2.08""","=""                                                                               ""","="""""
"=""4f7.(8S*).5d3""","=""7P*""","=""4""","=""""","=""4.6745462""","=""""","=""""","=""0.004160""","=""1.74""","=""                                                                               ""","="""""
"=""""","=""*""","=""5""","=""""","=""4.6769427""","=""""","=""""","=""0.002396""","=""1.88""","=""                                                                               ""","="""""
"=""""","=""""","=""5""","=""""","=""4.6995045""","=""""","=""""","=""0.022562""","=""1.63""","=""                                                                               ""","="""""
"=""4f8.6s.6p?""","=""*""","=""2""","=""""","=""4.7006759""","=""""","=""""","=""0.001171""","=""1.89""","=""                                                                               ""","="""""
"=""""","=""*""","=""3""","=""""","=""4.7031479""","=""""","=""""","=""0.002472""","=""1.50""","=""                                                                               ""","="""""
"=""""","=""*""","=""3""","=""""","=""4.7248167""","=""""","=""""","=""0.021669""","=""2.18""","=""                                                                               ""","="""""
"=""4f8.6s.6p?""","=""*""","=""1""","=""""","=""4.7328910""","=""""","=""""","=""0.008074""","=""2.91""","=""                                                                               ""","="""""
"=""""","=""*""","=""6""","=""""","=""4.7418678""","=""""","=""""","=""0.008977""","=""1.64:""","=""                                                                               ""","="""""
"=""""","=""""","=""3""","=""""","=""4.7455652""","=""""","=""""","=""0.003697""","=""2.13""","=""                                                                               ""","="""""
"=""""","=""*""","=""5""","=""""","=""4.7456130""","=""""","=""""","=""0.000048""","=""1.80""","=""                                                                               ""","="""""
"=""""","=""""","=""2""","=""""","=""4.7513225""","=""""","=""""","=""0.005710""","=""2.31""","=""                                                                               ""","="""""
"=""""","=""""","=""6""","=""""","=""4.7545863""","=""""","=""""","=""0.003264""","=""1.48""","=""                                                                               ""","="""""
"=""""","=""*""","=""7""","=""""","=""4.7580523""","=""""","=""""","=""0.003466""","=""1.64""","=""                                                                               ""","="""""
"=""""","=""*""","=""5""","=""""","=""4.7614795""","=""""","=""""","=""0.003427""","=""1.91""","=""                                                                               ""","="""""
"=""""","=""""","=""3""","=""""","=""4.7653289""","=""""","=""""","=""0.003849""","=""1.54""","=""                                                                               ""","="""""
"=""""","=""""","=""4""","=""""","=""4.7728739""","=""""","=""""","=""0.007545""","=""1.86""","=""                                                                               ""","="""""
"=""""","=""11F*?""","=""3""","=""""","=""4.7836272""","=""""","=""""","=""0.010753""","=""2.16""","=""                                                                               ""","="""""
"=""""","=""""","=""6""","=""""","=""4.7841188""","=""""","=""""","=""0.000492""","=""1.73""","=""                                                                               ""","="""""
"=""""","=""11F*?""","=""4""","=""""","=""4.7844709""","=""""","=""""","=""0.000352""","=""1.89""","=""                                                                               ""","="""""
"=""4f7.(8S*).5d2.6p?""","=""7D?""","=""1""","=""""","=""4.7892238""","=""""","=""""","=""0.004753""","=""3.02""","=""                                                                               ""","="""""
"=""4f7.(8S*).5d2.6p?""","=""7D?""","=""2""","=""""","=""4.7944057""","=""""","=""""","=""0.005182""","=""2.04""","=""                                                                               ""","="""""
"=""4f7.(8S*).5d2.6p?""","=""7D?""","=""3""","=""""","=""4.8075704""","=""""","=""""","=""0.013165""","=""1.84""","=""                                                                               ""","="""""
"=""4f7.(8S*).5d2.6p?""","=""7D?""","=""4""","=""""","=""4.8382007""","=""""","=""""","=""0.030630""","=""1.70""","=""                                                                               ""","="""""
"=""4f7.(8S*).5d2.6p?""","=""7D?""","=""5""","=""""","=""4.8592352""","=""""","=""""","=""0.021034""","=""1.57""","=""                                                                               ""","="""""
"=""""","=""""","=""5""","=""""","=""4.7966145""","=""""","=""""","=""-0.062621""","=""1.58""","=""                                                                               ""","="""""
"=""""","=""*""","=""8""","=""""","=""4.7973801""","=""""","=""""","=""0.000766""","=""1.60""","=""                                                                               ""","="""""
"=""""","=""""","=""6""","=""""","=""4.8096648""","=""""","=""""","=""0.012285""","=""1.43""","=""                                                                               ""","="""""
"=""""","=""*""","=""7""","=""""","=""4.8137049""","=""""","=""""","=""0.004040""","=""1.58""","=""                                                                               ""","="""""
"=""4f7.(8S*).5d2.(3F) (6F*).6p?""","=""5F?""","=""1""","=""""","=""4.8375311""","=""""","=""""","=""0.023826""","=""0.05:""","=""                                                                               ""","="""""
"=""4f7.(8S*).5d2.(3F) (6F*).6p?""","=""5F?""","=""2""","=""""","=""4.8388578""","=""""","=""""","=""0.001327""","=""0.76:""","=""                                                                               ""","="""""
"=""4f7.(8S*).5d2.(3F) (6F*).6p?""","=""5F?""","=""3""","=""""","=""4.8408309""","=""""","=""""","=""0.001973""","=""1.14:""","=""                                                                               ""","="""""
"=""4f7.(8S*).5d2.(3F) (6F*).6p?""","=""5F?""","=""4""","=""""","=""4.8452585""","=""""","=""""","=""0.004428""","=""1.39:""","=""                                                                               ""","="""""
"=""4f7.(8S*).5d2.(3F) (6F*).6p?""","=""5F?""","=""5""","=""""","=""4.8495068""","=""""","=""""","=""0.004248""","=""1.53:""","=""                                                                               ""","="""""
"=""""","=""""","=""2""","=""""","=""4.8656272""","=""""","=""""","=""0.016120""","=""2.67""","=""                                                                               ""","="""""
"=""""","=""9P""","=""4""","=""""","=""4.8754383""","=""""","=""""","=""0.009811""","=""1.92""","=""                                                                               ""","="""""
"=""4f7.(8S*).5d2.6p?""","=""9F?""","=""1""","=""""","=""4.8809052""","=""""","=""""","=""0.005467""","=""3.26""","=""                                                                               ""","="""""
"=""4f7.(8S*).5d2.6p?""","=""9F?""","=""2""","=""""","=""4.8882893""","=""""","=""""","=""0.007384""","=""2.04""","=""                                                                               ""","="""""
"=""4f7.(8S*).5d2.6p?""","=""9F?""","=""3""","=""""","=""4.8998301""","=""""","=""""","=""0.011541""","=""1.89""","=""                                                                               ""","="""""
"=""4f7.(8S*).5d2.6p?""","=""9F?""","=""4""","=""""","=""4.9129433""","=""""","=""""","=""0.013113""","=""1.69""","=""                                                                               ""","="""""
"=""4f7.(8S*).5d2.6p?""","=""9F?""","=""5""","=""""","=""4.9333461""","=""""","=""""","=""0.020403""","=""1.60""","=""                                                                               ""","="""""
"=""4f7.(8S*).5d2.6p?""","=""9F?""","=""6""","=""""","=""4.9530999""","=""""","=""""","=""0.019754""","=""1.57""","=""                                                                               ""","="""""
"=""4f7.(8S*).5d2.6p?""","=""9F?""","=""7""","=""""","=""4.9883832""","=""""","=""""","=""0.035283""","=""1.49""","=""                                                                               ""","="""""
"=""""","=""""","=""3""","=""""","=""4.8854941""","=""""","=""""","=""-0.102889""","=""2.00""","=""                                                                               ""","="""""
"=""4f7.(8S*).5d (7D*).6s.(8D*).7s""","=""9D*""","=""5""","=""""","=""""","=""""","=""""","=""""","=""""","=""  63                                                                           ""","="""""
"=""4f7.(8S*).5d (7D*).6s.(8D*).7s""","=""9D*""","=""3""","=""""","=""""","=""""","=""""","=""""","=""""","=""  54                                                                           ""","="""""
"=""4f7.(8S*).5d (7D*).6s.(8D*).7s""","=""9D*""","=""6""","=""""","=""4.8922193""","=""""","=""""","=""""","=""1.66""","=""  69                                                                           ""","="""""
"=""4f7.(8S*).5d (7D*).6s.(8D*).7s""","=""9D*""","=""4""","=""""","=""4.9748750""","=""""","=""""","=""0.082656""","=""1.72""","=""  50                                                                           ""","="""""
"=""4f7.(8S*).5d (7D*).6s.(8D*).7s""","=""9D*""","=""2""","=""""","=""5.0154439""","=""""","=""""","=""0.040569""","=""2.00""","=""  71                                                                           ""","="""""
"=""""","=""""","=""5""","=""""","=""4.9090093""","=""""","=""""","=""-0.106435""","=""1.72""","=""                                                                               ""","="""""
"=""""","=""""","=""7""","=""""","=""4.9104320""","=""""","=""""","=""0.001423""","=""1.54""","=""                                                                               ""","="""""
"=""""","=""""","=""6""","=""""","=""4.9108163""","=""""","=""""","=""0.000384""","=""1.65""","=""                                                                               ""","="""""
"=""""","=""""","=""3""","=""""","=""4.9182525""","=""""","=""""","=""0.007436""","=""1.94""","=""                                                                               ""","="""""
"=""""","=""*""","=""7""","=""""","=""4.9352249""","=""""","=""""","=""0.016972""","=""1.52""","=""                                                                               ""","="""""
"=""""","=""""","=""4""","=""""","=""4.9369324""","=""""","=""""","=""0.001708""","=""1.68""","=""                                                                               ""","="""""
"=""""","=""*""","=""3""","=""""","=""4.9450540""","=""""","=""""","=""0.008122""","=""2.23""","=""                                                                               ""","="""""
"=""4f7.(8S*).5d (7D*).6s.(6D*).7s""","=""*""","=""4""","=""""","=""4.9466847""","=""""","=""""","=""0.001631""","=""1.71""","=""  41  7D*                                                                      ""","="""""
"=""""","=""""","=""4""","=""""","=""4.9516866""","=""""","=""""","=""0.005002""","=""1.63:""","=""                                                                               ""","="""""
"=""""","=""""","=""5""","=""""","=""4.9558188""","=""""","=""""","=""0.004132""","=""1.54""","=""                                                                               ""","="""""
"=""""","=""*""","=""6""","=""""","=""4.9644823""","=""""","=""""","=""0.008663""","=""1.62""","=""                                                                               ""","="""""
"=""""","=""*""","=""5""","=""""","=""4.9665708""","=""""","=""""","=""0.002089""","=""1.69""","=""                                                                               ""","="""""
"=""""","=""*""","=""3""","=""""","=""4.9691432""","=""""","=""""","=""0.002572""","=""1.85""","=""                                                                               ""","="""""
"=""4f7.(8S*).5d2.6p?""","=""9H?""","=""8""","=""""","=""4.9751385""","=""""","=""""","=""0.005995""","=""1.45""","=""                                                                               ""","="""""
"=""""","=""*""","=""5""","=""""","=""4.9783962""","=""""","=""""","=""0.003258""","=""1.87""","=""                                                                               ""","="""""
"=""""","=""""","=""6""","=""""","=""4.9793133""","=""""","=""""","=""0.000917""","=""1.49""","=""                                                                               ""","="""""
"=""""","=""""","=""5""","=""""","=""4.9842317""","=""""","=""""","=""0.004918""","=""1.64:""","=""                                                                               ""","="""""
"=""""","=""*""","=""5""","=""""","=""4.9946319""","=""""","=""""","=""0.010400""","=""1.77""","=""                                                                               ""","="""""
"=""""","=""""","=""5""","=""""","=""5.0003342""","=""""","=""""","=""0.005702""","=""1.44""","=""                                                                               ""","="""""
"=""""","=""""","=""6""","=""""","=""5.0067987""","=""""","=""""","=""0.006464""","=""1.54""","=""                                                                               ""","="""""
"=""""","=""""","=""4""","=""""","=""5.0079127""","=""""","=""""","=""0.001114""","=""1.47""","=""                                                                               ""","="""""
"=""4f8.(7F).6s (8F).7s""","=""9F""","=""5""","=""""","=""""","=""""","=""""","=""""","=""""","=""                                                                               ""","="""""
"=""4f8.(7F).6s (8F).7s""","=""9F""","=""4""","=""""","=""""","=""""","=""""","=""""","=""""","=""                                                                               ""","="""""
"=""4f8.(7F).6s (8F).7s""","=""9F""","=""3""","=""""","=""""","=""""","=""""","=""""","=""""","=""                                                                               ""","="""""
"=""4f8.(7F).6s (8F).7s""","=""9F""","=""2""","=""""","=""""","=""""","=""""","=""""","=""""","=""                                                                               ""","="""""
"=""4f8.(7F).6s (8F).7s""","=""9F""","=""1""","=""""","=""""","=""""","=""""","=""""","=""""","=""                                                                               ""","="""""
"=""4f8.(7F).6s (8F).7s""","=""9F""","=""7""","=""""","=""5.0138606""","=""""","=""""","=""""","=""1.55""","=""                                                                               ""","="""""
"=""4f8.(7F).6s (8F).7s""","=""9F""","=""6""","=""""","=""5.0919331""","=""""","=""""","=""0.078073""","=""1.52""","=""                                                                               ""","="""""
"=""""","=""""","=""9""","=""""","=""5.0152358""","=""""","=""""","=""-0.076697""","=""1.44""","=""                                                                               ""","="""""
"=""""","=""""","=""5""","=""""","=""5.0168666""","=""""","=""""","=""0.001631""","=""1.59""","=""                                                                               ""","="""""
"=""""","=""""","=""4""","=""""","=""5.0198295""","=""""","=""""","=""0.002963""","=""1.72""","=""                                                                               ""","="""""
"=""""","=""""","=""4""","=""""","=""5.0281166""","=""""","=""""","=""0.008287""","=""1.21:""","=""                                                                               ""","="""""
"=""""","=""*""","=""3""","=""""","=""5.0323905""","=""""","=""""","=""0.004274""","=""2.29""","=""                                                                               ""","="""""
"=""""","=""""","=""6""","=""""","=""5.0378103""","=""""","=""""","=""0.005420""","=""1.60""","=""                                                                               ""","="""""
"=""""","=""""","=""3""","=""""","=""5.0442860""","=""""","=""""","=""0.006476""","=""1.34""","=""                                                                               ""","="""""
"=""""","=""""","=""5""","=""""","=""5.0471450""","=""""","=""""","=""0.002859""","=""1.70""","=""                                                                               ""","="""""
"=""""","=""""","=""2""","=""""","=""5.0568487""","=""""","=""""","=""0.009704""","=""2.32:""","=""                                                                               ""","="""""
"=""""","=""""","=""3""","=""""","=""5.0589502""","=""""","=""""","=""0.002102""","=""1.90""","=""                                                                               ""","="""""
"=""""","=""""","=""5""","=""""","=""5.0667259""","=""""","=""""","=""0.007776""","=""1.41""","=""                                                                               ""","="""""
"=""""","=""*""","=""5""","=""""","=""5.0702805""","=""""","=""""","=""0.003555""","=""1.56""","=""                                                                               ""","="""""
"=""""","=""""","=""4""","=""""","=""5.0788496""","=""""","=""""","=""0.008569""","=""1.89""","=""                                                                               ""","="""""
"=""""","=""*""","=""4""","=""""","=""5.0860187""","=""""","=""""","=""0.007169""","=""1.83""","=""                                                                               ""","="""""
"=""""","=""""","=""7""","=""""","=""5.0954102""","=""""","=""""","=""0.009391""","=""1.47""","=""                                                                               ""","="""""
"=""""","=""""","=""4""","=""""","=""5.0991552""","=""""","=""""","=""0.003745""","=""1.55""","=""                                                                               ""","="""""
"=""""","=""""","=""5""","=""""","=""5.1020632""","=""""","=""""","=""0.002908""","=""1.57""","=""                                                                               ""","="""""
"=""""","=""*""","=""6""","=""""","=""5.1097137""","=""""","=""""","=""0.007651""","=""1.61""","=""                                                                               ""","="""""
"=""""","=""""","=""1""","=""""","=""5.1119999""","=""""","=""""","=""0.002286""","=""1.63""","=""                                                                               ""","="""""
"=""""","=""""","=""5""","=""""","=""5.1184595""","=""""","=""""","=""0.006460""","=""1.38""","=""                                                                               ""","="""""
"=""""","=""""","=""4""","=""""","=""5.1200719""","=""""","=""""","=""0.001612""","=""1.75""","=""                                                                               ""","="""""
"=""""","=""*""","=""4""","=""""","=""5.1292849""","=""""","=""""","=""0.009213""","=""1.99""","=""                                                                               ""","="""""
"=""""","=""""","=""8""","=""""","=""5.1405498""","=""""","=""""","=""0.011265""","=""1.41""","=""                                                                               ""","="""""
"=""""","=""""","=""6""","=""""","=""5.1607685""","=""""","=""""","=""0.020219""","=""1.40""","=""                                                                               ""","="""""
"=""""","=""""","=""5""","=""""","=""5.1658279""","=""""","=""""","=""0.005059""","=""1.46""","=""                                                                               ""","="""""
"=""""","=""""","=""5""","=""""","=""5.1691684""","=""""","=""""","=""0.003341""","=""1.89""","=""                                                                               ""","="""""
"=""""","=""*""","=""6""","=""""","=""5.1719736""","=""""","=""""","=""0.002805""","=""1.58""","=""                                                                               ""","="""""
"=""""","=""7G*""","=""1""","=""""","=""5.1929219""","=""""","=""""","=""0.020948""","=""-0.41""","=""                                                                               ""","="""""
"=""""","=""*""","=""2""","=""""","=""5.2051975""","=""""","=""""","=""0.012276""","=""0.80""","=""                                                                               ""","="""""
"=""""","=""*""","=""3""","=""""","=""5.2201216""","=""""","=""""","=""0.014924""","=""1.17""","=""                                                                               ""","="""""
"=""""","=""*""","=""2""","=""""","=""5.2281166""","=""""","=""""","=""0.007995""","=""2.38""","=""                                                                               ""","="""""
"=""""","=""*""","=""6""","=""""","=""5.2338468""","=""""","=""""","=""0.005730""","=""1.51""","=""                                                                               ""","="""""
"=""""","=""*""","=""7""","=""""","=""5.2795688""","=""""","=""""","=""0.045722""","=""1.51""","=""                                                                               ""","="""""
"=""""","=""*""","=""4""","=""""","=""5.3114114""","=""""","=""""","=""0.031843""","=""2.03""","=""                                                                               ""","="""""
"=""4f7.(8S*).5d.6s.8s?""","=""9D*""","=""6""","=""""","=""5.4508289""","=""""","=""""","=""0.139418""","=""1.60""","=""                                                                               ""","="""""
"=""Gd II (4f7.5d.6s 10D*<5/2>)""","=""Limit""","=""---""","=""""","=""6.14980""","=""""","=""0.00004""","=""""","=""""","=""                                                                               ""","=""L11798"""
