Configuration,Term,J,Prefix,Level (eV),Suffix,Uncertainty (eV),Splitting,Lande,Leading percentages,Reference
"=""4f4.(5I).6s""","=""6I""","=""7/2""","=""""","=""0.0000000""","=""""","=""0""","=""""","=""0.445""","=""  98                or  :                  (5I<4>) (4,1/2) ""","=""L3974"""
"=""4f4.(5I).6s""","=""6I""","=""9/2""","=""""","=""0.0636448""","=""""","=""""","=""0.0636448""","=""0.805""","=""  70                or  :                  (5I<4>) (4,1/2) ""","="""""
"=""4f4.(5I).6s""","=""6I""","=""11/2""","=""""","=""0.1822698""","=""""","=""""","=""0.118625""","=""1.025""","=""  80                or  :                  (5I<5>) (5,1/2) ""","="""""
"=""4f4.(5I).6s""","=""6I""","=""13/2""","=""""","=""0.3205562""","=""""","=""""","=""0.138286""","=""1.150""","=""  87                or  :                  (5I<6>) (6,1/2) ""","="""""
"=""4f4.(5I).6s""","=""6I""","=""15/2""","=""""","=""0.4713792""","=""""","=""""","=""0.150823""","=""1.235""","=""  93                or  :                  (5I<7>) (7,1/2) ""","="""""
"=""4f4.(5I).6s""","=""6I""","=""17/2""","=""""","=""0.6305390""","=""""","=""""","=""0.159160""","=""1.295""","=""  97                or  :                  (5I<8>) (8,1/2) ""","="""""
"=""4f4.(5I).6s""","=""4I""","=""9/2""","=""""","=""0.2045993""","=""""","=""""","=""-0.425940""","=""0.755""","=""  70                or  :                  (5I<5>) (5,1/2) ""","="""""
"=""4f4.(5I).6s""","=""4I""","=""11/2""","=""""","=""0.3802292""","=""""","=""""","=""0.175630""","=""0.980""","=""  80                or  :                  (5I<6>) (6,1/2) ""","="""""
"=""4f4.(5I).6s""","=""4I""","=""13/2""","=""""","=""0.5594781""","=""""","=""""","=""0.179249""","=""1.110""","=""  87                or  :                  (5I<7>) (7,1/2) ""","="""""
"=""4f4.(5I).6s""","=""4I""","=""15/2""","=""""","=""0.7421173""","=""""","=""""","=""0.182639""","=""1.205""","=""  92                or  :                  (5I<8>) (8,1/2) ""","="""""
"=""4f4.(5I).5d""","=""6L""","=""11/2""","=""""","=""0.5501873""","=""""","=""""","=""-0.191930""","=""0.620""","=""  96                    :     1            (3H4) 4K        ""","="""""
"=""4f4.(5I).5d""","=""6L""","=""13/2""","=""""","=""0.6803825""","=""""","=""""","=""0.130195""","=""0.850""","=""  97                    :     1            (3H4) 4K        ""","="""""
"=""4f4.(5I).5d""","=""6L""","=""15/2""","=""""","=""0.8229364""","=""""","=""""","=""0.142554""","=""1.000""","=""  98                    :     1            (5I) 6K         ""","="""""
"=""4f4.(5I).5d""","=""6L""","=""17/2""","=""""","=""0.9756205""","=""""","=""""","=""0.152684""","=""1.110""","=""  98                    :     1            (3K2) 4M        ""","="""""
"=""4f4.(5I).5d""","=""6L""","=""19/2""","=""""","=""1.1364652""","=""""","=""""","=""0.160845""","=""1.180""","=""  98                    :     1            (3K2) 4M        ""","="""""
"=""4f4.(5I).5d""","=""6L""","=""21/2""","=""""","=""1.3039158""","=""""","=""""","=""0.167451""","=""1.240""","=""  97                    :     2            (3K2) 4M        ""","="""""
"=""4f4.(5I).5d""","=""6K""","=""9/2""","=""""","=""0.7445586""","=""""","=""""","=""-0.559357""","=""0.550""","=""  95                    :     2            (5I) 4I         ""","="""""
"=""4f4.(5I).5d""","=""6K""","=""11/2""","=""""","=""0.8594337""","=""""","=""""","=""0.114875""","=""0.840""","=""  96                    :     1            (5I) 4I         ""","="""""
"=""4f4.(5I).5d""","=""6K""","=""13/2""","=""""","=""0.9856837""","=""""","=""""","=""0.126250""","=""1.015""","=""  96                    :     1            (5I) 6I         ""","="""""
"=""4f4.(5I).5d""","=""6K""","=""15/2""","=""""","=""1.1211594""","=""""","=""""","=""0.135476""","=""1.130""","=""  96                    :     1            (5I) 4L         ""","="""""
"=""4f4.(5I).5d""","=""6K""","=""17/2""","=""""","=""1.2639947""","=""""","=""""","=""0.142835""","=""1.200""","=""  95                    :     2            (5I) 4L         ""","="""""
"=""4f4.(5I).5d""","=""6K""","=""19/2""","=""""","=""1.4124515""","=""""","=""""","=""0.148457""","=""1.250""","=""  93                    :     3            (5I) 4L         ""","="""""
"=""4f4.(5I).5d""","=""6I""","=""7/2""","=""""","=""0.9329482""","=""""","=""""","=""-0.479503""","=""0.480""","=""  82                    :    13            (5I) 4H         ""","="""""
"=""4f4.(5I).5d""","=""6I""","=""9/2""","=""""","=""1.0439866""","=""""","=""""","=""0.111038""","=""0.840""","=""  90                    :     6            (5I) 4H         ""","="""""
"=""4f4.(5I).5d""","=""6I""","=""11/2""","=""""","=""1.1602330""","=""""","=""""","=""0.116246""","=""1.035""","=""  93                    :     1            (5G) 6I         ""","="""""
"=""4f4.(5I).5d""","=""6I""","=""13/2""","=""""","=""1.2816371""","=""""","=""""","=""0.121404""","=""1.140""","=""  92                    :     2            (5I) 4K         ""","="""""
"=""4f4.(5I).5d""","=""6I""","=""15/2""","=""""","=""1.4101312""","=""""","=""""","=""0.128494""","=""1.230""","=""  90                    :     4            (5I) 4K         ""","="""""
"=""4f4.(5I).5d""","=""6I""","=""17/2""","=""""","=""1.5448425""","=""""","=""""","=""0.134711""","=""1.280""","=""  88                    :     5            (5I) 4K         ""","="""""
"=""4f3.(4I*).5d2.(3F)""","=""6M*""","=""13/2""","=""""","=""0.9930899""","=""""","=""""","=""-0.551753""","=""0.675""","=""  95                    :     1  4f3.5d.6s                 ""","="""""
"=""4f3.(4I*).5d2.(3F)""","=""6M*""","=""15/2""","=""""","=""1.1714256""","=""""","=""""","=""0.178336""","=""0.865""","=""  97                                                       ""","="""""
"=""4f3.(4I*).5d2.(3F)""","=""6M*""","=""17/2""","=""""","=""1.3614135""","=""""","=""""","=""0.189988""","=""0.990""","=""  98                                                       ""","="""""
"=""4f3.(4I*).5d2.(3F)""","=""6M*""","=""19/2""","=""""","=""1.5623007""","=""""","=""""","=""0.200887""","=""1.090""","=""  98                                                       ""","="""""
"=""4f3.(4I*).5d2.(3F)""","=""6M*""","=""21/2""","=""""","=""1.7728866""","=""""","=""""","=""0.210586""","=""1.160""","=""  99                                                       ""","="""""
"=""4f3.(4I*).5d2.(3F)""","=""6M*""","=""23/2""","=""""","=""1.9916927""","=""""","=""""","=""0.218806""","=""1.220""","="" 100                                                       ""","="""""
"=""4f4.(5I).5d""","=""6G""","=""3/2""","=""""","=""1.0807014""","=""""","=""""","=""-0.910991""","=""0.010""","=""  91                    :     5            (5F) 6G         ""","="""""
"=""4f4.(5I).5d""","=""6G""","=""5/2""","=""""","=""1.0906103""","=""""","=""""","=""0.009909""","=""0.760""","=""  58                    :    30            (5I) 4G         ""","="""""
"=""4f4.(5I).5d""","=""6G""","=""7/2""","=""""","=""1.1404556""","=""""","=""""","=""0.049845""","=""0.925""","=""  40                    :    26            (5I) 4H         ""","="""""
"=""4f4.(5I).5d""","=""6G""","=""9/2""","=""""","=""1.3493510""","=""""","=""""","=""0.208895""","=""1.140""","=""  43                    :    23            (5I) 4H         ""","="""""
"=""4f4.(5I).5d""","=""6G""","=""11/2""","=""""","=""1.4904562""","=""""","=""""","=""0.141105""","=""1.157""","=""  40                    :    19            (5I) 6H         ""","="""""
"=""4f4.(5I).5d""","=""6G""","=""13/2""","=""""","=""1.5292496""","=""""","=""""","=""0.038793""","=""1.325""","=""  52                    :    22            (5I) 4H         ""","="""""
"=""4f4.(5I).5d""","=""6H""","=""5/2""","=""""","=""1.1995267""","=""""","=""""","=""-0.329723""","=""0.455""","=""  57                    :    21            (5I) 6G         ""","="""""
"=""4f4.(5I).5d""","=""6H""","=""7/2""","=""""","=""1.3225122""","=""""","=""""","=""0.122985""","=""0.845""","=""  61                    :    12            (5I) 4G         ""","="""""
"=""4f4.(5I).5d""","=""6H""","=""9/2""","=""""","=""1.4518072""","=""""","=""""","=""0.129295""","=""1.050""","=""  66                    :    13            (5I) 4H         ""","="""""
"=""4f4.(5I).5d""","=""6H""","=""11/2""","=""""","=""1.5977949""","=""""","=""""","=""0.145988""","=""1.165""","=""  50                    :    25            (5I) 4H         ""","="""""
"=""4f4.(5I).5d""","=""6H""","=""13/2""","=""""","=""1.6488510""","=""""","=""""","=""0.051056""","=""1.285""","=""  46                    :    30            (5I) 6G         ""","="""""
"=""4f4.(5I).5d""","=""6H""","=""15/2""","=""""","=""1.7955354""","=""""","=""""","=""0.146684""","=""1.333""","=""  91                    :     3            (5I) 4I         ""","="""""
"=""4f4.(5I).5d""","=""""","=""9/2""","=""""","=""1.2246124""","=""""","=""""","=""-0.570923""","=""1.096""","=""  34  6G                :    33            (5I) 4H         ""","="""""
"=""4f4.(5I).5d""","=""""","=""7/2""","=""""","=""1.2285154""","=""""","=""""","=""0.003903""","=""0.850""","=""  36  4H                :    29            (5I) 6G         ""","="""""
"=""4f3.(4I*).5d (5K*).6s""","=""6L*""","=""11/2""","=""""","=""1.2465613""","=""""","=""""","=""0.018046""","=""0.620""","=""  92                                                       ""","="""""
"=""4f3.(4I*).5d (5K*).6s""","=""6L*""","=""13/2""","=""""","=""1.3383214""","=""""","=""""","=""0.091760""","=""0.825""","=""  61                                                       ""","="""""
"=""4f3.(4I*).5d (5K*).6s""","=""6L*""","=""13/2""","=""""","=""1.4913390""","=""""","=""""","=""0.153018""","=""0.825""","=""  31                                                       ""","="""""
"=""4f3.(4I*).5d (5K*).6s""","=""6L*""","=""15/2""","=""""","=""1.5201213""","=""""","=""""","=""0.028782""","=""0.990""","=""  71                                                       ""","="""""
"=""4f3.(4I*).5d (5K*).6s""","=""6L*""","=""17/2""","=""""","=""1.7248211""","=""""","=""""","=""0.204700""","=""1.100""","=""  80                                                       ""","="""""
"=""4f3.(4I*).5d (5K*).6s""","=""6L*""","=""19/2""","=""""","=""1.9450399""","=""""","=""""","=""0.220219""","=""1.180""","=""  88                                                       ""","="""""
"=""4f3.(4I*).5d (5K*).6s""","=""6L*""","=""21/2""","=""""","=""2.1764351""","=""""","=""""","=""0.231395""","=""1.240""","=""  96                                                       ""","="""""
"=""4f3.(4I*).5d (5K*).6s""","=""6K*""","=""9/2""","=""""","=""1.2511692""","=""""","=""""","=""-0.925266""","=""0.565""","=""  89                                                       ""","="""""
"=""4f3.(4I*).5d (5K*).6s""","=""6K*""","=""11/2""","=""""","=""1.3291472""","=""""","=""""","=""0.077978""","=""0.775""","=""  38                                                       ""","="""""
"=""4f3.(4I*).5d (5K*).6s""","=""6K*""","=""13/2""","=""""","=""1.5024907""","=""""","=""""","=""0.173344""","=""0.980""","=""  49                                                       ""","="""""
"=""4f3.(4I*).5d (5K*).6s""","=""6K*""","=""15/2""","=""""","=""1.6882532""","=""""","=""""","=""0.185762""","=""1.120""","=""  79                                                       ""","="""""
"=""4f3.(4I*).5d (5K*).6s""","=""6K*""","=""17/2""","=""""","=""1.8815978""","=""""","=""""","=""0.193345""","=""1.200""","=""  87                                                       ""","="""""
"=""4f3.(4I*).5d (5K*).6s""","=""6K*""","=""19/2""","=""""","=""2.0842134""","=""""","=""""","=""0.202616""","=""1.255""","=""  91                                                       ""","="""""
"=""4f4.(5F).6s""","=""6F""","=""1/2""","=""""","=""1.2715869""","=""""","=""""","=""-0.812626""","=""-0.650""","=""  96                    :     3            (3D1) 4D        ""","="""""
"=""4f4.(5F).6s""","=""6F""","=""3/2""","=""""","=""1.2942989""","=""""","=""""","=""0.022712""","=""1.060""","=""  92                    :     4            (5F) 4F         ""","="""""
"=""4f4.(5F).6s""","=""6F""","=""5/2""","=""""","=""1.3373897""","=""""","=""""","=""0.043091""","=""1.300""","=""  88                    :     6            (5F) 4F         ""","="""""
"=""4f4.(5F).6s""","=""6F""","=""7/2""","=""""","=""1.4106383""","=""""","=""""","=""0.073249""","=""1.390""","=""  91                    :     5            (5F) 4F         ""","="""""
"=""4f4.(5F).6s""","=""6F""","=""9/2""","=""""","=""1.4986162""","=""""","=""""","=""0.087978""","=""1.430""","=""  91                    :     3            (5F) 4F         ""","="""""
"=""4f4.(5F).6s""","=""6F""","=""11/2""","=""""","=""1.6178215""","=""""","=""""","=""0.119205""","=""1.450""","=""  94                    :     3            (3G2) 4G        ""","="""""
"=""4f4.(5I).5d""","=""4G""","=""5/2""","=""""","=""1.3498463""","=""""","=""""","=""-0.267975""","=""0.520""","=""  43                    :    35            (5I) 6H         ""","="""""
"=""4f4.(5I).5d""","=""4G""","=""7/2""","=""""","=""1.5153572""","=""""","=""""","=""0.165511""","=""0.957""","=""  57                    :    15            (5I) 6H         ""","="""""
"=""4f4.(5I).5d""","=""4G""","=""9/2""","=""""","=""1.6990082""","=""""","=""""","=""0.183651""","=""1.110""","=""  57                    :    10            (5I) 4H         ""","="""""
"=""4f4.(5I).5d""","=""4G""","=""11/2""","=""""","=""1.8781126""","=""""","=""""","=""0.179104""","=""1.230""","=""  67                    :     8            (5I) 4H         ""","="""""
"=""4f4.(5I).5d""","=""""","=""11/2""","=""""","=""1.3566345""","=""""","=""""","=""-0.521478""","=""1.230""","=""  39  6G                :    31            (5I) 4H         ""","="""""
"=""4f3.(4I*).5d2.(3F)""","=""6L*""","=""11/2""","=""""","=""1.3747077""","=""""","=""""","=""0.018073""","=""0.690""","=""  59                    :    36  4f3.5d.6s                 ""","="""""
"=""4f3.(4I*).5d2.(3F)""","=""6L*""","=""13/2""","=""""","=""1.5283569""","=""""","=""""","=""0.153649""","=""0.865""","=""  55                    :    39  4f3.5d.6s                 ""","="""""
"=""4f3.(4I*).5d2.(3F)""","=""6L*""","=""15/2""","=""""","=""1.6681119""","=""""","=""""","=""0.139755""","=""1.000""","=""  75                    :    12  4f3.5d.6s                 ""","="""""
"=""4f3.(4I*).5d2.(3F)""","=""6L*""","=""17/2""","=""""","=""1.8479696""","=""""","=""""","=""0.179858""","=""1.100""","=""  78                    :     7  4f3.5d.6s                 ""","="""""
"=""4f3.(4I*).5d2.(3F)""","=""6L*""","=""19/2""","=""""","=""2.0435311""","=""""","=""""","=""0.195561""","=""1.180""","=""  81                    :     5  4f3.5d.6s                 ""","="""""
"=""4f3.(4I*).5d2.(3F)""","=""6L*""","=""21/2""","=""""","=""2.2517303""","=""""","=""""","=""0.208199""","=""1.230""","=""  92                    :     2  4f3.5d.6s                 ""","="""""
"=""4f3.(4I*).5d2.(3F)""","=""6K*""","=""9/2""","=""""","=""1.4022966""","=""""","=""""","=""-0.849434""","=""0.585""","=""  77                    :     4  4f3.5d.6s                 ""","="""""
"=""4f3.(4I*).5d2.(3F)""","=""6K*""","=""11/2""","=""""","=""1.5487213""","=""""","=""""","=""0.146425""","=""0.840""","=""  46                    :    36  4f3.5d.6s                 ""","="""""
"=""4f3.(4I*).5d2.(3F)""","=""6K*""","=""13/2""","=""""","=""1.6880653""","=""""","=""""","=""0.139344""","=""1.005""","=""  76                    :    10  4f3.5d.6s                 ""","="""""
"=""4f3.(4I*).5d2.(3F)""","=""6K*""","=""15/2""","=""""","=""1.8466467""","=""""","=""""","=""0.158581""","=""1.110""","=""  76                    :     7  4f3.5d.6s                 ""","="""""
"=""4f3.(4I*).5d2.(3F)""","=""6K*""","=""17/2""","=""""","=""2.0241170""","=""""","=""""","=""0.177470""","=""1.190""","=""  75                    :     4  4f3.5d.6s                 ""","="""""
"=""4f3.(4I*).5d2.(3F)""","=""6K*""","=""19/2""","=""""","=""2.2179143""","=""""","=""""","=""0.193797""","=""1.230""","=""  81                    :     4  4f3.5d.6s                 ""","="""""
"=""4f4.(5F).6s""","=""4F""","=""3/2""","=""""","=""1.4184691""","=""""","=""""","=""-0.799445""","=""0.430""","=""  92                    :     3            (5F) 6F         ""","="""""
"=""4f4.(5F).6s""","=""4F""","=""5/2""","=""""","=""1.4991140""","=""""","=""""","=""0.080645""","=""1.055""","=""  88                    :     6            (5F) 6F         ""","="""""
"=""4f4.(5F).6s""","=""4F""","=""7/2""","=""""","=""1.5967987""","=""""","=""""","=""0.097685""","=""1.230""","=""  88                    :     4            (5F) 6F         ""","="""""
"=""4f4.(5F).6s""","=""4F""","=""9/2""","=""""","=""1.7322589""","=""""","=""""","=""0.135460""","=""1.325""","=""  91                    :     3            (5F) 6F         ""","="""""
"=""4f4.(5I).5d""","=""4L""","=""13/2""","=""""","=""1.4358443""","=""""","=""""","=""-0.296415""","=""0.805""","=""  84                    :     5            (3K2) 4L        ""","="""""
"=""4f4.(5I).5d""","=""4L""","=""15/2""","=""""","=""1.6002101""","=""""","=""""","=""0.164366""","=""0.970""","=""  84                    :     5            (3K2) 4L        ""","="""""
"=""4f4.(5I).5d""","=""4L""","=""17/2""","=""""","=""1.7731978""","=""""","=""""","=""0.172988""","=""1.074""","=""  82                    :     5            (3K2) 4L        ""","="""""
"=""4f4.(5I).5d""","=""4L""","=""19/2""","=""""","=""1.9526538""","=""""","=""""","=""0.179456""","=""1.160""","=""  80                    :     5            (5I) 6K         ""","="""""
"=""4f4.(5S).6s""","=""6S""","=""5/2""","=""""","=""1.4566693""","=""""","=""""","=""-0.495985""","=""1.980""","=""  94                    :     4            (3P2) 4P        ""","="""""
"=""4f3.(4I*).5d2.(3F)""","=""6I*""","=""7/2""","=""""","=""1.5166603""","=""""","=""""","=""0.059991""","=""0.520""","=""  49                    :    25  4f3.5d.6s                 ""","="""""
"=""4f3.(4I*).5d2.(3F)""","=""6I*""","=""11/2""","=""""","=""1.7478902""","=""""","=""""","=""0.231230""","=""1.005""","=""  32                    :    33  4f3.5d.6s                 ""","="""""
"=""4f3.(4I*).5d2.(3F)""","=""6I*""","=""15/2""","=""""","=""2.0705355""","=""""","=""""","=""0.322645""","=""1.210""","=""  60                    :     5  4f3.5d.6s                 ""","="""""
"=""4f3.(4I*).5d2.(3F)""","=""6I*""","=""17/2""","=""""","=""2.2529671""","=""""","=""""","=""0.182432""","=""1.260""","=""  60                    :    20  4f3.5d.6s                 ""","="""""
"=""4f4.(5I).5d""","=""4K""","=""11/2""","=""""","=""1.5220567""","=""""","=""""","=""-0.730910""","=""0.870""","=""  67                    :    14            (5I) 6H         ""","="""""
"=""4f4.(5I).5d""","=""4K""","=""13/2""","=""""","=""1.6859204""","=""""","=""""","=""0.163864""","=""1.010""","=""  68                    :    11            (5I) 6H         ""","="""""
"=""4f4.(5I).5d""","=""4K""","=""15/2""","=""""","=""1.8545060""","=""""","=""""","=""0.168586""","=""1.090""","=""  52                    :    20  (3K2).6s  4K              ""","="""""
"=""4f4.(5I).5d""","=""4K""","=""17/2""","=""""","=""2.0204130""","=""""","=""""","=""0.165907""","=""1.170""","=""  46                    :    20  (5I).5d   4K              ""","="""""
"=""4f3.5d.6s""","=""*""","=""11/2""","=""""","=""1.5288919""","=""""","=""""","=""-0.491521""","=""0.790""","=""  39                    :     4  4f3.5d2   6K              ""","="""""
"=""4f4.(5S).6s""","=""4S""","=""3/2""","=""""","=""1.5805022""","=""""","=""""","=""0.051610""","=""1.980""","=""  95                    :     3            (3P2) 2P        ""","="""""
"=""4f3.5d.6s""","=""6I*""","=""7/2""","=""""","=""1.5946128""","=""""","=""""","=""0.014111""","=""0.470""","=""  67                                                       ""","="""""
"=""4f3.5d.6s""","=""6I*""","=""11/2""","=""""","=""1.7810312""","=""""","=""""","=""0.186418""","=""1.005""","=""  41                                                       ""","="""""
"=""4f3.5d.6s""","=""6I*""","=""13/2""","=""""","=""1.8969179""","=""""","=""""","=""0.115887""","=""1.095""","=""  31                                                       ""","="""""
"=""4f3.5d.6s""","=""6I*""","=""15/2""","=""""","=""2.2970962""","=""""","=""""","=""0.400178""","=""1.150""","=""  23                                                       ""","="""""
"=""4f3.5d.6s""","=""6I*""","=""17/2""","=""""","=""2.3014251""","=""""","=""""","=""0.004329""","=""1.230""","=""  53                                                       ""","="""""
"=""4f3.(4I*).5d (5K*).6s""","=""6I*""","=""9/2""","=""""","=""1.6196887""","=""""","=""""","=""-0.681736""","=""0.805""","=""  20                    :    53  4f3.5d.6s 6I              ""","=""L22195"""
"=""4f4.(5I).5d""","=""4I""","=""9/2""","=""""","=""1.6423158""","=""""","=""""","=""0.022627""","=""0.815""","=""  66                    :    12            (5I) 4G         ""","="""""
"=""4f4.(5I).5d""","=""4I""","=""11/2""","=""""","=""1.8132410""","=""""","=""""","=""0.170925""","=""1.008""","=""  66                    :     8            (5I) 4G         ""","="""""
"=""4f4.(5I).5d""","=""4I""","=""13/2""","=""""","=""1.9742326""","=""""","=""""","=""0.160992""","=""1.115""","=""  69                    :    12            (5I) 4H         ""","="""""
"=""4f4.(5I).5d""","=""4I""","=""15/2""","=""""","=""2.1079204""","=""""","=""""","=""0.133688""","=""1.195""","=""  76                    :     2            (5I) 4K         ""","="""""
"=""4f3.5d.6s""","=""*""","=""9/2""","=""""","=""1.6815214""","=""""","=""""","=""-0.426399""","=""0.820""","=""  50                    :    38  4f3.5d2   6I              ""","="""""
"=""""","=""*""","=""11/2""","=""""","=""1.6998506""","=""""","=""""","=""0.018329""","=""0.860""","=""                                                           ""","="""""
"=""4f3.5d.6s""","=""6H*""","=""5/2""","=""""","=""1.7115045""","=""""","=""""","=""0.011654""","=""0.360""","=""  49                                                       ""","="""""
"=""4f3.5d.6s""","=""6H*""","=""9/2""","=""""","=""1.8614008""","=""""","=""""","=""0.149896""","=""0.945""","=""  32                                                       ""","="""""
"=""4f3.5d.6s""","=""6H*""","=""11/2""","=""""","=""2.0446160""","=""""","=""""","=""0.183215""","=""1.105""","=""  29                                                       ""","="""""
"=""4f3.5d.6s""","=""6H*""","=""13/2""","=""""","=""2.2510621""","=""""","=""""","=""0.206446""","=""1.155""","=""  40                                                       ""","="""""
"=""4f3.5d.6s""","=""*""","=""9/2""","=""""","=""1.7217655""","=""""","=""""","=""-0.529297""","=""0.775""","=""  39                    :    29  4f3.5d2   6I              ""","="""""
"=""4f4.(3K2).6s""","=""4K""","=""11/2""","=""""","=""1.7419532""","=""""","=""""","=""0.020188""","=""0.767""","=""  76                    :    21            (3K1) 4K        ""","="""""
"=""4f4.(3K2).6s""","=""4K""","=""13/2""","=""""","=""1.7838103""","=""""","=""""","=""0.041857""","=""0.953""","=""  51                    :    16            (3K2) 2K        ""","="""""
"=""4f4.(3K2).6s""","=""4K""","=""15/2""","=""""","=""1.9041437""","=""""","=""""","=""0.120333""","=""1.073""","=""  40                    :    25  (5I).5d   4K              ""","="""""
"=""4f4.(3K2).6s""","=""4K""","=""17/2""","=""""","=""2.0594457""","=""""","=""""","=""0.155302""","=""1.170""","=""  57                    :    16  (3K2).6s  4K              ""","="""""
"=""4f3.5d2""","=""6I*""","=""7/2""","=""""","=""1.7453900""","=""""","=""""","=""-0.314056""","=""0.705""","=""  22                    :    25  4f3.5d.6s                 ""","="""""
"=""4f3.5d2""","=""6I*""","=""13/2""","=""""","=""1.9211674""","=""""","=""""","=""0.175777""","=""1.125""","=""  50                    :    14  4f3.5d.6s                 ""","="""""
"=""4f3.5d.6s""","=""4K*""","=""13/2""","=""""","=""1.7469547""","=""""","=""""","=""-0.174213""","=""0.950""","=""  26                                                       ""","="""""
"=""4f3.5d.6s""","=""4L*""","=""15/2""","=""""","=""1.7519035""","=""""","=""""","=""0.004949""","=""0.975""","=""  26                                                       ""","="""""
"=""4f3.5d.6s""","=""4L*""","=""17/2""","=""""","=""1.9999705""","=""""","=""""","=""0.248067""","=""1.085""","=""  30                                                       ""","="""""
"=""4f3.5d.6s""","=""4L*""","=""19/2""","=""""","=""2.2623006""","=""""","=""""","=""0.262330""","=""1.165""","=""  33                                                       ""","="""""
"=""4f4.(5I).5d""","=""""","=""13/2""","=""""","=""1.7679378""","=""""","=""""","=""-0.494363""","=""1.223""","=""  43  4H                :    24            (5I) 6H         ""","="""""
"=""""","=""*""","=""9/2""","=""""","=""1.7708177""","=""""","=""""","=""0.002880""","=""0.820""","=""                                                           ""","="""""
"=""4f3.5d.6s""","=""6H*""","=""7/2""","=""""","=""1.7764785""","=""""","=""""","=""0.005661""","=""0.795""","=""  50                                                       ""","="""""
"=""4f3.5d2""","=""6H*""","=""5/2""","=""""","=""1.7962620""","=""""","=""""","=""0.019783""","=""0.320""","=""  62                                                       ""","="""""
"=""4f3.5d.6s""","=""4I*""","=""9/2""","=""""","=""1.8403650""","=""""","=""""","=""0.044103""","=""0.865""","=""  34                                                       ""","="""""
"=""4f3.5d.6s""","=""4I*""","=""13/2""","=""""","=""2.1075008""","=""""","=""""","=""0.267136""","=""1.07""","=""  10                                                       ""","="""""
"=""4f3.5d.6s""","=""4I*""","=""13/2""","=""""","=""2.3697869""","=""""","=""""","=""0.262286""","=""1.085""","=""  28                                                       ""","="""""
"=""4f3.5d.6s""","=""2I*""","=""11/2""","=""""","=""1.8595045""","=""""","=""""","=""-0.510282""","=""0.935""","=""  26                                                       ""","="""""
"=""4f3.5d.6s""","=""2I*""","=""11/2""","=""""","=""2.1309003""","=""""","=""""","=""0.271396""","=""0.925""","=""  17                                                       ""","="""""
"=""4f3.5d2""","=""4L*""","=""13/2""","=""""","=""1.8765244""","=""""","=""""","=""-0.254376""","=""0.875""","=""  32                                                       ""","="""""
"=""4f3.5d2""","=""4L*""","=""15/2""","=""""","=""2.0879286""","=""""","=""""","=""0.211404""","=""1.040""","=""  34                                                       ""","="""""
"=""4f3.5d2""","=""4L*""","=""17/2""","=""""","=""2.3366496""","=""""","=""""","=""0.248721""","=""""","=""  38                                                       ""","="""""
"=""4f3.5d.6s""","=""*""","=""11/2""","=""""","=""1.8770724""","=""""","=""""","=""-0.459577""","=""1.000""","=""  38                    :    44  4f3.5d2   6I              ""","="""""
"=""4f3.5d.6s""","=""*""","=""5/2""","=""""","=""1.8854531""","=""""","=""""","=""0.008381""","=""0.575""","=""  57                    :    20  4f3.5d2   4G              ""","="""""
"=""4f3.5d2""","=""6H*""","=""7/2""","=""""","=""1.9026442""","=""""","=""""","=""0.017191""","=""0.820""","=""  48                                                       ""","="""""
"=""4f4.(3K2).6s""","=""2K""","=""13/2""","=""""","=""1.9115003""","=""""","=""""","=""0.008856""","=""0.920""","=""  53                    :    15            (3K1) 2K        ""","="""""
"=""4f4.(3K2).6s""","=""2K""","=""15/2""","=""""","=""2.0914566""","=""""","=""""","=""0.179956""","=""1.045""","=""  52                    :    12            (3K1) 2K        ""","="""""
"=""4f3.5d.6s""","=""6G*""","=""3/2""","=""""","=""1.9118549""","=""""","=""""","=""-0.179602""","=""0.010""","=""  90                                                       ""","="""""
"=""4f3.5d.6s""","=""6G*""","=""5/2""","=""""","=""1.9362234""","=""""","=""""","=""0.024369""","=""0.770""","=""  55                                                       ""","="""""
"=""4f3.5d.6s""","=""6G*""","=""7/2""","=""""","=""1.9561477""","=""""","=""""","=""0.019924""","=""1.010""","=""  47                                                       ""","="""""
"=""4f3.5d.6s""","=""6G*""","=""7/2""","=""""","=""2.2051217""","=""""","=""""","=""0.248974""","=""1.005""","=""  26                                                       ""","="""""
"=""4f3.5d.6s""","=""6G*""","=""11/2""","=""""","=""2.2128706""","=""""","=""""","=""0.007749""","=""1.230""","=""  41                                                       ""","="""""
"=""4f3.5d2""","=""6H*""","=""9/2""","=""""","=""1.9208556""","=""""","=""""","=""-0.292015""","=""0.975""","=""   4                                                       ""","="""""
"=""4f3.5d2""","=""6H*""","=""11/2""","=""""","=""2.0131395""","=""""","=""""","=""0.092284""","=""0.935""","=""  22                                                       ""","="""""
"=""4f3.5d2""","=""6H*""","=""11/2""","=""""","=""2.0681240""","=""""","=""""","=""0.054985""","=""1.080""","=""  25                                                       ""","="""""
"=""4f3.5d2""","=""6H*""","=""11/2""","=""""","=""2.6664705""","=""""","=""""","=""0.598346""","=""1.080""","=""  44                                                       ""","="""""
"=""4f3.5d.6s""","=""4K*""","=""15/2""","=""""","=""1.9792447""","=""""","=""""","=""-0.687226""","=""1.075""","=""  26                                                       ""","="""""
"=""4f3.5d.6s""","=""4K*""","=""17/2""","=""""","=""2.2246454""","=""""","=""""","=""0.245401""","=""1.190""","=""  26                                                       ""","="""""
"=""""","=""*""","=""15/2""","=""""","=""1.9977757""","=""""","=""""","=""-0.226870""","=""1.130""","=""                                                           ""","="""""
"=""4f3.5d.6s""","=""4H*""","=""7/2""","=""""","=""2.0016765""","=""""","=""""","=""0.003901""","=""0.855""","=""  19                                                       ""","="""""
"=""4f3.5d.6s""","=""6G*""","=""9/2""","=""""","=""2.0076482""","=""""","=""""","=""0.005972""","=""1.090""","=""  23                                                       ""","="""""
"=""4f3.5d2""","=""6K*""","=""9/2""","=""""","=""2.0301284""","=""""","=""""","=""0.022480""","=""0.620""","=""  93                    :     1  4f3.5d.6s                 ""","="""""
"=""4f3.5d2""","=""6K*""","=""11/2""","=""""","=""2.1828639""","=""""","=""""","=""0.152735""","=""0.855""","=""  78                    :    12  4f3.5d.6s                 ""","="""""
"=""4f3.5d2""","=""6K*""","=""13/2""","=""""","=""2.3255865""","=""""","=""""","=""0.142723""","=""1.030""","=""  69                    :    24  4f3.5d.6s                 ""","="""""
"=""4f3.5d2""","=""6K*""","=""15/2""","=""""","=""2.4419612""","=""""","=""""","=""0.116375""","=""1.110""","=""  48                    :    31  4f3.5d.6s                 ""","="""""
"=""4f3.5d2""","=""6G*""","=""3/2""","=""""","=""2.0468179""","=""""","=""""","=""-0.395143""","=""0.150""","=""  72                                                       ""","="""""
"=""4f3.5d2""","=""6G*""","=""5/2""","=""""","=""2.0672288""","=""""","=""""","=""0.020411""","=""0.885""","=""  35                                                       ""","="""""
"=""4f3.5d2""","=""6G*""","=""7/2""","=""""","=""2.1041718""","=""""","=""""","=""0.036943""","=""0.995""","=""  27                                                       ""","="""""
"=""4f3.5d2""","=""6G*""","=""11/2""","=""""","=""2.2766270""","=""""","=""""","=""0.172455""","=""1.175""","=""  13                                                       ""","="""""
"=""4f3.5d2""","=""6G*""","=""13/2""","=""""","=""2.5284612""","=""""","=""""","=""0.251834""","=""1.242""","=""  43                                                       ""","="""""
"=""4f3.5d2""","=""*""","=""9/2""","=""""","=""2.0538609""","=""""","=""""","=""-0.474600""","=""0.885""","=""  41                    :    14  4f3.5d.6s 4H              ""","="""""
"=""4f3.5d.6s""","=""6I*""","=""13/2""","=""""","=""2.0545105""","=""""","=""""","=""0.000650""","=""1.150""","=""  29                                                       ""","="""""
"=""4f3.5d2""","=""*""","=""7/2""","=""""","=""2.0658470""","=""""","=""""","=""0.011337""","=""0.900""","=""  43                    :    20  4f3.5d.6s 4H              ""","="""""
"=""4f3.5d.6s""","=""*""","=""9/2""","=""""","=""2.0848135""","=""""","=""""","=""0.018966""","=""0.960""","=""  24                    :    19  4f3.5d2   2H              ""","="""""
"=""4f3.5d2""","=""4K*""","=""11/2""","=""""","=""2.0850708""","=""""","=""""","=""0.000257""","=""0.870""","=""  50                                                       ""","="""""
"=""4f3.5d2""","=""*""","=""5/2""","=""""","=""2.0991566""","=""""","=""""","=""0.014086""","=""1.045""","=""                                                           ""","="""""
"=""4f3.5d2""","=""*""","=""3/2""","=""""","=""2.1021831""","=""""","=""""","=""0.003026""","=""""","=""                                                           ""","="""""
"=""4f3.5d2""","=""4H*""","=""7/2""","=""""","=""2.1326875""","=""""","=""""","=""0.030504""","=""0.825""","=""  28                                                       ""","="""""
"=""""","=""*""","=""9/2""","=""""","=""2.1519750""","=""""","=""""","=""0.019288""","=""1.045""","=""                                                           ""","="""""
"=""""","=""*""","=""13/2""","=""""","=""2.1654231""","=""""","=""""","=""0.013448""","=""1.045""","=""  22  4f3.5d2 6H        :    38  4f3.5d.6s                 ""","="""""
"=""""","=""4K*""","=""17/2""","=""""","=""2.1752463""","=""""","=""""","=""0.009823""","=""1.205""","=""                                                           ""","="""""
"=""4f3.5d2""","=""*""","=""9/2""","=""""","=""2.2155363""","=""""","=""""","=""0.040290""","=""0.915""","=""                                                           ""","="""""
"=""4f3.5d2""","=""6H*""","=""13/2""","=""""","=""2.2326994""","=""""","=""""","=""0.017163""","=""1.205""","=""  30                                                       ""","="""""
"=""4f3.5d.6s""","=""4G*""","=""9/2""","=""""","=""2.2371579""","=""""","=""""","=""0.004459""","=""1.160""","=""  18                                                       ""","="""""
"=""4f3.5d2""","=""*""","=""7/2""","=""""","=""2.2467059""","=""""","=""""","=""0.009548""","=""1.075""","=""  40                    :    14  4f3.5d.6s 4G              ""","="""""
"=""4f3.5d2""","=""*""","=""5/2""","=""""","=""2.2756791""","=""""","=""""","=""0.028973""","=""0.340""","=""                                                           ""","="""""
"=""4f3.5d2""","=""*""","=""5/2""","=""""","=""2.2875525""","=""""","=""""","=""0.011873""","=""""","=""                                                           ""","="""""
"=""4f3.5d.6s""","=""*""","=""11/2""","=""""","=""2.3191870""","=""""","=""""","=""0.031635""","=""1.110""","=""  50                    :    18  4f3.5d2   4H              ""","="""""
"=""4f3.5d2""","=""6K*""","=""9/2""","=""""","=""2.3347712""","=""""","=""""","=""0.015584""","=""1.090""","=""  42                    :    15  4f3.5d.6s 4H              ""","="""""
"=""4f3.5d2""","=""*""","=""7/2""","=""""","=""2.3589302""","=""""","=""""","=""0.024159""","=""0.985""","=""                                                           ""","="""""
"=""4f3.5d2""","=""6H*""","=""15/2""","=""""","=""2.3844926""","=""""","=""""","=""0.025562""","=""1.235""","=""  33                                                       ""","="""""
"=""4f3.5d2""","=""*""","=""9/2""","=""""","=""2.4183521""","=""""","=""""","=""0.033859""","=""""","=""                                                           ""","="""""
"=""4f3.5d.6s""","=""*""","=""9/2""","=""""","=""2.4423189""","=""""","=""""","=""0.023967""","=""1.145""","=""                                                           ""","="""""
"=""""","=""*""","=""11/2""","=""""","=""2.4428619""","=""""","=""""","=""0.000543""","=""0.965""","=""                                                           ""","="""""
"=""4f3.5d2""","=""*""","=""9/2""","=""""","=""2.4497467""","=""""","=""""","=""0.006885""","=""1.060""","=""                                                           ""","="""""
"=""4f3.5d2""","=""*""","=""11/2""","=""""","=""2.4836093""","=""""","=""""","=""0.033863""","=""""","=""                                                           ""","="""""
"=""4f3.5d.6s""","=""4G*""","=""9/2""","=""""","=""2.4869358""","=""""","=""""","=""0.003327""","=""1.152""","=""  29                                                       ""","="""""
"=""4f3.5d.6s""","=""6K*""","=""15/2""","=""""","=""2.5166077""","=""""","=""""","=""0.029672""","=""1.152""","=""  54                    :    35  4f3.5d2   4M              ""","="""""
"=""""","=""*""","=""11/2""","=""""","=""2.5562802""","=""""","=""""","=""0.039672""","=""1.175""","=""  29  4f3.5d2 6F        :    43  4f3.5d.6s                 ""","="""""
"=""""","=""*""","=""13/2""","=""""","=""2.5598937""","=""""","=""""","=""0.003614""","=""1.153""","=""  73  4f3.5d2 6I        :     8  4f3.5d.6s                 ""","="""""
"=""4f3.5d2""","=""4I*""","=""9/2""","=""""","=""2.5630726""","=""""","=""""","=""0.003179""","=""0.780""","=""                                                           ""","="""""
"=""4f3.5d2""","=""4H*""","=""7/2""","=""""","=""2.5825946""","=""""","=""""","=""0.019522""","=""0.690""","=""                                                           ""","="""""
"=""4f3.5d2""","=""4K*""","=""11/2""","=""""","=""2.5921773""","=""""","=""""","=""0.009583""","=""0.890""","=""  31                                                       ""","="""""
"=""4f3.5d2""","=""*""","=""9/2""","=""""","=""2.6099411""","=""""","=""""","=""0.017764""","=""1.070""","=""                                                           ""","="""""
"=""4f3.5d.6s""","=""6H*""","=""5/2""","=""""","=""2.6335577""","=""""","=""""","=""0.023617""","=""0.310""","=""  74                                                       ""","="""""
"=""""","=""*""","=""7/2""","=""""","=""2.6398399""","=""""","=""""","=""0.006282""","=""0.825""","=""                                                           ""","="""""
"=""4f3.5d2""","=""*""","=""7/2""","=""""","=""2.6546567""","=""""","=""""","=""0.014817""","=""0.895""","=""                                                           ""","="""""
"=""4f3.5d2""","=""6K*""","=""17/2""","=""""","=""2.6941215""","=""""","=""""","=""0.039465""","=""1.195""","=""  65                                                       ""","="""""
"=""""","=""*""","=""13/2""","=""""","=""2.7116014""","=""""","=""""","=""0.017480""","=""1.095""","=""                                                           ""","="""""
"=""""","=""*""","=""7/2""","=""""","=""2.7117216""","=""""","=""""","=""0.000120""","=""0.630""","=""                                                           ""","="""""
"=""""","=""4H*""","=""9/2""","=""""","=""2.7174919""","=""""","=""""","=""0.005770""","=""0.940""","=""                                                           ""","="""""
"=""""","=""*""","=""9/2""","=""""","=""2.7509180""","=""""","=""""","=""0.033426""","=""0.980""","=""                                                           ""","="""""
"=""""","=""*""","=""11/2""","=""""","=""2.7540294""","=""""","=""""","=""0.003111""","=""1.195""","=""                                                           ""","="""""
"=""""","=""*""","=""9/2""","=""""","=""2.7720468""","=""""","=""""","=""0.018017""","=""1.080""","=""                                                           ""","="""""
"=""""","=""*""","=""7/2""","=""""","=""2.7759864""","=""""","=""""","=""0.003940""","=""0.755""","=""                                                           ""","="""""
"=""""","=""*""","=""9/2""","=""""","=""2.7841414""","=""""","=""""","=""0.008155""","=""1.000""","=""                                                           ""","="""""
"=""4f3.5d2""","=""4K*""","=""13/2""","=""""","=""2.7993357""","=""""","=""""","=""0.015194""","=""0.995""","=""  37                                                       ""","="""""
"=""""","=""*""","=""9/2""","=""""","=""2.8099419""","=""""","=""""","=""0.010606""","=""0.870""","=""                                                           ""","="""""
"=""4f3.5d2""","=""4I*""","=""11/2""","=""""","=""2.8140532""","=""""","=""""","=""0.004111""","=""0.965""","=""                                                           ""","="""""
"=""""","=""*""","=""7/2""","=""""","=""2.8331065""","=""""","=""""","=""0.019053""","=""0.755""","=""                                                           ""","="""""
"=""""","=""*""","=""11/2""","=""""","=""2.8674365""","=""""","=""""","=""0.034330""","=""1.105""","=""                                                           ""","="""""
"=""""","=""*""","=""11/2""","=""""","=""2.8714703""","=""""","=""""","=""0.004034""","=""1.065""","=""                                                           ""","="""""
"=""4f3.5d.6s""","=""*""","=""9/2""","=""""","=""2.8728515""","=""""","=""""","=""0.001381""","=""1.080""","=""                                                           ""","="""""
"=""""","=""*""","=""7/2""","=""""","=""2.8761573""","=""""","=""""","=""0.003306""","=""1.015""","=""                                                           ""","="""""
"=""4f4.(5I).6p""","=""6K*""","=""9/2""","=""""","=""2.8801504""","=""""","=""""","=""0.003993""","=""0.780""","=""                                                           ""","="""""
"=""4f4.(5I).6p""","=""6K*""","=""11/2""","=""""","=""3.0308408""","=""""","=""""","=""0.150690""","=""0.915""","=""                                                           ""","="""""
"=""4f4.(5I).6p""","=""6K*""","=""13/2""","=""""","=""3.1646310""","=""""","=""""","=""0.133790""","=""1.030""","=""                                                           ""","="""""
"=""4f4.(5I).6p""","=""6K*""","=""15/2""","=""""","=""3.3367576""","=""""","=""""","=""0.172127""","=""1.130""","=""                                                           ""","="""""
"=""4f4.(5I).6p""","=""6K*""","=""17/2""","=""""","=""3.5235032""","=""""","=""""","=""0.186746""","=""1.200""","=""                                                           ""","="""""
"=""4f4.(5I).6p""","=""6K*""","=""19/2""","=""""","=""3.7198124""","=""""","=""""","=""0.196309""","=""1.260""","=""                                                           ""","="""""
"=""4f3.5d2""","=""6K*""","=""19/2""","=""""","=""2.8878970""","=""""","=""""","=""-0.831915""","=""1.245""","=""  91                                                       ""","="""""
"=""""","=""*""","=""11/2""","=""""","=""2.8985416""","=""""","=""""","=""0.010645""","=""1.035""","=""                                                           ""","="""""
"=""""","=""*""","=""7/2""","=""""","=""2.9009035""","=""""","=""""","=""0.002362""","=""0.845""","=""                                                           ""","="""""
"=""""","=""*""","=""9/2""","=""""","=""2.9024100""","=""""","=""""","=""0.001507""","=""1.010""","=""                                                           ""","="""""
"=""""","=""*""","=""11/2""","=""""","=""2.9085385""","=""""","=""""","=""0.006128""","=""1.030""","=""                                                           ""","="""""
"=""4f3.5d.6s""","=""*""","=""15/2""","=""""","=""2.9115606""","=""""","=""""","=""0.003022""","=""1.215""","=""                                                           ""","="""""
"=""""","=""*""","=""9/2""","=""""","=""2.9182632""","=""""","=""""","=""0.006703""","=""0.945""","=""                                                           ""","="""""
"=""""","=""*""","=""7/2""","=""""","=""2.9305823""","=""""","=""""","=""0.012319""","=""1.130""","=""                                                           ""","="""""
"=""""","=""*""","=""5/2""","=""""","=""2.9392550""","=""""","=""""","=""0.008673""","=""0.785""","=""                                                           ""","="""""
"=""4f3.5d2""","=""*""","=""15/2""","=""""","=""2.9430706""","=""""","=""""","=""0.003816""","=""1.060""","=""                                                           ""","="""""
"=""""","=""*""","=""9/2""","=""""","=""2.9472321""","=""""","=""""","=""0.004161""","=""1.010""","=""                                                           ""","="""""
"=""""","=""*""","=""13/2""","=""""","=""2.9510954""","=""""","=""""","=""0.003863""","=""1.075""","=""                                                           ""","="""""
"=""""","=""*""","=""11/2""","=""""","=""2.9579226""","=""""","=""""","=""0.006827""","=""1.010""","=""                                                           ""","="""""
"=""""","=""*""","=""13/2""","=""""","=""2.9745551""","=""""","=""""","=""0.016633""","=""1.070""","=""                                                           ""","="""""
"=""""","=""*""","=""9/2""","=""""","=""2.9760795""","=""""","=""""","=""0.001524""","=""1.050""","=""                                                           ""","="""""
"=""""","=""*""","=""9/2""","=""""","=""2.9822341""","=""""","=""""","=""0.006155""","=""0.965""","=""                                                           ""","="""""
"=""""","=""*""","=""7/2""","=""""","=""2.9917759""","=""""","=""""","=""0.009542""","=""1.194""","=""                                                           ""","="""""
"=""""","=""*""","=""11/2""","=""""","=""2.9922446""","=""""","=""""","=""0.000469""","=""1.020""","=""                                                           ""","="""""
"=""""","=""*""","=""13/2""","=""""","=""3.0057756""","=""""","=""""","=""0.013531""","=""1.165""","=""                                                           ""","="""""
"=""""","=""*""","=""7/2""","=""""","=""3.0148022""","=""""","=""""","=""0.009027""","=""1.135""","=""                                                           ""","="""""
"=""""","=""*""","=""9/2""","=""""","=""3.0154501""","=""""","=""""","=""0.000648""","=""0.90""","=""                                                           ""","="""""
"=""""","=""*""","=""13/2""","=""""","=""3.0275348""","=""""","=""""","=""0.012085""","=""1.130""","=""                                                           ""","="""""
"=""""","=""*""","=""7/2""","=""""","=""3.0336485""","=""""","=""""","=""0.006114""","=""0.945""","=""                                                           ""","="""""
"=""""","=""4K*""","=""15/2""","=""""","=""3.0434972""","=""""","=""""","=""0.009849""","=""1.120""","=""                                                           ""","="""""
"=""""","=""*""","=""9/2""","=""""","=""3.0462632""","=""""","=""""","=""0.002766""","=""1.185""","=""                                                           ""","="""""
"=""""","=""*""","=""11/2""","=""""","=""3.0606386""","=""""","=""""","=""0.014375""","=""1.122""","=""                                                           ""","="""""
"=""""","=""4I*""","=""13/2""","=""""","=""3.0650189""","=""""","=""""","=""0.004380""","=""1.050""","=""                                                           ""","="""""
"=""4f3.5d.6s""","=""*""","=""9/2""","=""""","=""3.0744833""","=""""","=""""","=""0.009464""","=""0.975""","=""                                                           ""","="""""
"=""""","=""*""","=""11/2""","=""""","=""3.0801227""","=""""","=""""","=""0.005639""","=""0.975""","=""                                                           ""","="""""
"=""""","=""*""","=""7/2""","=""""","=""3.0889237""","=""""","=""""","=""0.008801""","=""0.860""","=""                                                           ""","="""""
"=""""","=""*""","=""13/2""","=""""","=""3.0940511""","=""""","=""""","=""0.005127""","=""1.130""","=""                                                           ""","="""""
"=""""","=""*""","=""11/2""","=""""","=""3.1014536""","=""""","=""""","=""0.007402""","=""1.120""","=""                                                           ""","="""""
"=""4f4.(5I).6p""","=""6I*""","=""7/2""","=""""","=""3.1051402""","=""""","=""""","=""0.003687""","=""0.820""","=""                                                           ""","="""""
"=""4f4.(5I).6p""","=""6I*""","=""9/2""","=""""","=""3.2083589""","=""""","=""""","=""0.103219""","=""0.950""","=""                                                           ""","="""""
"=""4f4.(5I).6p""","=""6I*""","=""11/2""","=""""","=""3.3193149""","=""""","=""""","=""0.110956""","=""1.020""","=""                                                           ""","="""""
"=""4f4.(5I).6p""","=""6I*""","=""13/2""","=""""","=""3.4398412""","=""""","=""""","=""0.120526""","=""1.080""","=""                                                           ""","="""""
"=""4f4.(5I).6p""","=""6I*""","=""15/2""","=""""","=""3.5777990""","=""""","=""""","=""0.137958""","=""1.160""","=""                                                           ""","="""""
"=""4f4.(5I).6p""","=""6I*""","=""17/2""","=""""","=""3.7501215""","=""""","=""""","=""0.172322""","=""1.220""","=""                                                           ""","="""""
"=""""","=""*""","=""11/2""","=""""","=""3.1096297""","=""""","=""""","=""-0.640492""","=""0.990""","=""                                                           ""","="""""
"=""4f3.5d.6s""","=""*""","=""15/2""","=""""","=""3.1145240""","=""""","=""""","=""0.004894""","=""1.165""","=""                                                           ""","="""""
"=""""","=""*""","=""7/2""","=""""","=""3.1167830""","=""""","=""""","=""0.002259""","=""1.200""","=""                                                           ""","="""""
"=""4f3.5d.6s""","=""*""","=""9/2""","=""""","=""3.1232178""","=""""","=""""","=""0.006435""","=""1.150""","=""                                                           ""","="""""
"=""""","=""*""","=""11/2""","=""""","=""3.1245140""","=""""","=""""","=""0.001296""","=""1.140""","=""                                                           ""","="""""
"=""""","=""*""","=""5/2""","=""""","=""3.1266366""","=""""","=""""","=""0.002123""","=""1.345""","=""                                                           ""","="""""
"=""""","=""*""","=""15/2""","=""""","=""3.1288243""","=""""","=""""","=""0.002188""","=""1.110""","=""                                                           ""","="""""
"=""4f3.5d2""","=""*""","=""17/2""","=""""","=""3.1350719""","=""""","=""""","=""0.006248""","=""1.185""","=""                                                           ""","="""""
"=""""","=""*""","=""7/2""","=""""","=""3.1362150""","=""""","=""""","=""0.001143""","=""1.035""","=""                                                           ""","="""""
"=""""","=""*""","=""11/2""","=""""","=""3.1432927""","=""""","=""""","=""0.007078""","=""1.150""","=""                                                           ""","="""""
"=""""","=""*""","=""15/2""","=""""","=""3.1434489""","=""""","=""""","=""0.000156""","=""1.190""","=""                                                           ""","="""""
"=""""","=""*""","=""9/2""","=""""","=""3.1478602""","=""""","=""""","=""0.004411""","=""1.030""","=""                                                           ""","="""""
"=""""","=""*""","=""13/2""","=""""","=""3.1485316""","=""""","=""""","=""0.000671""","=""1.138""","=""                                                           ""","="""""
"=""""","=""*""","=""11/2""","=""""","=""3.1592742""","=""""","=""""","=""0.010743""","=""0.975""","=""                                                           ""","="""""
"=""""","=""*""","=""7/2""","=""""","=""3.1639633""","=""""","=""""","=""0.004689""","=""1.170""","=""                                                           ""","="""""
"=""""","=""*""","=""11/2""","=""""","=""3.1691837""","=""""","=""""","=""0.005220""","=""1.360""","=""                                                           ""","="""""
"=""""","=""*""","=""7/2""","=""""","=""3.1800552""","=""""","=""""","=""0.010871""","=""1.220""","=""                                                           ""","="""""
"=""""","=""*""","=""17/2""","=""""","=""3.1837146""","=""""","=""""","=""0.003659""","=""1.135""","=""                                                           ""","="""""
"=""""","=""*""","=""5/2""","=""""","=""3.1919752""","=""""","=""""","=""0.008261""","=""1.200""","=""                                                           ""","="""""
"=""""","=""*""","=""9/2""","=""""","=""3.1952606""","=""""","=""""","=""0.003285""","=""0.985""","=""                                                           ""","="""""
"=""""","=""*""","=""7/2""","=""""","=""3.2042930""","=""""","=""""","=""0.009032""","=""1.125""","=""                                                           ""","="""""
"=""""","=""*""","=""11/2""","=""""","=""3.2078610""","=""""","=""""","=""0.003568""","=""1.175""","=""                                                           ""","="""""
"=""4f4.(5I).6p""","=""6H*""","=""5/2""","=""""","=""3.2082827""","=""""","=""""","=""0.000422""","=""0.655""","=""                                                           ""","="""""
"=""4f4.(5I).6p""","=""6H*""","=""7/2""","=""""","=""3.3029490""","=""""","=""""","=""0.094666""","=""0.970""","=""                                                           ""","="""""
"=""4f4.(5I).6p""","=""6H*""","=""9/2""","=""""","=""3.4002666""","=""""","=""""","=""0.097318""","=""1.170""","=""                                                           ""","="""""
"=""4f4.(5I).6p""","=""6H*""","=""11/2""","=""""","=""3.5069687""","=""""","=""""","=""0.106702""","=""1.085""","=""                                                           ""","="""""
"=""4f4.(5I).6p""","=""6H*""","=""13/2""","=""""","=""3.6493825""","=""""","=""""","=""0.142414""","=""1.215""","=""                                                           ""","="""""
"=""4f4.(5I).6p""","=""6H*""","=""15/2""","=""""","=""3.8072175""","=""""","=""""","=""0.157835""","=""1.205""","=""                                                           ""","="""""
"=""""","=""*""","=""13/2""","=""""","=""3.2134696""","=""""","=""""","=""-0.593748""","=""1.228""","=""                                                           ""","="""""
"=""""","=""*""","=""15/2""","=""""","=""3.2274916""","=""""","=""""","=""0.014022""","=""1.145""","=""                                                           ""","="""""
"=""""","=""*""","=""5/2""","=""""","=""3.2286967""","=""""","=""""","=""0.001205""","=""0.940""","=""                                                           ""","="""""
"=""""","=""4I*""","=""15/2""","=""""","=""3.2304281""","=""""","=""""","=""0.001731""","=""1.160""","=""                                                           ""","="""""
"=""""","=""*""","=""9/2""","=""""","=""3.2370210""","=""""","=""""","=""0.006593""","=""1.055""","=""                                                           ""","="""""
"=""""","=""*""","=""5/2""","=""""","=""3.2379744""","=""""","=""""","=""0.000953""","=""1.235""","=""                                                           ""","="""""
"=""""","=""*""","=""5/2""","=""""","=""3.2447681""","=""""","=""""","=""0.006794""","=""1.250""","=""                                                           ""","="""""
"=""""","=""*""","=""11/2""","=""""","=""3.2462138""","=""""","=""""","=""0.001446""","=""1.020""","=""                                                           ""","="""""
"=""""","=""*""","=""7/2""","=""""","=""3.2492297""","=""""","=""""","=""0.003016""","=""0.925""","=""                                                           ""","="""""
"=""""","=""*""","=""13/2""","=""""","=""3.2497176""","=""""","=""""","=""0.000488""","=""1.105""","=""                                                           ""","="""""
"=""""","=""*""","=""9/2""","=""""","=""3.2517447""","=""""","=""""","=""0.002027""","=""1.050""","=""                                                           ""","="""""
"=""""","=""*""","=""11/2""","=""""","=""3.2575720""","=""""","=""""","=""0.005827""","=""1.025""","=""                                                           ""","="""""
"=""""","=""*""","=""7/2""","=""""","=""3.2598548""","=""""","=""""","=""0.002283""","=""1.215""","=""                                                           ""","="""""
"=""4f3.5d.6s""","=""*""","=""13/2""","=""""","=""3.2642578""","=""""","=""""","=""0.004403""","=""1.083""","=""                                                           ""","="""""
"=""""","=""*""","=""7/2""","=""""","=""3.2693455""","=""""","=""""","=""0.005088""","=""1.285""","=""                                                           ""","="""""
"=""""","=""*""","=""9/2""","=""""","=""3.2707933""","=""""","=""""","=""0.001448""","=""1.035""","=""                                                           ""","="""""
"=""""","=""*""","=""7/2""","=""""","=""3.2759774""","=""""","=""""","=""0.005184""","=""1.230""","=""                                                           ""","="""""
"=""""","=""*""","=""11/2""","=""""","=""3.2800257""","=""""","=""""","=""0.004048""","=""1.090""","=""                                                           ""","="""""
"=""""","=""*""","=""13/2""","=""""","=""3.2805698""","=""""","=""""","=""0.000544""","=""1.250""","=""                                                           ""","="""""
"=""""","=""*""","=""15/2""","=""""","=""3.2823298""","=""""","=""""","=""0.001760""","=""1.231""","=""                                                           ""","="""""
"=""""","=""*""","=""13/2""","=""""","=""3.2842360""","=""""","=""""","=""0.001906""","=""1.150""","=""                                                           ""","="""""
"=""""","=""*""","=""9/2""","=""""","=""3.2856309""","=""""","=""""","=""0.001395""","=""1.085""","=""                                                           ""","="""""
"=""""","=""4K*""","=""17/2""","=""""","=""3.2959928""","=""""","=""""","=""0.010362""","=""1.223""","=""                                                           ""","="""""
"=""""","=""*""","=""9/2""","=""""","=""3.3067317""","=""""","=""""","=""0.010739""","=""1.155""","=""                                                           ""","="""""
"=""""","=""*""","=""7/2""","=""""","=""3.3106264""","=""""","=""""","=""0.003895""","=""1.290""","=""                                                           ""","="""""
"=""""","=""*""","=""13/2""","=""""","=""3.3151874""","=""""","=""""","=""0.004561""","=""1.095""","=""                                                           ""","="""""
"=""""","=""*""","=""9/2""","=""""","=""3.3177211""","=""""","=""""","=""0.002534""","=""1.025""","=""                                                           ""","="""""
"=""""","=""*""","=""11/2""","=""""","=""3.3179529""","=""""","=""""","=""0.000232""","=""1.130""","=""                                                           ""","="""""
"=""""","=""*""","=""7/2""","=""""","=""3.3219497""","=""""","=""""","=""0.003997""","=""1.095""","=""                                                           ""","="""""
"=""""","=""*""","=""7/2""","=""""","=""3.3361083""","=""""","=""""","=""0.014159""","=""1.460""","=""                                                           ""","="""""
"=""""","=""*""","=""9/2""","=""""","=""3.3385219""","=""""","=""""","=""0.002414""","=""0.990""","=""                                                           ""","="""""
"=""4f3.5d.6s""","=""*""","=""11/2""","=""""","=""3.3465685""","=""""","=""""","=""0.008047""","=""1.200""","=""                                                           ""","="""""
"=""""","=""*""","=""9/2""","=""""","=""3.3493420""","=""""","=""""","=""0.002773""","=""1.105""","=""                                                           ""","="""""
"=""""","=""*""","=""9/2""","=""""","=""3.3562498""","=""""","=""""","=""0.006908""","=""1.095""","=""                                                           ""","="""""
"=""""","=""*""","=""13/2""","=""""","=""3.3629592""","=""""","=""""","=""0.006709""","=""1.110""","=""                                                           ""","="""""
"=""""","=""*""","=""13/2""","=""""","=""3.3657445""","=""""","=""""","=""0.002785""","=""1.225""","=""                                                           ""","="""""
"=""""","=""*""","=""9/2""","=""""","=""3.3698412""","=""""","=""""","=""0.004097""","=""0.915""","=""                                                           ""","="""""
"=""""","=""*""","=""9/2""","=""""","=""3.3765268""","=""""","=""""","=""0.006686""","=""1.130""","=""                                                           ""","="""""
"=""""","=""*""","=""7/2""","=""""","=""3.3778280""","=""""","=""""","=""0.001301""","=""1.190""","=""                                                           ""","="""""
"=""4f4.(5I).6p""","=""4K*""","=""11/2""","=""""","=""3.3780053""","=""""","=""""","=""0.000177""","=""0.955""","=""                                                           ""","="""""
"=""4f4.(5I).6p""","=""4K*""","=""13/2""","=""""","=""3.5414208""","=""""","=""""","=""0.163416""","=""1.044""","=""                                                           ""","="""""
"=""4f4.(5I).6p""","=""4K*""","=""15/2""","=""""","=""3.7312859""","=""""","=""""","=""0.189865""","=""1.105""","=""                                                           ""","="""""
"=""4f4.(5I).6p""","=""4K*""","=""17/2""","=""""","=""3.9272361""","=""""","=""""","=""0.195950""","=""1.180""","=""                                                           ""","="""""
"=""""","=""*""","=""7/2""","=""""","=""3.3847120""","=""""","=""""","=""-0.542524""","=""1.015""","=""                                                           ""","="""""
"=""""","=""*""","=""13/2""","=""""","=""3.3858777""","=""""","=""""","=""0.001166""","=""1.090""","=""                                                           ""","="""""
"=""""","=""*""","=""11/2""","=""""","=""3.3912518""","=""""","=""""","=""0.005374""","=""1.035""","=""                                                           ""","="""""
"=""""","=""*""","=""7/2""","=""""","=""3.4026874""","=""""","=""""","=""0.011436""","=""1.070""","=""                                                           ""","="""""
"=""""","=""*""","=""15/2""","=""""","=""3.4028511""","=""""","=""""","=""0.000164""","=""1.110""","=""                                                           ""","="""""
"=""4f4.6p""","=""*""","=""13/2""","=""""","=""3.4032063""","=""""","=""""","=""0.000355""","=""1.135""","=""                                                           ""","="""""
"=""""","=""*""","=""7/2""","=""""","=""3.4100753""","=""""","=""""","=""0.006869""","=""1.168""","=""                                                           ""","="""""
"=""""","=""*""","=""11/2""","=""""","=""3.4118474""","=""""","=""""","=""0.001772""","=""1.020""","=""                                                           ""","="""""
"=""""","=""*""","=""9/2""","=""""","=""3.4141045""","=""""","=""""","=""0.002257""","=""1.325""","=""                                                           ""","="""""
"=""""","=""*""","=""9/2""","=""""","=""3.4161986""","=""""","=""""","=""0.002094""","=""1.125""","=""                                                           ""","="""""
"=""""","=""*""","=""15/2""","=""""","=""3.4234176""","=""""","=""""","=""0.007219""","=""1.100""","=""                                                           ""","="""""
"=""""","=""*""","=""5/2""","=""""","=""3.4238182""","=""""","=""""","=""0.000401""","=""0.730""","=""                                                           ""","="""""
"=""""","=""*""","=""7/2""","=""""","=""3.4267590""","=""""","=""""","=""0.002941""","=""1.150""","=""                                                           ""","="""""
"=""""","=""*""","=""7/2""","=""""","=""3.4336953""","=""""","=""""","=""0.006936""","=""0.725""","=""                                                           ""","="""""
"=""""","=""*""","=""13/2""","=""""","=""3.4370193""","=""""","=""""","=""0.003324""","=""1.175""","=""                                                           ""","="""""
"=""""","=""*""","=""11/2""","=""""","=""3.4429708""","=""""","=""""","=""0.005951""","=""1.102""","=""                                                           ""","="""""
"=""""","=""*""","=""9/2""","=""""","=""3.4435539""","=""""","=""""","=""0.000583""","=""1.025""","=""                                                           ""","="""""
"=""""","=""*""","=""11/2""","=""""","=""3.4444992""","=""""","=""""","=""0.000945""","=""1.130""","=""                                                           ""","="""""
"=""""","=""*""","=""11/2""","=""""","=""3.4465797""","=""""","=""""","=""0.002080""","=""1.060""","=""                                                           ""","="""""
"=""""","=""*""","=""7/2""","=""""","=""3.4474284""","=""""","=""""","=""0.000849""","=""0.970""","=""                                                           ""","="""""
"=""""","=""*""","=""15/2""","=""""","=""3.4488430""","=""""","=""""","=""0.001415""","=""1.160""","=""                                                           ""","="""""
"=""4f4.(5I).6p""","=""4I*""","=""9/2""","=""""","=""3.4618105""","=""""","=""""","=""0.012967""","=""1.035""","=""                                                           ""","="""""
"=""4f4.(5I).6p""","=""4I*""","=""11/2""","=""""","=""3.6556251""","=""""","=""""","=""0.193815""","=""1.022""","=""                                                           ""","="""""
"=""4f4.(5I).6p""","=""4I*""","=""13/2""","=""""","=""3.8625857""","=""""","=""""","=""0.206961""","=""1.115""","=""                                                           ""","="""""
"=""4f4.(5I).6p""","=""4I*""","=""15/2""","=""""","=""4.0251017""","=""""","=""""","=""0.162516""","=""1.130""","=""                                                           ""","="""""
"=""""","=""*""","=""11/2""","=""""","=""3.4620876""","=""""","=""""","=""-0.563014""","=""0.980""","=""                                                           ""","="""""
"=""""","=""*""","=""9/2""","=""""","=""3.4634385""","=""""","=""""","=""0.001351""","=""1.070""","=""                                                           ""","="""""
"=""""","=""*""","=""9/2""","=""""","=""3.4703221""","=""""","=""""","=""0.006884""","=""1.285""","=""                                                           ""","="""""
"=""""","=""*""","=""11/2""","=""""","=""3.4706184""","=""""","=""""","=""0.000296""","=""1.175""","=""                                                           ""","="""""
"=""""","=""*""","=""17/2""","=""""","=""3.4707188""","=""""","=""""","=""0.000100""","=""1.175""","=""                                                           ""","="""""
"=""""","=""*""","=""13/2""","=""""","=""3.4826504""","=""""","=""""","=""0.011932""","=""1.025""","=""                                                           ""","="""""
"=""""","=""*""","=""11/2""","=""""","=""3.4876569""","=""""","=""""","=""0.005007""","=""1.070""","=""                                                           ""","="""""
"=""""","=""*""","=""9/2""","=""""","=""3.4926900""","=""""","=""""","=""0.005033""","=""1.025""","=""                                                           ""","="""""
"=""""","=""*""","=""13/2""","=""""","=""3.4958777""","=""""","=""""","=""0.003188""","=""1.070""","=""                                                           ""","="""""
"=""4f4.(5I).6p""","=""4H*""","=""7/2""","=""""","=""3.4980734""","=""""","=""""","=""0.002196""","=""0.720""","=""                                                           ""","="""""
"=""""","=""*""","=""9/2""","=""""","=""3.5085621""","=""""","=""""","=""0.010489""","=""1.072""","=""                                                           ""","="""""
"=""""","=""*""","=""9/2""","=""""","=""3.5137803""","=""""","=""""","=""0.005218""","=""1.050""","=""                                                           ""","="""""
"=""""","=""*""","=""13/2""","=""""","=""3.5154982""","=""""","=""""","=""0.001718""","=""1.130""","=""                                                           ""","="""""
"=""""","=""*""","=""7/2""","=""""","=""3.5360486""","=""""","=""""","=""0.020550""","=""1.172""","=""                                                           ""","="""""
"=""""","=""*""","=""15/2""","=""""","=""3.5386262""","=""""","=""""","=""0.002578""","=""1.145""","=""                                                           ""","="""""
"=""""","=""*""","=""11/2""","=""""","=""3.5437931""","=""""","=""""","=""0.005167""","=""1.180""","=""                                                           ""","="""""
"=""""","=""*""","=""11/2""","=""""","=""3.5456456""","=""""","=""""","=""0.001853""","=""1.140""","=""                                                           ""","="""""
"=""""","=""*""","=""9/2""","=""""","=""3.5462010""","=""""","=""""","=""0.000555""","=""1.265""","=""                                                           ""","="""""
"=""""","=""*""","=""13/2""","=""""","=""3.5615618""","=""""","=""""","=""0.015361""","=""1.120""","=""                                                           ""","="""""
"=""""","=""*""","=""15/2""","=""""","=""3.5620338""","=""""","=""""","=""0.000472""","=""1.130""","=""                                                           ""","="""""
"=""""","=""*""","=""17/2""","=""""","=""3.5643628""","=""""","=""""","=""0.002329""","=""1.120""","=""                                                           ""","="""""
"=""""","=""*""","=""9/2""","=""""","=""3.5688945""","=""""","=""""","=""0.004532""","=""1.155""","=""                                                           ""","="""""
"=""""","=""*""","=""11/2""","=""""","=""3.5782043""","=""""","=""""","=""0.009310""","=""1.110""","=""                                                           ""","="""""
"=""""","=""*""","=""13/2""","=""""","=""3.5830280""","=""""","=""""","=""0.004824""","=""1.040""","=""                                                           ""","="""""
"=""""","=""*""","=""9/2""","=""""","=""3.5863973""","=""""","=""""","=""0.003369""","=""0.890""","=""                                                           ""","="""""
"=""""","=""*""","=""17/2""","=""""","=""3.5989557""","=""""","=""""","=""0.012558""","=""1.200""","=""                                                           ""","="""""
"=""""","=""*""","=""7/2""","=""""","=""3.6000858""","=""""","=""""","=""0.001130""","=""1.045""","=""                                                           ""","="""""
"=""4f4.(5I).6p""","=""4H*""","=""9/2""","=""""","=""3.6009289""","=""""","=""""","=""0.000843""","=""0.981""","=""                                                           ""","="""""
"=""""","=""*""","=""11/2""","=""""","=""3.6054441""","=""""","=""""","=""0.004515""","=""1.107""","=""                                                           ""","="""""
"=""""","=""*""","=""13/2""","=""""","=""3.6065421""","=""""","=""""","=""0.001098""","=""1.126""","=""                                                           ""","="""""
"=""""","=""*""","=""9/2""","=""""","=""3.6228886""","=""""","=""""","=""0.016347""","=""1.160""","=""                                                           ""","="""""
"=""""","=""*""","=""11/2""","=""""","=""3.6252212""","=""""","=""""","=""0.002333""","=""1.119""","=""                                                           ""","="""""
"=""4f3.5d.6s""","=""*""","=""15/2""","=""""","=""3.6278694""","=""""","=""""","=""0.002648""","=""1.223""","=""                                                           ""","="""""
"=""""","=""*""","=""9/2""","=""""","=""3.6325665""","=""""","=""""","=""0.004697""","=""0.900""","=""                                                           ""","="""""
"=""""","=""*""","=""11/2""","=""""","=""3.6372910""","=""""","=""""","=""0.004725""","=""1.025""","=""                                                           ""","="""""
"=""""","=""*""","=""15/2""","=""""","=""3.6404885""","=""""","=""""","=""0.003198""","=""1.140""","=""                                                           ""","="""""
"=""""","=""*""","=""11/2""","=""""","=""3.6482505""","=""""","=""""","=""0.007762""","=""1.085""","=""                                                           ""","="""""
"=""""","=""*""","=""9/2""","=""""","=""3.6602293""","=""""","=""""","=""0.011979""","=""1.075""","=""                                                           ""","="""""
"=""""","=""*""","=""11/2""","=""""","=""3.6676869""","=""""","=""""","=""0.007458""","=""1.105""","=""                                                           ""","="""""
"=""""","=""*""","=""15/2""","=""""","=""3.6726798""","=""""","=""""","=""0.004993""","=""1.035""","=""                                                           ""","="""""
"=""""","=""*""","=""13/2""","=""""","=""3.6825134""","=""""","=""""","=""0.009834""","=""1.090""","=""                                                           ""","="""""
"=""""","=""*""","=""11/2""","=""""","=""3.6902363""","=""""","=""""","=""0.007723""","=""1.077""","=""                                                           ""","="""""
"=""""","=""*""","=""13/2""","=""""","=""3.6963945""","=""""","=""""","=""0.006158""","=""1.065""","=""                                                           ""","="""""
"=""""","=""*""","=""9/2""","=""""","=""3.7027435""","=""""","=""""","=""0.006349""","=""0.993""","=""                                                           ""","="""""
"=""""","=""*""","=""7/2""","=""""","=""3.7045028""","=""""","=""""","=""0.001759""","=""1.215""","=""                                                           ""","="""""
"=""""","=""*""","=""5/2""","=""""","=""3.7049194""","=""""","=""""","=""0.000417""","=""1.195""","=""                                                           ""","="""""
"=""""","=""*""","=""15/2""","=""""","=""3.7139975""","=""""","=""""","=""0.009078""","=""1.120""","=""                                                           ""","="""""
"=""""","=""*""","=""5/2""","=""""","=""3.7241229""","=""""","=""""","=""0.010125""","=""0.800""","=""                                                           ""","="""""
"=""""","=""*""","=""11/2""","=""""","=""3.7395638""","=""""","=""""","=""0.015441""","=""1.047""","=""                                                           ""","="""""
"=""""","=""*""","=""9/2""","=""""","=""3.7439239""","=""""","=""""","=""0.004360""","=""1.052""","=""                                                           ""","="""""
"=""""","=""*""","=""11/2""","=""""","=""3.7456500""","=""""","=""""","=""0.001726""","=""1.145""","=""                                                           ""","="""""
"=""""","=""*""","=""5/2""","=""""","=""3.7558523""","=""""","=""""","=""0.010202""","=""0.798""","=""                                                           ""","="""""
"=""""","=""*""","=""15/2""","=""""","=""3.7574837""","=""""","=""""","=""0.001631""","=""1.130""","=""                                                           ""","="""""
"=""""","=""*""","=""7/2""","=""""","=""3.7593776""","=""""","=""""","=""0.001894""","=""1.116""","=""                                                           ""","="""""
"=""""","=""*""","=""13/2""","=""""","=""3.7627146""","=""""","=""""","=""0.003337""","=""1.125""","=""                                                           ""","="""""
"=""""","=""*""","=""7/2""","=""""","=""3.7683509""","=""""","=""""","=""0.005636""","=""1.105""","=""                                                           ""","="""""
"=""""","=""*""","=""15/2""","=""""","=""3.7698115""","=""""","=""""","=""0.001461""","=""1.115""","=""                                                           ""","="""""
"=""""","=""*""","=""5/2""","=""""","=""3.7730684""","=""""","=""""","=""0.003257""","=""0.963""","=""                                                           ""","="""""
"=""""","=""*""","=""7/2""","=""""","=""3.7757331""","=""""","=""""","=""0.002665""","=""0.990""","=""                                                           ""","="""""
"=""""","=""*""","=""13/2""","=""""","=""3.7774693""","=""""","=""""","=""0.001736""","=""1.075""","=""                                                           ""","="""""
"=""""","=""*""","=""7/2""","=""""","=""3.7880204""","=""""","=""""","=""0.010551""","=""1.005""","=""                                                           ""","="""""
"=""""","=""*""","=""13/2""","=""""","=""3.7902230""","=""""","=""""","=""0.002203""","=""1.014""","=""                                                           ""","="""""
"=""""","=""*""","=""7/2""","=""""","=""3.7904238""","=""""","=""""","=""0.000201""","=""1.070""","=""                                                           ""","="""""
"=""""","=""*""","=""5/2""","=""""","=""3.8013338""","=""""","=""""","=""0.010910""","=""0.920""","=""                                                           ""","="""""
"=""""","=""*""","=""7/2""","=""""","=""3.8039920""","=""""","=""""","=""0.002658""","=""0.980""","=""                                                           ""","="""""
"=""""","=""*""","=""11/2""","=""""","=""3.8052075""","=""""","=""""","=""0.001215""","=""1.005""","=""                                                           ""","="""""
"=""""","=""*""","=""13/2""","=""""","=""3.8064116""","=""""","=""""","=""0.001204""","=""1.155""","=""                                                           ""","="""""
"=""4f4.6p""","=""*""","=""17/2""","=""""","=""3.8164184""","=""""","=""""","=""0.010007""","=""1.210""","=""                                                           ""","="""""
"=""""","=""*""","=""5/2""","=""""","=""3.8181081""","=""""","=""""","=""0.001690""","=""1.046""","=""                                                           ""","="""""
"=""""","=""*""","=""7/2""","=""""","=""3.8193996""","=""""","=""""","=""0.001292""","=""1.080""","=""                                                           ""","="""""
"=""""","=""*""","=""13/2""","=""""","=""3.8203385""","=""""","=""""","=""0.000939""","=""1.137""","=""                                                           ""","="""""
"=""""","=""*""","=""9/2""","=""""","=""3.8209866""","=""""","=""""","=""0.000648""","=""1.255""","=""                                                           ""","="""""
"=""""","=""*""","=""5/2""","=""""","=""3.8299946""","=""""","=""""","=""0.009008""","=""1.000""","=""                                                           ""","="""""
"=""""","=""*""","=""7/2""","=""""","=""3.8303344""","=""""","=""""","=""0.000340""","=""1.005""","=""                                                           ""","="""""
"=""""","=""*""","=""7/2""","=""""","=""3.8335455""","=""""","=""""","=""0.003211""","=""1.090""","=""                                                           ""","="""""
"=""""","=""*""","=""9/2""","=""""","=""3.8345337""","=""""","=""""","=""0.000988""","=""1.165""","=""                                                           ""","="""""
"=""""","=""*""","=""13/2""","=""""","=""3.8375814""","=""""","=""""","=""0.003048""","=""1.190""","=""                                                           ""","="""""
"=""""","=""*""","=""9/2""","=""""","=""3.8423304""","=""""","=""""","=""0.004749""","=""1.095""","=""                                                           ""","="""""
"=""""","=""*""","=""11/2""","=""""","=""3.8429620""","=""""","=""""","=""0.000632""","=""1.190""","=""                                                           ""","="""""
"=""""","=""*""","=""15/2""","=""""","=""3.8521271""","=""""","=""""","=""0.009165""","=""1.040""","=""                                                           ""","="""""
"=""""","=""*""","=""11/2""","=""""","=""3.8541443""","=""""","=""""","=""0.002017""","=""1.055""","=""                                                           ""","="""""
"=""""","=""*""","=""7/2""","=""""","=""3.8594967""","=""""","=""""","=""0.005352""","=""1.020""","=""                                                           ""","="""""
"=""""","=""*""","=""9/2""","=""""","=""3.8657969""","=""""","=""""","=""0.006300""","=""1.000""","=""                                                           ""","="""""
"=""""","=""*""","=""7/2""","=""""","=""3.8666431""","=""""","=""""","=""0.000846""","=""1.050""","=""                                                           ""","="""""
"=""""","=""*""","=""13/2""","=""""","=""3.8753456""","=""""","=""""","=""0.008703""","=""1.135""","=""                                                           ""","="""""
"=""""","=""*""","=""11/2""","=""""","=""3.8775822""","=""""","=""""","=""0.002237""","=""1.145""","=""                                                           ""","="""""
"=""""","=""*""","=""9/2""","=""""","=""3.8851449""","=""""","=""""","=""0.007563""","=""1.125""","=""                                                           ""","="""""
"=""""","=""*""","=""15/2""","=""""","=""3.8884069""","=""""","=""""","=""0.003262""","=""1.020""","=""                                                           ""","="""""
"=""""","=""*""","=""13/2""","=""""","=""3.8937344""","=""""","=""""","=""0.005327""","=""1.120""","=""                                                           ""","="""""
"=""""","=""*""","=""11/2""","=""""","=""3.8979338""","=""""","=""""","=""0.004199""","=""1.165""","=""                                                           ""","="""""
"=""""","=""*""","=""9/2""","=""""","=""3.8994641""","=""""","=""""","=""0.001530""","=""1.048""","=""                                                           ""","="""""
"=""""","=""*""","=""15/2""","=""""","=""3.9041519""","=""""","=""""","=""0.004688""","=""1.110""","=""                                                           ""","="""""
"=""""","=""*""","=""7/2""","=""""","=""3.9072478""","=""""","=""""","=""0.003096""","=""1.050""","=""                                                           ""","="""""
"=""""","=""*""","=""11/2""","=""""","=""3.9090523""","=""""","=""""","=""0.001804""","=""1.000""","=""                                                           ""","="""""
"=""""","=""*""","=""9/2""","=""""","=""3.9201588""","=""""","=""""","=""0.011106""","=""1.250""","=""                                                           ""","="""""
"=""""","=""*""","=""9/2""","=""""","=""3.9294308""","=""""","=""""","=""0.009272""","=""1.237""","=""                                                           ""","="""""
"=""""","=""*""","=""17/2""","=""""","=""3.9449925""","=""""","=""""","=""0.015562""","=""1.180""","=""                                                           ""","="""""
"=""""","=""*""","=""9/2""","=""""","=""3.9470155""","=""""","=""""","=""0.002023""","=""1.089""","=""                                                           ""","="""""
"=""""","=""*""","=""7/2""","=""""","=""3.9482536""","=""""","=""""","=""0.001238""","=""0.945""","=""                                                           ""","="""""
"=""""","=""*""","=""13/2""","=""""","=""3.9498013""","=""""","=""""","=""0.001548""","=""1.180""","=""                                                           ""","="""""
"=""""","=""*""","=""15/2""","=""""","=""3.9523846""","=""""","=""""","=""0.002583""","=""1.178""","=""                                                           ""","="""""
"=""""","=""*""","=""11/2""","=""""","=""3.9551698""","=""""","=""""","=""0.002785""","=""1.185""","=""                                                           ""","="""""
"=""""","=""*""","=""9/2""","=""""","=""3.9606318""","=""""","=""""","=""0.005462""","=""1.071""","=""                                                           ""","="""""
"=""""","=""*""","=""9/2""","=""""","=""3.9667058""","=""""","=""""","=""0.006074""","=""0.957""","=""                                                           ""","="""""
"=""""","=""*""","=""7/2""","=""""","=""3.9685576""","=""""","=""""","=""0.001852""","=""1.083""","=""                                                           ""","="""""
"=""""","=""*""","=""15/2""","=""""","=""3.9791049""","=""""","=""""","=""0.010547""","=""1.130""","=""                                                           ""","="""""
"=""""","=""*""","=""7/2""","=""""","=""3.9827991""","=""""","=""""","=""0.003694""","=""1.022""","=""                                                           ""","="""""
"=""""","=""*""","=""11/2""","=""""","=""3.9854032""","=""""","=""""","=""0.002604""","=""1.190""","=""                                                           ""","="""""
"=""""","=""*""","=""9/2""","=""""","=""3.9879845""","=""""","=""""","=""0.002581""","=""0.970""","=""                                                           ""","="""""
"=""""","=""*""","=""9/2""","=""""","=""3.9913056""","=""""","=""""","=""0.003321""","=""1.060""","=""                                                           ""","="""""
"=""""","=""*""","=""5/2""","=""""","=""3.9915609""","=""""","=""""","=""0.000255""","=""0.990""","=""                                                           ""","="""""
"=""""","=""*""","=""5/2""","=""""","=""3.9937356""","=""""","=""""","=""0.002175""","=""1.135""","=""                                                           ""","="""""
"=""""","=""*""","=""15/2""","=""""","=""3.9949655""","=""""","=""""","=""0.001230""","=""1.140""","=""                                                           ""","="""""
"=""""","=""*""","=""9/2""","=""""","=""3.9989529""","=""""","=""""","=""0.003987""","=""0.985""","=""                                                           ""","="""""
"=""""","=""*""","=""11/2""","=""""","=""4.0139947""","=""""","=""""","=""0.015042""","=""1.095""","=""                                                           ""","="""""
"=""""","=""*""","=""7/2""","=""""","=""4.0163549""","=""""","=""""","=""0.002360""","=""1.240""","=""                                                           ""","="""""
"=""""","=""*""","=""13/2""","=""""","=""4.0167849""","=""""","=""""","=""0.000430""","=""1.080""","=""                                                           ""","="""""
"=""""","=""*""","=""15/2""","=""""","=""4.0200566""","=""""","=""""","=""0.003272""","=""1.030""","=""                                                           ""","="""""
"=""""","=""*""","=""11/2""","=""""","=""4.0225545""","=""""","=""""","=""0.002498""","=""1.095""","=""                                                           ""","="""""
"=""""","=""*""","=""9/2""","=""""","=""4.0273452""","=""""","=""""","=""0.004791""","=""1.160""","=""                                                           ""","="""""
"=""""","=""*""","=""11/2""","=""""","=""4.0322310""","=""""","=""""","=""0.004886""","=""0.910""","=""                                                           ""","="""""
"=""""","=""*""","=""11/2""","=""""","=""4.0481783""","=""""","=""""","=""0.015947""","=""1.110""","=""                                                           ""","="""""
"=""""","=""*""","=""9/2""","=""""","=""4.0507332""","=""""","=""""","=""0.002555""","=""1.185""","=""                                                           ""","="""""
"=""""","=""*""","=""11/2""","=""""","=""4.0616714""","=""""","=""""","=""0.010938""","=""1.030""","=""                                                           ""","="""""
"=""""","=""*""","=""9/2""","=""""","=""4.0664862""","=""""","=""""","=""0.004815""","=""1.200""","=""                                                           ""","="""""
"=""""","=""*""","=""13/2""","=""""","=""4.0747210""","=""""","=""""","=""0.008235""","=""0.950""","=""                                                           ""","="""""
"=""""","=""*""","=""15/2""","=""""","=""4.0797403""","=""""","=""""","=""0.005019""","=""1.080""","=""                                                           ""","="""""
"=""""","=""*""","=""9/2""","=""""","=""4.0813337""","=""""","=""""","=""0.001593""","=""1.120""","=""                                                           ""","="""""
"=""""","=""*""","=""3/2""","=""""","=""4.0870412""","=""""","=""""","=""0.005707""","=""1.140""","=""                                                           ""","="""""
"=""""","=""*""","=""11/2""","=""""","=""4.0918778""","=""""","=""""","=""0.004837""","=""1.115""","=""                                                           ""","="""""
"=""""","=""*""","=""17/2""","=""""","=""4.1035943""","=""""","=""""","=""0.011717""","=""1.230""","=""                                                           ""","="""""
"=""""","=""*""","=""11/2""","=""""","=""4.1063678""","=""""","=""""","=""0.002773""","=""1.015""","=""                                                           ""","="""""
"=""""","=""*""","=""11/2""","=""""","=""4.1154001""","=""""","=""""","=""0.009032""","=""1.050""","=""                                                           ""","="""""
"=""""","=""*""","=""17/2""","=""""","=""4.1181401""","=""""","=""""","=""0.002740""","=""1.015""","=""                                                           ""","="""""
"=""""","=""*""","=""3/2""","=""""","=""4.1212245""","=""""","=""""","=""0.003084""","=""0.950""","=""                                                           ""","="""""
"=""""","=""*""","=""13/2""","=""""","=""4.1237603""","=""""","=""""","=""0.002536""","=""1.245""","=""                                                           ""","="""""
"=""""","=""*""","=""3/2""","=""""","=""4.1288393""","=""""","=""""","=""0.005079""","=""1.210""","=""                                                           ""","="""""
"=""""","=""*""","=""7/2""","=""""","=""4.1303935""","=""""","=""""","=""0.001554""","=""1.200""","=""                                                           ""","="""""
"=""""","=""*""","=""13/2""","=""""","=""4.1476260""","=""""","=""""","=""0.017232""","=""1.065""","=""                                                           ""","="""""
"=""""","=""*""","=""3/2""","=""""","=""4.1490866""","=""""","=""""","=""0.001461""","=""0.755""","=""                                                           ""","="""""
"=""""","=""*""","=""1/2""","=""""","=""4.1559776""","=""""","=""""","=""0.006891""","=""0.750""","=""                                                           ""","="""""
"=""""","=""*""","=""17/2""","=""""","=""4.1567562""","=""""","=""""","=""0.000779""","=""1.110""","=""                                                           ""","="""""
"=""""","=""*""","=""5/2""","=""""","=""4.1586984""","=""""","=""""","=""0.001942""","=""0.810""","=""                                                           ""","="""""
"=""""","=""*""","=""13/2""","=""""","=""4.1605001""","=""""","=""""","=""0.001802""","=""1.015""","=""                                                           ""","="""""
"=""4f3.(4I*).5d (5L*).6p""","=""6M""","=""23/2""","=""""","=""""","=""""","=""""","=""""","=""""","=""                                                           ""","="""""
"=""4f3.(4I*).5d (5L*).6p""","=""6M""","=""13/2""","=""""","=""4.1613467""","=""""","=""""","=""""","=""0.770""","=""  70                                                       ""","="""""
"=""4f3.(4I*).5d (5L*).6p""","=""6M""","=""15/2""","=""""","=""4.3996946""","=""""","=""""","=""0.238348""","=""0.890""","=""  75                                                       ""","="""""
"=""4f3.(4I*).5d (5L*).6p""","=""6M""","=""17/2""","=""""","=""4.6521655""","=""""","=""""","=""0.252471""","=""1.025""","=""  82                                                       ""","="""""
"=""4f3.(4I*).5d (5L*).6p""","=""6M""","=""19/2""","=""""","=""4.9114431""","=""""","=""""","=""0.259278""","=""1.100""","=""  91                                                       ""","="""""
"=""4f3.(4I*).5d (5L*).6p""","=""6M""","=""21/2""","=""""","=""5.1809023""","=""o""","=""""","=""0.269459""","=""1.170""","=""  97                                                       ""","="""""
"=""4f4.5d""","=""""","=""13/2""","=""""","=""4.1699110""","=""""","=""""","=""-1.010991""","=""0.960""","=""                                                           ""","="""""
"=""""","=""*""","=""3/2""","=""""","=""4.1708694""","=""""","=""""","=""0.000958""","=""1.050""","=""                                                           ""","="""""
"=""4f3.5d.6p""","=""""","=""11/2""","=""""","=""4.1746248""","=""""","=""""","=""0.003755""","=""0.890""","=""  60                                                       ""","="""""
"=""4f4.5d""","=""""","=""11/2""","=""""","=""4.1777976""","=""""","=""""","=""0.003173""","=""0.94""","=""                                                           ""","="""""
"=""""","=""*""","=""11/2""","=""""","=""4.1806341""","=""""","=""""","=""0.002836""","=""1.110""","=""                                                           ""","="""""
"=""""","=""*""","=""13/2""","=""""","=""4.1856609""","=""""","=""""","=""0.005027""","=""1.063""","=""                                                           ""","="""""
"=""""","=""*""","=""11/2""","=""""","=""4.1897273""","=""""","=""""","=""0.004066""","=""1.210""","=""                                                           ""","="""""
"=""""","=""*""","=""13/2""","=""""","=""4.1918041""","=""""","=""""","=""0.002077""","=""1.190""","=""                                                           ""","="""""
"=""""","=""*""","=""1/2""","=""""","=""4.1931865""","=""""","=""""","=""0.001382""","=""0.750""","=""                                                           ""","="""""
"=""""","=""*""","=""5/2""","=""""","=""4.1982692""","=""""","=""""","=""0.005083""","=""1.170""","=""                                                           ""","="""""
"=""""","=""*""","=""17/2""","=""""","=""4.2011091""","=""""","=""""","=""0.002840""","=""1.210""","=""                                                           ""","="""""
"=""""","=""*""","=""3/2""","=""""","=""4.2081030""","=""""","=""""","=""0.006994""","=""0.850""","=""                                                           ""","="""""
"=""""","=""*""","=""13/2""","=""""","=""4.2156398""","=""""","=""""","=""0.007537""","=""1.090""","=""                                                           ""","="""""
"=""""","=""*""","=""13/2""","=""""","=""4.2263684""","=""""","=""""","=""0.010729""","=""1.150""","=""                                                           ""","="""""
"=""""","=""*""","=""17/2""","=""""","=""4.2302348""","=""""","=""""","=""0.003866""","=""1.165""","=""                                                           ""","="""""
"=""""","=""*""","=""11/2""","=""""","=""4.2313107""","=""""","=""""","=""0.001076""","=""1.050""","=""                                                           ""","="""""
"=""""","=""*""","=""3/2""","=""""","=""4.2320097""","=""""","=""""","=""0.000699""","=""1.295""","=""                                                           ""","="""""
"=""""","=""*""","=""3/2""","=""""","=""4.2434943""","=""""","=""""","=""0.011485""","=""1.700""","=""                                                           ""","="""""
"=""""","=""*""","=""11/2""","=""""","=""4.2436297""","=""""","=""""","=""0.000135""","=""1.160""","=""                                                           ""","="""""
"=""""","=""*""","=""5/2""","=""""","=""4.2454564""","=""""","=""""","=""0.001827""","=""1.060""","=""                                                           ""","="""""
"=""""","=""*""","=""1/2""","=""""","=""4.2555468""","=""""","=""""","=""0.010090""","=""0.450""","=""                                                           ""","="""""
"=""""","=""*""","=""13/2""","=""""","=""4.2650477""","=""""","=""""","=""0.009501""","=""1.165""","=""                                                           ""","="""""
"=""""","=""*""","=""3/2""","=""""","=""4.2794212""","=""""","=""""","=""0.014373""","=""1.095""","=""                                                           ""","="""""
"=""""","=""*""","=""9/2""","=""""","=""4.2807888""","=""""","=""""","=""0.001368""","=""1.125""","=""                                                           ""","="""""
"=""""","=""*""","=""15/2""","=""""","=""4.2843647""","=""""","=""""","=""0.003576""","=""1.238""","=""                                                           ""","="""""
"=""""","=""*""","=""3/2""","=""""","=""4.2853663""","=""""","=""""","=""0.001002""","=""0.920""","=""                                                           ""","="""""
"=""4f3.5d.6p""","=""6K""","=""9/2""","=""""","=""4.2909189""","=""""","=""""","=""0.005553""","=""0.685""","=""  46                                                       ""","="""""
"=""""","=""*""","=""5/2""","=""""","=""4.2938493""","=""""","=""""","=""0.002930""","=""1.150""","=""                                                           ""","="""""
"=""""","=""*""","=""15/2""","=""""","=""4.2987476""","=""""","=""""","=""0.004898""","=""1.115""","=""                                                           ""","="""""
"=""""","=""*""","=""13/2""","=""""","=""4.3009384""","=""""","=""""","=""0.002191""","=""1.085""","=""                                                           ""","="""""
"=""""","=""*""","=""5/2""","=""""","=""4.3016966""","=""""","=""""","=""0.000758""","=""1.440""","=""                                                           ""","="""""
"=""""","=""*""","=""7/2""","=""""","=""4.3033806""","=""""","=""""","=""0.001684""","=""1.095""","=""                                                           ""","="""""
"=""""","=""*""","=""7/2""","=""""","=""4.3080250""","=""""","=""""","=""0.004644""","=""1.130""","=""                                                           ""","="""""
"=""""","=""*""","=""7/2""","=""""","=""4.3167851""","=""""","=""""","=""0.008760""","=""0.835""","=""                                                           ""","="""""
"=""""","=""*""","=""15/2""","=""""","=""4.3197421""","=""""","=""""","=""0.002957""","=""1.130""","=""                                                           ""","="""""
"=""""","=""*""","=""1/2""","=""""","=""4.3216428""","=""""","=""""","=""0.001901""","=""0.935""","=""                                                           ""","="""""
"=""""","=""*""","=""5/2""","=""""","=""4.3233854""","=""""","=""""","=""0.001743""","=""1.040""","=""                                                           ""","="""""
"=""""","=""*""","=""15/2""","=""""","=""4.3265303""","=""""","=""""","=""0.003145""","=""1.175""","=""                                                           ""","="""""
"=""""","=""*""","=""5/2""","=""""","=""4.3318529""","=""""","=""""","=""0.005323""","=""1.100""","=""                                                           ""","="""""
"=""""","=""*""","=""7/2""","=""""","=""4.3373321""","=""""","=""""","=""0.005479""","=""1.170""","=""                                                           ""","="""""
"=""""","=""*""","=""7/2""","=""""","=""4.3464062""","=""""","=""""","=""0.009074""","=""0.990""","=""                                                           ""","="""""
"=""""","=""*""","=""7/2""","=""""","=""4.3511058""","=""""","=""""","=""0.004700""","=""1.085""","=""                                                           ""","="""""
"=""""","=""*""","=""5/2""","=""""","=""4.3518596""","=""""","=""""","=""0.000754""","=""1.135""","=""                                                           ""","="""""
"=""""","=""*""","=""3/2""","=""""","=""4.3548600""","=""""","=""""","=""0.003000""","=""0.885""","=""                                                           ""","="""""
"=""4f3.5d.6p""","=""6L""","=""21/2""","=""""","=""""","=""""","=""""","=""""","=""""","=""                                                           ""","="""""
"=""4f3.5d.6p""","=""6L""","=""19/2""","=""""","=""""","=""""","=""""","=""""","=""""","=""                                                           ""","="""""
"=""4f3.5d.6p""","=""6L""","=""11/2""","=""""","=""4.3559988""","=""""","=""""","=""""","=""0.715""","=""  55                                                       ""","="""""
"=""4f3.5d.6p""","=""6L""","=""13/2""","=""""","=""4.5021880""","=""""","=""""","=""0.146189""","=""0.825""","=""  49                                                       ""","="""""
"=""4f3.5d.6p""","=""6L""","=""15/2""","=""""","=""4.6205805""","=""""","=""""","=""0.118392""","=""0.990""","=""  61                                                       ""","="""""
"=""4f3.5d.6p""","=""6L""","=""17/2""","=""""","=""4.8251619""","=""""","=""""","=""0.204581""","=""1.080""","=""  37                                                       ""","="""""
"=""""","=""*""","=""5/2""","=""""","=""4.3600165""","=""""","=""""","=""-0.465145""","=""0.970""","=""                                                           ""","="""""
"=""""","=""*""","=""9/2""","=""""","=""4.3604759""","=""""","=""""","=""0.000459""","=""1.175""","=""                                                           ""","="""""
"=""""","=""""","=""11/2""","=""""","=""4.3661872""","=""""","=""""","=""0.005711""","=""1.065""","=""                                                           ""","="""""
"=""""","=""*""","=""11/2""","=""""","=""4.3673694""","=""""","=""""","=""0.001182""","=""1.240""","=""                                                           ""","="""""
"=""""","=""*""","=""13/2""","=""""","=""4.3694286""","=""""","=""""","=""0.002059""","=""1.095""","=""                                                           ""","="""""
"=""""","=""*""","=""7/2""","=""""","=""4.3741650""","=""""","=""""","=""0.004736""","=""1.060""","=""                                                           ""","="""""
"=""""","=""*""","=""9/2""","=""""","=""4.3805452""","=""""","=""""","=""0.006380""","=""1.030""","=""                                                           ""","="""""
"=""""","=""*""","=""1/2""","=""""","=""4.3821465""","=""""","=""""","=""0.001601""","=""0.435""","=""                                                           ""","="""""
"=""""","=""*""","=""13/2""","=""""","=""4.3894684""","=""""","=""""","=""0.007322""","=""1.175""","=""                                                           ""","="""""
"=""""","=""*""","=""7/2""","=""""","=""4.3945244""","=""""","=""""","=""0.005056""","=""1.300""","=""                                                           ""","="""""
"=""""","=""*""","=""3/2""","=""""","=""4.3948716""","=""""","=""""","=""0.000347""","=""1.125""","=""                                                           ""","="""""
"=""""","=""*""","=""5/2""","=""""","=""4.4010280""","=""""","=""""","=""0.006156""","=""1.005""","=""                                                           ""","="""""
"=""4f3.5d.6p""","=""""","=""13/2""","=""""","=""4.4018377""","=""""","=""""","=""0.000810""","=""0.910""","=""  67                                                       ""","="""""
"=""""","=""*""","=""9/2""","=""""","=""4.4146670""","=""""","=""""","=""0.012829""","=""1.035""","=""                                                           ""","="""""
"=""""","=""*""","=""15/2""","=""""","=""4.4149806""","=""""","=""""","=""0.000314""","=""1.240""","=""                                                           ""","="""""
"=""""","=""*""","=""7/2""","=""""","=""4.4202822""","=""""","=""""","=""0.005302""","=""0.940""","=""                                                           ""","="""""
"=""""","=""*""","=""3/2""","=""""","=""4.4239298""","=""""","=""""","=""0.003648""","=""1.200""","=""                                                           ""","="""""
"=""""","=""*""","=""3/2""","=""""","=""4.4305071""","=""""","=""""","=""0.006577""","=""1.435""","=""                                                           ""","="""""
"=""""","=""*""","=""5/2""","=""""","=""4.4410427""","=""""","=""""","=""0.010536""","=""0.905""","=""                                                           ""","="""""
"=""""","=""""","=""9/2""","=""""","=""4.4420501""","=""""","=""""","=""0.001007""","=""0.705""","=""                                                           ""","="""""
"=""""","=""*""","=""9/2""","=""""","=""4.4474979""","=""""","=""""","=""0.005448""","=""1.015""","=""                                                           ""","="""""
"=""""","=""*""","=""7/2""","=""""","=""4.4489101""","=""""","=""""","=""0.001412""","=""1.138""","=""                                                           ""","="""""
"=""""","=""*""","=""5/2""","=""""","=""4.4588313""","=""""","=""""","=""0.009921""","=""1.375""","=""                                                           ""","="""""
"=""""","=""*""","=""9/2""","=""""","=""4.4616681""","=""""","=""""","=""0.002837""","=""1.070""","=""                                                           ""","="""""
"=""""","=""*""","=""5/2""","=""""","=""4.4630586""","=""""","=""""","=""0.001391""","=""0.990""","=""                                                           ""","="""""
"=""""","=""*""","=""9/2""","=""""","=""4.4678338""","=""""","=""""","=""0.004775""","=""1.155""","=""                                                           ""","="""""
"=""""","=""*""","=""5/2""","=""""","=""4.4806104""","=""""","=""""","=""0.012777""","=""1.375""","=""                                                           ""","="""""
"=""""","=""*""","=""15/2""","=""""","=""4.4844926""","=""""","=""""","=""0.003882""","=""1.165""","=""                                                           ""","="""""
"=""4f3.5d.6p""","=""""","=""11/2""","=""""","=""4.4920114""","=""""","=""""","=""0.007519""","=""0.920""","=""  54                                                       ""","="""""
"=""""","=""*""","=""7/2""","=""""","=""4.4960025""","=""""","=""""","=""0.003991""","=""1.115""","=""                                                           ""","="""""
"=""""","=""*""","=""5/2""","=""""","=""4.5111254""","=""""","=""""","=""0.015123""","=""1.210""","=""                                                           ""","="""""
"=""""","=""*""","=""7/2""","=""""","=""4.5122487""","=""""","=""""","=""0.001123""","=""0.970""","=""                                                           ""","="""""
"=""""","=""*""","=""9/2""","=""""","=""4.5151400""","=""""","=""""","=""0.002891""","=""1.235""","=""                                                           ""","="""""
"=""""","=""*""","=""1/2""","=""""","=""4.5172986""","=""""","=""""","=""0.002159""","=""1.300""","=""                                                           ""","="""""
"=""""","=""*""","=""13/2""","=""""","=""4.5185324""","=""""","=""""","=""0.001234""","=""1.138""","=""                                                           ""","="""""
"=""""","=""""","=""13/2""","=""""","=""4.5261163""","=""""","=""""","=""0.007584""","=""1.05""","=""                                                           ""","="""""
"=""""","=""*""","=""11/2""","=""""","=""4.5270028""","=""""","=""""","=""0.000887""","=""1.015""","=""                                                           ""","="""""
"=""""","=""""","=""11/2""","=""""","=""4.5282395""","=""""","=""""","=""0.001237""","=""0.880""","=""                                                           ""","="""""
"=""""","=""*""","=""1/2""","=""""","=""4.5320948""","=""""","=""""","=""0.003855""","=""2.280""","=""                                                           ""","="""""
"=""""","=""*""","=""7/2""","=""""","=""4.5342856""","=""""","=""""","=""0.002191""","=""1.070""","=""                                                           ""","="""""
"=""""","=""*""","=""3/2""","=""""","=""4.5349778""","=""""","=""""","=""0.000692""","=""1.280""","=""                                                           ""","="""""
"=""4f3.5d.6p""","=""""","=""11/2""","=""""","=""4.5400583""","=""""","=""""","=""0.005081""","=""0.805""","=""  20                                                       ""","="""""
"=""""","=""*""","=""7/2""","=""""","=""4.5404284""","=""""","=""""","=""0.000370""","=""1.160""","=""                                                           ""","="""""
"=""4f3.5d.6p""","=""""","=""13/2""","=""""","=""4.5466555""","=""""","=""""","=""0.006227""","=""0.925""","=""  64                                                       ""","="""""
"=""""","=""*""","=""3/2""","=""""","=""4.5510285""","=""""","=""""","=""0.004373""","=""1.520""","=""                                                           ""","="""""
"=""""","=""*""","=""9/2""","=""""","=""4.5511376""","=""""","=""""","=""0.000109""","=""1.205""","=""                                                           ""","="""""
"=""""","=""*""","=""7/2""","=""""","=""4.5515901""","=""""","=""""","=""0.000453""","=""1.090""","=""                                                           ""","="""""
"=""4f3.5d.6p""","=""""","=""9/2""","=""""","=""4.5522292""","=""""","=""""","=""0.000639""","=""0.805""","=""  38                                                       ""","="""""
"=""""","=""*""","=""13/2""","=""""","=""4.5538017""","=""""","=""""","=""0.001572""","=""1.085""","=""                                                           ""","="""""
"=""""","=""*""","=""5/2""","=""""","=""4.5608747""","=""""","=""""","=""0.007073""","=""1.130""","=""                                                           ""","="""""
"=""""","=""*""","=""5/2""","=""""","=""4.5643654""","=""""","=""""","=""0.003491""","=""1.215""","=""                                                           ""","="""""
"=""""","=""""","=""13/2""","=""""","=""4.5644485""","=""""","=""""","=""0.000083""","=""0.970""","=""                                                           ""","="""""
"=""""","=""*""","=""3/2""","=""""","=""4.5674093""","=""""","=""""","=""0.002961""","=""1.220""","=""                                                           ""","="""""
"=""""","=""""","=""9/2""","=""""","=""4.5678215""","=""""","=""""","=""0.000412""","=""1.000""","=""                                                           ""","="""""
"=""""","=""""","=""9/2""","=""""","=""4.5740399""","=""""","=""""","=""0.006218""","=""0.965""","=""                                                           ""","="""""
"=""""","=""""","=""9/2""","=""""","=""4.5769660""","=""""","=""""","=""0.002926""","=""0.860""","=""                                                           ""","="""""
"=""""","=""*""","=""9/2""","=""""","=""4.5925929""","=""""","=""""","=""0.015627""","=""1.100""","=""                                                           ""","="""""
"=""""","=""*""","=""5/2""","=""""","=""4.5926109""","=""""","=""""","=""0.000018""","=""1.230""","=""                                                           ""","="""""
"=""""","=""""","=""11/2""","=""""","=""4.5943696""","=""""","=""""","=""0.001759""","=""0.910""","=""                                                           ""","="""""
"=""""","=""*""","=""11/2""","=""""","=""4.6033535""","=""""","=""""","=""0.008984""","=""1.300""","=""                                                           ""","="""""
"=""""","=""*""","=""13/2""","=""""","=""4.6059023""","=""""","=""""","=""0.002549""","=""0.988""","=""                                                           ""","="""""
"=""""","=""*""","=""13/2""","=""""","=""4.6199885""","=""""","=""""","=""0.014086""","=""1.023""","=""                                                           ""","="""""
"=""""","=""*""","=""13/2""","=""""","=""4.6239002""","=""""","=""""","=""0.003912""","=""1.135""","=""                                                           ""","="""""
"=""4f3.5d.6p""","=""6I""","=""7/2""","=""""","=""4.6253198""","=""""","=""""","=""0.001420""","=""0.500""","=""  80                                                       ""","="""""
"=""""","=""*""","=""9/2""","=""""","=""4.6313417""","=""""","=""""","=""0.006022""","=""1.135""","=""                                                           ""","="""""
"=""""","=""*""","=""7/2""","=""""","=""4.6328580""","=""""","=""""","=""0.001516""","=""1.285""","=""                                                           ""","="""""
"=""""","=""*""","=""5/2""","=""""","=""4.6377852""","=""""","=""""","=""0.004927""","=""1.045""","=""                                                           ""","="""""
"=""""","=""""","=""17/2""","=""""","=""4.6383338""","=""""","=""""","=""0.000549""","=""1.155""","=""                                                           ""","="""""
"=""4f3.5d.6p""","=""6K""","=""9/2""","=""""","=""4.6401309""","=""""","=""""","=""0.001797""","=""0.595""","=""  56                                                       ""","="""""
"=""4f3.5d.6p""","=""""","=""7/2""","=""""","=""4.6409573""","=""""","=""""","=""0.000826""","=""0.645""","=""  33                                                       ""","="""""
"=""""","=""*""","=""7/2""","=""""","=""4.6413379""","=""""","=""""","=""0.000381""","=""1.610""","=""                                                           ""","="""""
"=""""","=""*""","=""11/2""","=""""","=""4.6476342""","=""""","=""""","=""0.006296""","=""1.330""","=""                                                           ""","="""""
"=""""","=""*""","=""13/2""","=""""","=""4.6488371""","=""""","=""""","=""0.001203""","=""1.055""","=""                                                           ""","="""""
"=""4f3.5d.6p""","=""""","=""11/2""","=""""","=""4.6515319""","=""""","=""""","=""0.002695""","=""0.895""","=""  17                                                       ""","="""""
"=""4f3.5d.6p""","=""""","=""13/2""","=""""","=""4.6599269""","=""""","=""""","=""0.008395""","=""0.945""","=""  47                                                       ""","="""""
"=""""","=""""","=""11/2""","=""""","=""4.6659606""","=""""","=""""","=""0.006034""","=""1.130""","=""                                                           ""","="""""
"=""""","=""*""","=""5/2""","=""""","=""4.6662488""","=""""","=""""","=""0.000288""","=""0.985""","=""                                                           ""","="""""
"=""""","=""*""","=""11/2""","=""""","=""4.6664379""","=""""","=""""","=""0.000189""","=""1.055""","=""                                                           ""","="""""
"=""""","=""*""","=""13/2""","=""""","=""4.6668309""","=""""","=""""","=""0.000393""","=""1.035""","=""                                                           ""","="""""
"=""4f3.5d.6p""","=""""","=""9/2""","=""""","=""4.6698506""","=""""","=""""","=""0.003020""","=""0.830""","=""  53                                                       ""","="""""
"=""4f3.5d.6p""","=""""","=""15/2""","=""""","=""4.6744151""","=""""","=""""","=""0.004564""","=""1.015""","=""  36                                                       ""","="""""
"=""""","=""*""","=""5/2""","=""""","=""4.6767776""","=""""","=""""","=""0.002363""","=""1.355""","=""                                                           ""","="""""
"=""""","=""*""","=""7/2""","=""""","=""4.6770268""","=""""","=""""","=""0.000249""","=""1.285""","=""                                                           ""","="""""
"=""""","=""*""","=""5/2""","=""""","=""4.6793199""","=""""","=""""","=""0.002293""","=""0.800""","=""                                                           ""","="""""
"=""""","=""*""","=""7/2""","=""""","=""4.6821783""","=""""","=""""","=""0.002858""","=""1.078""","=""                                                           ""","="""""
"=""""","=""""","=""15/2""","=""""","=""4.6836488""","=""""","=""""","=""0.001470""","=""1.050""","=""                                                           ""","="""""
"=""""","=""""","=""9/2""","=""""","=""4.6865791""","=""""","=""""","=""0.002930""","=""0.845""","=""                                                           ""","="""""
"=""""","=""""","=""15/2""","=""""","=""4.7012037""","=""""","=""""","=""0.014625""","=""1.065""","=""                                                           ""","="""""
"=""4f3.5d.6p""","=""6H""","=""5/2""","=""""","=""4.7088951""","=""""","=""""","=""0.007691""","=""0.560""","=""  28                                                       ""","="""""
"=""""","=""""","=""9/2""","=""""","=""4.7095627""","=""""","=""""","=""0.000668""","=""0.840""","=""                                                           ""","="""""
"=""""","=""*""","=""9/2""","=""""","=""4.7303561""","=""""","=""""","=""0.020793""","=""1.195""","=""                                                           ""","="""""
"=""""","=""*""","=""9/2""","=""""","=""4.7337012""","=""""","=""""","=""0.003345""","=""1.240""","=""                                                           ""","="""""
"=""""","=""*""","=""11/2""","=""""","=""4.7428630""","=""""","=""""","=""0.009162""","=""1.100""","=""                                                           ""","="""""
"=""""","=""*""","=""15/2""","=""""","=""4.7464920""","=""""","=""""","=""0.003629""","=""1.040""","=""                                                           ""","="""""
"=""""","=""*""","=""13/2""","=""""","=""4.7482408""","=""""","=""""","=""0.001749""","=""0.955""","=""                                                           ""","="""""
"=""""","=""*""","=""11/2""","=""""","=""4.7509468""","=""""","=""""","=""0.002706""","=""0.910""","=""                                                           ""","="""""
"=""4f3.5d.6p""","=""""","=""15/2""","=""""","=""4.7589704""","=""""","=""""","=""0.008024""","=""1.035""","=""  61                                                       ""","="""""
"=""""","=""*""","=""13/2""","=""""","=""4.7646464""","=""""","=""""","=""0.005676""","=""1.330""","=""                                                           ""","="""""
"=""4f3.5d.6p""","=""""","=""7/2""","=""""","=""4.7649297""","=""""","=""""","=""0.000283""","=""0.580""","=""  33                                                       ""","="""""
"=""""","=""*""","=""15/2""","=""""","=""4.7650053""","=""""","=""""","=""0.000076""","=""1.120""","=""                                                           ""","="""""
"=""4f3.5d.6p""","=""""","=""11/2""","=""""","=""4.7657468""","=""""","=""""","=""0.000741""","=""0.965""","=""  18                                                       ""","="""""
"=""""","=""""","=""15/2""","=""""","=""4.7692010""","=""""","=""""","=""0.003454""","=""1.025""","=""                                                           ""","="""""
"=""""","=""*""","=""11/2""","=""""","=""4.7715096""","=""""","=""""","=""0.002309""","=""1.170""","=""                                                           ""","="""""
"=""4f3.5d.6p""","=""""","=""9/2""","=""""","=""4.7980211""","=""""","=""""","=""0.026511""","=""0.805""","=""  31                                                       ""","="""""
"=""""","=""*""","=""11/2""","=""""","=""4.8090309""","=""""","=""""","=""0.011010""","=""1.085""","=""                                                           ""","="""""
"=""""","=""*""","=""15/2""","=""""","=""4.8093812""","=""""","=""""","=""0.000350""","=""1.045""","=""                                                           ""","="""""
"=""""","=""*""","=""11/2""","=""""","=""4.8189918""","=""""","=""""","=""0.009611""","=""1.190""","=""                                                           ""","="""""
"=""""","=""""","=""9/2""","=""""","=""4.8209783""","=""""","=""""","=""0.001987""","=""0.870""","=""                                                           ""","="""""
"=""""","=""""","=""17/2""","=""""","=""4.8372906""","=""""","=""""","=""0.016312""","=""1.115""","=""                                                           ""","="""""
"=""4f3.5d.6p""","=""""","=""15/2""","=""""","=""4.8388987""","=""""","=""""","=""0.001608""","=""1.070""","=""  44                                                       ""","="""""
"=""""","=""*""","=""13/2""","=""""","=""4.8425575""","=""""","=""""","=""0.003659""","=""1.033""","=""                                                           ""","="""""
"=""""","=""*""","=""15/2""","=""""","=""4.8568001""","=""""","=""""","=""0.014243""","=""0.968""","=""                                                           ""","="""""
"=""""","=""*""","=""13/2""","=""""","=""4.8572657""","=""""","=""""","=""0.000466""","=""1.058""","=""                                                           ""","="""""
"=""""","=""*""","=""1/2""","=""""","=""4.8714191""","=""""","=""""","=""0.014153""","=""1.450""","=""                                                           ""","="""""
"=""4f3.5d.6p""","=""""","=""9/2""","=""""","=""4.8734128""","=""""","=""""","=""0.001994""","=""0.890""","=""  16                                                       ""","="""""
"=""""","=""*""","=""11/2""","=""""","=""4.8808087""","=""""","=""""","=""0.007396""","=""1.195""","=""                                                           ""","="""""
"=""4f3.5d.6p""","=""""","=""7/2""","=""""","=""4.8902858""","=""""","=""""","=""0.009477""","=""0.805""","=""  21                                                       ""","="""""
"=""""","=""*""","=""15/2""","=""""","=""4.8929384""","=""""","=""""","=""0.002653""","=""1.140""","=""                                                           ""","="""""
"=""4f3.5d.6p""","=""""","=""7/2""","=""""","=""4.9027034""","=""""","=""""","=""0.009765""","=""0.915""","=""  30                                                       ""","="""""
"=""4f3.5d.6p""","=""""","=""9/2""","=""""","=""4.9053207""","=""""","=""""","=""0.002617""","=""0.890""","=""  11                                                       ""","="""""
"=""""","=""*""","=""13/2""","=""""","=""4.9065544""","=""""","=""""","=""0.001234""","=""1.010""","=""                                                           ""","="""""
"=""""","=""*""","=""9/2""","=""""","=""4.9101648""","=""""","=""""","=""0.003610""","=""1.220""","=""                                                           ""","="""""
"=""4f3.5d.6p""","=""""","=""17/2""","=""""","=""4.9145111""","=""""","=""""","=""0.004346""","=""1.095""","=""  50                                                       ""","="""""
"=""4f3.5d.6p""","=""""","=""9/2""","=""""","=""4.9299998""","=""""","=""""","=""0.015489""","=""0.880""","=""  37                                                       ""","="""""
"=""""","=""*""","=""13/2""","=""""","=""4.9377736""","=""""","=""""","=""0.007774""","=""1.040""","=""                                                           ""","="""""
"=""""","=""*""","=""15/2""","=""""","=""4.9418484""","=""""","=""""","=""0.004075""","=""1.004""","=""                                                           ""","="""""
"=""4f3.5d.6p""","=""""","=""5/2""","=""""","=""4.9471561""","=""""","=""""","=""0.005308""","=""0.450""","=""  35                                                       ""","="""""
"=""""","=""*""","=""15/2""","=""""","=""4.9535952""","=""""","=""""","=""0.006439""","=""1.007""","=""                                                           ""","="""""
"=""4f3.5d.6p""","=""""","=""15/2""","=""""","=""4.9541023""","=""""","=""""","=""0.000507""","=""1.110""","=""  30                                                       ""","="""""
"=""4f3.5d.6p""","=""""","=""17/2""","=""""","=""4.9759173""","=""""","=""""","=""0.021815""","=""1.110""","=""  46                                                       ""","="""""
"=""""","=""*""","=""5/2""","=""""","=""4.9927271""","=""""","=""""","=""0.016810""","=""1.200""","=""                                                           ""","="""""
"=""4f3.5d.6p""","=""""","=""3/2""","=""""","=""5.0148837""","=""""","=""""","=""0.022157""","=""0.190""","=""  53                                                       ""","="""""
"=""""","=""*""","=""1/2""","=""""","=""5.0224660""","=""""","=""""","=""0.007582""","=""1.340""","=""                                                           ""","="""""
"=""4f3.5d.6p""","=""""","=""17/2""","=""""","=""5.0254280""","=""""","=""""","=""0.002962""","=""1.155""","=""  41                                                       ""","="""""
"=""""","=""""","=""15/2""","=""""","=""5.0357645""","=""""","=""""","=""0.010337""","=""0.960""","=""                                                           ""","="""""
"=""4f3.5d.6p""","=""""","=""5/2""","=""""","=""5.0396539""","=""""","=""""","=""0.003889""","=""0.605""","=""  22                                                       ""","="""""
"=""4f3.5d.6p""","=""""","=""19/2""","=""""","=""5.0454006""","=""""","=""""","=""0.005747""","=""1.165""","=""  39                                                       ""","="""""
"=""4f3.5d.6p""","=""""","=""9/2""","=""""","=""5.0492819""","=""""","=""""","=""0.003881""","=""0.910""","=""  13                                                       ""","="""""
"=""4f3.5d.6p""","=""""","=""7/2""","=""""","=""5.0632128""","=""""","=""""","=""0.013931""","=""0.765""","=""  33                                                       ""","="""""
"=""4f3.5d.6p""","=""""","=""15/2""","=""""","=""5.0661109""","=""""","=""""","=""0.002898""","=""1.100""","=""  35                                                       ""","="""""
"=""""","=""*""","=""15/2""","=""""","=""5.0733795""","=""""","=""""","=""0.007269""","=""1.052""","=""                                                           ""","="""""
"=""4f3.5d.6p""","=""""","=""15/2""","=""""","=""5.0816808""","=""""","=""""","=""0.008301""","=""1.060""","=""  16                                                       ""","="""""
"=""""","=""""","=""5/2""","=""""","=""5.1152948""","=""""","=""""","=""0.033614""","=""0.710""","=""                                                           ""","="""""
"=""""","=""""","=""5/2""","=""""","=""5.1177212""","=""""","=""""","=""0.002426""","=""0.760""","=""                                                           ""","="""""
"=""4f3.6s.6p""","=""6H""","=""5/2""","=""""","=""5.1201296""","=""""","=""""","=""0.002408""","=""0.725""","=""  24                                                       ""","="""""
"=""4f3.6s.6p""","=""6H""","=""15/2""","=""""","=""5.6602419""","=""""","=""""","=""0.540112""","=""1.175""","=""  19                                                       ""","="""""
"=""4f3.5d.6p""","=""""","=""9/2""","=""""","=""5.1424523""","=""""","=""""","=""-0.517790""","=""1.000""","=""  31                                                       ""","="""""
"=""4f3.5d.6p""","=""""","=""9/2""","=""""","=""5.1492367""","=""""","=""""","=""0.006784""","=""0.975""","=""  19                                                       ""","="""""
"=""4f3.5d.6p""","=""""","=""3/2""","=""""","=""5.1494320""","=""""","=""""","=""0.000195""","=""0.040""","=""  77                                                       ""","="""""
"=""4f3.5d.6p""","=""""","=""19/2""","=""""","=""5.1574116""","=""""","=""""","=""0.007980""","=""1.180""","=""  66                                                       ""","="""""
"=""4f3.6s.6p""","=""2I""","=""11/2""","=""""","=""5.1711416""","=""""","=""""","=""0.013730""","=""0.960""","=""  15                                                       ""","="""""
"=""4f3.5d.6p""","=""""","=""19/2""","=""""","=""5.1734099""","=""""","=""""","=""0.002268""","=""1.195""","=""  34                                                       ""","="""""
"=""4f3.5d.6p""","=""""","=""9/2""","=""""","=""5.1820188""","=""""","=""""","=""0.008609""","=""0.885""","=""  11                                                       ""","="""""
"=""4f3.6s.6p""","=""6K""","=""9/2""","=""""","=""5.1878783""","=""""","=""""","=""0.005860""","=""0.865""","=""  11                                                       ""","="""""
"=""4f3.6s.6p""","=""6K""","=""9/2""","=""""","=""5.2020211""","=""""","=""""","=""0.014143""","=""0.810""","=""  20                                                       ""","="""""
"=""4f3.6s.6p""","=""6K""","=""9/2""","=""""","=""5.2241932""","=""""","=""""","=""0.022172""","=""0.870""","=""  10                                                       ""","="""""
"=""4f3.6s.6p""","=""6K""","=""11/2""","=""""","=""5.3171857""","=""""","=""""","=""0.092992""","=""0.925""","=""  30                                                       ""","="""""
"=""4f3.6s.6p""","=""6K""","=""13/2""","=""""","=""5.5276142""","=""""","=""""","=""0.210429""","=""1.045""","=""  29                                                       ""","="""""
"=""4f3.6s.6p""","=""6K""","=""15/2""","=""""","=""5.6417100""","=""""","=""""","=""0.114096""","=""1.10""","=""  28                                                       ""","="""""
"=""4f3.5d.6p""","=""""","=""9/2""","=""""","=""5.2163766""","=""""","=""""","=""-0.425333""","=""1.110""","=""  15                                                       ""","="""""
"=""4f3.5d.6p""","=""""","=""9/2""","=""""","=""5.2325851""","=""""","=""""","=""0.016208""","=""0.875""","=""  11                                                       ""","="""""
"=""4f3.5d.6p""","=""""","=""7/2""","=""""","=""5.2410315""","=""""","=""""","=""0.008446""","=""0.825""","=""  26                                                       ""","="""""
"=""4f3.5d.6p""","=""""","=""19/2""","=""""","=""5.2421728""","=""""","=""""","=""0.001141""","=""1.220""","=""  28                                                       ""","="""""
"=""""","=""""","=""5/2""","=""""","=""5.2600104""","=""""","=""""","=""0.017838""","=""1.070""","=""                                                           ""","="""""
"=""4f3.5d.6p""","=""""","=""5/2""","=""""","=""5.2662865""","=""""","=""""","=""0.006276""","=""1.060""","=""  49                                                       ""","="""""
"=""4f3.5d.6p""","=""""","=""7/2""","=""""","=""5.2897362""","=""""","=""""","=""0.023450""","=""0.990""","=""  14                                                       ""","="""""
"=""4f3.5d.6p""","=""""","=""17/2""","=""""","=""5.2965541""","=""""","=""""","=""0.006818""","=""1.170""","=""  39                                                       ""","="""""
"=""4f3.5d.6p""","=""""","=""17/2""","=""""","=""5.3170165""","=""""","=""""","=""0.020462""","=""1.180""","=""  25                                                       ""","="""""
"=""""","=""""","=""17/2""","=""""","=""5.3228809""","=""""","=""""","=""0.005864""","=""1.015""","=""                                                           ""","="""""
"=""4f3.5d.6p""","=""""","=""11/2""","=""""","=""5.3296901""","=""""","=""""","=""0.006809""","=""0.985""","=""  16                                                       ""","="""""
"=""4f3.6s.6p""","=""6I""","=""7/2""","=""""","=""5.3576790""","=""""","=""""","=""0.027989""","=""0.765""","=""  12                                                       ""","="""""
"=""4f3.6s.6p""","=""6I""","=""9/2""","=""""","=""5.4405519""","=""""","=""""","=""0.082873""","=""0.905""","=""  18                                                       ""","="""""
"=""4f3.6s.6p""","=""6I""","=""9/2""","=""""","=""5.4701642""","=""""","=""""","=""0.029612""","=""0.930""","=""  13                                                       ""","="""""
"=""4f3.6s.6p""","=""6I""","=""11/2""","=""""","=""5.6123078""","=""""","=""""","=""0.142144""","=""0.990""","=""  22                                                       ""","="""""
"=""4f3.5d.6p""","=""""","=""7/2""","=""""","=""5.3718218""","=""""","=""""","=""-0.240486""","=""0.755""","=""  20                                                       ""","="""""
"=""4f3.5d.6p""","=""""","=""11/2""","=""""","=""5.3781047""","=""""","=""""","=""0.006283""","=""1.175""","=""  13                                                       ""","="""""
"=""4f3.5d.6p""","=""""","=""11/2""","=""""","=""5.4037335""","=""""","=""""","=""0.025629""","=""1.065""","=""  14                                                       ""","="""""
"=""4f3.5d.6p""","=""""","=""9/2""","=""""","=""5.4466915""","=""""","=""""","=""0.042958""","=""1.035""","=""  17                                                       ""","="""""
"=""4f3.6s.6p""","=""4H""","=""7/2""","=""""","=""5.4559247""","=""""","=""""","=""0.009233""","=""0.840""","=""  24                                                       ""","="""""
"=""""","=""""","=""11/2""","=""""","=""5.4683218""","=""""","=""""","=""0.012397""","=""0.945""","=""                                                           ""","="""""
"=""4f3.6s.6p""","=""6H""","=""5/2""","=""""","=""5.5841404""","=""""","=""""","=""0.115819""","=""0.335""","=""  42                                                       ""","="""""
"=""4f3.5d.6p""","=""""","=""7/2""","=""""","=""5.5913526""","=""""","=""""","=""0.007212""","=""0.770""","=""  23                                                       ""","="""""
"=""4f3.5d.6p""","=""""","=""15/2""","=""""","=""5.6786474""","=""""","=""""","=""0.087295""","=""1.140""","=""  18                                                       ""","="""""
"=""Nd III (4f4.5s2.5p6 5I<4>)""","=""Limit""","=""---""","=""[""","=""10.783""","=""]""","=""0.020""","=""""","=""""","=""                                                           ""","=""L19870c180"""
"=""4f3.5d2?""","=""4L*?""","=""17/2""","=""""","=""""","=""""","=""""","=""""","=""""","=""                                                           ""","="""""
"=""""","=""6L*?""","=""21/2""","=""""","=""""","=""""","=""""","=""""","=""""","=""                                                           ""","="""""
"=""""","=""6L*?""","=""19/2""","=""""","=""""","=""""","=""""","=""""","=""""","=""                                                           ""","="""""
"=""4f3.(4I*).5d2.(3F)?""","=""6L*?""","=""21/2""","=""""","=""""","=""""","=""""","=""""","=""""","=""                                                           ""","="""""
