Configuration,Term,J,Prefix,Level (eV),Suffix,Uncertainty (eV),Splitting,Lande,Leading percentages,Reference
"=""3p6.3d9""","=""2D""","=""5/2""","=""""","=""0.000000""","=""""","=""0""","=""""","=""""","=""                                                     ""","=""L7185"""
"=""3p6.3d9""","=""2D""","=""3/2""","=""""","=""0.186837""","=""""","=""""","=""0.186837""","=""""","=""                                                     ""","="""""
"=""3p6.3d8.(3F).4s""","=""4F""","=""9/2""","=""""","=""1.040711""","=""""","=""""","=""0.85387""","=""1.355""","="" 100                                                 ""","="""""
"=""3p6.3d8.(3F).4s""","=""4F""","=""7/2""","=""""","=""1.156778""","=""""","=""""","=""0.11607""","=""1.244""","=""  98             :     2  3d8.(3F).4s          2F    ""","="""""
"=""3p6.3d8.(3F).4s""","=""4F""","=""5/2""","=""""","=""1.254182""","=""""","=""""","=""0.09740""","=""1.023""","=""  99             :     1  3d8.(3F).4s          2F    ""","="""""
"=""3p6.3d8.(3F).4s""","=""4F""","=""3/2""","=""""","=""1.322154""","=""""","=""""","=""0.06797""","=""0.397""","=""  99             :     1  3d8.(1D).4s          2D    ""","="""""
"=""3p6.3d8.(3F).4s""","=""2F""","=""7/2""","=""""","=""1.680034""","=""""","=""""","=""0.35788""","=""1.141""","=""  98             :     2  3d8.(3F).4s          4F    ""","="""""
"=""3p6.3d8.(3F).4s""","=""2F""","=""5/2""","=""""","=""1.859214""","=""""","=""""","=""0.17918""","=""0.866""","=""  98             :     1  3d8.(1D).4s          2D    ""","="""""
"=""3p6.3d8.(3P).4s""","=""4P""","=""5/2""","=""""","=""2.865062""","=""""","=""""","=""1.00585""","=""1.428""","=""  54             :    46  3d8.(1D).4s          2D    ""","="""""
"=""3p6.3d8.(3P).4s""","=""4P""","=""3/2""","=""""","=""3.073345""","=""""","=""""","=""0.20828""","=""""","=""  78             :    22  3d8.(1D).4s          2D    ""","="""""
"=""3p6.3d8.(3P).4s""","=""4P""","=""1/2""","=""""","=""3.079263""","=""""","=""""","=""0.00592""","=""2.667""","="" 100                                                 ""","="""""
"=""3p6.3d8.(1D).4s""","=""2D""","=""3/2""","=""""","=""2.950350""","=""""","=""""","=""-0.12891""","=""1.045""","=""  75             :    22  3d8.(3P).4s          4P    ""","="""""
"=""3p6.3d8.(1D).4s""","=""2D""","=""5/2""","=""""","=""3.104116""","=""""","=""""","=""0.15377""","=""1.368""","=""  53             :    46  3d8.(3P).4s          4P    ""","="""""
"=""3p6.3d8.(3P).4s""","=""2P""","=""3/2""","=""""","=""3.604336""","=""""","=""""","=""0.50022""","=""1.322""","=""  97             :     3  3d8.(1D).4s          2D    ""","="""""
"=""3p6.3d8.(3P).4s""","=""2P""","=""1/2""","=""""","=""3.669121""","=""""","=""""","=""0.06479""","=""0.670""","="" 100                                                 ""","="""""
"=""3p6.3d8.(1G).4s""","=""2G""","=""9/2""","=""""","=""4.029428""","=""""","=""""","=""0.36031""","=""1.135""","="" 100                                                 ""","="""""
"=""3p6.3d8.(1G).4s""","=""2G""","=""7/2""","=""""","=""4.032405""","=""""","=""""","=""0.00298""","=""0.895""","=""                                                     ""","="""""
"=""3p6.3d7.4s2""","=""4F""","=""9/2""","=""""","=""6.328830""","=""""","=""""","=""2.29643""","=""""","="" 100                                                 ""","="""""
"=""3p6.3d7.4s2""","=""4F""","=""7/2""","=""""","=""6.472713""","=""""","=""""","=""0.14388""","=""""","="" 100                                                 ""","="""""
"=""3p6.3d7.4s2""","=""4F""","=""5/2""","=""""","=""6.575865""","=""""","=""""","=""0.10315""","=""""","="" 100                                                 ""","="""""
"=""3p6.3d7.4s2""","=""4F""","=""3/2""","=""""","=""6.645701""","=""""","=""""","=""0.06984""","=""""","="" 100                                                 ""","="""""
"=""3p6.3d8.(3F).4p""","=""4D*""","=""7/2""","=""""","=""6.392359""","=""""","=""""","=""-0.25334""","=""1.420""","=""  94                                                 ""","="""""
"=""3p6.3d8.(3F).4p""","=""4D*""","=""5/2""","=""""","=""6.538734""","=""""","=""""","=""0.14637""","=""1.365""","=""  93                                                 ""","="""""
"=""3p6.3d8.(3F).4p""","=""4D*""","=""3/2""","=""""","=""6.649845""","=""""","=""""","=""0.11111""","=""1.186""","=""  94             :     4  3d8.(3P).4p          4D*   ""","="""""
"=""3p6.3d8.(3F).4p""","=""4D*""","=""1/2""","=""""","=""6.717000""","=""""","=""""","=""0.06715""","=""-0.005""","=""  96                                                 ""","="""""
"=""3p6.3d8.(3F).4p""","=""4G*""","=""9/2""","=""""","=""6.616438""","=""""","=""""","=""-0.10056""","=""1.156""","=""  67             :    23  3d8.(3F).4p          2G*   ""","="""""
"=""3p6.3d8.(3F).4p""","=""4G*""","=""11/2""","=""""","=""6.632719""","=""""","=""""","=""0.01628""","=""1.305""","="" 100                                                 ""","="""""
"=""3p6.3d8.(3F).4p""","=""4G*""","=""7/2""","=""""","=""6.727709""","=""""","=""""","=""0.09499""","=""1.025""","=""  81             :    10  3d8.(3F).4p          4F*   ""","="""""
"=""3p6.3d8.(3F).4p""","=""4G*""","=""5/2""","=""""","=""6.821451""","=""""","=""""","=""0.09374""","=""0.616""","=""  94             :     5  3d8.(3F).4p          4F*   ""","="""""
"=""3p6.3d8.(3F).4p""","=""4F*""","=""9/2""","=""""","=""6.764212""","=""""","=""""","=""-0.05724""","=""1.26""","=""  80             :    19  3d8.(3F).4p          2G*   ""","="""""
"=""3p6.3d8.(3F).4p""","=""4F*""","=""7/2""","=""""","=""6.870935""","=""""","=""""","=""0.10672""","=""1.184""","=""  76             :    10  3d8.(3F).4p          2F*   ""","="""""
"=""3p6.3d8.(3F).4p""","=""4F*""","=""5/2""","=""""","=""6.952446""","=""""","=""""","=""0.08151""","=""0.985""","=""  87             :     6  3d8.(3F).4p          4G*   ""","="""""
"=""3p6.3d8.(3F).4p""","=""4F*""","=""3/2""","=""""","=""6.995745""","=""""","=""""","=""0.04330""","=""0.412""","=""  95                                                 ""","="""""
"=""3p6.3d8.(3F).4p""","=""2G*""","=""9/2""","=""""","=""6.856283""","=""""","=""""","=""-0.13946""","=""1.152""","=""  58             :    32  3d8.(3F).4p          4G*   ""","="""""
"=""3p6.3d8.(3F).4p""","=""2G*""","=""7/2""","=""""","=""6.989164""","=""""","=""""","=""0.13288""","=""0.940""","=""  84             :     8  3d8.(3F).4p          4G*   ""","="""""
"=""3p6.3d8.(3F).4p""","=""2F*""","=""7/2""","=""""","=""7.077086""","=""""","=""""","=""0.08792""","=""1.154""","=""  81             :    11  3d8.(3F).4p          4F*   ""","="""""
"=""3p6.3d8.(3F).4p""","=""2F*""","=""5/2""","=""""","=""7.252234""","=""""","=""""","=""0.17515""","=""0.946""","=""  74             :    20  3d8.(3F).4p          2D*   ""","="""""
"=""3p6.3d8.(3F).4p""","=""2D*""","=""5/2""","=""""","=""7.119193""","=""""","=""""","=""-0.13304""","=""1.116""","=""  74             :    20  3d8.(3F).4p          2F*   ""","="""""
"=""3p6.3d8.(3F).4p""","=""2D*""","=""3/2""","=""""","=""7.278610""","=""""","=""""","=""0.15942""","=""0.795""","=""  89             :     7  3d8.(1D).4p          2D*   ""","="""""
"=""3p6.3d8.(3P).4p""","=""4P*""","=""5/2""","=""""","=""8.253794""","=""""","=""""","=""0.97518""","=""1.48""","=""  73             :    20  3d8.(1D).4p          2D*   ""","="""""
"=""3p6.3d8.(3P).4p""","=""4P*""","=""3/2""","=""""","=""8.254832""","=""""","=""""","=""0.00104""","=""1.550""","=""  73             :    12  3d8.(1D).4p          2P*   ""","="""""
"=""3p6.3d8.(3P).4p""","=""4P*""","=""1/2""","=""""","=""8.310787""","=""""","=""""","=""0.05595""","=""2.331""","=""  85             :    11  3d8.(1D).4p          2P*   ""","="""""
"=""3p6.3d8.(1D).4p""","=""2F*""","=""5/2""","=""""","=""8.393066""","=""""","=""""","=""0.08228""","=""0.960""","=""  84             :     8  3d8.(3P).4p          4P*   ""","="""""
"=""3p6.3d8.(1D).4p""","=""2F*""","=""7/2""","=""""","=""8.447193""","=""""","=""""","=""0.05413""","=""1.200""","=""  86             :     9  3d8.(3P).4p          4D*   ""","="""""
"=""3p6.3d7.4s2""","=""4P""","=""5/2""","=""""","=""8.416067""","=""""","=""""","=""-0.03113""","=""""","="" 100                                                 ""","="""""
"=""3p6.3d7.4s2""","=""4P""","=""3/2""","=""""","=""8.450338""","=""""","=""""","=""0.03427""","=""""","=""  94             :     6  3d7.4s2              2P    ""","="""""
"=""3p6.3d7.4s2""","=""4P""","=""1/2""","=""""","=""8.518925""","=""""","=""""","=""0.06859""","=""""","=""  98             :     2  3d7.4s2              2P    ""","="""""
"=""3p6.3d8.(1D).4p""","=""2D*""","=""3/2""","=""""","=""8.450057""","=""""","=""""","=""-0.06887""","=""1.02""","=""  65             :    18  3d8.(3P).4p          4P*   ""","="""""
"=""3p6.3d8.(1D).4p""","=""2D*""","=""5/2""","=""""","=""8.522175""","=""""","=""""","=""0.07212""","=""1.264""","=""  74             :    19  3d8.(3P).4p          4P*   ""","="""""
"=""3p6.3d8.(1D).4p""","=""2P*""","=""1/2""","=""""","=""8.465842""","=""""","=""""","=""-0.05633""","=""1.008""","=""  61             :    23  3d8.(3P).4p          2P*   ""","="""""
"=""3p6.3d8.(1D).4p""","=""2P*""","=""3/2""","=""""","=""8.550651""","=""""","=""""","=""0.08481""","=""1.305""","=""  64             :    15  3d8.(1D).4p          2D*   ""","="""""
"=""3p6.3d7.4s2""","=""2G""","=""9/2""","=""""","=""8.723397""","=""""","=""""","=""0.17275""","=""""","=""  97             :     3  3d7.4s2              2H    ""","="""""
"=""3p6.3d7.4s2""","=""2G""","=""7/2""","=""""","=""8.859631""","=""""","=""""","=""0.13623""","=""""","="" 100                                                 ""","="""""
"=""3p6.3d8.(3P).4p""","=""4D*""","=""5/2""","=""""","=""8.757681""","=""""","=""""","=""-0.10195""","=""1.325""","=""  83             :     9  3d8.(3P).4p          2D*   ""","="""""
"=""3p6.3d8.(3P).4p""","=""4D*""","=""3/2""","=""""","=""8.766522""","=""""","=""""","=""0.00884""","=""1.190""","=""  91             :     4  3d8.(3F).4p          4D*   ""","="""""
"=""3p6.3d8.(3P).4p""","=""4D*""","=""1/2""","=""""","=""8.771721""","=""""","=""""","=""0.00520""","=""""","=""  95             :     4  3d8.(3F).4p          4D*   ""","="""""
"=""3p6.3d8.(3P).4p""","=""4D*""","=""7/2""","=""""","=""8.775368""","=""""","=""""","=""0.00365""","=""1.385""","=""  87             :     9  3d8.(1D).4p          2F*   ""","="""""
"=""3p6.3d8.(3P).4p""","=""2D*""","=""5/2""","=""""","=""8.898449""","=""""","=""""","=""0.12308""","=""1.240""","=""  87             :    10  3d8.(3P).4p          4D*   ""","="""""
"=""3p6.3d8.(3P).4p""","=""2D*""","=""3/2""","=""""","=""8.973408""","=""""","=""""","=""0.07496""","=""0.844""","=""  82             :    11  3d8.(3P).4p          2P*   ""","="""""
"=""3p6.3d8.(3P).4p""","=""2P*""","=""3/2""","=""""","=""9.049067""","=""""","=""""","=""0.07566""","=""1.326""","=""  67             :    16  3d8.(1D).4p          2P*   ""","="""""
"=""3p6.3d8.(3P).4p""","=""2P*""","=""1/2""","=""""","=""9.162835""","=""""","=""""","=""0.11377""","=""1.039""","=""  70             :    24  3d8.(1D).4p          2P*   ""","="""""
"=""3p6.3d7.4s2""","=""2P""","=""3/2""","=""""","=""9.161655""","=""""","=""""","=""-0.00118""","=""""","=""  85             :     8  3d7.4s2              2D2   ""","="""""
"=""3p6.3d8.(3P).4p""","=""2S*""","=""1/2""","=""""","=""9.209959""","=""""","=""""","=""0.04830""","=""""","=""  94             :     4  3d8.(1D).4p          2P*   ""","="""""
"=""3p6.3d8.(3P).4p""","=""4S*""","=""3/2""","=""""","=""9.212141""","=""""","=""""","=""0.00218""","=""""","=""  97                                                 ""","="""""
"=""3p6.3d8.(1G).4p""","=""2H*""","=""9/2""","=""""","=""9.317348""","=""""","=""""","=""0.10521""","=""0.903""","="" 100                                                 ""","="""""
"=""3p6.3d8.(1G).4p""","=""2H*""","=""11/2""","=""""","=""9.388292""","=""""","=""""","=""0.07094""","=""1.119""","="" 100                                                 ""","="""""
"=""3p6.3d8.(1G).4p""","=""2F*""","=""7/2""","=""""","=""9.412587""","=""""","=""""","=""0.02430""","=""1.165""","=""  94             :     4  3d8.(1D).4p          2F*   ""","="""""
"=""3p6.3d8.(1G).4p""","=""2F*""","=""5/2""","=""""","=""9.472644""","=""""","=""""","=""0.06006""","=""""","=""  95                                                 ""","="""""
"=""3p6.3d7.4s2""","=""2H""","=""11/2""","=""""","=""9.512980""","=""""","=""""","=""0.04034""","=""""","="" 100                                                 ""","="""""
"=""3p6.3d7.4s2""","=""2H""","=""9/2""","=""""","=""9.638134""","=""""","=""""","=""0.12515""","=""""","=""  97             :     3  3d7.4s2              2G    ""","="""""
"=""3p6.3d7.4s2""","=""2D2""","=""5/2""","=""""","=""9.588004""","=""""","=""""","=""-0.05013""","=""""","=""  77             :    23  3d7.4s2              2D1   ""","="""""
"=""3p6.3d7.4s2""","=""2D2""","=""3/2""","=""""","=""9.789228""","=""""","=""""","=""0.20122""","=""""","=""  72             :    18  3d7.4s2              2D1   ""","="""""
"=""3p6.3d8.(1G).4p""","=""2G*""","=""7/2""","=""""","=""9.896794""","=""""","=""""","=""0.10757""","=""""","=""  99                                                 ""","="""""
"=""3p6.3d8.(1G).4p""","=""2G*""","=""9/2""","=""""","=""9.909298""","=""""","=""""","=""0.01250""","=""""","="" 100                                                 ""","="""""
"=""3p6.3d7.(4F).4s.4p.(3P*)""","=""6F*""","=""11/2""","=""""","=""10.705194""","=""""","=""""","=""0.79590""","=""""","=""                                                     ""","="""""
"=""3p6.3d7.(4F).4s.4p.(3P*)""","=""6F*""","=""9/2""","=""""","=""10.770511""","=""""","=""""","=""0.06532""","=""""","=""                                                     ""","="""""
"=""3p6.3d7.(4F).4s.4p.(3P*)""","=""6F*""","=""7/2""","=""""","=""10.853340""","=""""","=""""","=""0.08283""","=""""","=""                                                     ""","="""""
"=""3p6.3d7.(4F).4s.4p.(3P*)""","=""6F*""","=""5/2""","=""""","=""10.926549""","=""""","=""""","=""0.07321""","=""""","=""                                                     ""","="""""
"=""3p6.3d7.(4F).4s.4p.(3P*)""","=""6F*""","=""3/2""","=""""","=""10.982770""","=""""","=""""","=""0.05622""","=""""","=""                                                     ""","="""""
"=""3p6.3d7.(4F).4s.4p.(3P*)""","=""6F*""","=""1/2""","=""""","=""11.019913""","=""""","=""""","=""0.03714""","=""""","=""                                                     ""","="""""
"=""3p6.3d7.(4F).4s.4p.(3P*)""","=""6D*""","=""9/2""","=""""","=""10.931920""","=""""","=""""","=""-0.08799""","=""""","=""                                                     ""","="""""
"=""3p6.3d7.(4F).4s.4p.(3P*)""","=""6D*""","=""7/2""","=""""","=""11.047053""","=""""","=""""","=""0.11513""","=""""","=""                                                     ""","="""""
"=""3p6.3d7.(4F).4s.4p.(3P*)""","=""6G*""","=""11/2""","=""""","=""11.091670""","=""""","=""""","=""0.04462""","=""""","=""                                                     ""","="""""
"=""3p6.3d7.(4F).4s.4p.(3P*)""","=""6G*""","=""9/2""","=""""","=""11.148469""","=""""","=""""","=""0.05680""","=""""","=""                                                     ""","="""""
"=""3p6.3d7.(4F).4s.4p.(3P*)""","=""6G*""","=""7/2""","=""""","=""11.192711""","=""""","=""""","=""0.04424""","=""""","=""                                                     ""","="""""
"=""3p6.3d7.(4F).4s.4p.(3P*)""","=""6G*""","=""5/2""","=""""","=""11.223816""","=""?""","=""""","=""0.03111""","=""""","=""                                                     ""","="""""
"=""3p6.3d8.(3F).5s""","=""4F""","=""9/2""","=""""","=""11.381756""","=""""","=""""","=""0.15794""","=""1.350""","="" 100                                                 ""","="""""
"=""3p6.3d8.(3F).5s""","=""4F""","=""7/2""","=""""","=""11.446947""","=""""","=""""","=""0.06519""","=""1.188""","=""  61             :    39  3d8.(3F).5s          2F    ""","="""""
"=""3p6.3d8.(3F).5s""","=""4F""","=""5/2""","=""""","=""11.578892""","=""""","=""""","=""0.13194""","=""1.02""","=""  88             :    12  3d8.(3F).5s          2F    ""","="""""
"=""3p6.3d8.(3F).5s""","=""4F""","=""3/2""","=""""","=""11.662839""","=""""","=""""","=""0.08395""","=""0.392""","=""  99             :     1  3d8.(1D).5s          2D    ""","="""""
"=""3p6.3d7.4s2""","=""2F""","=""5/2""","=""""","=""11.452848""","=""""","=""""","=""-0.20999""","=""""","="" 100                                                 ""","="""""
"=""3p6.3d7.4s2""","=""2F""","=""7/2""","=""""","=""11.504752""","=""""","=""""","=""0.05190""","=""""","="" 100                                                 ""","="""""
"=""3p6.3d8.(3F).5s""","=""2F""","=""7/2""","=""""","=""11.596049""","=""""","=""""","=""0.09130""","=""1.166""","=""  61             :    39  3d8.(3F).5s          4F    ""","="""""
"=""3p6.3d8.(3F).5s""","=""2F""","=""5/2""","=""""","=""11.744930""","=""""","=""""","=""0.14888""","=""0.865""","=""  87             :    12  3d8.(3F).5s          4F    ""","="""""
"=""3p6.3d7.(4F).4s.4p.(3P*)""","=""4F*""","=""9/2""","=""""","=""11.689719""","=""""","=""""","=""-0.05521""","=""""","=""                                                     ""","="""""
"=""3p6.3d7.(4F).4s.4p.(3P*)""","=""4F*""","=""7/2""","=""""","=""11.742039""","=""""","=""""","=""0.05232""","=""""","=""                                                     ""","="""""
"=""3p6.3d7.(4F).4s.4p.(3P*)""","=""4F*""","=""5/2""","=""""","=""11.819727""","=""""","=""""","=""0.07769""","=""""","=""                                                     ""","="""""
"=""3p6.3d7.(4F).4s.4p.(3P*)""","=""4F*""","=""3/2""","=""""","=""11.889311""","=""""","=""""","=""0.06958""","=""""","=""                                                     ""","="""""
"=""3p6.3d7.(4F).4s.4p.(3P*)""","=""4G*""","=""11/2""","=""""","=""11.703704""","=""""","=""""","=""-0.18561""","=""""","=""                                                     ""","="""""
"=""3p6.3d7.(4F).4s.4p.(3P*)""","=""4G*""","=""9/2""","=""""","=""11.780695""","=""""","=""""","=""0.07699""","=""""","=""                                                     ""","="""""
"=""3p6.3d7.(4F).4s.4p.(3P*)""","=""4G*""","=""7/2""","=""""","=""11.849590""","=""""","=""""","=""0.06889""","=""""","=""                                                     ""","="""""
"=""3p6.3d7.(4F).4s.4p.(3P*)""","=""4G*""","=""5/2""","=""""","=""11.908990""","=""""","=""""","=""0.05940""","=""""","=""                                                     ""","="""""
"=""3p6.3d7.(4F).4s.4p.(3P*)""","=""4D*""","=""7/2""","=""""","=""11.968922""","=""""","=""""","=""0.05993""","=""""","=""                                                     ""","="""""
"=""3p6.3d7.(4F).4s.4p.(3P*)""","=""4D*""","=""5/2""","=""""","=""12.060418""","=""""","=""""","=""0.09150""","=""""","=""                                                     ""","="""""
"=""3p6.3d7.(4F).4s.4p.(3P*)""","=""4D*""","=""3/2""","=""""","=""12.125612""","=""""","=""""","=""0.06519""","=""""","=""                                                     ""","="""""
"=""3p6.3d7.(4F).4s.4p.(3P*)""","=""4D*""","=""1/2""","=""""","=""12.165656""","=""""","=""""","=""0.04004""","=""""","=""                                                     ""","="""""
"=""3p6.3d7.(4F).4s.4p.(3P*)""","=""2G*""","=""9/2""","=""""","=""12.184758""","=""""","=""""","=""0.01910""","=""""","=""                                                     ""","="""""
"=""3p6.3d7.(4F).4s.4p.(3P*)""","=""2G*""","=""7/2""","=""""","=""12.379094""","=""""","=""""","=""0.19434""","=""""","=""                                                     ""","="""""
"=""3p6.3d8.(3F).4d""","=""4D""","=""7/2""","=""""","=""12.208383""","=""""","=""""","=""-0.17071""","=""""","=""  90             :     7  3d8.(3F).4d          4F    ""","="""""
"=""3p6.3d8.(3F).4d""","=""4D""","=""5/2""","=""""","=""12.343784""","=""""","=""""","=""0.13540""","=""""","=""  42             :    39  3d8.(3F).4d          4P    ""","="""""
"=""3p6.3d8.(3F).4d""","=""4D""","=""1/2""","=""""","=""12.399681""","=""""","=""""","=""0.05590""","=""""","=""  69             :    16  3d8.(3F).4d          4P    ""","="""""
"=""3p6.3d8.(3F).4d""","=""4D""","=""3/2""","=""""","=""12.408187""","=""""","=""""","=""0.00851""","=""""","=""  49             :    45  3d8.(3F).4d          2P    ""","="""""
"=""3p6.3d8.(3F).4d""","=""4P""","=""5/2""","=""""","=""12.220034""","=""""","=""""","=""-0.18815""","=""""","=""  57             :    40  3d8.(3P).4d          4D    ""","="""""
"=""3p6.3d8.(3F).4d""","=""4P""","=""3/2""","=""""","=""12.459290""","=""""","=""""","=""0.23926""","=""""","=""  73             :    12  3d8.(3F).4d          4D    ""","="""""
"=""3p6.3d8.(3F).4d""","=""4P""","=""1/2""","=""""","=""12.503237""","=""""","=""""","=""0.04395""","=""""","=""  66             :    26  3d8.(3F).4d          4D    ""","="""""
"=""3p6.3d8.(3F).4d""","=""4H""","=""13/2""","=""""","=""12.252435""","=""""","=""""","=""-0.25080""","=""""","="" 100                                                 ""","="""""
"=""3p6.3d8.(3F).4d""","=""4H""","=""11/2""","=""""","=""12.436767""","=""""","=""""","=""0.18433""","=""""","=""  54             :    32  3d8.(3F).4d          2H    ""","="""""
"=""3p6.3d8.(3F).4d""","=""4H""","=""9/2""","=""""","=""12.439594""","=""""","=""""","=""0.00283""","=""""","=""  52             :    22  3d8.(3F).4d          2H    ""","="""""
"=""3p6.3d8.(3F).4d""","=""4H""","=""7/2""","=""""","=""12.540336""","=""""","=""""","=""0.10074""","=""""","=""  62             :    28  3d8.(3F).4d          4G    ""","="""""
"=""3p6.3d8.(3F).4d""","=""2H""","=""11/2""","=""""","=""12.270647""","=""""","=""""","=""-0.26969""","=""""","=""  47             :    45  3d8.(3F).4d          4H    ""","="""""
"=""3p6.3d8.(3F).4d""","=""2H""","=""9/2""","=""""","=""12.566691""","=""""","=""""","=""0.29604""","=""""","=""  55             :    19  3d8.(3F).4d          4H    ""","="""""
"=""3p6.3d8.(3F).4d""","=""2P""","=""3/2""","=""""","=""12.279488""","=""""","=""""","=""-0.28720""","=""""","=""  44             :    29  3d8.(3F).4d          4D    ""","="""""
"=""3p6.3d8.(3F).4d""","=""2P""","=""1/2""","=""""","=""12.552924""","=""""","=""""","=""0.27344""","=""""","=""  77             :    18  3d8.(3F).4d          4P    ""","="""""
"=""3p6.3d8.(3F).4d""","=""4G""","=""11/2""","=""""","=""12.290898""","=""""","=""""","=""-0.26203""","=""""","=""  78             :    21  3d8.(3F).4d          2H    ""","="""""
"=""3p6.3d8.(3F).4d""","=""4G""","=""5/2""","=""""","=""12.567800""","=""""","=""""","=""0.27690""","=""""","=""  68             :    28  3d8.(3F).4d          4F    ""","="""""
"=""3p6.3d8.(3F).4d""","=""4F""","=""9/2""","=""""","=""12.293630""","=""""","=""""","=""-0.27417""","=""""","=""  63             :    31  3d8.(3F).4d          4G    ""","="""""
"=""3p6.3d8.(3F).4d""","=""4F""","=""7/2""","=""""","=""12.471940""","=""""","=""""","=""0.17831""","=""""","=""  40             :    27  3d8.(3F).4d          4H    ""","="""""
"=""3p6.3d8.(3F).4d""","=""4F""","=""3/2""","=""""","=""12.554393""","=""""","=""""","=""0.08245""","=""""","=""  89             :     8  3d8.(3F).4d          4D    ""","="""""
"=""3p6.3d8.(3F).4d""","=""2F""","=""7/2""","=""""","=""12.316658""","=""""","=""""","=""-0.23773""","=""""","=""  58             :    23  3d8.(3F).4d          4F    ""","="""""
"=""3p6.3d8.(3F).4d""","=""2F""","=""5/2""","=""""","=""12.553074""","=""""","=""""","=""0.23642""","=""""","=""  47             :    31  3d8.(3F).4d          4F    ""","="""""
"=""3p6.3d7.(4F).4s.4p.(3P*)""","=""2F*""","=""7/2""","=""""","=""12.326337""","=""""","=""""","=""-0.22674""","=""""","=""                                                     ""","="""""
"=""3p6.3d7.(4F).4s.4p.(3P*)""","=""2F*""","=""5/2""","=""""","=""12.473927""","=""""","=""""","=""0.14759""","=""""","=""                                                     ""","="""""
"=""3p6.3d8.(3F).4d""","=""2G""","=""9/2""","=""""","=""12.329343""","=""""","=""""","=""-0.14458""","=""""","=""  45             :    21  3d8.(3F).4d          4F    ""","="""""
"=""3p6.3d8.(3F).4d""","=""2G""","=""7/2""","=""""","=""12.614186""","=""""","=""""","=""0.28484""","=""""","=""  72             :    13  3d8.(3F).4d          4G    ""","="""""
"=""3p6.3d8.(3F).4d""","=""""","=""5/2""","=""""","=""12.446714""","=""""","=""""","=""-0.16747""","=""""","=""  42  2F         :    25  3d8.(3F).4d          4F    ""","="""""
"=""3p6.3d8.(3F).4d""","=""""","=""7/2""","=""""","=""12.457414""","=""""","=""""","=""0.01070""","=""""","=""  34  4G         :    34  3d8.(3F).4d          2F    ""","="""""
"=""3p6.3d8.(3F).4d""","=""""","=""9/2""","=""""","=""12.475198""","=""""","=""""","=""0.01778""","=""""","=""  32  2G         :    30  3d8.(3F).4d          4G    ""","="""""
"=""3p6.3d7.(4F).4s.4p.(3P*)""","=""2D*""","=""5/2""","=""""","=""12.615987""","=""""","=""""","=""0.14079""","=""""","=""                                                     ""","="""""
"=""3p6.3d7.(4F).4s.4p.(3P*)""","=""2D*""","=""3/2""","=""""","=""12.738476""","=""""","=""""","=""0.12249""","=""""","=""                                                     ""","="""""
"=""3p6.3d8.(3F).4d""","=""2D""","=""5/2""","=""""","=""12.773544""","=""""","=""""","=""0.03507""","=""""","=""  85             :     9  3d8.(3F).4d          2F    ""","="""""
"=""3p6.3d8.(3F).4d""","=""2D""","=""3/2""","=""""","=""12.852636""","=""""","=""""","=""0.07909""","=""""","=""  90             :     4  3d8.(1D).4d          2D    ""","="""""
"=""3p6.3d8.(3F).5p""","=""4D*""","=""7/2""","=""""","=""12.851338""","=""""","=""""","=""-0.00130""","=""""","=""                                                     ""","="""""
"=""3p6.3d8.(3F).5p""","=""4D*""","=""5/2""","=""""","=""12.956748""","=""""","=""""","=""0.10541""","=""""","=""                                                     ""","="""""
"=""3p6.3d8.(3F).5p""","=""4D*""","=""3/2""","=""""","=""13.072875""","=""""","=""""","=""0.11613""","=""""","=""                                                     ""","="""""
"=""3p6.3d8.(3F).5p""","=""4D*""","=""1/2""","=""""","=""13.145151""","=""""","=""""","=""0.07228""","=""""","=""                                                     ""","="""""
"=""3p6.3d8.(3F).5p""","=""2G*""","=""9/2""","=""""","=""12.904404""","=""""","=""""","=""-0.24075""","=""""","=""  60             :    32  3d8.(3F).5p          4G*   ""","="""""
"=""3p6.3d8.(3F).5p""","=""2G*""","=""7/2""","=""""","=""13.219261""","=""""","=""""","=""0.31486""","=""""","=""  58             :    24  3d8.(3F).5p          4G*   ""","="""""
"=""3p6.3d8.(3F).5p""","=""4G*""","=""11/2""","=""""","=""12.912618""","=""""","=""""","=""-0.30664""","=""""","=""                                                     ""","="""""
"=""3p6.3d8.(3F).5p""","=""4G*""","=""7/2""","=""""","=""13.080215""","=""""","=""""","=""0.16760""","=""""","=""  55             :    24  3d8.(3F).5p          2G*   ""","="""""
"=""3p6.3d8.(3F).5p""","=""4G*""","=""9/2""","=""""","=""13.091354""","=""""","=""""","=""0.01114""","=""""","=""  41             :    38  3d8.(3F).5p          2G*   ""","="""""
"=""3p6.3d8.(3F).5p""","=""4G*""","=""5/2""","=""""","=""13.177432""","=""""","=""""","=""0.08608""","=""""","=""                                                     ""","="""""
"=""3p6.3d8.(3F).5p""","=""4F*""","=""9/2""","=""""","=""12.931332""","=""""","=""""","=""-0.24610""","=""""","=""                                                     ""","="""""
"=""3p6.3d8.(3F).5p""","=""4F*""","=""5/2""","=""""","=""13.101259""","=""""","=""""","=""0.16993""","=""""","=""  53             :    24  3d8.(3F).5p          4G*   ""","="""""
"=""3p6.3d8.(3F).5p""","=""4F*""","=""3/2""","=""""","=""13.188112""","=""""","=""""","=""0.08685""","=""""","=""                                                     ""","="""""
"=""3p6.3d8.(3F).5p""","=""*""","=""7/2""","=""""","=""12.974515""","=""""","=""""","=""-0.21360""","=""""","=""  39  4F*        :    33  3d8.(3F).5p          2F*   ""","="""""
"=""3p6.3d8.(3F).5p""","=""2F*""","=""7/2""","=""""","=""13.122247""","=""""","=""""","=""0.14773""","=""""","=""  46             :    32  3d8.(3F).5p          4F*   ""","="""""
"=""3p6.3d8.(3F).5p""","=""2F*""","=""5/2""","=""""","=""13.276502""","=""""","=""""","=""0.15426""","=""""","=""                                                     ""","="""""
"=""3p6.3d8.(3F).5p""","=""2D*""","=""5/2""","=""""","=""13.125115""","=""""","=""""","=""-0.15139""","=""""","=""                                                     ""","="""""
"=""3p6.3d8.(3F).5p""","=""2D*""","=""3/2""","=""""","=""13.283930""","=""""","=""""","=""0.15882""","=""""","=""                                                     ""","="""""
"=""3p6.3d7.(4P).4s.4p.(3P*)""","=""6D*""","=""9/2""","=""""","=""13.140031""","=""?""","=""""","=""-0.14390""","=""""","=""                                                     ""","="""""
"=""3p6.3d8.(1D).5s""","=""2D""","=""5/2""","=""""","=""13.143303""","=""""","=""""","=""0.00327""","=""""","=""  80             :    20  3d8.(3P).5s          4P    ""","="""""
"=""3p6.3d8.(1D).5s""","=""2D""","=""3/2""","=""""","=""13.158832""","=""""","=""""","=""0.01553""","=""""","=""  87             :     9  3d8.(3P).5s          2P    ""","="""""
"=""3p6.3d7.(4P).4s.4p.(3P*)""","=""4S*""","=""3/2""","=""""","=""13.357786""","=""""","=""""","=""0.19895""","=""""","=""                                                     ""","="""""
"=""3p6.3d8.(3P).5s""","=""4P""","=""5/2""","=""""","=""13.435926""","=""""","=""""","=""0.07814""","=""""","=""  80             :    20  3d8.(1D).5s          2D    ""","="""""
"=""3p6.3d8.(3P).5s""","=""4P""","=""3/2""","=""""","=""13.458312""","=""""","=""""","=""0.02239""","=""""","=""  94             :     5  3d8.(1D).5s          2D    ""","="""""
"=""3p6.3d8.(3P).5s""","=""4P""","=""1/2""","=""""","=""13.484933""","=""""","=""""","=""0.02662""","=""""","=""  98             :     2  3d8.(3P).5s          2P    ""","="""""
"=""3p6.3d7.(4P).4s.4p.(3P*)""","=""6P*""","=""3/2""","=""""","=""13.519093""","=""""","=""""","=""0.03416""","=""""","=""                                                     ""","="""""
"=""3p6.3d7.(2G).4s.4p.(3P*)""","=""4F*""","=""9/2""","=""""","=""13.532633""","=""""","=""""","=""0.01354""","=""""","=""                                                     ""","="""""
"=""3p6.3d7.(2G).4s.4p.(3P*)""","=""4F*""","=""7/2""","=""""","=""13.619168""","=""""","=""""","=""0.08653""","=""""","=""                                                     ""","="""""
"=""3p6.3d7.(2G).4s.4p.(3P*)""","=""4F*""","=""5/2""","=""""","=""13.709349""","=""""","=""""","=""0.09018""","=""""","=""                                                     ""","="""""
"=""3p6.3d7.(2G).4s.4p.(3P*)""","=""4F*""","=""3/2""","=""""","=""13.777191""","=""""","=""""","=""0.06784""","=""""","=""                                                     ""","="""""
"=""3p6.3d8.(3P).5s""","=""2P""","=""3/2""","=""""","=""13.547732""","=""""","=""""","=""-0.22946""","=""""","=""  90             :     7  3d8.(1D).5s          2D    ""","="""""
"=""3p6.3d8.(3P).5s""","=""2P""","=""1/2""","=""""","=""13.598056""","=""""","=""""","=""0.05032""","=""""","=""  98             :     2  3d8.(3P).5s          4P    ""","="""""
"=""""","=""*""","=""9/2""","=""""","=""13.640980""","=""""","=""""","=""0.04292""","=""""","=""                                                     ""","="""""
"=""3p6.3d7.(2G).4s.4p.(3P*)""","=""4G*""","=""7/2""","=""""","=""13.859424""","=""""","=""""","=""0.21844""","=""""","=""                                                     ""","="""""
"=""3p6.3d7.(4F).4s.4p.(1P*)""","=""4G*""","=""11/2""","=""""","=""13.938575""","=""?""","=""""","=""0.07915""","=""""","=""                                                     ""","="""""
"=""3p6.3d7.(4F).4s.4p.(1P*)""","=""4G*""","=""9/2""","=""""","=""14.103579""","=""""","=""""","=""0.16500""","=""""","=""  67             :    28  3d7.(4F).4s.4p.(1P*) 4F*   ""","="""""
"=""3p6.3d7.(4F).4s.4p.(1P*)""","=""4G*""","=""5/2""","=""""","=""14.271584""","=""""","=""""","=""0.16801""","=""""","=""  50             :    28  3d7.(4F).4s.4p.(1P*) 2F*   ""","="""""
"=""3p6.3d8.(1D).4d""","=""2F""","=""5/2""","=""""","=""13.971321""","=""""","=""""","=""-0.30026""","=""""","=""  66             :    13  3d8.(1D).4d          2D    ""","="""""
"=""3p6.3d8.(1D).4d""","=""2F""","=""7/2""","=""""","=""13.975468""","=""""","=""""","=""0.00415""","=""""","=""  77             :    19  3d8.(3P).4d          4D    ""","="""""
"=""3p6.3d8.(1D).4d""","=""2D""","=""3/2""","=""""","=""13.998675""","=""""","=""""","=""0.02321""","=""""","=""  62             :    22  3d8.(3P).4d          2D    ""","="""""
"=""3p6.3d8.(1D).4d""","=""2D""","=""5/2""","=""""","=""14.060714""","=""""","=""""","=""0.06204""","=""""","=""  55             :    25  3d8.(1D).4d          2F    ""","="""""
"=""3p6.3d8.(1D).4d""","=""2G""","=""9/2""","=""""","=""14.031659""","=""""","=""""","=""-0.02906""","=""""","=""  84             :    15  3d8.(3P).4d          4F    ""","="""""
"=""3p6.3d8.(1D).4d""","=""2G""","=""7/2""","=""""","=""14.032235""","=""""","=""""","=""0.00058""","=""""","=""  86             :    10  3d8.(3P).4d          2F    ""","="""""
"=""3p6.3d8.(1D).4d""","=""2P""","=""1/2""","=""""","=""14.038118""","=""""","=""""","=""0.00588""","=""""","=""  78             :    13  3d8.(3P).4d          4D    ""","="""""
"=""3p6.3d8.(1D).4d""","=""2P""","=""3/2""","=""""","=""14.060888""","=""""","=""""","=""0.02277""","=""""","=""  77             :    13  3d8.(3P).4d          4D    ""","="""""
"=""3p6.3d7.(4F).4s.4p.(1P*)""","=""4F*""","=""9/2""","=""""","=""14.050131""","=""""","=""""","=""-0.01076""","=""""","=""  63             :    34  3d7.(4F).4s.4p.(1P*) 4G*   ""","="""""
"=""3p6.3d7.(4F).4s.4p.(1P*)""","=""4F*""","=""5/2""","=""""","=""14.273061""","=""?""","=""""","=""0.22293""","=""""","=""  61             :    16  3d7.(4F).4s.4p.(1P*) 2F*   ""","="""""
"=""3p6.3d7.(4F).4s.4p.(1P*)""","=""4F*""","=""3/2""","=""""","=""14.331612""","=""?""","=""""","=""0.05855""","=""""","=""  42             :    30  3d7.(4F).4s.4p.(1P*) 4D*   ""","="""""
"=""3p6.3d8.(1D).4d""","=""2S""","=""1/2""","=""""","=""14.087469""","=""""","=""""","=""-0.24414""","=""""","=""  85             :    10  3d8.(3P).4d          4P    ""","="""""
"=""3p6.3d7.4s.4p""","=""*""","=""7/2""","=""""","=""14.140651""","=""""","=""""","=""0.05318""","=""""","=""  29  4G*        :    28  3d7.4s.4p            4F*   ""","="""""
"=""3p6.3d8.(3P).4d""","=""4D""","=""7/2""","=""""","=""14.237928""","=""""","=""""","=""0.09728""","=""""","=""  79             :    20  3d8.(1D).4d          2F    ""","="""""
"=""3p6.3d8.(3P).4d""","=""4D""","=""5/2""","=""""","=""14.242670""","=""""","=""""","=""0.00474""","=""""","=""  72             :    19  3d8.(1D).4d          2D    ""","="""""
"=""3p6.3d8.(3P).4d""","=""4D""","=""3/2""","=""""","=""14.251044""","=""""","=""""","=""0.00837""","=""""","=""  79             :    11  3d8.(1D).4d          2P    ""","="""""
"=""3p6.3d8.(3P).4d""","=""4D""","=""1/2""","=""""","=""14.254487""","=""""","=""""","=""0.00344""","=""""","=""  87             :    12  3d8.(1D).4d          2P    ""","="""""
"=""3p6.3d7.(2H).4s.4p.(3P*)""","=""4G*""","=""11/2""","=""""","=""14.240686""","=""""","=""""","=""-0.01380""","=""""","=""                                                     ""","="""""
"=""3p6.3d7.(2H).4s.4p.(3P*)""","=""4G*""","=""9/2""","=""""","=""14.334170""","=""""","=""""","=""0.09348""","=""""","=""                                                     ""","="""""
"=""3p6.3d7.(2H).4s.4p.(3P*)""","=""4G*""","=""7/2""","=""""","=""14.416363""","=""""","=""""","=""0.08219""","=""""","=""                                                     ""","="""""
"=""3p6.3d7.(2H).4s.4p.(3P*)""","=""4G*""","=""5/2""","=""""","=""14.475766""","=""""","=""""","=""0.05940""","=""""","=""                                                     ""","="""""
"=""3p6.3d7.(2P).4s.4p.(3P*)""","=""2D*""","=""3/2""","=""""","=""14.241984""","=""""","=""""","=""-0.23378""","=""""","=""  62                                                 ""","="""""
"=""3p6.3d7.(2P).4s.4p.(3P*)""","=""2D*""","=""5/2""","=""""","=""14.493006""","=""""","=""""","=""0.25102""","=""""","=""  50             :    33  3d7.(2P).4s.4p.(3P*) 4D*   ""","="""""
"=""3p6.3d7.(2G).4s.4p.(3P*)""","=""2F*""","=""7/2""","=""""","=""14.258214""","=""""","=""""","=""-0.23479""","=""""","=""  51             :    22  3d7.(2G).4s.4p.(3P*) 4D*   ""","="""""
"=""3p6.3d8.(1G).5s""","=""2G""","=""9/2""","=""""","=""14.268270""","=""""","=""""","=""0.01006""","=""""","="" 100                                                 ""","="""""
"=""3p6.3d8.(1G).5s""","=""2G""","=""7/2""","=""""","=""14.268766""","=""""","=""""","=""0.00050""","=""""","="" 100                                                 ""","="""""
"=""3p6.3d7.4s.4p""","=""4D*""","=""7/2""","=""""","=""14.284201""","=""""","=""""","=""0.01544""","=""""","=""  55             :    18  3d7.4s.4p            2F*   ""","="""""
"=""3p6.3d7.4s.4p""","=""4D*""","=""7/2""","=""""","=""14.445654""","=""""","=""""","=""0.16145""","=""""","=""                                                     ""","="""""
"=""3p6.3d7.4s.4p""","=""*""","=""5/2""","=""""","=""14.328355""","=""""","=""""","=""-0.11730""","=""""","=""  32  4D*        :    25  3d7.4s.4p            4F*   ""","="""""
"=""3p6.3d8.(3P).4d""","=""4F""","=""9/2""","=""""","=""14.349826""","=""""","=""""","=""0.02147""","=""""","=""  84             :    15  3d8.(1D).4d          2G    ""","="""""
"=""3p6.3d8.(3P).4d""","=""4F""","=""7/2""","=""""","=""14.360733""","=""""","=""""","=""0.01091""","=""""","=""  82             :     8  3d8.(1D).4d          2G    ""","="""""
"=""3p6.3d8.(3P).4d""","=""4F""","=""5/2""","=""""","=""14.376800""","=""""","=""""","=""0.01607""","=""""","=""  68             :    13  3d8.(3P).4d          2F    ""","="""""
"=""3p6.3d8.(3P).4d""","=""4F""","=""3/2""","=""""","=""14.402967""","=""""","=""""","=""0.02617""","=""""","=""  97             :     1  3d8.(3P).4d          4P    ""","="""""
"=""""","=""*""","=""3/2""","=""""","=""14.355518""","=""""","=""""","=""-0.04745""","=""""","=""                                                     ""","="""""
"=""3p6.3d7.4s2""","=""2D1""","=""5/2""","=""""","=""14.366084""","=""""","=""""","=""0.01057""","=""""","=""  77             :    23  3d7.4s2              2D2   ""","="""""
"=""3p6.3d8.(3P).4d""","=""2F""","=""7/2""","=""""","=""14.400230""","=""""","=""""","=""0.03415""","=""""","=""  82             :    11  3d8.(3P).4d          4F    ""","="""""
"=""3p6.3d8.(3P).4d""","=""""","=""5/2""","=""""","=""14.405906""","=""""","=""""","=""0.00568""","=""""","=""  38  2D         :    24  3d8.(3P).4d          4F    ""","="""""
"=""3p6.3d8.(3P).4d""","=""4P""","=""1/2""","=""""","=""14.414627""","=""""","=""""","=""0.00872""","=""""","=""  86             :    11  3d8.(1D).4d          2S    ""","="""""
"=""3p6.3d8.(3P).4d""","=""4P""","=""3/2""","=""""","=""14.420892""","=""""","=""""","=""0.00627""","=""""","=""  85             :     8  3d8.(1D).4d          2P    ""","="""""
"=""3p6.3d8.(3P).4d""","=""4P""","=""5/2""","=""""","=""14.472987""","=""""","=""""","=""0.05209""","=""""","=""  41             :    28  3d8.(3P).4d          2D    ""","="""""
"=""3p6.3d8.(3P).4d""","=""2P""","=""1/2""","=""""","=""14.479671""","=""""","=""""","=""0.00668""","=""""","=""  89             :     7  3d8.(1D).4d          2P    ""","="""""
"=""3p6.3d8.(3P).4d""","=""2P""","=""3/2""","=""""","=""14.486107""","=""""","=""""","=""0.00644""","=""""","=""  91             :     4  3d8.(3P).4d          2D    ""","="""""
"=""3p6.3d8.(3F).6s""","=""4F""","=""9/2""","=""""","=""14.485464""","=""""","=""""","=""-0.00064""","=""""","=""                                                     ""","="""""
"=""3p6.3d8.(3F).6s""","=""4F""","=""7/2""","=""""","=""14.515413""","=""""","=""""","=""0.02995""","=""""","=""                                                     ""","="""""
"=""3p6.3d8.(3F).6s""","=""4F""","=""5/2""","=""""","=""14.669168""","=""""","=""""","=""0.15376""","=""""","=""                                                     ""","="""""
"=""3p6.3d8.(3F).6s""","=""4F""","=""3/2""","=""""","=""14.766525""","=""""","=""""","=""0.09736""","=""""","=""                                                     ""","="""""
"=""3p6.3d7.(a 2D).4s.4p.(3P*)""","=""4F*""","=""9/2""","=""""","=""14.577278""","=""""","=""""","=""-0.18925""","=""""","=""                                                     ""","="""""
"=""3p6.3d7.(a 2D).4s.4p.(3P*)""","=""4F*""","=""7/2""","=""""","=""14.626722""","=""""","=""""","=""0.04944""","=""""","=""                                                     ""","="""""
"=""3p6.3d7.(2P).4s.4p.(3P*)""","=""*""","=""3/2""","=""""","=""14.588242""","=""""","=""""","=""-0.03848""","=""""","=""  37  4S*        :    12  3d7.(2P).4s.4p.(3P*) 2D*   ""","="""""
"=""3p6.3d8.(1D).5p""","=""*""","=""3/2""","=""""","=""14.600864""","=""""","=""""","=""0.01262""","=""""","=""  36  2D*        :    12  3d8.(1D).5p          2P*   ""","="""""
"=""3p6.3d8.(1D).5p""","=""2D*""","=""5/2""","=""""","=""14.614362""","=""""","=""""","=""0.01350""","=""""","=""  65                                                 ""","="""""
"=""3p6.3d7.(2H).4s.4p.(3P*)""","=""2I*""","=""11/2""","=""""","=""14.661005""","=""""","=""""","=""0.04664""","=""""","=""                                                     ""","="""""
"=""3p6.3d7.(2H).4s.4p.(3P*)""","=""2I*""","=""13/2""","=""""","=""14.755385""","=""""","=""""","=""0.09438""","=""""","=""                                                     ""","="""""
"=""3p6.3d8.(3F).6s""","=""2F""","=""7/2""","=""""","=""14.666608""","=""""","=""""","=""-0.08878""","=""""","=""                                                     ""","="""""
"=""3p6.3d8.(3F).6s""","=""2F""","=""5/2""","=""""","=""14.793229""","=""""","=""""","=""0.12662""","=""""","=""                                                     ""","="""""
"=""3p6.3d8.(1D).5p""","=""2F*""","=""5/2""","=""""","=""14.677139""","=""""","=""""","=""-0.11609""","=""""","=""                                                     ""","="""""
"=""3p6.3d8.(1D).5p""","=""2F*""","=""7/2""","=""""","=""14.699987""","=""""","=""""","=""0.02285""","=""""","=""                                                     ""","="""""
"=""3p6.3d8.(1D).5p""","=""*""","=""3/2""","=""""","=""14.685037""","=""""","=""""","=""-0.01495""","=""""","=""  37  2P*        :    35  3d8.(1D).5p          2D*   ""","="""""
"=""3p6.3d8.(1D).5p""","=""2P*""","=""1/2""","=""""","=""14.708487""","=""""","=""""","=""0.02345""","=""""","=""  50             :    29  3d7.4s.4p            4D*   ""","="""""
"=""3p6.3d8.(3F<4>).4f""","=""2[1]*""","=""1/2""","=""""","=""14.726193""","=""""","=""""","=""0.01771""","=""""","="" 100                                                 ""","="""""
"=""3p6.3d8.(3F<4>).4f""","=""2[1]*""","=""3/2""","=""""","=""14.730481""","=""?""","=""""","=""0.00429""","=""""","=""  87             :    13  3d8.(3F<4>).4f       2[2]* ""","="""""
"=""3p6.3d8.(3F<4>).4f""","=""2[7]*""","=""13/2""","=""""","=""14.729796""","=""""","=""""","=""-0.00068""","=""""","="" 100                                                 ""","="""""
"=""3p6.3d8.(3F<4>).4f""","=""2[7]*""","=""15/2""","=""""","=""14.735388""","=""""","=""""","=""0.00559""","=""""","="" 100                                                 ""","="""""
"=""3p6.3d8.(3F<4>).4f""","=""2[2]*""","=""5/2""","=""""","=""14.732870""","=""""","=""""","=""-0.00252""","=""""","=""  92             :     8  3d8.(3F<4>).4f       2[3]* ""","="""""
"=""3p6.3d8.(3F<4>).4f""","=""2[2]*""","=""3/2""","=""""","=""14.738881""","=""""","=""""","=""0.00601""","=""""","=""  87             :    13  3d8.(3F<4>).4f       2[1]* ""","="""""
"=""3p6.3d8.(3F<4>).4f""","=""2[3]*""","=""7/2""","=""""","=""14.738511""","=""""","=""""","=""-0.00037""","=""""","=""  97             :     3  3d8.(3F<4>).4f       2[4]* ""","="""""
"=""3p6.3d8.(3F<4>).4f""","=""2[3]*""","=""5/2""","=""""","=""14.741466""","=""""","=""""","=""0.00296""","=""""","=""  92             :     8  3d8.(3F<4>).4f       2[2]* ""","="""""
"=""3p6.3d8.(3F<4>).4f""","=""2[6]*""","=""11/2""","=""""","=""14.740852""","=""""","=""""","=""-0.00061""","=""""","=""  99                                                 ""","="""""
"=""3p6.3d8.(3F<4>).4f""","=""2[6]*""","=""13/2""","=""""","=""14.740883""","=""""","=""""","=""0.00003""","=""""","="" 100                                                 ""","="""""
"=""3p6.3d8.(3F<4>).4f""","=""2[4]*""","=""9/2""","=""""","=""14.743499""","=""""","=""""","=""0.00262""","=""""","=""  99                                                 ""","="""""
"=""3p6.3d8.(3F<4>).4f""","=""2[4]*""","=""7/2""","=""""","=""14.744598""","=""""","=""""","=""0.00110""","=""""","=""  97             :     3  3d8.(3F<4>).4f       2[3]* ""","="""""
"=""3p6.3d8.(3F<4>).4f""","=""2[5]*""","=""9/2""","=""""","=""14.745071""","=""""","=""""","=""0.00047""","=""""","=""  99                                                 ""","="""""
"=""3p6.3d8.(3F<4>).4f""","=""2[5]*""","=""11/2""","=""""","=""14.746622""","=""""","=""""","=""0.00155""","=""""","=""  99                                                 ""","="""""
"=""3p6.3d8.(3F).5d""","=""4D""","=""7/2""","=""""","=""14.835484""","=""""","=""""","=""0.08886""","=""""","=""  84             :    13  3d8.(3F).5d          4F    ""","="""""
"=""3p6.3d8.(3F).5d""","=""4D""","=""1/2""","=""""","=""15.015962""","=""""","=""""","=""0.18048""","=""""","=""  48             :    30  3d8.(3F).5d          2P    ""","="""""
"=""3p6.3d8.(3F).5d""","=""4D""","=""3/2""","=""""","=""15.016419""","=""""","=""""","=""0.00046""","=""""","=""  44             :    34  3d8.(3F).5d          2P    ""","="""""
"=""3p6.3d8.(3F).5d""","=""4P""","=""5/2""","=""""","=""14.836605""","=""""","=""""","=""-0.17981""","=""""","=""  67             :    30  3d8.(3F).5d          4D    ""","="""""
"=""3p6.3d8.(3F).5d""","=""4P""","=""1/2""","=""""","=""15.116793""","=""""","=""""","=""0.28019""","=""""","=""  51             :    43  3d8.(3F).5d          4D    ""","="""""
"=""3p6.3d8.(3F).5d""","=""4H""","=""13/2""","=""""","=""14.850034""","=""""","=""""","=""-0.26676""","=""""","="" 100                                                 ""","="""""
"=""3p6.3d8.(3F).5d""","=""4H""","=""11/2""","=""""","=""15.024473""","=""""","=""""","=""0.17444""","=""""","=""  59             :    30  3d8.(3F).5d          2H    ""","="""""
"=""3p6.3d8.(3F).5d""","=""4H""","=""9/2""","=""""","=""15.025687""","=""""","=""""","=""0.00121""","=""""","=""  59             :    27  3d8.(3F).5d          2H    ""","="""""
"=""3p6.3d8.(3F).5d""","=""4H""","=""7/2""","=""""","=""15.131935""","=""""","=""""","=""0.10625""","=""""","=""  77             :    18  3d8.(3F).5d          4G    ""","="""""
"=""3p6.3d8.(3P).5p""","=""4P*""","=""5/2""","=""""","=""14.852933""","=""""","=""""","=""-0.27900""","=""""","=""  51             :    19  3d8.(1D).5p          2D*   ""","="""""
"=""3p6.3d8.(3P).5p""","=""4P*""","=""3/2""","=""""","=""14.898750""","=""""","=""""","=""0.04582""","=""""","=""  36             :    17  3d8.(1D).5p          2D*   ""","="""""
"=""3p6.3d8.(3P).5p""","=""4P*""","=""1/2""","=""""","=""14.917285""","=""""","=""""","=""0.01853""","=""""","=""                                                     ""","="""""
"=""3p6.3d8.(3F).5d""","=""4G""","=""11/2""","=""""","=""14.857398""","=""""","=""""","=""-0.05989""","=""""","=""  53             :    34  3d8.(3F).5d          4H    ""","="""""
"=""3p6.3d8.(3F).5d""","=""4G""","=""7/2""","=""""","=""15.031956""","=""""","=""""","=""0.17456""","=""""","=""  42             :    30  3d8.(3F).5d          2F    ""","="""""
"=""3p6.3d8.(3F).5d""","=""4G""","=""9/2""","=""""","=""15.038622""","=""""","=""""","=""0.00667""","=""""","=""  43             :    25  3d8.(3F).5d          2G    ""","="""""
"=""3p6.3d8.(3F).5d""","=""4G""","=""5/2""","=""""","=""15.144049""","=""""","=""""","=""0.10543""","=""""","=""  59             :    35  3d8.(3F).5d          4F    ""","="""""
"=""3p6.3d8.(3F).5d""","=""2H""","=""11/2""","=""""","=""14.864400""","=""""","=""""","=""-0.27965""","=""""","=""  56             :    36  3d8.(3F).5d          4G    ""","="""""
"=""3p6.3d8.(3F).5d""","=""2H""","=""9/2""","=""""","=""15.143518""","=""""","=""""","=""0.27912""","=""""","=""  59             :    25  3d8.(3F).5d          4H    ""","="""""
"=""3p6.3d8.(3F).5d""","=""2P""","=""3/2""","=""""","=""14.866911""","=""""","=""""","=""-0.27661""","=""""","=""  59             :    18  3d8.(3F).5d          4P    ""","="""""
"=""3p6.3d8.(3F).5d""","=""2P""","=""1/2""","=""""","=""15.140075""","=""?""","=""""","=""0.27316""","=""""","=""  65             :    26  3d8.(3F).5d          4P    ""","="""""
"=""3p6.3d8.(3F).5d""","=""4F""","=""9/2""","=""""","=""14.867358""","=""""","=""""","=""-0.27272""","=""""","=""  59             :    34  3d8.(3F).5d          4G    ""","="""""
"=""3p6.3d8.(3F).5d""","=""4F""","=""7/2""","=""""","=""15.041501""","=""""","=""""","=""0.17414""","=""""","=""  41             :    30  3d8.(3F).5d          2G    ""","="""""
"=""3p6.3d8.(3F).5d""","=""4F""","=""3/2""","=""""","=""15.136585""","=""""","=""""","=""0.09508""","=""""","=""  62             :    26  3d8.(3F).5d          4D    ""","="""""
"=""3p6.3d8.(3F).5d""","=""2F""","=""7/2""","=""""","=""14.878458""","=""""","=""""","=""-0.25813""","=""""","=""  60             :    20  3d8.(3F).5d          4F    ""","="""""
"=""3p6.3d8.(3F).5d""","=""2F""","=""5/2""","=""""","=""15.147822""","=""?""","=""""","=""0.26936""","=""""","=""  52             :    20  3d8.(3F).5d          2D    ""","="""""
"=""3p6.3d8.(3F).5d""","=""2G""","=""9/2""","=""""","=""14.883677""","=""""","=""""","=""-0.26414""","=""""","=""  58             :    23  3d8.(3F).5d          4F    ""","="""""
"=""3p6.3d8.(3F).5d""","=""2G""","=""7/2""","=""""","=""15.159554""","=""""","=""""","=""0.27588""","=""""","=""  61             :    18  3d8.(3F).5d          4G    ""","="""""
"=""3p6.3d8.(3F).5d""","=""""","=""5/2""","=""""","=""14.895979""","=""""","=""""","=""-0.26357""","=""""","=""  37  2D         :    18  3d8.(3F).5d          4D    ""","="""""
"=""3p6.3d8.(3F<3>).4f""","=""2[1]*""","=""1/2""","=""""","=""14.901605""","=""""","=""""","=""0.00563""","=""""","=""  60             :    40  3d8.(3F<3>).4f       2[0]* ""","="""""
"=""3p6.3d8.(3F<3>).4f""","=""2[1]*""","=""3/2""","=""""","=""14.902799""","=""""","=""""","=""0.00119""","=""""","=""  88             :    12  3d8.(3F<3>).4f       2[2]* ""","="""""
"=""3p6.3d8.(3F<3>).4f""","=""2[2]*""","=""5/2""","=""""","=""14.903333""","=""""","=""""","=""0.00053""","=""""","=""  99             :     1  3d8.(3F<3>).4f       2[3]* ""","="""""
"=""3p6.3d8.(3F<3>).4f""","=""2[2]*""","=""3/2""","=""""","=""14.905739""","=""""","=""""","=""0.00241""","=""""","=""  88             :    12  3d8.(3F<3>).4f       2[1]* ""","="""""
"=""3p6.3d8.(3F<3>).4f""","=""2[6]*""","=""11/2""","=""""","=""14.904302""","=""""","=""""","=""-0.00144""","=""""","="" 100                                                 ""","="""""
"=""3p6.3d8.(3F<3>).4f""","=""2[6]*""","=""13/2""","=""""","=""14.905160""","=""""","=""""","=""0.00086""","=""""","="" 100                                                 ""","="""""
"=""3p6.3d8.(3F<3>).4f""","=""2[3]*""","=""7/2""","=""""","=""14.909121""","=""""","=""""","=""0.00396""","=""""","=""  98             :     1  3d8.(3F<3>).4f       2[4]* ""","="""""
"=""3p6.3d8.(3F<3>).4f""","=""2[3]*""","=""5/2""","=""""","=""14.911824""","=""""","=""""","=""0.00270""","=""""","=""  99             :     1  3d8.(3F<3>).4f       2[2]* ""","="""""
"=""3p6.3d8.(3F<3>).4f""","=""2[4]*""","=""7/2""","=""""","=""14.911432""","=""""","=""""","=""-0.00039""","=""""","=""  98             :     1  3d8.(3F<3>).4f       2[3]* ""","="""""
"=""3p6.3d8.(3F<3>).4f""","=""2[4]*""","=""9/2""","=""""","=""14.912957""","=""""","=""""","=""0.00153""","=""""","=""  97             :     3  3d8.(3F<3>).4f       2[5]* ""","="""""
"=""3p6.3d8.(3F<3>).4f""","=""2[5]*""","=""11/2""","=""""","=""14.911634""","=""""","=""""","=""-0.00132""","=""""","="" 100                                                 ""","="""""
"=""3p6.3d8.(3F<3>).4f""","=""2[5]*""","=""9/2""","=""""","=""14.911893""","=""""","=""""","=""0.00026""","=""""","=""  97             :     3  3d8.(3F<3>).4f       2[4]* ""","="""""
"=""3p6.3d8.(3P).5p""","=""4D*""","=""7/2""","=""""","=""14.990100""","=""""","=""""","=""0.07821""","=""""","=""  81                                                 ""","="""""
"=""3p6.3d8.(3P).5p""","=""4D*""","=""5/2""","=""""","=""15.042394""","=""""","=""""","=""0.05229""","=""""","=""  63             :    27  3d8.(3P).5p          2D*   ""","="""""
"=""3p6.3d8.(3P).5p""","=""4D*""","=""3/2""","=""""","=""15.049921""","=""""","=""""","=""0.00753""","=""""","=""  54                                                 ""","="""""
"=""3p6.3d8.(3P).5p""","=""4D*""","=""1/2""","=""""","=""15.071651""","=""""","=""""","=""0.02173""","=""""","=""  83                                                 ""","="""""
"=""3p6.3d8.(3F<2>).4f""","=""2[1]*""","=""3/2""","=""""","=""15.007360""","=""""","=""""","=""-0.06429""","=""""","=""  90             :     9  3d8.(3F<2>).4f       2[2]* ""","="""""
"=""3p6.3d8.(3F<2>).4f""","=""2[1]*""","=""1/2""","=""""","=""15.013335""","=""""","=""""","=""0.00597""","=""""","=""  99                                                 ""","="""""
"=""3p6.3d8.(3P).5p""","=""*""","=""3/2""","=""""","=""15.007366""","=""""","=""""","=""-0.00597""","=""""","=""  35  2P*        :    18  3d8.(3P).5p          2D*   ""","="""""
"=""3p6.3d8.(3P).5p""","=""2D*""","=""5/2""","=""""","=""15.008369""","=""""","=""""","=""0.00100""","=""""","=""  57             :    20  3d8.(3P).5p          4D*   ""","="""""
"=""3p6.3d8.(3F).6p""","=""4G*""","=""11/2""","=""""","=""15.017012""","=""""","=""""","=""0.00864""","=""""","=""                                                     ""","="""""
"=""3p6.3d8.(3F<2>).4f""","=""2[5]*""","=""11/2""","=""""","=""15.017075""","=""""","=""""","=""0.00006""","=""""","=""  99                                                 ""","="""""
"=""3p6.3d8.(3F<2>).4f""","=""2[5]*""","=""9/2""","=""""","=""15.017637""","=""""","=""""","=""0.00056""","=""""","=""  99                                                 ""","="""""
"=""3p6.3d8.(3F<2>).4f""","=""2[2]*""","=""5/2""","=""""","=""15.020311""","=""""","=""""","=""0.00267""","=""""","=""  94             :     5  3d8.(3F<2>).4f       2[3]* ""","="""""
"=""3p6.3d8.(3F<2>).4f""","=""2[2]*""","=""3/2""","=""""","=""15.022150""","=""""","=""""","=""0.00184""","=""""","=""  90             :     9  3d8.(3F<2>).4f       2[1]* ""","="""""
"=""3p6.3d8.(3F<2>).4f""","=""2[4]*""","=""7/2""","=""""","=""15.024227""","=""""","=""""","=""0.00208""","=""""","=""  86             :    13  3d8.(3F<2>).4f       2[3]* ""","="""""
"=""3p6.3d8.(3F<2>).4f""","=""2[4]*""","=""9/2""","=""""","=""15.024472""","=""""","=""""","=""0.00024""","=""""","=""  99                                                 ""","="""""
"=""3p6.3d8.(3F<2>).4f""","=""2[3]*""","=""7/2""","=""""","=""15.025933""","=""""","=""""","=""0.00146""","=""""","=""  86             :    13  3d8.(3F<2>).4f       2[4]* ""","="""""
"=""3p6.3d8.(3F<2>).4f""","=""2[3]*""","=""5/2""","=""""","=""15.026158""","=""""","=""""","=""0.00023""","=""""","=""  94             :     5  3d8.(3F<2>).4f       2[2]* ""","="""""
"=""3p6.3d8.(3F).5d""","=""""","=""5/2""","=""""","=""15.030332""","=""""","=""""","=""0.00417""","=""""","=""  37  4D         :    36  3d8.(3F).5d          2F    ""","="""""
"=""3p6.3d8.(1G).4d""","=""2I""","=""11/2""","=""""","=""15.056353""","=""""","=""""","=""0.02602""","=""""","="" 100                                                 ""","="""""
"=""3p6.3d8.(1G).4d""","=""2I""","=""13/2""","=""""","=""15.061174""","=""""","=""""","=""0.00482""","=""""","="" 100                                                 ""","="""""
"=""3p6.3d8.(3P).5p""","=""4S*""","=""3/2""","=""""","=""15.058662""","=""""","=""""","=""-0.00251""","=""""","=""  43             :    23  3d8.(3P).5p          2D*   ""","="""""
"=""3p6.3d7.(2H).4s.4p.(3P*)""","=""2G*""","=""9/2""","=""""","=""15.087953""","=""""","=""""","=""0.02929""","=""""","=""                                                     ""","="""""
"=""3p6.3d7.(2H).4s.4p.(3P*)""","=""2G*""","=""7/2""","=""""","=""15.109033""","=""""","=""""","=""0.02108""","=""""","=""                                                     ""","="""""
"=""""","=""""","=""3/2""","=""""","=""15.088755""","=""""","=""""","=""-0.02028""","=""""","=""                                                     ""","="""""
"=""3p6.3d8.(3P).5p""","=""*""","=""3/2""","=""""","=""15.101318""","=""""","=""""","=""0.01256""","=""""","=""  32  2P*        :    28  3d8.(3P).5p          2D*   ""","="""""
"=""3p6.3d8.(1G).4d""","=""2F""","=""5/2""","=""""","=""15.136022""","=""""","=""""","=""0.03470""","=""""","=""  99                                                 ""","="""""
"=""3p6.3d8.(1G).4d""","=""2F""","=""7/2""","=""""","=""15.136807""","=""""","=""""","=""0.00078""","=""""","="" 100                                                 ""","="""""
"=""3p6.3d8.(3F).6p""","=""4F*""","=""9/2""","=""""","=""15.180777""","=""""","=""""","=""0.04397""","=""""","=""                                                     ""","="""""
"=""3p6.3d8.(1G).4d""","=""2H""","=""9/2""","=""""","=""15.224071""","=""""","=""""","=""0.04329""","=""""","="" 100                                                 ""","="""""
"=""3p6.3d8.(1G).4d""","=""2H""","=""11/2""","=""""","=""15.227941""","=""""","=""""","=""0.00387""","=""""","="" 100                                                 ""","="""""
"=""3p6.3d8.(3F).6p""","=""4D*""","=""7/2""","=""""","=""15.226868""","=""""","=""""","=""-0.00107""","=""""","=""                                                     ""","="""""
"=""3p6.3d8.(1G).4d""","=""2G""","=""9/2""","=""""","=""15.229888""","=""""","=""""","=""0.00302""","=""""","=""  99                                                 ""","="""""
"=""3p6.3d8.(1G).4d""","=""2G""","=""7/2""","=""""","=""15.231161""","=""""","=""""","=""0.00127""","=""""","="" 100                                                 ""","="""""
"=""3p6.3d8.(3F).6p""","=""2G*""","=""9/2""","=""""","=""15.303940""","=""""","=""""","=""0.07278""","=""""","=""                                                     ""","="""""
"=""3p6.3d7.(2H).4s.4p.(3P*)""","=""2H*""","=""9/2""","=""""","=""15.454878""","=""""","=""""","=""0.15094""","=""""","=""                                                     ""","="""""
"=""3p6.3d7.(2H).4s.4p.(3P*)""","=""2H*""","=""11/2""","=""""","=""15.498448""","=""""","=""""","=""0.04357""","=""""","=""                                                     ""","="""""
"=""3p6.3d8.(1G).5p""","=""2H*""","=""9/2""","=""""","=""15.706316""","=""""","=""""","=""0.20787""","=""""","=""                                                     ""","="""""
"=""3p6.3d8.(1G).5p""","=""2H*""","=""11/2""","=""""","=""15.728384""","=""""","=""""","=""0.02207""","=""""","=""                                                     ""","="""""
"=""3p6.3d7.(4P).4s.4p.(1P*)""","=""4S*""","=""3/2""","=""""","=""15.713611""","=""""","=""""","=""-0.01477""","=""""","=""                                                     ""","="""""
"=""3p6.3d8.(1G).5p""","=""2F*""","=""7/2""","=""""","=""15.773216""","=""""","=""""","=""0.05960""","=""""","=""                                                     ""","="""""
"=""3p6.3d8.(1G).5p""","=""2F*""","=""5/2""","=""""","=""15.787106""","=""""","=""""","=""0.01389""","=""""","=""                                                     ""","="""""
"=""3p6.3d8.(3F).7s""","=""4F""","=""9/2""","=""""","=""15.853504""","=""""","=""""","=""0.06640""","=""""","=""                                                     ""","="""""
"=""3p6.3d8.(3F).7s""","=""4F""","=""7/2""","=""""","=""15.868931""","=""""","=""""","=""0.01543""","=""""","=""                                                     ""","="""""
"=""3p6.3d8.(3F).7s""","=""4F""","=""5/2""","=""""","=""16.030476""","=""""","=""""","=""0.16155""","=""""","=""                                                     ""","="""""
"=""3p6.3d8.(3F).7s""","=""4F""","=""3/2""","=""""","=""16.134707""","=""""","=""""","=""0.10423""","=""""","=""                                                     ""","="""""
"=""3p6.3d8.(1G).5p""","=""2G*""","=""9/2""","=""""","=""15.855826""","=""""","=""""","=""-0.27888""","=""""","=""                                                     ""","="""""
"=""3p6.3d8.(1G).5p""","=""2G*""","=""7/2""","=""""","=""15.857000""","=""""","=""""","=""0.00117""","=""""","=""                                                     ""","="""""
"=""3p6.3d8.(3F<4>).5f""","=""2[1]*""","=""3/2""","=""""","=""15.960738""","=""""","=""""","=""0.10374""","=""""","=""  87             :    13  3d8.(3F<4>).5f       2[2]* ""","="""""
"=""3p6.3d8.(3F<4>).5f""","=""2[1]*""","=""1/2""","=""""","=""15.969120""","=""""","=""""","=""0.00838""","=""""","="" 100                                                 ""","="""""
"=""3p6.3d8.(3F<4>).5f""","=""2[2]*""","=""5/2""","=""""","=""15.969565""","=""""","=""""","=""0.00044""","=""""","=""  92             :     8  3d8.(3F<4>).5f       2[3]* ""","="""""
"=""3p6.3d8.(3F<4>).5f""","=""2[2]*""","=""3/2""","=""""","=""15.971921""","=""""","=""""","=""0.00236""","=""""","=""  87             :    13  3d8.(3F<4>).5f       2[1]* ""","="""""
"=""3p6.3d8.(3F<4>).5f""","=""2[7]*""","=""13/2""","=""""","=""15.971447""","=""""","=""""","=""-0.00047""","=""""","="" 100                                                 ""","="""""
"=""3p6.3d8.(3F<4>).5f""","=""2[7]*""","=""15/2""","=""""","=""15.972519""","=""""","=""""","=""0.00107""","=""""","="" 100                                                 ""","="""""
"=""3p6.3d8.(3F<4>).5f""","=""2[3]*""","=""7/2""","=""""","=""15.972531""","=""""","=""""","=""0.00001""","=""""","=""  97                                                 ""","="""""
"=""3p6.3d8.(3F<4>).5f""","=""2[3]*""","=""5/2""","=""""","=""15.975844""","=""""","=""""","=""0.00331""","=""""","=""  92             :     8  3d8.(3F<4>).5f       2[2]* ""","="""""
"=""3p6.3d8.(3F<4>).5f""","=""2[6]*""","=""11/2""","=""""","=""15.973766""","=""""","=""""","=""-0.00208""","=""""","=""  99                                                 ""","="""""
"=""3p6.3d8.(3F<4>).5f""","=""2[6]*""","=""13/2""","=""""","=""15.976058""","=""""","=""""","=""0.00229""","=""""","="" 100                                                 ""","="""""
"=""3p6.3d8.(3F<4>).5f""","=""2[4]*""","=""9/2""","=""""","=""15.975849""","=""""","=""""","=""-0.00021""","=""""","="" 100                                                 ""","="""""
"=""3p6.3d8.(3F<4>).5f""","=""2[4]*""","=""7/2""","=""""","=""15.977472""","=""""","=""""","=""0.00162""","=""""","=""  97                                                 ""","="""""
"=""3p6.3d8.(3F<4>).5f""","=""2[5]*""","=""9/2""","=""""","=""15.976913""","=""""","=""""","=""-0.00056""","=""""","="" 100                                                 ""","="""""
"=""3p6.3d8.(3F<4>).5f""","=""2[5]*""","=""11/2""","=""""","=""15.977830""","=""""","=""""","=""0.00092""","=""""","="" 100                                                 ""","="""""
"=""3p6.3d8.(3F<4>).5g""","=""2[0]""","=""1/2""","=""""","=""15.986209""","=""""","=""""","=""0.00838""","=""""","="" 100                                                 ""","="""""
"=""3p6.3d8.(3F<4>).5g""","=""2[1]""","=""3/2""","=""""","=""15.986493""","=""""","=""""","=""0.00028""","=""""","="" 100                                                 ""","="""""
"=""3p6.3d8.(3F<4>).5g""","=""2[1]""","=""1/2""","=""""","=""15.986493""","=""""","=""""","=""0.00000""","=""""","="" 100                                                 ""","="""""
"=""3p6.3d8.(3F<4>).5g""","=""2[2]""","=""5/2""","=""""","=""15.987063""","=""""","=""""","=""0.00057""","=""""","="" 100                                                 ""","="""""
"=""3p6.3d8.(3F<4>).5g""","=""2[2]""","=""3/2""","=""""","=""15.987063""","=""""","=""""","=""0.00000""","=""""","="" 100                                                 ""","="""""
"=""3p6.3d8.(3F<4>).5g""","=""2[8]""","=""15/2""","=""""","=""15.987285""","=""""","=""""","=""0.00022""","=""""","="" 100                                                 ""","="""""
"=""3p6.3d8.(3F<4>).5g""","=""2[8]""","=""17/2""","=""""","=""15.987288""","=""""","=""""","=""0.00000""","=""""","="" 100                                                 ""","="""""
"=""3p6.3d8.(3F<4>).5g""","=""2[3]""","=""7/2""","=""""","=""15.987867""","=""""","=""""","=""0.00058""","=""""","="" 100                                                 ""","="""""
"=""3p6.3d8.(3F<4>).5g""","=""2[3]""","=""5/2""","=""""","=""15.987873""","=""""","=""""","=""0.00001""","=""""","="" 100                                                 ""","="""""
"=""3p6.3d8.(3F<4>).5g""","=""2[4]""","=""9/2""","=""""","=""15.988796""","=""""","=""""","=""0.00092""","=""""","="" 100                                                 ""","="""""
"=""3p6.3d8.(3F<4>).5g""","=""2[4]""","=""7/2""","=""""","=""15.988804""","=""""","=""""","=""0.00001""","=""""","="" 100                                                 ""","="""""
"=""3p6.3d8.(3F<4>).5g""","=""2[7]""","=""15/2""","=""""","=""15.989094""","=""""","=""""","=""0.00029""","=""""","="" 100                                                 ""","="""""
"=""3p6.3d8.(3F<4>).5g""","=""2[7]""","=""13/2""","=""""","=""15.989094""","=""""","=""""","=""0.00000""","=""""","="" 100                                                 ""","="""""
"=""3p6.3d8.(3F<4>).5g""","=""2[5]""","=""9/2""","=""""","=""15.989575""","=""""","=""""","=""0.00048""","=""""","="" 100                                                 ""","="""""
"=""3p6.3d8.(3F<4>).5g""","=""2[5]""","=""11/2""","=""""","=""15.989576""","=""""","=""""","=""0.00000""","=""""","="" 100                                                 ""","="""""
"=""3p6.3d8.(3F<4>).5g""","=""2[6]""","=""13/2""","=""""","=""15.989809""","=""""","=""""","=""0.00023""","=""""","="" 100                                                 ""","="""""
"=""3p6.3d8.(3F<4>).5g""","=""2[6]""","=""11/2""","=""""","=""15.989809""","=""""","=""""","=""0.00000""","=""""","="" 100                                                 ""","="""""
"=""3p6.3d8.(3F).7s""","=""2F""","=""7/2""","=""""","=""16.027651""","=""""","=""""","=""0.03784""","=""""","=""                                                     ""","="""""
"=""3p6.3d8.(3F).7s""","=""2F""","=""5/2""","=""""","=""16.147238""","=""""","=""""","=""0.11959""","=""""","=""                                                     ""","="""""
"=""3p6.3d8.(3F).6d""","=""4P""","=""5/2""","=""""","=""16.029235""","=""""","=""""","=""-0.11800""","=""""","=""                                                     ""","="""""
"=""3p6.3d8.(3F).6d""","=""4P""","=""3/2""","=""""","=""16.053441""","=""""","=""""","=""0.02421""","=""""","=""                                                     ""","="""""
"=""3p6.3d8.(3F).6d""","=""4P""","=""1/2""","=""""","=""16.206080""","=""""","=""""","=""0.15264""","=""""","=""                                                     ""","="""""
"=""3p6.3d8.(3F).6d""","=""4D""","=""7/2""","=""""","=""16.030898""","=""""","=""""","=""-0.17518""","=""""","=""                                                     ""","="""""
"=""3p6.3d8.(3F).6d""","=""4D""","=""5/2""","=""""","=""16.098397""","=""""","=""""","=""0.06750""","=""""","=""                                                     ""","="""""
"=""3p6.3d8.(3F).6d""","=""4D""","=""3/2""","=""""","=""16.234776""","=""""","=""""","=""0.13638""","=""""","=""                                                     ""","="""""
"=""3p6.3d8.(3F).6d""","=""4H""","=""13/2""","=""""","=""16.039577""","=""""","=""""","=""-0.19520""","=""""","=""                                                     ""","="""""
"=""3p6.3d8.(3F).6d""","=""4H""","=""11/2""","=""""","=""16.043064""","=""""","=""""","=""0.00349""","=""""","=""                                                     ""","="""""
"=""3p6.3d8.(3F).6d""","=""4H""","=""9/2""","=""""","=""16.211865""","=""""","=""""","=""0.16880""","=""""","=""                                                     ""","="""""
"=""3p6.3d8.(3F).6d""","=""4H""","=""7/2""","=""""","=""16.320920""","=""""","=""""","=""0.10906""","=""""","=""                                                     ""","="""""
"=""3p6.3d8.(3F).6d""","=""4F""","=""9/2""","=""""","=""16.045983""","=""""","=""""","=""-0.27494""","=""""","=""                                                     ""","="""""
"=""3p6.3d8.(3F).6d""","=""4F""","=""7/2""","=""""","=""16.052764""","=""""","=""""","=""0.00678""","=""""","=""                                                     ""","="""""
"=""3p6.3d8.(3F).6d""","=""4F""","=""5/2""","=""""","=""16.208520""","=""""","=""""","=""0.15576""","=""""","=""                                                     ""","="""""
"=""3p6.3d8.(3F).6d""","=""4F""","=""3/2""","=""""","=""16.318856""","=""""","=""""","=""0.11034""","=""""","=""                                                     ""","="""""
"=""3p6.3d8.(3F).6d""","=""4G""","=""11/2""","=""""","=""16.046535""","=""""","=""""","=""-0.27232""","=""""","=""                                                     ""","="""""
"=""3p6.3d8.(3F).6d""","=""4G""","=""9/2""","=""""","=""16.056355""","=""""","=""""","=""0.00982""","=""""","=""                                                     ""","="""""
"=""3p6.3d8.(3F).6d""","=""4G""","=""7/2""","=""""","=""16.219106""","=""""","=""""","=""0.16275""","=""""","=""                                                     ""","="""""
"=""3p6.3d8.(3F).6d""","=""4G""","=""5/2""","=""""","=""16.325107""","=""""","=""""","=""0.10600""","=""""","=""                                                     ""","="""""
"=""3p6.3d7.(4P).4s.4p.(1P*)""","=""4D*""","=""7/2""","=""""","=""16.090926""","=""""","=""""","=""-0.23418""","=""""","=""                                                     ""","="""""
"=""3p6.3d7.(4P).4s.4p.(1P*)""","=""4D*""","=""5/2""","=""""","=""16.116464""","=""""","=""""","=""0.02554""","=""""","=""                                                     ""","="""""
"=""3p6.3d7.(4P).4s.4p.(1P*)""","=""4D*""","=""3/2""","=""""","=""16.159081""","=""""","=""""","=""0.04262""","=""""","=""                                                     ""","="""""
"=""3p6.3d7.(4P).4s.4p.(1P*)""","=""4D*""","=""1/2""","=""""","=""16.188669""","=""""","=""""","=""0.02959""","=""""","=""                                                     ""","="""""
"=""3p6.3d8.(3F<3>).5f""","=""2[0]*""","=""1/2""","=""""","=""16.136279""","=""""","=""""","=""-0.05239""","=""""","=""  51             :    49  3d8.(3F<3>).5f       2[1]* ""","="""""
"=""3p6.3d8.(3F<3>).5f""","=""2[1]*""","=""3/2""","=""""","=""16.139523""","=""""","=""""","=""0.00324""","=""""","=""  88             :    11  3d8.(3F<3>).5f       2[2]* ""","="""""
"=""3p6.3d8.(3F<3>).5f""","=""2[2]*""","=""5/2""","=""""","=""16.140807""","=""""","=""""","=""0.00128""","=""""","="" 100                                                 ""","="""""
"=""3p6.3d8.(3F<3>).5f""","=""2[2]*""","=""3/2""","=""""","=""16.142399""","=""""","=""""","=""0.00159""","=""""","=""  88             :    12  3d8.(3F<3>).5f       2[1]* ""","="""""
"=""3p6.3d8.(3F<3>).5f""","=""2[6]*""","=""11/2""","=""""","=""16.140835""","=""""","=""""","=""-0.00156""","=""""","="" 100                                                 ""","="""""
"=""3p6.3d8.(3F<3>).5f""","=""2[6]*""","=""13/2""","=""""","=""16.141231""","=""""","=""""","=""0.00040""","=""""","="" 100                                                 ""","="""""
"=""3p6.3d8.(3F<3>).5f""","=""2[5]*""","=""11/2""","=""""","=""16.143439""","=""""","=""""","=""0.00221""","=""""","="" 100                                                 ""","="""""
"=""3p6.3d8.(3F<3>).5f""","=""2[5]*""","=""9/2""","=""""","=""16.143598""","=""""","=""""","=""0.00016""","=""""","=""  98                                                 ""","="""""
"=""3p6.3d8.(3F<3>).5f""","=""2[3]*""","=""7/2""","=""""","=""16.143845""","=""""","=""""","=""0.00025""","=""""","=""  97                                                 ""","="""""
"=""3p6.3d8.(3F<3>).5f""","=""2[3]*""","=""5/2""","=""""","=""16.146155""","=""""","=""""","=""0.00231""","=""""","="" 100                                                 ""","="""""
"=""3p6.3d8.(3F<3>).5f""","=""2[4]*""","=""9/2""","=""""","=""16.144664""","=""""","=""""","=""-0.00149""","=""""","=""  98                                                 ""","="""""
"=""3p6.3d8.(3F<3>).5f""","=""2[4]*""","=""7/2""","=""""","=""16.145950""","=""""","=""""","=""0.00129""","=""""","=""  97                                                 ""","="""""
"=""3p6.3d8.(3F<3>).5g""","=""2[1]""","=""3/2""","=""""","=""16.155315""","=""""","=""""","=""0.00937""","=""""","="" 100                                                 ""","="""""
"=""3p6.3d8.(3F<3>).5g""","=""2[1]""","=""1/2""","=""""","=""16.155315""","=""""","=""""","=""0.00000""","=""""","="" 100                                                 ""","="""""
"=""3p6.3d8.(3F<3>).5g""","=""2[2]""","=""5/2""","=""""","=""16.156005""","=""""","=""""","=""0.00069""","=""""","=""  99                                                 ""","="""""
"=""3p6.3d8.(3F<3>).5g""","=""2[2]""","=""3/2""","=""""","=""16.156005""","=""""","=""""","=""0.00000""","=""""","=""  99                                                 ""","="""""
"=""3p6.3d8.(3F<3>).5g""","=""2[7]""","=""15/2""","=""""","=""16.156221""","=""""","=""""","=""0.00022""","=""""","="" 100                                                 ""","="""""
"=""3p6.3d8.(3F<3>).5g""","=""2[7]""","=""13/2""","=""""","=""16.156221""","=""""","=""""","=""0.00000""","=""""","="" 100                                                 ""","="""""
"=""3p6.3d8.(3F<3>).5g""","=""2[3]""","=""7/2""","=""""","=""16.156886""","=""""","=""""","=""0.00067""","=""""","=""  99                                                 ""","="""""
"=""3p6.3d8.(3F<3>).5g""","=""2[3]""","=""5/2""","=""""","=""16.156886""","=""""","=""""","=""0.00000""","=""""","=""  99                                                 ""","="""""
"=""3p6.3d8.(3F<3>).5g""","=""2[4]""","=""7/2""","=""""","=""16.157737""","=""""","=""""","=""0.00085""","=""""","="" 100                                                 ""","="""""
"=""3p6.3d8.(3F<3>).5g""","=""2[4]""","=""9/2""","=""""","=""16.157741""","=""""","=""""","=""0.00000""","=""""","="" 100                                                 ""","="""""
"=""3p6.3d8.(3F<3>).5g""","=""2[6]""","=""11/2""","=""""","=""16.157835""","=""""","=""""","=""0.00009""","=""""","=""  99                                                 ""","="""""
"=""3p6.3d8.(3F<3>).5g""","=""2[6]""","=""13/2""","=""""","=""16.157835""","=""""","=""""","=""0.00000""","=""""","=""  99                                                 ""","="""""
"=""3p6.3d8.(3F<3>).5g""","=""2[5]""","=""11/2""","=""""","=""16.158206""","=""""","=""""","=""0.00037""","=""""","="" 100                                                 ""","="""""
"=""3p6.3d8.(3F<3>).5g""","=""2[5]""","=""9/2""","=""""","=""16.158206""","=""""","=""""","=""0.00000""","=""""","="" 100                                                 ""","="""""
"=""3p6.3d8.(3F).7p""","=""4F*""","=""9/2""","=""""","=""16.176330""","=""""","=""""","=""0.01812""","=""""","=""                                                     ""","="""""
"=""3p6.3d8.(3F).7p""","=""4D*""","=""7/2""","=""""","=""16.177526""","=""""","=""""","=""0.00120""","=""""","=""                                                     ""","="""""
"=""3p6.3d8.(3F).7p""","=""4G*""","=""11/2""","=""""","=""16.199939""","=""""","=""""","=""0.02241""","=""""","=""                                                     ""","="""""
"=""3p6.3d8.(3F).6d""","=""2P""","=""3/2""","=""""","=""16.203662""","=""""","=""""","=""0.00372""","=""""","=""                                                     ""","="""""
"=""3p6.3d8.(3F).6d""","=""2P""","=""1/2""","=""""","=""16.323243""","=""""","=""""","=""0.11958""","=""""","=""                                                     ""","="""""
"=""3p6.3d8.(3F).6d""","=""2H""","=""11/2""","=""""","=""16.211062""","=""""","=""""","=""-0.11218""","=""""","=""                                                     ""","="""""
"=""3p6.3d8.(3F).6d""","=""2H""","=""9/2""","=""""","=""16.327053""","=""""","=""""","=""0.11599""","=""""","=""                                                     ""","="""""
"=""3p6.3d8.(3F).6d""","=""2F""","=""7/2""","=""""","=""16.212826""","=""""","=""""","=""-0.11423""","=""""","=""                                                     ""","="""""
"=""3p6.3d8.(3F).6d""","=""2F""","=""5/2""","=""""","=""16.340654""","=""""","=""""","=""0.12783""","=""""","=""                                                     ""","="""""
"=""3p6.3d8.(3F).6d""","=""2G""","=""9/2""","=""""","=""16.217298""","=""""","=""""","=""-0.12336""","=""""","=""                                                     ""","="""""
"=""3p6.3d8.(3F).6d""","=""2G""","=""7/2""","=""""","=""16.335009""","=""""","=""""","=""0.11771""","=""""","=""                                                     ""","="""""
"=""3p6.3d8.(1D).6s""","=""2D""","=""5/2""","=""""","=""16.229612""","=""""","=""""","=""-0.10540""","=""""","=""                                                     ""","="""""
"=""3p6.3d8.(1D).6s""","=""2D""","=""3/2""","=""""","=""16.234784""","=""""","=""""","=""0.00517""","=""""","=""                                                     ""","="""""
"=""3p6.3d8.(3F).6d""","=""2D""","=""5/2""","=""""","=""16.245899""","=""""","=""""","=""0.01112""","=""""","=""                                                     ""","="""""
"=""3p6.3d8.(3F<2>).5f""","=""2[1]*""","=""1/2""","=""""","=""16.249846""","=""""","=""""","=""0.00395""","=""""","=""  99                                                 ""","="""""
"=""3p6.3d8.(3F<2>).5f""","=""2[1]*""","=""3/2""","=""""","=""16.251326""","=""""","=""""","=""0.00148""","=""""","=""  87             :    12  3d8.(3F<2>).5f       2[2]* ""","="""""
"=""3p6.3d8.(3F<2>).5f""","=""2[5]*""","=""9/2""","=""""","=""16.253498""","=""""","=""""","=""0.00217""","=""""","=""  99                                                 ""","="""""
"=""3p6.3d8.(3F<2>).5f""","=""2[5]*""","=""11/2""","=""""","=""16.253587""","=""""","=""""","=""0.00009""","=""""","=""  99                                                 ""","="""""
"=""3p6.3d8.(3F<2>).5f""","=""2[2]*""","=""5/2""","=""""","=""16.254723""","=""""","=""""","=""0.00114""","=""""","=""  91             :     8  3d8.(3F<2>).5f       2[3]* ""","="""""
"=""3p6.3d8.(3F<2>).5f""","=""2[2]*""","=""7/2""","=""""","=""16.256207""","=""""","=""""","=""0.00148""","=""""","=""  89             :    10  3d8.(3F<2>).5f       2[3]* ""","="""""
"=""3p6.3d8.(3F<2>).5f""","=""2[4]*""","=""9/2""","=""""","=""16.256223""","=""""","=""""","=""0.00002""","=""""","=""  99                                                 ""","="""""
"=""3p6.3d8.(3F<2>).5f""","=""2[4]*""","=""7/2""","=""""","=""16.258191""","=""""","=""""","=""0.00197""","=""""","=""  66             :    33  3d8.(3F<2>).5f       2[3]* ""","="""""
"=""3p6.3d8.(3F<2>).5f""","=""2[3]*""","=""7/2""","=""""","=""16.257423""","=""""","=""""","=""-0.00077""","=""""","=""  66             :    33  3d8.(3F<2>).5f       2[4]* ""","="""""
"=""3p6.3d8.(3F<2>).5f""","=""2[3]*""","=""5/2""","=""""","=""16.258492""","=""""","=""""","=""0.00107""","=""""","=""  91             :     8  3d8.(3F<2>).5f       2[2]* ""","="""""
"=""3p6.3d8.(3F<2>).5g""","=""2[2]""","=""5/2""","=""""","=""16.268196""","=""""","=""""","=""0.00970""","=""""","=""  99                                                 ""","="""""
"=""3p6.3d8.(3F<2>).5g""","=""2[2]""","=""3/2""","=""""","=""16.268196""","=""""","=""""","=""0.00000""","=""""","=""  99                                                 ""","="""""
"=""3p6.3d8.(3F<2>).5g""","=""2[6]""","=""13/2""","=""""","=""16.269028""","=""""","=""""","=""0.00083""","=""""","=""  99                                                 ""","="""""
"=""3p6.3d8.(3F<2>).5g""","=""2[6]""","=""11/2""","=""""","=""16.269028""","=""""","=""""","=""0.00000""","=""""","=""  99                                                 ""","="""""
"=""3p6.3d8.(3F<2>).5g""","=""2[3]""","=""7/2""","=""""","=""16.269576""","=""""","=""""","=""0.00055""","=""""","=""  99                                                 ""","="""""
"=""3p6.3d8.(3F<2>).5g""","=""2[3]""","=""5/2""","=""""","=""16.269576""","=""""","=""""","=""0.00000""","=""""","=""  99                                                 ""","="""""
"=""3p6.3d8.(3F<2>).5g""","=""2[4]""","=""9/2""","=""""","=""16.270797""","=""""","=""""","=""0.00122""","=""""","=""  99                                                 ""","="""""
"=""3p6.3d8.(3F<2>).5g""","=""2[4]""","=""7/2""","=""""","=""16.270797""","=""""","=""""","=""0.00000""","=""""","=""  99                                                 ""","="""""
"=""3p6.3d8.(3F<2>).5g""","=""2[5]""","=""11/2""","=""""","=""16.270857""","=""""","=""""","=""0.00006""","=""""","=""  99                                                 ""","="""""
"=""3p6.3d8.(3F<2>).5g""","=""2[5]""","=""9/2""","=""""","=""16.270857""","=""""","=""""","=""0.00000""","=""""","=""  99                                                 ""","="""""
"=""3p6.3d7.(2G).4s.4p.(1P*)""","=""2H*""","=""11/2""","=""""","=""16.294539""","=""?""","=""""","=""0.02368""","=""""","=""                                                     ""","="""""
"=""3p6.3d7.(2G).4s.4p.(1P*)""","=""2H*""","=""9/2""","=""""","=""16.404595""","=""?""","=""""","=""0.11006""","=""""","=""                                                     ""","="""""
"=""3p6.3d7.(4P).4s.4p.(1P*)""","=""4P*""","=""5/2""","=""""","=""16.345449""","=""""","=""""","=""-0.05915""","=""""","=""                                                     ""","="""""
"=""3p6.3d7.(4P).4s.4p.(1P*)""","=""4P*""","=""1/2""","=""""","=""16.380879""","=""""","=""""","=""0.03543""","=""""","=""                                                     ""","="""""
"=""3p6.3d7.(4P).4s.4p.(1P*)""","=""4P*""","=""3/2""","=""""","=""16.393829""","=""""","=""""","=""0.01295""","=""""","=""                                                     ""","="""""
"=""3p6.3d8.(3F).7p""","=""2G*""","=""9/2""","=""""","=""16.357083""","=""""","=""""","=""-0.03675""","=""""","=""                                                     ""","="""""
"=""3p6.3d8.(1D<2>).4f""","=""2[3]*""","=""5/2""","=""""","=""16.456358""","=""""","=""""","=""0.09928""","=""""","=""  82             :    16  3d8.(3P<2>).4f       2[3]* ""","="""""
"=""3p6.3d8.(1D<2>).4f""","=""2[3]*""","=""7/2""","=""""","=""16.473676""","=""""","=""""","=""0.01732""","=""""","=""  75             :    14  3d8.(3P<2>).4f       2[3]* ""","="""""
"=""3p6.3d8.(1D<2>).4f""","=""2[4]*""","=""9/2""","=""""","=""16.467353""","=""""","=""""","=""-0.00632""","=""""","=""  83             :    16  3d8.(3P<2>).4f       2[4]* ""","="""""
"=""3p6.3d8.(1D<2>).4f""","=""2[4]*""","=""7/2""","=""""","=""16.470871""","=""""","=""""","=""0.00352""","=""""","=""  75             :    15  3d8.(3P<2>).4f       2[4]* ""","="""""
"=""3p6.3d8.(1D<2>).4f""","=""2[2]*""","=""5/2""","=""""","=""16.479006""","=""""","=""""","=""0.00813""","=""""","=""  83             :    15  3d8.(3P<2>).4f       2[2]* ""","="""""
"=""3p6.3d8.(1D<2>).4f""","=""2[2]*""","=""3/2""","=""""","=""16.480968""","=""""","=""""","=""0.00196""","=""""","=""  83             :    15  3d8.(3P<2>).4f       2[2]* ""","="""""
"=""3p6.3d8.(1D<2>).4f""","=""2[1]*""","=""3/2""","=""""","=""16.487730""","=""""","=""""","=""0.00676""","=""""","=""  84             :    16  3d8.(3P<2>).4f       2[1]* ""","="""""
"=""3p6.3d8.(1D<2>).4f""","=""2[1]*""","=""1/2""","=""""","=""16.490081""","=""""","=""""","=""0.00235""","=""""","=""                                                     ""","="""""
"=""3p6.3d8.(1D<2>).4f""","=""2[5]*""","=""11/2""","=""""","=""16.491644""","=""""","=""""","=""0.00156""","=""""","=""  83             :    16  3d8.(3P<2>).4f       2[5]* ""","="""""
"=""3p6.3d8.(1D<2>).4f""","=""2[5]*""","=""9/2""","=""""","=""16.493742""","=""""","=""""","=""0.00210""","=""""","=""  83             :    16  3d8.(3P<2>).4f       2[5]* ""","="""""
"=""3p6.3d7.(2G).4s.4p.(1P*)""","=""2F*""","=""7/2""","=""""","=""16.510966""","=""""","=""""","=""0.01722""","=""""","=""                                                     ""","="""""
"=""3p6.3d7.(2G).4s.4p.(1P*)""","=""2F*""","=""5/2""","=""""","=""16.639708""","=""""","=""""","=""0.12874""","=""""","=""                                                     ""","="""""
"=""3p6.3d7.(2F).4s.4p.(3P*)""","=""4F*""","=""3/2""","=""""","=""16.513479""","=""?""","=""""","=""-0.12623""","=""""","=""                                                     ""","="""""
"=""3p6.3d7.(2F).4s.4p.(3P*)""","=""4F*""","=""5/2""","=""""","=""16.515848""","=""""","=""""","=""0.00237""","=""""","=""                                                     ""","="""""
"=""3p6.3d7.(2F).4s.4p.(3P*)""","=""4F*""","=""7/2""","=""""","=""16.555365""","=""""","=""""","=""0.03952""","=""""","=""                                                     ""","="""""
"=""3p6.3d7.(2F).4s.4p.(3P*)""","=""4F*""","=""9/2""","=""""","=""16.595662""","=""""","=""""","=""0.04030""","=""""","=""                                                     ""","="""""
"=""3p6.3d8.(3P).6s""","=""4P""","=""5/2""","=""""","=""16.544934""","=""""","=""""","=""-0.05073""","=""""","=""                                                     ""","="""""
"=""3p6.3d8.(3P).6s""","=""4P""","=""3/2""","=""""","=""16.566023""","=""""","=""""","=""0.02109""","=""""","=""                                                     ""","="""""
"=""3p6.3d8.(3P).6s""","=""4P""","=""1/2""","=""""","=""16.596243""","=""""","=""""","=""0.03022""","=""""","=""                                                     ""","="""""
"=""3p6.3d7.(2G).4s.4p.(1P*)""","=""2G*""","=""9/2""","=""""","=""16.545164""","=""""","=""""","=""-0.05108""","=""""","=""                                                     ""","="""""
"=""3p6.3d7.(2G).4s.4p.(1P*)""","=""2G*""","=""7/2""","=""""","=""16.661098""","=""""","=""""","=""0.11593""","=""""","=""                                                     ""","="""""
"=""3p6.3d7.(2F).4s.4p.(3P*)""","=""4G*""","=""11/2""","=""""","=""16.567508""","=""""","=""""","=""-0.09359""","=""""","=""                                                     ""","="""""
"=""3p6.3d8.(3F).8s""","=""4F""","=""9/2""","=""""","=""16.578563""","=""""","=""""","=""0.01105""","=""""","=""                                                     ""","="""""
"=""3p6.3d8.(3F).8s""","=""4F""","=""7/2""","=""""","=""16.590296""","=""""","=""""","=""0.01173""","=""""","=""                                                     ""","="""""
"=""3p6.3d8.(3F).8s""","=""4F""","=""5/2""","=""""","=""16.752338""","=""""","=""""","=""0.16204""","=""""","=""                                                     ""","="""""
"=""3p6.3d8.(3F).8s""","=""4F""","=""3/2""","=""""","=""16.859771""","=""""","=""""","=""0.10743""","=""""","=""                                                     ""","="""""
"=""3p6.3d8.(1D).5d""","=""2F""","=""7/2""","=""""","=""16.581024""","=""""","=""""","=""-0.27875""","=""""","=""  81             :    13  3d8.(3P).5d          4D    ""","="""""
"=""3p6.3d8.(1D).5d""","=""2F""","=""5/2""","=""""","=""16.581059""","=""""","=""""","=""0.00004""","=""""","=""  68             :    14  3d8.(1D).5d          2D    ""","="""""
"=""3p6.3d7.(2F).4s.4p.(3P*)""","=""4D*""","=""7/2""","=""""","=""16.595388""","=""""","=""""","=""0.01433""","=""""","=""                                                     ""","="""""
"=""3p6.3d7.(2F).4s.4p.(3P*)""","=""4D*""","=""5/2""","=""""","=""16.610576""","=""""","=""""","=""0.01519""","=""""","=""                                                     ""","="""""
"=""3p6.3d7.(2F).4s.4p.(3P*)""","=""4D*""","=""3/2""","=""""","=""16.633259""","=""""","=""""","=""0.02268""","=""""","=""                                                     ""","="""""
"=""3p6.3d7.(2F).4s.4p.(3P*)""","=""4D*""","=""1/2""","=""""","=""16.649064""","=""""","=""""","=""0.01581""","=""""","=""                                                     ""","="""""
"=""3p6.3d8.(3P).6s""","=""2P""","=""3/2""","=""""","=""16.596799""","=""""","=""""","=""-0.05226""","=""""","=""                                                     ""","="""""
"=""3p6.3d8.(3P).6s""","=""2P""","=""1/2""","=""""","=""16.643882""","=""""","=""""","=""0.04708""","=""""","=""                                                     ""","="""""
"=""3p6.3d8.(1D).5d""","=""2D""","=""3/2""","=""""","=""16.601856""","=""""","=""""","=""-0.04203""","=""""","=""  80             :     7  3d8.(3P).5d          2D    ""","="""""
"=""3p6.3d8.(1D).5d""","=""2D""","=""5/2""","=""""","=""16.620460""","=""""","=""""","=""0.01860""","=""""","=""  69             :    16  3d8.(1D).5d          2F    ""","="""""
"=""3p6.3d8.(1D).5d""","=""2G""","=""9/2""","=""""","=""16.604325""","=""""","=""""","=""-0.01614""","=""""","=""  83             :    16  3d8.(3P).5d          4F    ""","="""""
"=""3p6.3d8.(1D).5d""","=""2G""","=""7/2""","=""""","=""16.605189""","=""""","=""""","=""0.00086""","=""""","=""  84             :    11  3d8.(3P).5d          2F    ""","="""""
"=""3p6.3d8.(1D).5d""","=""2P""","=""1/2""","=""""","=""16.608285""","=""""","=""""","=""0.00310""","=""""","=""  82             :     8  3d8.(3P).5d          2P    ""","="""""
"=""3p6.3d8.(1D).5d""","=""2P""","=""3/2""","=""""","=""16.622284""","=""""","=""""","=""0.01400""","=""""","=""  84             :     9  3d8.(3P).5d          4P    ""","="""""
"=""3p6.3d8.(3F<4>).6f""","=""2[7]*""","=""13/2""","=""""","=""16.643445""","=""""","=""""","=""0.02116""","=""""","="" 100                                                 ""","="""""
"=""3p6.3d8.(3F<4>).6f""","=""2[7]*""","=""15/2""","=""""","=""16.645040""","=""""","=""""","=""0.00160""","=""""","="" 100                                                 ""","="""""
"=""3p6.3d8.(3F<4>).6f""","=""2[1]*""","=""3/2""","=""""","=""16.644844""","=""""","=""""","=""-0.00020""","=""""","=""  87             :    13  3d8.(3F<4>).6f       2[2]* ""","="""""
"=""3p6.3d8.(3F<4>).6f""","=""2[3]*""","=""7/2""","=""""","=""16.645232""","=""""","=""""","=""0.00039""","=""""","=""  97             :     3  3d8.(3F<4>).6f       2[4]* ""","="""""
"=""3p6.3d8.(3F<4>).6f""","=""2[3]*""","=""5/2""","=""""","=""16.650457""","=""""","=""""","=""0.00522""","=""""","=""  91             :     9  3d8.(3F<4>).6f       2[2]* ""","="""""
"=""3p6.3d8.(3F<4>).6f""","=""2[2]*""","=""3/2""","=""""","=""16.645460""","=""""","=""""","=""-0.00500""","=""""","=""  87             :    13  3d8.(3F<4>).6f       2[1]* ""","="""""
"=""3p6.3d8.(3F<4>).6f""","=""2[2]*""","=""5/2""","=""""","=""16.645629""","=""""","=""""","=""0.00017""","=""""","=""  91             :     9  3d8.(3F<4>).6f       2[3]* ""","="""""
"=""3p6.3d8.(3F<4>).6f""","=""2[4]*""","=""7/2""","=""""","=""16.646375""","=""""","=""""","=""0.00075""","=""""","=""  97             :     3  3d8.(3F<4>).6f       2[3]* ""","="""""
"=""3p6.3d8.(3F<4>).6f""","=""2[4]*""","=""9/2""","=""""","=""16.647555""","=""""","=""""","=""0.00118""","=""""","="" 100                                                 ""","="""""
"=""3p6.3d8.(3F<4>).6f""","=""2[6]*""","=""13/2""","=""""","=""16.647011""","=""""","=""""","=""-0.00054""","=""""","="" 100                                                 ""","="""""
"=""3p6.3d8.(3F<4>).6f""","=""2[6]*""","=""11/2""","=""""","=""16.647931""","=""""","=""""","=""0.00092""","=""""","=""  99             :     1  3d8.(3F<4>).6f       2[5]* ""","="""""
"=""3p6.3d8.(3F<4>).6f""","=""2[5]*""","=""11/2""","=""""","=""16.648804""","=""""","=""""","=""0.00087""","=""""","=""  99             :     1  3d8.(3F<4>).6f       2[6]* ""","="""""
"=""3p6.3d8.(3F<4>).6f""","=""2[5]*""","=""9/2""","=""""","=""16.649389""","=""""","=""""","=""0.00059""","=""""","="" 100                                                 ""","="""""
"=""3p6.3d8.(3F<4>).6g""","=""2[0]""","=""1/2""","=""""","=""16.653572""","=""""","=""""","=""0.00418""","=""""","="" 100                                                 ""","="""""
"=""3p6.3d8.(3F<4>).6g""","=""2[1]""","=""1/2""","=""""","=""16.653725""","=""""","=""""","=""0.00015""","=""""","="" 100                                                 ""","="""""
"=""3p6.3d8.(3F<4>).6g""","=""2[1]""","=""3/2""","=""""","=""16.653726""","=""""","=""""","=""0.00000""","=""""","="" 100                                                 ""","="""""
"=""3p6.3d8.(3F<4>).6g""","=""2[2]""","=""5/2""","=""""","=""16.654036""","=""""","=""""","=""0.00031""","=""""","="" 100                                                 ""","="""""
"=""3p6.3d8.(3F<4>).6g""","=""2[2]""","=""3/2""","=""""","=""16.654039""","=""""","=""""","=""0.00000""","=""""","="" 100                                                 ""","="""""
"=""3p6.3d8.(3F<4>).6g""","=""2[8]""","=""15/2""","=""""","=""16.654187""","=""""","=""""","=""0.00015""","=""""","="" 100                                                 ""","="""""
"=""3p6.3d8.(3F<4>).6g""","=""2[8]""","=""17/2""","=""""","=""16.654195""","=""""","=""""","=""0.00001""","=""""","="" 100                                                 ""","="""""
"=""3p6.3d8.(3F<4>).6g""","=""2[3]""","=""7/2""","=""""","=""16.654490""","=""""","=""""","=""0.00029""","=""""","="" 100                                                 ""","="""""
"=""3p6.3d8.(3F<4>).6g""","=""2[3]""","=""5/2""","=""""","=""16.654497""","=""""","=""""","=""0.00001""","=""""","="" 100                                                 ""","="""""
"=""3p6.3d8.(3F<4>).6g""","=""2[4]""","=""9/2""","=""""","=""16.655018""","=""""","=""""","=""0.00052""","=""""","="" 100                                                 ""","="""""
"=""3p6.3d8.(3F<4>).6g""","=""2[4]""","=""7/2""","=""""","=""16.655030""","=""""","=""""","=""0.00001""","=""""","="" 100                                                 ""","="""""
"=""3p6.3d8.(3F<4>).6g""","=""2[7]""","=""13/2""","=""""","=""16.655214""","=""""","=""""","=""0.00018""","=""""","="" 100                                                 ""","="""""
"=""3p6.3d8.(3F<4>).6g""","=""2[7]""","=""15/2""","=""""","=""16.655219""","=""""","=""""","=""0.00000""","=""""","="" 100                                                 ""","="""""
"=""3p6.3d8.(3F<4>).6g""","=""2[5]""","=""11/2""","=""""","=""16.655476""","=""""","=""""","=""0.00026""","=""""","="" 100                                                 ""","="""""
"=""3p6.3d8.(3F<4>).6g""","=""2[5]""","=""9/2""","=""""","=""16.655478""","=""""","=""""","=""0.00000""","=""""","="" 100                                                 ""","="""""
"=""3p6.3d8.(3F<4>).6g""","=""2[6]""","=""11/2""","=""""","=""16.655619""","=""""","=""""","=""0.00014""","=""""","="" 100                                                 ""","="""""
"=""3p6.3d8.(3F<4>).6g""","=""2[6]""","=""13/2""","=""""","=""16.655623""","=""""","=""""","=""0.00000""","=""""","="" 100                                                 ""","="""""
"=""3p6.3d8.(3F<4>).6h""","=""2[1]*""","=""1/2""","=""""","=""16.655642""","=""""","=""""","=""0.00002""","=""""","=""                                                     ""","="""""
"=""3p6.3d8.(3F<4>).6h""","=""2[1]*""","=""3/2""","=""""","=""16.655642""","=""""","=""""","=""0.00000""","=""""","=""                                                     ""","="""""
"=""3p6.3d8.(3F<4>).6h""","=""2[2]*""","=""3/2""","=""""","=""16.655833""","=""""","=""""","=""0.00019""","=""""","=""                                                     ""","="""""
"=""3p6.3d8.(3F<4>).6h""","=""2[2]*""","=""5/2""","=""""","=""16.655833""","=""""","=""""","=""0.00000""","=""""","=""                                                     ""","="""""
"=""3p6.3d8.(3F<4>).6h""","=""2[9]*""","=""17/2""","=""""","=""16.656001""","=""""","=""""","=""0.00017""","=""""","=""                                                     ""","="""""
"=""3p6.3d8.(3F<4>).6h""","=""2[9]*""","=""19/2""","=""""","=""16.656001""","=""""","=""""","=""0.00000""","=""""","=""                                                     ""","="""""
"=""3p6.3d8.(3F<4>).6h""","=""2[3]*""","=""5/2""","=""""","=""16.656089""","=""""","=""""","=""0.00009""","=""""","=""                                                     ""","="""""
"=""3p6.3d8.(3F<4>).6h""","=""2[3]*""","=""7/2""","=""""","=""16.656089""","=""""","=""""","=""0.00000""","=""""","=""                                                     ""","="""""
"=""3p6.3d8.(3F<4>).6h""","=""2[4]*""","=""7/2""","=""""","=""16.656371""","=""""","=""""","=""0.00028""","=""""","=""                                                     ""","="""""
"=""3p6.3d8.(3F<4>).6h""","=""2[4]*""","=""9/2""","=""""","=""16.656371""","=""""","=""""","=""0.00000""","=""""","=""                                                     ""","="""""
"=""3p6.3d8.(3F<4>).6h""","=""2[8]*""","=""15/2""","=""""","=""16.656573""","=""""","=""""","=""0.00020""","=""""","=""                                                     ""","="""""
"=""3p6.3d8.(3F<4>).6h""","=""2[8]*""","=""17/2""","=""""","=""16.656573""","=""""","=""""","=""0.00000""","=""""","=""                                                     ""","="""""
"=""3p6.3d8.(3F<4>).6h""","=""2[5]*""","=""9/2""","=""""","=""16.656641""","=""""","=""""","=""0.00007""","=""""","=""                                                     ""","="""""
"=""3p6.3d8.(3F<4>).6h""","=""2[5]*""","=""11/2""","=""""","=""16.656641""","=""""","=""""","=""0.00000""","=""""","=""                                                     ""","="""""
"=""3p6.3d8.(3F<4>).6h""","=""2[6]*""","=""11/2""","=""""","=""16.656818""","=""""","=""""","=""0.00018""","=""""","=""                                                     ""","="""""
"=""3p6.3d8.(3F<4>).6h""","=""2[6]*""","=""13/2""","=""""","=""16.656818""","=""""","=""""","=""0.00000""","=""""","=""                                                     ""","="""""
"=""3p6.3d8.(3F<4>).6h""","=""2[7]*""","=""13/2""","=""""","=""16.656823""","=""""","=""""","=""0.00000""","=""""","=""                                                     ""","="""""
"=""3p6.3d8.(3F<4>).6h""","=""2[7]*""","=""15/2""","=""""","=""16.656823""","=""""","=""""","=""0.00000""","=""""","=""                                                     ""","="""""
"=""3p6.3d8.(3F).7d""","=""4D""","=""7/2""","=""""","=""16.679252""","=""""","=""""","=""0.02243""","=""""","=""                                                     ""","="""""
"=""3p6.3d8.(3F).7d""","=""4D""","=""5/2""","=""""","=""16.735197""","=""""","=""""","=""0.05594""","=""""","=""                                                     ""","="""""
"=""3p6.3d8.(3F).7d""","=""4D""","=""3/2""","=""""","=""16.868608""","=""""","=""""","=""0.13341""","=""""","=""                                                     ""","="""""
"=""3p6.3d8.(3F).7d""","=""4P""","=""5/2""","=""""","=""16.680756""","=""""","=""""","=""-0.18785""","=""""","=""                                                     ""","="""""
"=""3p6.3d8.(3F).7d""","=""4P""","=""3/2""","=""""","=""16.696961""","=""""","=""""","=""0.01621""","=""""","=""                                                     ""","="""""
"=""3p6.3d8.(3F).7d""","=""4H""","=""13/2""","=""""","=""16.686174""","=""""","=""""","=""-0.01079""","=""""","=""                                                     ""","="""""
"=""3p6.3d8.(3F).7d""","=""4H""","=""11/2""","=""""","=""16.687954""","=""""","=""""","=""0.00178""","=""""","=""                                                     ""","="""""
"=""3p6.3d8.(3F).7d""","=""4H""","=""9/2""","=""""","=""16.856902""","=""""","=""""","=""0.16895""","=""""","=""                                                     ""","="""""
"=""3p6.3d8.(3F).7d""","=""4H""","=""7/2""","=""""","=""16.972861""","=""?""","=""""","=""0.11596""","=""""","=""                                                     ""","="""""
"=""3p6.3d8.(3F).7d""","=""4F""","=""9/2""","=""""","=""16.689187""","=""""","=""""","=""-0.28367""","=""""","=""                                                     ""","="""""
"=""3p6.3d8.(3F).7d""","=""4F""","=""7/2""","=""""","=""16.693492""","=""""","=""""","=""0.00430""","=""""","=""                                                     ""","="""""
"=""3p6.3d8.(3F).7d""","=""4F""","=""5/2""","=""""","=""16.849696""","=""""","=""""","=""0.15620""","=""""","=""                                                     ""","="""""
"=""3p6.3d8.(3F).7d""","=""4F""","=""3/2""","=""""","=""16.967540""","=""""","=""""","=""0.11784""","=""""","=""                                                     ""","="""""
"=""3p6.3d8.(3F).7d""","=""4G""","=""11/2""","=""""","=""16.690077""","=""""","=""""","=""-0.27746""","=""""","=""                                                     ""","="""""
"=""3p6.3d8.(3F).7d""","=""4G""","=""9/2""","=""""","=""16.695539""","=""""","=""""","=""0.00546""","=""""","=""                                                     ""","="""""
"=""3p6.3d8.(3F).7d""","=""4G""","=""7/2""","=""""","=""16.860123""","=""""","=""""","=""0.16458""","=""""","=""                                                     ""","="""""
"=""3p6.3d8.(3F).7d""","=""4G""","=""5/2""","=""""","=""16.973355""","=""""","=""""","=""0.11323""","=""""","=""                                                     ""","="""""
"=""3p6.3d7.(2F).4s.4p.(3P*)""","=""2D*""","=""5/2""","=""""","=""16.710980""","=""""","=""""","=""-0.26238""","=""""","=""                                                     ""","="""""
"=""3p6.3d7.(2F).4s.4p.(3P*)""","=""2D*""","=""3/2""","=""""","=""16.733500""","=""""","=""""","=""0.02252""","=""""","=""                                                     ""","="""""
"=""3p6.3d7.(2P).4s.4p.(1P*)""","=""2P*""","=""1/2""","=""""","=""16.744455""","=""""","=""""","=""0.01095""","=""""","=""                                                     ""","="""""
"=""3p6.3d7.(2P).4s.4p.(1P*)""","=""2P*""","=""3/2""","=""""","=""16.785294""","=""""","=""""","=""0.04084""","=""""","=""                                                     ""","="""""
"=""3p6.3d8.(3F).8s""","=""2F""","=""7/2""","=""""","=""16.750321""","=""""","=""""","=""-0.03497""","=""""","=""                                                     ""","="""""
"=""3p6.3d8.(3F).8s""","=""2F""","=""5/2""","=""""","=""16.868116""","=""""","=""""","=""0.11780""","=""""","=""                                                     ""","="""""
"=""3p6.3d7.(2P).4s.4p.(1P*)""","=""2D*""","=""5/2""","=""""","=""16.769969""","=""""","=""""","=""-0.09815""","=""""","=""                                                     ""","="""""
"=""3p6.3d7.(2P).4s.4p.(1P*)""","=""2D*""","=""3/2""","=""""","=""16.919020""","=""""","=""""","=""0.14905""","=""""","=""                                                     ""","="""""
"=""3p6.3d8.(3F).8p""","=""4G*""","=""9/2""","=""""","=""16.770349""","=""""","=""""","=""-0.14867""","=""""","=""                                                     ""","="""""
"=""3p6.3d8.(3F).8p""","=""4G*""","=""11/2""","=""""","=""16.779775""","=""""","=""""","=""0.00943""","=""""","=""                                                     ""","="""""
"=""3p6.3d8.(3P<2>).4f""","=""2[4]*""","=""7/2""","=""""","=""16.787544""","=""""","=""""","=""0.00777""","=""""","=""  46             :    37  3d8.(3P<2>).4f       2[3]* ""","="""""
"=""3p6.3d8.(3P<2>).4f""","=""2[4]*""","=""9/2""","=""""","=""16.791832""","=""""","=""""","=""0.00429""","=""""","=""  83             :    16  3d8.(1D<2>).4f       2[4]* ""","="""""
"=""3p6.3d8.(3P<2>).4f""","=""2[3]*""","=""7/2""","=""""","=""16.792974""","=""""","=""""","=""0.00114""","=""""","=""  46             :    38  3d8.(3P<2>).4f       2[4]* ""","="""""
"=""3p6.3d8.(3P<2>).4f""","=""2[3]*""","=""5/2""","=""""","=""16.795092""","=""""","=""""","=""0.00212""","=""""","=""  71             :    14  3d8.(1D<2>).4f       2[3]* ""","="""""
"=""""","=""*""","=""7/2""","=""""","=""16.795502""","=""""","=""""","=""0.00041""","=""""","=""                                                     ""","="""""
"=""3p6.3d8.(3P<2>).4f""","=""2[2]*""","=""3/2""","=""""","=""16.799023""","=""""","=""""","=""0.00352""","=""""","=""  82             :    13  3d8.(1D<2>).4f       2[2]* ""","="""""
"=""3p6.3d8.(3P<2>).4f""","=""2[2]*""","=""5/2""","=""""","=""16.801461""","=""""","=""""","=""0.00244""","=""""","=""  71             :    12  3d8.(3P<2>).4f       2[3]* ""","="""""
"=""3p6.3d8.(3P<2>).4f""","=""2[5]*""","=""11/2""","=""""","=""16.804646""","=""?""","=""""","=""0.00319""","=""""","=""  84             :    16  3d8.(1D<2>).4f       2[5]* ""","="""""
"=""3p6.3d8.(3P<2>).4f""","=""2[5]*""","=""9/2""","=""""","=""16.809809""","=""""","=""""","=""0.00516""","=""""","=""  84             :    16  3d8.(1D<2>).4f       2[5]* ""","="""""
"=""""","=""*""","=""9/2""","=""""","=""16.807149""","=""""","=""""","=""-0.00266""","=""""","=""                                                     ""","="""""
"=""3p6.3d8.(3F<3>).6f""","=""2[1]*""","=""1/2""","=""""","=""16.812133""","=""""","=""""","=""0.00498""","=""""","=""  59             :    41  3d8.(3F<3>).6f       2[0]* ""","="""""
"=""3p6.3d8.(3F<3>).6f""","=""2[1]*""","=""3/2""","=""""","=""16.814726""","=""""","=""""","=""0.00259""","=""""","=""  86             :    14  3d8.(3F<3>).6f       2[2]* ""","="""""
"=""3p6.3d8.(3F<3>).6f""","=""2[6]*""","=""11/2""","=""""","=""16.813026""","=""""","=""""","=""-0.00170""","=""""","="" 100                                                 ""","="""""
"=""3p6.3d8.(3F<3>).6f""","=""2[6]*""","=""13/2""","=""""","=""16.813038""","=""""","=""""","=""0.00001""","=""""","="" 100                                                 ""","="""""
"=""3p6.3d8.(3F<3>).6f""","=""2[2]*""","=""5/2""","=""""","=""16.814499""","=""""","=""""","=""0.00146""","=""""","="" 100                                                 ""","="""""
"=""3p6.3d8.(3F<3>).6f""","=""2[2]*""","=""3/2""","=""""","=""16.815182""","=""""","=""""","=""0.00068""","=""""","=""  85             :    14  3d8.(3F<3>).6f       2[1]* ""","="""""
"=""3p6.3d8.(3F<3>).6f""","=""2[3]*""","=""7/2""","=""""","=""16.815059""","=""""","=""""","=""-0.00012""","=""""","=""  97             :     3  3d8.(3F<3>).6f       2[4]* ""","="""""
"=""3p6.3d8.(3F<3>).6f""","=""2[3]*""","=""5/2""","=""""","=""16.816055""","=""""","=""""","=""0.00100""","=""""","="" 100                                                 ""","="""""
"=""3p6.3d8.(3F<3>).6f""","=""2[5]*""","=""9/2""","=""""","=""16.815780""","=""""","=""""","=""-0.00027""","=""""","=""  96             :     4  3d8.(3F<3>).6f       2[4]* ""","="""""
"=""3p6.3d8.(3F<3>).6f""","=""2[5]*""","=""11/2""","=""""","=""16.817849""","=""""","=""""","=""0.00207""","=""""","="" 100                                                 ""","="""""
"=""3p6.3d8.(3F<3>).6f""","=""2[4]*""","=""7/2""","=""""","=""16.815902""","=""""","=""""","=""-0.00195""","=""""","=""  97             :     3  3d8.(3F<3>).6f       2[3]* ""","="""""
"=""3p6.3d8.(3F<3>).6f""","=""2[4]*""","=""9/2""","=""""","=""16.817282""","=""""","=""""","=""0.00138""","=""""","=""  96             :     4  3d8.(3F<3>).6f       2[5]* ""","="""""
"=""3p6.3d8.(3P<2>).4f""","=""2[1]*""","=""3/2""","=""""","=""16.818820""","=""""","=""""","=""0.00154""","=""""","=""  84             :    16  3d8.(1D<2>).4f       2[1]* ""","="""""
"=""3p6.3d8.(3P<2>).4f""","=""2[1]*""","=""1/2""","=""""","=""16.820997""","=""""","=""""","=""0.00218""","=""""","=""  84             :    16  3d8.(1D<2>).4f       2[1]* ""","="""""
"=""3p6.3d8.(3F<3>).6g""","=""2[1]""","=""1/2""","=""""","=""16.822459""","=""""","=""""","=""0.00146""","=""""","="" 100                                                 ""","="""""
"=""3p6.3d8.(3F<3>).6g""","=""2[1]""","=""3/2""","=""""","=""16.822460""","=""""","=""""","=""0.00000""","=""""","="" 100                                                 ""","="""""
"=""3p6.3d8.(3F<3>).6g""","=""2[2]""","=""3/2""","=""""","=""16.822841""","=""""","=""""","=""0.00038""","=""""","="" 100                                                 ""","="""""
"=""3p6.3d8.(3F<3>).6g""","=""2[2]""","=""5/2""","=""""","=""16.822849""","=""""","=""""","=""0.00001""","=""""","="" 100                                                 ""","="""""
"=""3p6.3d8.(3F<3>).6g""","=""2[7]""","=""13/2""","=""""","=""16.822998""","=""""","=""""","=""0.00015""","=""""","="" 100                                                 ""","="""""
"=""3p6.3d8.(3F<3>).6g""","=""2[7]""","=""15/2""","=""""","=""16.823003""","=""""","=""""","=""0.00001""","=""""","="" 100                                                 ""","="""""
"=""3p6.3d8.(3F<3>).6g""","=""2[3]""","=""7/2""","=""""","=""16.823346""","=""""","=""""","=""0.00034""","=""""","=""  99                                                 ""","="""""
"=""3p6.3d8.(3F<3>).6g""","=""2[3]""","=""5/2""","=""""","=""16.823350""","=""""","=""""","=""0.00000""","=""""","=""  99                                                 ""","="""""
"=""3p6.3d8.(3F<3>).6g""","=""2[4]""","=""9/2""","=""""","=""16.823835""","=""""","=""""","=""0.00048""","=""""","="" 100                                                 ""","="""""
"=""3p6.3d8.(3F<3>).6g""","=""2[4]""","=""7/2""","=""""","=""16.823844""","=""""","=""""","=""0.00001""","=""""","=""                                                     ""","="""""
"=""3p6.3d8.(3F<3>).6g""","=""2[6]""","=""11/2""","=""""","=""16.823913""","=""""","=""""","=""0.00007""","=""""","="" 100                                                 ""","="""""
"=""3p6.3d8.(3F<3>).6g""","=""2[6]""","=""13/2""","=""""","=""16.823917""","=""""","=""""","=""0.00000""","=""""","="" 100                                                 ""","="""""
"=""3p6.3d8.(3F<3>).6g""","=""2[5]""","=""11/2""","=""""","=""16.824114""","=""""","=""""","=""0.00020""","=""""","="" 100                                                 ""","="""""
"=""3p6.3d8.(3F<3>).6g""","=""2[5]""","=""9/2""","=""""","=""16.824115""","=""""","=""""","=""0.00000""","=""""","="" 100                                                 ""","="""""
"=""3p6.3d8.(3F<3>).6h""","=""2[3]*""","=""5/2""","=""""","=""16.824661""","=""""","=""""","=""0.00055""","=""""","=""                                                     ""","="""""
"=""3p6.3d8.(3F<3>).6h""","=""2[3]*""","=""7/2""","=""""","=""16.824661""","=""""","=""""","=""0.00000""","=""""","=""                                                     ""","="""""
"=""3p6.3d8.(3F<3>).6h""","=""2[8]*""","=""15/2""","=""""","=""16.824740""","=""""","=""""","=""0.00008""","=""""","=""                                                     ""","="""""
"=""3p6.3d8.(3F<3>).6h""","=""2[8]*""","=""17/2""","=""""","=""16.824740""","=""""","=""""","=""0.00000""","=""""","=""                                                     ""","="""""
"=""3p6.3d8.(3F<3>).6h""","=""2[4]*""","=""7/2""","=""""","=""16.825082""","=""""","=""""","=""0.00034""","=""""","=""                                                     ""","="""""
"=""3p6.3d8.(3F<3>).6h""","=""2[4]*""","=""9/2""","=""""","=""16.825082""","=""""","=""""","=""0.00000""","=""""","=""                                                     ""","="""""
"=""3p6.3d8.(3F<3>).6h""","=""2[7]*""","=""13/2""","=""""","=""16.825255""","=""""","=""""","=""0.00017""","=""""","=""                                                     ""","="""""
"=""3p6.3d8.(3F<3>).6h""","=""2[7]*""","=""15/2""","=""""","=""16.825255""","=""""","=""""","=""0.00000""","=""""","=""                                                     ""","="""""
"=""3p6.3d8.(3F<3>).6h""","=""2[5]*""","=""9/2""","=""""","=""16.825360""","=""""","=""""","=""0.00011""","=""""","=""                                                     ""","="""""
"=""3p6.3d8.(3F<3>).6h""","=""2[5]*""","=""11/2""","=""""","=""16.825360""","=""""","=""""","=""0.00000""","=""""","=""                                                     ""","="""""
"=""3p6.3d8.(3F<3>).6h""","=""2[6]*""","=""11/2""","=""""","=""16.825407""","=""""","=""""","=""0.00005""","=""""","=""                                                     ""","="""""
"=""3p6.3d8.(3F<3>).6h""","=""2[6]*""","=""13/2""","=""""","=""16.825407""","=""""","=""""","=""0.00000""","=""""","=""                                                     ""","="""""
"=""3p6.3d7.(2F).4s.4p.(3P*)""","=""2G*""","=""7/2""","=""""","=""16.830366""","=""""","=""""","=""0.00496""","=""""","=""                                                     ""","="""""
"=""3p6.3d7.(2F).4s.4p.(3P*)""","=""2G*""","=""9/2""","=""""","=""16.871306""","=""""","=""""","=""0.04094""","=""""","=""                                                     ""","="""""
"=""3p6.3d8.(3P<1>).4f""","=""2[2]*""","=""3/2""","=""""","=""16.830375""","=""""","=""""","=""-0.04093""","=""""","=""  93             :     4  3d8.(1D<2>).4f       2[2]* ""","="""""
"=""3p6.3d8.(3P<1>).4f""","=""2[3]*""","=""5/2""","=""""","=""16.843180""","=""""","=""""","=""0.01281""","=""""","="" 100                                                 ""","="""""
"=""3p6.3d8.(3P<1>).4f""","=""2[3]*""","=""7/2""","=""""","=""16.846900""","=""""","=""""","=""0.00372""","=""""","="" 100                                                 ""","="""""
"=""3p6.3d8.(3F).7d""","=""2F""","=""7/2""","=""""","=""16.854957""","=""""","=""""","=""0.00806""","=""""","=""                                                     ""","="""""
"=""3p6.3d8.(3F).7d""","=""2F""","=""5/2""","=""""","=""16.980858""","=""""","=""""","=""0.12590""","=""""","=""                                                     ""","="""""
"=""3p6.3d8.(3P<0>).4f""","=""2[3]*""","=""7/2""","=""""","=""16.856159""","=""""","=""""","=""-0.12470""","=""""","=""  99                                                 ""","="""""
"=""3p6.3d8.(3P<0>).4f""","=""2[3]*""","=""5/2""","=""""","=""16.877053""","=""""","=""""","=""0.02089""","=""""","=""  99                                                 ""","="""""
"=""3p6.3d8.(3F).7d""","=""2H""","=""11/2""","=""""","=""16.856397""","=""""","=""""","=""-0.02066""","=""""","=""                                                     ""","="""""
"=""3p6.3d8.(3F).7d""","=""2H""","=""9/2""","=""""","=""16.971027""","=""""","=""""","=""0.11463""","=""""","=""                                                     ""","="""""
"=""3p6.3d8.(3F).7d""","=""2G""","=""9/2""","=""""","=""16.859038""","=""""","=""""","=""-0.11199""","=""""","=""                                                     ""","="""""
"=""3p6.3d8.(3F).7d""","=""2G""","=""7/2""","=""""","=""16.978002""","=""""","=""""","=""0.11896""","=""""","=""                                                     ""","="""""
"=""3p6.3d8.(3F).7d""","=""2D""","=""5/2""","=""""","=""16.865748""","=""""","=""""","=""-0.11225""","=""""","=""                                                     ""","="""""
"=""3p6.3d8.(3P).5d""","=""4D""","=""7/2""","=""""","=""16.886829""","=""""","=""""","=""0.02108""","=""""","=""  81             :    16  3d8.(1D).5d          2F    ""","="""""
"=""3p6.3d8.(3P).5d""","=""4D""","=""5/2""","=""""","=""16.897633""","=""""","=""""","=""0.01080""","=""""","=""  77             :    14  3d8.(1D).5d          2D    ""","="""""
"=""3p6.3d8.(3P).5d""","=""4D""","=""1/2""","=""""","=""16.897909""","=""?""","=""""","=""0.00028""","=""""","=""  91             :     8  3d8.(1D).5d          2P    ""","="""""
"=""3p6.3d8.(3P).5d""","=""4D""","=""3/2""","=""""","=""16.902462""","=""""","=""""","=""0.00455""","=""""","=""  83             :     7  3d8.(1D).5d          2D    ""","="""""
"=""3p6.3d8.(1D).6p""","=""2F*""","=""7/2""","=""""","=""16.910558""","=""""","=""""","=""0.00810""","=""""","=""                                                     ""","="""""
"=""3p6.3d8.(3F<2>).6f""","=""2[5]*""","=""11/2""","=""""","=""16.924860""","=""""","=""""","=""0.01430""","=""""","=""  99             :     1  3d8.(1D<2>).6f       2[5]* ""","="""""
"=""3p6.3d8.(3F<2>).6f""","=""2[5]*""","=""9/2""","=""""","=""16.926871""","=""""","=""""","=""0.00201""","=""""","=""  99             :     1  3d8.(1D<2>).6f       2[5]* ""","="""""
"=""3p6.3d8.(3F<2>).6f""","=""2[1]*""","=""1/2""","=""""","=""16.925976""","=""""","=""""","=""-0.00089""","=""""","=""  99             :     1  3d8.(1D<2>).6f       2[1]* ""","="""""
"=""3p6.3d8.(3F<2>).6f""","=""2[1]*""","=""3/2""","=""""","=""16.927719""","=""""","=""""","=""0.00174""","=""""","=""  85             :    14  3d8.(3F<2>).6f       2[2]* ""","="""""
"=""3p6.3d8.(3P).5d""","=""4F""","=""9/2""","=""""","=""16.926234""","=""""","=""""","=""-0.00148""","=""""","=""  84             :    16  3d8.(1D).5d          2G    ""","="""""
"=""3p6.3d8.(3P).5d""","=""4F""","=""7/2""","=""""","=""16.934921""","=""""","=""""","=""0.00869""","=""""","=""  62             :    24  3d8.(3P).5d          2F    ""","="""""
"=""3p6.3d8.(3P).5d""","=""4F""","=""5/2""","=""""","=""16.956884""","=""""","=""""","=""0.02196""","=""""","=""  74             :    17  3d8.(3P).5d          2D    ""","="""""
"=""3p6.3d8.(3F<2>).6f""","=""2[4]*""","=""7/2""","=""""","=""16.929085""","=""""","=""""","=""-0.02780""","=""""","=""  68             :    31  3d8.(3F<2>).6f       2[3]* ""","="""""
"=""3p6.3d8.(3F<2>).6f""","=""2[4]*""","=""9/2""","=""""","=""16.929608""","=""""","=""""","=""0.00052""","=""""","=""  99             :     1  3d8.(1D<2>).6f       2[4]* ""","="""""
"=""3p6.3d8.(3F<2>).6f""","=""2[3]*""","=""7/2""","=""""","=""16.929686""","=""""","=""""","=""0.00008""","=""""","=""  68             :    31  3d8.(3F<2>).6f       2[4]* ""","="""""
"=""3p6.3d8.(3F<2>).6f""","=""2[3]*""","=""5/2""","=""""","=""16.929863""","=""""","=""""","=""0.00018""","=""""","=""  89             :    10  3d8.(3F<2>).6f       2[2]* ""","="""""
"=""3p6.3d8.(3F<2>).6g""","=""2[6]""","=""11/2""","=""""","=""16.935744""","=""""","=""""","=""0.00588""","=""""","="" 100                                                 ""","="""""
"=""3p6.3d8.(3F<2>).6g""","=""2[6]""","=""13/2""","=""""","=""16.935747""","=""""","=""""","=""0.00000""","=""""","="" 100                                                 ""","="""""
"=""3p6.3d8.(3F<2>).6g""","=""2[3]""","=""5/2""","=""""","=""16.936032""","=""""","=""""","=""0.00029""","=""""","="" 100                                                 ""","="""""
"=""3p6.3d8.(3F<2>).6g""","=""2[3]""","=""7/2""","=""""","=""16.936039""","=""""","=""""","=""0.00001""","=""""","="" 100                                                 ""","="""""
"=""3p6.3d8.(3F<2>).6g""","=""2[4]""","=""9/2""","=""""","=""16.936740""","=""""","=""""","=""0.00070""","=""""","=""  99                                                 ""","="""""
"=""3p6.3d8.(3F<2>).6g""","=""2[4]""","=""7/2""","=""""","=""16.936742""","=""""","=""""","=""0.00000""","=""""","="" 100                                                 ""","="""""
"=""3p6.3d8.(3F<2>).6g""","=""2[5]""","=""9/2""","=""""","=""16.936785""","=""""","=""""","=""0.00004""","=""""","="" 100                                                 ""","="""""
"=""3p6.3d8.(3F<2>).6g""","=""2[5]""","=""11/2""","=""""","=""16.936785""","=""""","=""""","=""0.00000""","=""""","="" 100                                                 ""","="""""
"=""3p6.3d8.(3F<2>).6h""","=""2[3]*""","=""5/2""","=""""","=""16.937390""","=""""","=""""","=""0.00061""","=""""","=""                                                     ""","="""""
"=""3p6.3d8.(3F<2>).6h""","=""2[3]*""","=""7/2""","=""""","=""16.937390""","=""""","=""""","=""0.00000""","=""""","=""                                                     ""","="""""
"=""3p6.3d8.(3F<2>).6h""","=""2[7]*""","=""13/2""","=""""","=""16.937473""","=""""","=""""","=""0.00008""","=""""","=""                                                     ""","="""""
"=""3p6.3d8.(3F<2>).6h""","=""2[7]*""","=""15/2""","=""""","=""16.937473""","=""""","=""""","=""0.00000""","=""""","=""                                                     ""","="""""
"=""3p6.3d8.(3F<2>).6h""","=""2[4]*""","=""7/2""","=""""","=""16.937763""","=""""","=""""","=""0.00029""","=""""","=""                                                     ""","="""""
"=""3p6.3d8.(3F<2>).6h""","=""2[4]*""","=""9/2""","=""""","=""16.937763""","=""""","=""""","=""0.00000""","=""""","=""                                                     ""","="""""
"=""3p6.3d8.(3F<2>).6h""","=""2[6]*""","=""11/2""","=""""","=""16.938065""","=""""","=""""","=""0.00030""","=""""","=""                                                     ""","="""""
"=""3p6.3d8.(3F<2>).6h""","=""2[6]*""","=""13/2""","=""""","=""16.938065""","=""""","=""""","=""0.00000""","=""""","=""                                                     ""","="""""
"=""3p6.3d8.(3F<2>).6h""","=""2[5]*""","=""9/2""","=""""","=""16.938088""","=""""","=""""","=""0.00002""","=""""","=""                                                     ""","="""""
"=""3p6.3d8.(3F<2>).6h""","=""2[5]*""","=""11/2""","=""""","=""16.938088""","=""""","=""""","=""0.00000""","=""""","=""                                                     ""","="""""
"=""3p6.3d8.(3F).8p""","=""2G*""","=""9/2""","=""""","=""16.945372""","=""""","=""""","=""0.00728""","=""""","=""                                                     ""","="""""
"=""3p6.3d8.(3F).8p""","=""2G*""","=""7/2""","=""""","=""17.055606""","=""""","=""""","=""0.11023""","=""""","=""                                                     ""","="""""
"=""3p6.3d8.(3P).5d""","=""4P""","=""1/2""","=""""","=""16.951780""","=""""","=""""","=""-0.10383""","=""""","=""  82             :    12  3d8.(1D).5d          2S    ""","="""""
"=""3p6.3d8.(3P).5d""","=""4P""","=""5/2""","=""""","=""16.980969""","=""""","=""""","=""0.02919""","=""""","=""  58             :    37  3d8.(3P).5d          2F    ""","="""""
"=""3p6.3d8.(3P).5d""","=""""","=""3/2""","=""""","=""16.952699""","=""""","=""""","=""-0.02827""","=""""","=""  31  2D         :    31  3d8.(3P).5d          4P    ""","="""""
"=""3p6.3d8.(3P).5d""","=""""","=""3/2""","=""""","=""16.973354""","=""""","=""""","=""0.02066""","=""""","=""  38  4F         :    37  3d8.(3P).5d          4P    ""","="""""
"=""3p6.3d8.(3F).7d""","=""2P""","=""1/2""","=""""","=""16.980291""","=""""","=""""","=""0.00694""","=""""","=""                                                     ""","="""""
"=""3p6.3d8.(3F).9s""","=""4F""","=""9/2""","=""""","=""17.009216""","=""""","=""""","=""0.02892""","=""""","=""                                                     ""","="""""
"=""3p6.3d8.(3F).9s""","=""4F""","=""7/2""","=""""","=""17.015130""","=""""","=""""","=""0.00591""","=""""","=""                                                     ""","="""""
"=""3p6.3d8.(3F).9s""","=""4F""","=""5/2""","=""""","=""17.181196""","=""""","=""""","=""0.16607""","=""""","=""                                                     ""","="""""
"=""3p6.3d8.(3F).9s""","=""4F""","=""3/2""","=""""","=""17.290433""","=""""","=""""","=""0.10924""","=""""","=""                                                     ""","="""""
"=""3p6.3d8.(3P).5d""","=""2P""","=""1/2""","=""""","=""17.012111""","=""""","=""""","=""-0.27832""","=""""","=""  85             :     8  3d8.(1D).5d          2P    ""","="""""
"=""3p6.3d8.(3P).5d""","=""2P""","=""3/2""","=""""","=""17.020330""","=""?""","=""""","=""0.00822""","=""""","=""  67             :    19  3d8.(3P).5d          2D    ""","="""""
"=""3p6.3d8.(3F<4>).7f""","=""2[2]*""","=""5/2""","=""""","=""17.050212""","=""""","=""""","=""0.02988""","=""""","=""                                                     ""","="""""
"=""3p6.3d8.(3F<4>).7f""","=""2[7]*""","=""15/2""","=""""","=""17.050261""","=""""","=""""","=""0.00005""","=""""","=""                                                     ""","="""""
"=""3p6.3d8.(3F<4>).7f""","=""2[3]*""","=""7/2""","=""""","=""17.050742""","=""""","=""""","=""0.00048""","=""""","=""                                                     ""","="""""
"=""3p6.3d8.(3F<4>).7f""","=""2[3]*""","=""5/2""","=""""","=""17.051141""","=""""","=""""","=""0.00040""","=""""","=""                                                     ""","="""""
"=""3p6.3d8.(3F<4>).7f""","=""2[6]*""","=""13/2""","=""""","=""17.051469""","=""""","=""""","=""0.00033""","=""""","=""                                                     ""","="""""
"=""3p6.3d8.(3F<4>).7f""","=""2[6]*""","=""11/2""","=""""","=""17.052270""","=""""","=""""","=""0.00080""","=""""","=""                                                     ""","="""""
"=""3p6.3d8.(3F<4>).7f""","=""2[4]*""","=""9/2""","=""""","=""17.051693""","=""""","=""""","=""-0.00058""","=""""","=""                                                     ""","="""""
"=""3p6.3d8.(3F<4>).7f""","=""2[4]*""","=""7/2""","=""""","=""17.052286""","=""""","=""""","=""0.00059""","=""""","=""                                                     ""","="""""
"=""3p6.3d8.(3F<4>).7g""","=""2[8]""","=""15/2""","=""""","=""17.056258""","=""""","=""""","=""0.00397""","=""""","=""                                                     ""","="""""
"=""3p6.3d8.(3F<4>).7g""","=""2[8]""","=""17/2""","=""""","=""17.056261""","=""""","=""""","=""0.00000""","=""""","=""                                                     ""","="""""
"=""3p6.3d8.(3F<4>).7g""","=""2[6]""","=""13/2""","=""""","=""17.056902""","=""""","=""""","=""0.00064""","=""""","=""                                                     ""","="""""
"=""3p6.3d8.(3F<4>).7g""","=""2[6]""","=""11/2""","=""""","=""17.056902""","=""""","=""""","=""0.00000""","=""""","=""                                                     ""","="""""
"=""3p6.3d8.(3F<4>).7g""","=""2[5]""","=""11/2""","=""""","=""17.057143""","=""""","=""""","=""0.00024""","=""""","=""                                                     ""","="""""
"=""3p6.3d8.(3F).8d""","=""4P""","=""5/2""","=""""","=""17.073456""","=""""","=""""","=""0.01631""","=""""","=""                                                     ""","="""""
"=""3p6.3d8.(3F).8d""","=""4D""","=""7/2""","=""""","=""17.073524""","=""""","=""""","=""0.00007""","=""""","=""                                                     ""","="""""
"=""3p6.3d8.(3F).8d""","=""4D""","=""5/2""","=""""","=""17.111621""","=""""","=""""","=""0.03810""","=""""","=""                                                     ""","="""""
"=""3p6.3d8.(3F).8d""","=""4H""","=""13/2""","=""""","=""17.076991""","=""""","=""""","=""-0.03463""","=""""","=""                                                     ""","="""""
"=""3p6.3d8.(3F).8d""","=""4H""","=""11/2""","=""""","=""17.077949""","=""""","=""""","=""0.00096""","=""""","=""                                                     ""","="""""
"=""3p6.3d8.(3F).8d""","=""4F""","=""9/2""","=""""","=""17.079303""","=""""","=""""","=""0.00135""","=""""","=""                                                     ""","="""""
"=""3p6.3d8.(3F).8d""","=""4F""","=""7/2""","=""""","=""17.082115""","=""""","=""""","=""0.00281""","=""""","=""                                                     ""","="""""
"=""3p6.3d8.(3F).8d""","=""4G""","=""11/2""","=""""","=""17.079416""","=""""","=""""","=""-0.00270""","=""""","=""                                                     ""","="""""
"=""3p6.3d8.(3F).8d""","=""4G""","=""9/2""","=""""","=""17.082853""","=""?""","=""""","=""0.00344""","=""""","=""                                                     ""","="""""
"=""3p6.3d8.(3F).9p""","=""4F*""","=""9/2""","=""""","=""17.124931""","=""""","=""""","=""0.04208""","=""""","=""                                                     ""","="""""
"=""3p6.3d7.(2F).4s.4p.(1P*)""","=""2G*""","=""9/2""","=""""","=""17.171296""","=""?""","=""""","=""0.04637""","=""""","=""                                                     ""","="""""
"=""3p6.3d8.(3F).9s""","=""2F""","=""7/2""","=""""","=""17.179711""","=""""","=""""","=""0.00841""","=""""","=""                                                     ""","="""""
"=""3p6.3d8.(3F).9s""","=""2F""","=""5/2""","=""""","=""17.294816""","=""""","=""""","=""0.11510""","=""""","=""                                                     ""","="""""
"=""3p6.3d8.(3P).6p""","=""4D*""","=""7/2""","=""""","=""17.214090""","=""""","=""""","=""-0.08073""","=""""","=""                                                     ""","="""""
"=""3p6.3d8.(3F<3>).7f""","=""2[6]*""","=""13/2""","=""""","=""17.220033""","=""""","=""""","=""0.00594""","=""""","=""                                                     ""","="""""
"=""3p6.3d8.(3F<3>).7g""","=""2[7]""","=""15/2""","=""""","=""17.224964""","=""""","=""""","=""0.00493""","=""""","=""                                                     ""","="""""
"=""3p6.3d8.(3F).8d""","=""2H""","=""11/2""","=""""","=""17.246580""","=""""","=""""","=""0.02162""","=""""","=""                                                     ""","="""""
"=""3p6.3d8.(3F<2>).7g""","=""2[6]""","=""13/2""","=""""","=""17.337236""","=""""","=""""","=""0.09066""","=""""","=""                                                     ""","="""""
"=""3p6.3d8.(1G).6s""","=""2G""","=""9/2""","=""""","=""17.358553""","=""""","=""""","=""0.02132""","=""""","=""                                                     ""","="""""
"=""3p6.3d8.(1G).6s""","=""2G""","=""7/2""","=""""","=""17.358874""","=""""","=""""","=""0.00032""","=""""","=""                                                     ""","="""""
"=""Ni III (3d8 3F<4>)""","=""Limit""","=""---""","=""""","=""18.168838""","=""""","=""0.000025""","=""""","=""""","=""                                                     ""","=""L7185,L897"""
