Configuration,Term,J,Prefix,Level (eV),Suffix,Uncertainty (eV),Splitting,Lande,Leading percentages,Reference
"=""6d.7s2""","=""2D""","=""3/2""","=""""","=""0.000000000""","=""""","=""0.000000007""","=""""","=""0.639""","=""  43  6d2.(3F).7s 4F              :    27  6d.7s2            2D    ""","=""L18702,L15851"""
"=""6d2.(3F).7s""","=""4F""","=""5/2""","=""""","=""0.188691095""","=""""","=""0.000000012""","=""0.18869110""","=""1.076""","=""  65                              :    17  6d2.(1D).7s       2D    ""","=""L18702,L15851"""
"=""6d2.(3F).7s""","=""4F""","=""3/2""","=""""","=""0.230602975""","=""""","=""0.000000014""","=""0.04191188""","=""0.586""","=""  52                              :    36  6d.7s2            2D    ""","=""L18702,L7612"""
"=""6d2.(3F).7s""","=""4F""","=""7/2""","=""""","=""0.514110036""","=""""","=""0.000000014""","=""0.28350706""","=""1.232""","=""  96                                                               ""","=""L18702,L15851"""
"=""6d2.(3F).7s""","=""4F""","=""9/2""","=""""","=""0.770374622""","=""""","=""0.000000015""","=""0.25626459""","=""1.312""","=""  89                              :     9  6d2.(1G).7s       2G    ""","=""L18702,L15851"""
"=""6d.(2D).7s2""","=""""","=""5/2""","=""""","=""0.509991558""","=""""","=""0.000000014""","=""-0.26038306""","=""1.163""","=""  36  6d.(2D).7s2 2D              :    30  6d2.(3F).7s       4F    ""","=""L18702,L7529"""
"=""5f.7s2""","=""2F*""","=""5/2""","=""""","=""0.556721494""","=""""","=""0.000000014""","=""0.04672994""","=""0.856""","=""  89                              :     3  5f.(2F*).6d2.(1S) (1S)* ""","=""L18702,L15851"""
"=""5f.7s2""","=""2F*""","=""7/2""","=""""","=""1.038846135""","=""""","=""0.000000017""","=""0.48212464""","=""1.132""","=""  85                              :     3  5f.(2F*).6d2.(1S) (1S)* ""","=""L18702,L15851"""
"=""5f.6d.(3H*).7s""","=""4H*""","=""7/2""","=""""","=""0.764778652""","=""""","=""0.000000016""","=""-0.27406748""","=""0.718""","=""  78                              :    17  5f.6d.(1G*).7s    2G    ""","=""L18702,L15851"""
"=""5f.6d.(3H*).7s""","=""4H*""","=""11/2""","=""""","=""1.26328328""","=""""","=""0.00000003""","=""0.49850463""","=""1.128""","=""  81                              :    13  5f.6d.(3H*).7s    2H    ""","=""L18702,L15851"""
"=""5f.6d.(3H*).7s""","=""4H*""","=""13/2""","=""""","=""1.66218584""","=""""","=""0.00000005""","=""0.39890256""","=""1.231""","=""  96                              :     2  5f.(2F*).6d2.(3F) (3F)* ""","=""L18702,L7612"""
"=""6d2.(3P).7s""","=""4P""","=""1/2""","=""""","=""0.77419390""","=""""","=""0.00000003""","=""-0.88799194""","=""2.112""","=""  70                              :    13  6d2.(3P).7s       2P    ""","=""L18702,L15851"""
"=""6d2.(3P).7s""","=""4P""","=""3/2""","=""""","=""0.994129208""","=""""","=""0.000000022""","=""0.21993531""","=""1.608""","=""  89                              :     3  6d3               4F    ""","=""L18702,L15851"""
"=""6d2.(3P).7s""","=""4P""","=""5/2""","=""""","=""1.123433659""","=""""","=""0.000000019""","=""0.12930445""","=""1.419""","=""  71                              :    12  6d2.(3F).7s       2F    ""","=""L18702,L15851"""
"=""5f.6d.(3F*).7s""","=""4F*""","=""3/2""","=""""","=""0.829626291""","=""""","=""0.000000016""","=""-0.29380737""","=""0.492""","=""  74                              :    20  5f.6d.(1D*).7s    2D    ""","=""L18702,L15851"""
"=""5f.6d.(3F*).7s""","=""4F*""","=""5/2""","=""""","=""0.908988342""","=""""","=""0.000000016""","=""0.07936205""","=""1.061""","=""  54                              :    25  5f.6d.(1D*).7s    2D    ""","=""L18702,L15851"""
"=""5f.6d.(3F*).7s""","=""4F*""","=""7/2""","=""""","=""1.205163326""","=""""","=""0.000000017""","=""0.29617498""","=""1.173""","=""  60                              :    11  5f.6d.(3G*).7s    4G    ""","=""L18702,L15851"""
"=""5f.6d.(3F*).7s""","=""4F*""","=""9/2""","=""""","=""1.548350422""","=""""","=""0.000000019""","=""0.34318710""","=""1.245""","=""  53                              :    30  5f.6d.(3G*).7s    4G    ""","=""L18702,L15928"""
"=""5f.6d.(3H*).7s""","=""*""","=""9/2""","=""""","=""0.830717224""","=""""","=""0.000000020""","=""-0.71763320""","=""1.018""","=""  37  5f.6d.(3H*).7s 4H*          :    27  5f.6d.(1G*).7s    2G    ""","=""L18702,L15851"""
"=""6d3""","=""""","=""3/2""","=""""","=""0.868065592""","=""""","=""0.000000019""","=""0.03734837""","=""0.800""","=""  41  6d3 4F                      :    16  6d.7s2            2D    ""","=""L18702,L7529"""
"=""6d2.(3P).7s""","=""""","=""1/2""","=""""","=""0.97061784""","=""""","=""0.00000003""","=""0.10255225""","=""1.254""","=""  36  6d2.(3P).7s 2P              :    36  6d3               2P    ""","=""L18702,L15851"""
"=""6d3""","=""""","=""3/2""","=""""","=""1.048950095""","=""""","=""0.000000020""","=""0.07833225""","=""0.968""","=""  43  6d3 4F                      :    21  6d2.(3P).7s       2P    ""","=""L18702,L19204"""
"=""6d2.(3F).7s""","=""2F""","=""5/2""","=""""","=""1.066988435""","=""""","=""0.000000017""","=""0.01803834""","=""0.986""","=""  62                              :    11  6d.7s2            2D    ""","=""L18702,L15851"""
"=""5f.6d.(1G*).7s""","=""2G*""","=""7/2""","=""""","=""1.140935457""","=""""","=""0.000000020""","=""0.07394702""","=""0.911""","=""  50                              :    17  5f.6d.(3F*).7s    4F    ""","=""L18702,L7527"""
"=""5f.6d.(1G*).7s""","=""*""","=""9/2""","=""""","=""1.145368548""","=""""","=""0.000000021""","=""0.00443309""","=""1.086""","=""  44  5f.6d.(1G*).7s 2G*          :    31  5f.6d.(3H*).7s    4H    ""","=""L18702,L7527"""
"=""6d3""","=""4F""","=""5/2""","=""""","=""1.165571101""","=""""","=""0.000000020""","=""0.02020255""","=""1.034""","=""  84                              :     6  6d.7s2            2D    ""","=""L18702,L7612"""
"=""6d3""","=""4F""","=""9/2""","=""""","=""1.642630613""","=""""","=""0.000000021""","=""0.47705951""","=""1.242""","=""  60                              :    33  6d2.(1G).7s       2G    ""","=""L18702,L15851"""
"=""5f.6d.(3G*).7s""","=""4G*""","=""5/2""","=""""","=""1.188438671""","=""""","=""0.000000016""","=""-0.45419194""","=""0.601""","=""  83                              :     6  6d2.(3F).7p       4G*   ""","=""L18702,L15851"""
"=""5f.6d.(3G*).7s""","=""4G*""","=""7/2""","=""""","=""1.378280820""","=""""","=""0.000000017""","=""0.18984215""","=""0 983""","=""  54                              :     8  5f.6d.(1G*).7s    2G    ""","=""L18702,L7527"""
"=""5f.6d.(3G*).7s""","=""4G*""","=""9/2""","=""""","=""1.669939242""","=""""","=""0.000000020""","=""0.29165842""","=""1.185""","=""  57                              :    20  5f.6d.(3F*).7s    4F    ""","=""L18702,L7612"""
"=""5f.6d.(3G*).7s""","=""4G*""","=""11/2""","=""""","=""1.903142570""","=""""","=""0.000000021""","=""0.23320333""","=""1.267""","=""  91                              :     4  6d2.(3F).7p       4G*   ""","=""L18702,L7612"""
"=""6d2.(1G).7s""","=""2G""","=""7/2""","=""""","=""1.204129814""","=""""","=""0.000000016""","=""-0.69901276""","=""0.953""","=""  54                              :    27  6d3               2G    ""","=""L18702,L15851"""
"=""6d2.(1G).7s""","=""""","=""9/2""","=""""","=""1.286847256""","=""""","=""0.000000017""","=""0.08271744""","=""1.153""","=""  41  6d2.(1G).7s 2G              :    30  6d3               2G    ""","=""L18702,L15928"""
"=""5f.6d.(3H*).7s""","=""*""","=""9/2""","=""""","=""1.310766078""","=""""","=""0.000000025""","=""0.02391882""","=""0.931""","=""  45  5f.6d.(3H*).7s 2H*          :    27  5f.6d.(3H*).7s    4H    ""","=""L18702,L15851"""
"=""5f.6d.(3F*).7s""","=""*""","=""5/2""","=""""","=""1.323300499""","=""""","=""0.000000022""","=""0.01253442""","=""1.088""","=""  40  5f.6d.(3F*).7s 4F*          :    31  5f.6d.(1D*).7s    2D    ""","=""L18702,L7612"""
"=""6d3""","=""""","=""7/2""","=""""","=""1.345888603""","=""""","=""0.000000019""","=""0.02258810""","=""1.166""","=""  46  6d3 4F                      :    33  6d2.(3F).7s       2F    ""","=""L18702,L7612"""
"=""5f.6d.(1D*).7s""","=""2D*""","=""3/2""","=""""","=""1.435290843""","=""""","=""0.000000019""","=""0.08940224""","=""0.832""","=""  51                              :    19  5f.6d.(3F*).7s    4F    ""","=""L18702,L15851"""
"=""5f.6d.(3D*).7s""","=""4D*""","=""1/2""","=""""","=""1.453767915""","=""""","=""0.000000019""","=""0.01847707""","=""0.255""","=""  53                              :    12  5f.(2F*).6d2.(1D) (1D)* ""","=""L18702,L15851"""
"=""5f.6d.(3D*).7s""","=""4D*""","=""5/2""","=""""","=""1.803419255""","=""""","=""0.000000020""","=""0.34965134""","=""1.339""","=""  67                              :     6  5f.6d.(1D*).7s    2D    ""","=""L18702,L7612"""
"=""5f.6d.(3D*).7s""","=""4D*""","=""7/2""","=""""","=""1.915932277""","=""""","=""0.000000022""","=""0.11251302""","=""1.296""","=""  55                              :    17  5f.6d.(3F*).7s    2F    ""","=""L18702,L7612"""
"=""6d2.(1D).7s""","=""2D""","=""3/2""","=""""","=""1.515083955""","=""""","=""0.000000021""","=""-0.40084832""","=""0.977""","=""  56                              :    11  6d.7s2            2D    ""","=""L18702,L15851"""
"=""5f.6d.(3F*).7s""","=""2F*""","=""5/2""","=""""","=""1.546352910""","=""""","=""0.000000022""","=""0.03126896""","=""0.982""","=""  55                              :    17  5f.6d.(1D*).7s    2D    ""","=""L18702,L7612"""
"=""5f.(2F*).6d2.(3F)""","=""*""","=""7/2""","=""""","=""1.548027489""","=""""","=""0.000000021""","=""0.00167458""","=""0.855""","=""  37  5f.(2F*).6d2.(3F) 4H*       :    20  5f.(2F*).6d2.(3F) (3F)* ""","=""L18702,L15928"""
"=""6d3""","=""""","=""7/2""","=""""","=""1.558542626""","=""""","=""0.000000019""","=""0.01051514""","=""1.131""","=""  40  6d3 4F                      :    34  6d2.(3F).7s       2F    ""","=""L18702,L7612"""
"=""5f.6d.(3D*).7s""","=""*""","=""3/2""","=""""","=""1.599690941""","=""""","=""0.000000020""","=""0.04114832""","=""1.167""","=""  48  5f.6d.(3D*).7s 4D*          :     9  5f.6d.(1D*).7s    2D    ""","=""L18702,L15851"""
"=""6d2.(1D).7s""","=""""","=""5/2""","=""""","=""1.642853752""","=""""","=""0.000000021""","=""0.04316281""","=""1.245""","=""  44  6d2.(1D).7s 2D              :    20  6d.7s2            2D    ""","=""L18702,L7529"""
"=""5f.6d.(3F*).7s""","=""*""","=""7/2""","=""""","=""1.713255573""","=""""","=""0.000000020""","=""0.07040182""","=""1.153""","=""  26  5f.6d.(3F*).7s 2F*          :    17  5f.6d.(1F*).7s    2F    ""","=""L18702,L7612"""
"=""5f.6d.(3D*).7s""","=""*""","=""1/2""","=""""","=""1.74840020""","=""""","=""0.00000004""","=""0.03514463""","=""0.523""","=""  33  5f.6d.(3D*).7s 4D*          :    29  5f.(2F*).6d2.(1D) (1D)* ""","=""L18702,L15928"""
"=""5f.(2F*).6d2.(3F)""","=""4I*""","=""9/2""","=""""","=""1.76994592""","=""""","=""0.00000003""","=""0.02154572""","=""0.791""","=""  77                              :    10  5f.6d.(3H*).7s    2H    ""","=""L18702,L7527"""
"=""5f.(2F*).6d2.(3F)""","=""4I*""","=""11/2""","=""""","=""2.05375230""","=""""","=""0.00000004""","=""0.28380638""","=""0.98""","=""  86                              :     4  5f.(2F*).6d2.(1G) (1G)* ""","=""L18702,L7527"""
"=""5f.(2F*).6d2.(3F)""","=""4I*""","=""13/2""","=""""","=""2.33299410""","=""""","=""0.00000005""","=""0.27924180""","=""1.10""","=""  72                              :     8  5f.(2F*).6d2.(1G) (1G)* ""","=""L18702,L7527"""
"=""5f.(2F*).6d2.(3F)""","=""4I*""","=""15/2""","=""""","=""2.73112534""","=""""","=""0.00000007""","=""0.39813124""","=""1.18""","=""  97                              :     2  5f.(2F*).6d2.(1G) (1G)* ""","=""L18702,L16200"""
"=""6d3""","=""4P""","=""1/2""","=""""","=""1.77909747""","=""""","=""0.00000004""","=""-0.95202787""","=""2.555""","=""  93                              :     5  6d2.(3P).7s       2P    ""","=""L18702,L15851"""
"=""6d3""","=""4P""","=""3/2""","=""""","=""1.88910239""","=""""","=""0.00000004""","=""0.11000492""","=""1.592""","=""  71                              :    19  6d2.(3P).7s       2P    ""","=""L18702,L15851"""
"=""6d3""","=""4P""","=""5/2""","=""""","=""1.957336792""","=""""","=""0.000000024""","=""0.06823440""","=""1.571""","=""  91                              :     4  6d3               2D1   ""","=""L18702,L7612"""
"=""5f.6d.(3H*).7s""","=""2H*""","=""11/2""","=""""","=""1.79582734""","=""""","=""0.00000003""","=""-0.16150945""","=""1.09 ""","=""  60                              :    15  5f.(2F*).6d2.(1D) (1D)* ""","=""L18702,L7612"""
"=""5f.6d.(3G*).7s""","=""*""","=""7/2""","=""""","=""1.833849400""","=""""","=""0.000000024""","=""0.03802206""","=""0.862""","=""  40  5f.6d.(3G*).7s 2G*          :    29  5f.(2F*).6d2.(3F) (3F)* ""","=""L18702,L7527"""
"=""5f.6d.(3P*).7s""","=""*""","=""3/2""","=""""","=""1.877708160""","=""""","=""0.000000022""","=""0.04385876""","=""1.366""","=""  41  5f.6d.(3P*).7s 4P*          :    14  5f.6d.(3D*).7s    4D    ""","=""L18702,L16200"""
"=""5f.(2F*).6d2.(3F)""","=""4H*""","=""9/2""","=""""","=""1.88987860""","=""""","=""0.00000003""","=""0.01217044""","=""1.00""","=""  59                              :    20  5f.(2F*).6d2.(3F) (3F)* ""","=""L18702,L7527"""
"=""5f.(2F*).6d2.(3F)""","=""4H*""","=""11/2""","=""""","=""2.20333121""","=""""","=""0.00000004""","=""0.31345261""","=""1.10""","=""  69                              :    13  5f.(2F*).6d2.(1G) (1G)* ""","=""L18702,L7527"""
"=""5f.(2F*).6d2.(3F)""","=""4H*""","=""13/2""","=""""","=""2.46881556""","=""""","=""0.00000005""","=""0.26548435""","=""1.16""","=""  56                              :    22  5f.(2F*).6d2.(3F) (3F)* ""","=""L18702,L7527"""
"=""6d3""","=""2H""","=""9/2""","=""""","=""1.897610931""","=""""","=""0.000000021""","=""-0.57120463""","=""1.006""","=""  69                              :    16  6d3               4F    ""","=""L18702,L15851"""
"=""6d3""","=""2H""","=""11/2""","=""""","=""2.197898491""","=""""","=""0.000000024""","=""0.30028756""","=""1.09 ""","=""  99                                                               ""","=""L18702,L2372"""
"=""5f.6d.(3P*).7s""","=""4P*""","=""1/2""","=""""","=""1.89996369""","=""""","=""0.00000006""","=""-0.29793480""","=""2.565""","=""  87                              :     5  6d.7s.(3D).7p     4P*   ""","=""L18702,L15928"""
"=""5f.6d.(3P*).7s""","=""4P*""","=""5/2""","=""""","=""2.16484184""","=""""","=""0.00000004""","=""0.26487815""","=""1.51""","=""  73                              :     8  5f.6d.(1D*).7s    2D    ""","=""L18702,L7527"""
"=""5f.6d.(3D*).7s""","=""2D*""","=""3/2""","=""""","=""1.947896157""","=""""","=""0.000000024""","=""-0.21694568""","=""1.06""","=""  52                              :    21  5f.6d.(3P*).7s    4P    ""","=""L18702,u38"""
"=""5f.6d.(3D*).7s""","=""*""","=""5/2""","=""""","=""1.987857059""","=""""","=""0.000000024""","=""0.03996090""","=""1.07""","=""  33  5f.6d.(3D*).7s 2D*          :    32  5f.6d.(1F*).7s    2F    ""","=""L18702,L6260"""
"=""6d3""","=""2G""","=""7/2""","=""""","=""2.085174358""","=""""","=""0.000000022""","=""0.09731730""","=""0.916""","=""  58                              :    32  6d2.(1G).7s       2G    ""","=""L18702,L15928"""
"=""6d3""","=""2G""","=""9/2""","=""""","=""2.464815692""","=""""","=""0.000000025""","=""0.37964133""","=""1.08 ""","=""  59                              :    22  6d3               2H    ""","=""L18702,L2372"""
"=""5f.(2F*).6d2.(3F)""","=""*""","=""7/2""","=""""","=""2.09615116""","=""""","=""0.00000003""","=""-0.36866453""","=""0.950""","=""  24  5f.(2F*).6d2.(3F) 2G*       :    17  5f.(2F*).6d2.(3F) (3F)* ""","=""L18702,L15928"""
"=""5f.(2F*).6d2.(1D)""","=""*""","=""3/2""","=""""","=""2.12281038""","=""""","=""0.00000003""","=""0.02665922""","=""1.277""","=""  28  5f.(2F*).6d2.(1D) 2P*       :    28  5f.6d.(3P*).7s    2P    ""","=""L18702,L7612"""
"=""5f.6d.(3G*).7s""","=""2G*""","=""9/2""","=""""","=""2.14148626""","=""""","=""0.00000003""","=""0.01867588""","=""1.083""","=""  58                              :    12  5f.(2F*).6d2.(1D) (1D)* ""","=""L18702,L7612"""
"=""5f.(2F*).6d2.(3F)""","=""*""","=""9/2""","=""""","=""2.19737014""","=""""","=""0.00000003""","=""0.05588388""","=""1.08 ""","=""  45  5f.(2F*).6d2.(3F) 2G*       :    30  5f.(2F*).6d2.(3F) (3F)* ""","=""L18702,L2372"""
"=""5f.6d.(3P*).7s""","=""*""","=""1/2""","=""""","=""2.21160566""","=""""","=""0.00000004""","=""0.01423552""","=""1.08 ""","=""  30  5f.6d.(3P*).7s 2P*          :    25  5f.(2F*).6d2.(3F) (3F)* ""","=""L18702,L2372"""
"=""5f.(2F*).6d2.(3F)""","=""*""","=""5/2""","=""""","=""2.229655470""","=""""","=""0.000000025""","=""0.01804981""","=""0.995""","=""  25  5f.(2F*).6d2.(3F) 2F*       :    14  5f.(2F*).6d2.(3F) (3F)* ""","=""L18702,L15928"""
"=""6d3""","=""""","=""3/2""","=""""","=""2.246432692""","=""""","=""0.000000025""","=""0.01677722""","=""0.93 ""","=""  44  6d3 2D2                     :    20  6d3               2D1   ""","=""L18702,L2372"""
"=""5f.(2F*).6d2.(3F)""","=""*""","=""3/2""","=""""","=""2.258301050""","=""""","=""0.000000019""","=""0.01186836""","=""0.876""","=""  31  5f.(2F*).6d2.(3F) 4F*       :    14  5f.(2F*).6d2.(3F) (3F)* ""","=""L18702,L7612"""
"=""5f.(2F*).6d2.(3F)""","=""*""","=""1/2""","=""""","=""2.30217151""","=""""","=""0.00000004""","=""0.04387046""","=""1.007""","=""  44  5f.(2F*).6d2.(3F) 2S*       :    25  5f.(2F*).6d2.(3F) (3F)* ""","=""L18702,L2372"""
"=""5f.6d.(1F*).7s""","=""*""","=""7/2""","=""""","=""2.35244862""","=""""","=""0.00000003""","=""0.05027711""","=""1.12 ""","=""  37  5f.6d.(1F*).7s 2F*          :    14  5f.(2F*).6d2.(3F) (3F)* ""","=""L18702,L15928"""
"=""5f.(2F*).6d2.(3F)""","=""*""","=""3/2""","=""""","=""2.362001803""","=""""","=""0.000000021""","=""0.00955318""","=""0.888""","=""  33  5f.(2F*).6d2.(3F) 4F*       :    23  5f.(2F*).6d2.(3F) (3F)* ""","=""L18702,L19215"""
"=""5f.6d.(3D*).7s""","=""*""","=""5/2""","=""""","=""2.386481359""","=""""","=""0.000000019""","=""0.02447956""","=""0.931""","=""  20  5f.6d.(3D*).7s 2D*          :    16  5f.6d.(1F*).7s    2F    ""","=""L18702,L15851"""
"=""6d2.(1S).7s""","=""2S""","=""1/2""","=""""","=""2.42938984""","=""""","=""0.00000005""","=""0.04290848""","=""""","=""  80                              :    10  6d3               2P    ""","=""L18702,L2372"""
"=""5f.6d.(1F*).7s""","=""*""","=""7/2""","=""""","=""2.489685598""","=""""","=""0.000000021""","=""0.06029576""","=""1.142""","=""  14  5f.6d.(1F*).7s 2F*          :    12  5f.(2F*).6d2.(3F) (3F)* ""","=""L18702,L15851"""
"=""5f.(2F*).6d2.(3P)""","=""*""","=""5/2""","=""""","=""2.49458139""","=""""","=""0.00000003""","=""0.00489579""","=""0.743""","=""  44  5f.(2F*).6d2.(3P) 4G*       :    15  5f.(2F*).6d2.(3F) (3F)* ""","=""L18702,L7612"""
"=""6d3""","=""2D2""","=""5/2""","=""""","=""2.49936517""","=""""","=""0.00000003""","=""0.00478378""","=""1.19 ""","=""  67                              :    12  6d2.(1D).7s       2D    ""","=""L18702,L2372"""
"=""5f.(2F*).6d2.(1G)""","=""*""","=""11/2""","=""""","=""2.51546271""","=""""","=""0.00000004""","=""0.01609754""","=""0.97 ""","=""  42  5f.(2F*).6d2.(1G) 2I*       :    26  5f.(2F*).6d2.(3F) (3F)* ""","=""L18702,L2372"""
"=""5f.(2F*).6d2.(3F)""","=""*""","=""5/2""","=""""","=""2.51823589""","=""""","=""0.00000003""","=""0.00277318""","=""1.161""","=""  17  5f.(2F*).6d2.(3F) 4D*       :    15  5f.(2F*).6d2.(3F) (3F)* ""","=""L18702,L2372"""
"=""5f.(2F*).6d2.(3F)""","=""*""","=""5/2""","=""""","=""2.564755353""","=""""","=""0.000000024""","=""0.04651946""","=""0.945""","=""  39  5f.(2F*).6d2.(3F) 4F*       :     8  5f.(2F*).6d2.(3P) (3P)* ""","=""L18702,L7612"""
"=""5f.(2F*).6d2.(3P)""","=""*""","=""7/2""","=""""","=""2.59982638""","=""""","=""0.00000004""","=""0.03507103""","=""0.99 ""","=""  39  5f.(2F*).6d2.(3P) 4G*       :    14  5f.(2F*).6d2.(3F) (3F)* ""","=""L18702,L2372"""
"=""5f.(2F*).6d2.(1D)""","=""*""","=""9/2""","=""""","=""2.60240434""","=""""","=""0.00000003""","=""0.00257796""","=""0.953""","=""  27  5f.(2F*).6d2.(1D) 2H*       :    16  5f.6d.(3G*).7s    2G    ""","=""L18702,L15928"""
"=""5f.6d.(1P*).7s""","=""*""","=""3/2""","=""""","=""2.62000923""","=""""","=""0.00000004""","=""0.01760489""","=""1.24 ""","=""  24  5f.6d.(1P*).7s 2P*          :    18  5f.(2F*).6d2.(3F) (3F)* ""","=""L18702,L2372"""
"=""5f.(2F*).6d2.(3F)""","=""*""","=""5/2""","=""""","=""2.640543185""","=""""","=""0.000000021""","=""0.02053395""","=""0.767""","=""  38  5f.(2F*).6d2.(3F) 4G*       :    21  5f.(2F*).6d2.(3P) (3P)* ""","=""L18702,L16200"""
"=""5f.(2F*).6d2.(3F)""","=""*""","=""7/2""","=""""","=""2.688318087""","=""""","=""0.000000024""","=""0.04777490""","=""1.248""","=""  41  5f.(2F*).6d2.(3F) 4F*       :    17  5f.(2F*).6d2.(3F) (3F)* ""","=""L18702,L15928"""
"=""5f.6d.(1H*).7s""","=""2H*""","=""11/2""","=""""","=""2.72949710""","=""""","=""0.00000004""","=""0.04117901""","=""1.10""","=""  61                              :    18  5f.(2F*).6d2.(1D) (1D)* ""","=""L18702,L6260"""
"=""6d3""","=""2F""","=""5/2""","=""""","=""2.74084833""","=""""","=""0.00000003""","=""0.01135123""","=""0.92""","=""  71                              :     8  6d2.(3F).7s       2F    ""","=""L18702,L2372"""
"=""6d3""","=""2F""","=""7/2""","=""""","=""2.83107180""","=""""","=""0.00000004""","=""0.09022347""","=""1.12 ""","=""  82                              :    15  6d2.(3F).7s       2F    ""","=""L18702,L2372"""
"=""5f.(2F*).6d2.(1G)""","=""*""","=""9/2""","=""""","=""2.74496768""","=""""","=""0.00000003""","=""-0.08610412""","=""1.090""","=""  23  5f.(2F*).6d2.(1G) 2G*       :    19  5f.(2F*).6d2.(1G) (1G)* ""","=""L18702,L16200"""
"=""5f.6d.(1P*).7s""","=""*""","=""1/2""","=""""","=""2.77169233""","=""""","=""0.00000005""","=""0.02672465""","=""0.77 ""","=""  35  5f.6d.(1P*).7s 2P*          :    16  5f.(2F*).6d2.(3F) (3F)* ""","=""L18702,L2372"""
"=""5f.(2F*).6d2.(3P)""","=""*""","=""5/2""","=""""","=""2.79129255""","=""""","=""0.00000004""","=""0.01960022""","=""1.17 ""","=""  43  5f.(2F*).6d2.(3P) 2D*       :    21  5f.(2F*).6d2.(3F) (3F)* ""","=""L18702,L2372"""
"=""5f.6d.(1H*).7s""","=""*""","=""9/2""","=""""","=""2.80726332""","=""""","=""0.00000003""","=""0.01597077""","=""1.043""","=""  42  5f.6d.(1H*).7s 2H*          :     9  5f.(2F*).6d2.(1D) (1D)* ""","=""L18702,L15851"""
"=""5f.(2F*).6d2.(3F)""","=""4G*""","=""7/2""","=""""","=""2.81263698""","=""""","=""0.00000004""","=""0.00537366""","=""0.981""","=""  65                              :    12  5f.(2F*).6d2.(3P) (3P)* ""","=""L18702,L15928"""
"=""5f.(2F*).6d2.(3P)""","=""*""","=""3/2""","=""""","=""2.85313163""","=""""","=""0.00000005""","=""0.04049465""","=""1.017""","=""  25  5f.(2F*).6d2.(3P) 4F*       :    13  5f.(2F*).6d2.(3P) (3P)* ""","=""L18702,L19204"""
"=""5f.(2F*).6d2.(1G)""","=""*""","=""13/2""","=""""","=""2.87482347""","=""""","=""0.00000005""","=""0.02169184""","=""""","=""  31  5f.(2F*).6d2.(1G) 2I*       :    31  5f.(2F*).6d2.(3F) (3F)* ""","=""L18702,L2372"""
"=""""","=""""","=""1/2 or 3/2""","=""""","=""2.89464545""","=""""","=""0.00000005""","=""0.01982198""","=""""","=""                                                                   ""","=""L18702"""
"=""6d.7s.(3D).7p""","=""*""","=""3/2""","=""""","=""2.897830811""","=""""","=""0.000000020""","=""0.00318536""","=""1.067""","=""  29  6d.7s.(3D).7p 4F*           :     9  5f.(2F*).6d2.(3P) (3P)* ""","=""L18702,L19204"""
"=""5f.(2F*).6d2.(3F)""","=""*""","=""7/2""","=""""","=""2.91591271""","=""""","=""0.00000004""","=""0.01808190""","=""1.2""","=""  21  5f.(2F*).6d2.(3F) 4F*       :    18  5f.(2F*).6d2.(3F) (3F)* ""","=""L18702,L2372"""
"=""5f.(2F*).6d2.(3P)""","=""*""","=""7/2""","=""""","=""2.93813506""","=""""","=""0.00000004""","=""0.02222235""","=""1.0""","=""  26  5f.(2F*).6d2.(3P) 4G*       :    26  5f.(2F*).6d2.(1G) (1G)* ""","=""L18702,L2372"""
"=""5f.(2F*).6d2.(3F)""","=""*""","=""9/2""","=""""","=""2.942226138""","=""""","=""0.000000024""","=""0.00409108""","=""1.186""","=""  45  5f.(2F*).6d2.(3F) 4F*       :    13  5f.(2F*).6d2.(1G) (1G)* ""","=""L18702,L16200"""
"=""5f.(2F*).6d2.(3F)""","=""4P*""","=""3/2""","=""""","=""2.99199112""","=""""","=""0.00000004""","=""0.04976498""","=""1.429""","=""  60                              :     5  6d.7s.(3D).7p     4F*   ""","=""L18702,L19215"""
"=""5f.(2F*).6d2.(3F)""","=""4P*""","=""5/2""","=""""","=""3.033123450""","=""""","=""0.000000024""","=""0.04113233""","=""1.396""","=""  64                              :     7  5f.(2F*).6d2.(3F) (3F)* ""","=""L18702,L19215"""
"=""5f.(2F*).6d2.(1G)""","=""*""","=""11/2""","=""""","=""3.01395950""","=""""","=""0.00000004""","=""-0.01916395""","=""1.11 ""","=""  25  5f.(2F*).6d2.(1G) 2H*       :    25  5f.(2F*).6d2.(3F) (3F)* ""","=""L18702,L2372"""
"=""5f2.(3H).7s""","=""4H""","=""7/2""","=""""","=""3.02295774""","=""""","=""0.00000004""","=""0.00899824""","=""0.70 ""","=""  74                              :    12  5f.6d.(3G*).7p    4H    ""","=""L18702,L2372"""
"=""5f2.(3H).7s""","=""4H""","=""11/2""","=""""","=""3.46375551""","=""""","=""0.00000004""","=""0.44079777""","=""1.12""","=""  73                              :    14  5f2.(3H).7s       2H    ""","=""L18702,L2372"""
"=""5f2.(3H).7s""","=""4H""","=""13/2""","=""""","=""3.78755178""","=""""","=""0.00000005""","=""0.32379627""","=""1.23""","=""  87                              :     6  5f.6d.(3G*).7p    4H    ""","=""L18702,L2372"""
"=""5f.(2F*).6d2.(3F)""","=""*""","=""3/2""","=""""","=""3.02702990""","=""""","=""0.00000003""","=""-0.76052188""","=""1.105""","=""  24  5f.(2F*).6d2.(3F) 4S*       :    17  6d.7s.(3D).7p     4F*   ""","=""L18702,L19204"""
"=""5f.(2F*).6d2.(3F)""","=""*""","=""9/2""","=""""","=""3.06953969""","=""""","=""0.00000005""","=""0.04250979""","=""1.13""","=""  45  5f.(2F*).6d2.(3F) 4G*       :    40  5f.(2F*).6d2.(3P) (3P)* ""","=""L18702,L16200"""
"=""6d.7s.(3D).7p""","=""*""","=""5/2""","=""""","=""3.083980951""","=""""","=""0.000000017""","=""0.01444126""","=""1.081""","=""  26  6d.7s.(3D).7p 4F*           :    20  5f.(2F*).6d2.(3P) (3P)* ""","=""L18702,L15928"""
"=""5f.(2F*).6d2.(1G)""","=""*""","=""7/2""","=""""","=""3.09742852""","=""""","=""0.00000004""","=""0.01344757""","=""0.990""","=""  30  5f.(2F*).6d2.(1G) 2G*       :    24  5f.(2F*).6d2.(1D) (1D)* ""","=""L18702,L19215"""
"=""5f.(2F*).6d2.(3P)""","=""*""","=""1/2""","=""""","=""3.10295710""","=""""","=""0.00000005""","=""0.00552858""","=""0.6""","=""  28  5f.(2F*).6d2.(3P) 4D*       :    22  5f.(2F*).6d2.(3F) (3F)* ""","=""L18702,L2372"""
"=""5f.(2F*).6d2.(3P)""","=""*""","=""3/2""","=""""","=""3.12292900""","=""""","=""0.00000006""","=""0.01997190""","=""0.937""","=""  19  5f.(2F*).6d2.(3P) 4D*       :    16  5f.(2F*).6d2.(3P) (3P)* ""","=""L18702,L19204"""
"=""5f2.(3H).7s""","=""""","=""9/2""","=""""","=""3.13014200""","=""""","=""0.00000003""","=""0.00721300""","=""0.96""","=""  45  5f2.(3H).7s 4H              :    33  5f2.(3H).7s       2H    ""","=""L18702,L19204"""
"=""5f.(2F*).6d2.(3F)""","=""*""","=""1/2""","=""""","=""3.13264637""","=""""","=""0.00000007""","=""0.00250437""","=""0.725""","=""  32  5f.(2F*).6d2.(3F) 4P*       :    29  5f.(2F*).6d2.(3P) (3P)* ""","=""L18702,L2372"""
"=""6d3""","=""""","=""3/2""","=""""","=""3.14695730""","=""""","=""0.00000005""","=""0.01431093""","=""1.25""","=""  46  6d3 2P                      :    34  6d2.(3P).7s       2P    ""","=""L18702,L2372"""
"=""5f.(2F*).6d2.(3F)""","=""*""","=""11/2""","=""""","=""3.15104862""","=""""","=""0.00000004""","=""0.00409132""","=""1.236""","=""  44  5f.(2F*).6d2.(3F) 4G*       :    28  5f.(2F*).6d2.(1G) (1G)* ""","=""L18702,L2372"""
"=""5f.(2F*).6d2.(3P)""","=""*""","=""5/2""","=""""","=""3.15418677""","=""""","=""0.00000004""","=""0.00313815""","=""1.138""","=""  20  5f.(2F*).6d2.(3P) 4F*       :    13  5f.(2F*).6d2.(3F) (3F)* ""","=""L18702,L19215"""
"=""5f.6d.(1P*).7s""","=""*""","=""1/2""","=""""","=""3.1733587""","=""""","=""0.0000003""","=""0.0191719""","=""1.27""","=""  17  5f.6d.(1P*).7s 2P*          :    14  5f.(2F*).6d2.(3F) (3F)* ""","=""L18702,L2372"""
"=""5f.(2F*).6d2.(3F)""","=""*""","=""9/2""","=""""","=""3.17487718""","=""""","=""0.00000005""","=""0.0015185""","=""1.09 ""","=""  23  5f.(2F*).6d2.(3F) 4G*       :    17  5f.(2F*).6d2.(3P) (3P)* ""","=""L18702,L2372"""
"=""5f.(2F*).6d2.(3P)""","=""*""","=""5/2""","=""""","=""3.27621698""","=""""","=""0.00000005""","=""0.10133980""","=""1.169""","=""  29  5f.(2F*).6d2.(3P) 4F*       :    20  5f.(2F*).6d2.(3P) (3P)* ""","=""L18702,L7612"""
"=""5f.7s.(3F*).7p""","=""""","=""5/2""","=""""","=""3.284173671""","=""""","=""0.000000022""","=""0.00795669""","=""0.776""","=""  43  5f.7s.(3F*).7p 4G           :    16  5f.7s.(3F*).7p    4F    ""","=""L18702,L7527"""
"=""5f.(2F*).6d2.(3P)""","=""*""","=""3/2""","=""""","=""3.29627677""","=""""","=""0.00000007""","=""0.01210310""","=""0.76""","=""  28  5f.(2F*).6d2.(3P) 4F*       :    28  5f.(2F*).6d2.(3P) (3P)* ""","=""L18702,L2372"""
"=""6d.7s.(3D).7p""","=""*""","=""1/2""","=""""","=""3.30126267""","=""""","=""0.00000005""","=""0.00498590""","=""0.645""","=""  38  6d.7s.(3D).7p 4D*           :    19  6d.7s.(3D).7p     2P*   ""","=""L18702,L15928"""
"=""5f.(2F*).6d2.(1G)""","=""2K*""","=""13/2""","=""""","=""3.30390583""","=""""","=""0.00000006""","=""0.00264316""","=""""","=""  86                              :     7  5f.(2F*).6d2.(1G) (1G)* ""","=""L18702,L19204"""
"=""5f.(2F*).6d2.(1G)""","=""2K*""","=""15/2""","=""""","=""3.7471927""","=""""","=""0.0000004""","=""0.4432869""","=""""","=""  97                              :     2  5f.(2F*).6d2.(3F) (3F)* ""","=""L18702,L2372"""
"=""5f2.(3F).7s""","=""""","=""3/2""","=""""","=""3.31809902""","=""""","=""0.00000003""","=""-0.4290937""","=""0.4""","=""  42  5f2.(3F).7s 4F              :    17  5f.6d.(3F*).7p    4F    ""","=""L18702,L2372"""
"=""5f.(2F*).6d2.(3P)""","=""4G*""","=""11/2""","=""""","=""3.31911804""","=""""","=""0.00000004""","=""0.00101902""","=""1.250""","=""  53                              :    33  5f.(2F*).6d2.(3F) (3F)* ""","=""L18702,L15928"""
"=""5f.(2F*).6d2.(3P)""","=""4F*""","=""7/2""","=""""","=""3.34309904""","=""""","=""0.00000006""","=""0.02398100""","=""1.20 ""","=""  73                              :     7  5f.(2F*).6d2.(3F) (3F)* ""","=""L18702,L2372"""
"=""5f.(2F*).6d2.(3P)""","=""4F*""","=""9/2""","=""""","=""3.69329711""","=""""","=""0.00000011""","=""0.3501981""","=""""","=""  67                              :    13  5f.(2F*).6d2.(1D) (1D)* ""","=""L18702,L2372"""
"=""5f.(2F*).6d2.(3F)""","=""*""","=""3/2""","=""""","=""3.34325920""","=""""","=""0.00000005""","=""-0.3500379""","=""1.384""","=""  35  5f.(2F*).6d2.(3F) 4S*       :    17  5f.(2F*).6d2.(3F) (3F)* ""","=""L18702,L7612"""
"=""5f.(2F*).6d2.(3P)""","=""4D*""","=""7/2""","=""""","=""3.37851302""","=""""","=""0.00000004""","=""0.03525382""","=""1.382""","=""  50                              :    18  5f.(2F*).6d2.(3F) (3F)* ""","=""L18702,L15928"""
"=""5f.7s.(3F*).7p""","=""""","=""7/2""","=""""","=""3.379455706""","=""""","=""0.000000022""","=""0.00094269""","=""1.032""","=""  32  5f.7s.(3F*)7p 4G            :    15  5f.7s.(1F*).7p    2G    ""","=""L18702,L7527"""
"=""5f.(2F*).6d2.(1G)""","=""*""","=""9/2""","=""""","=""3.39188015""","=""""","=""0.00000004""","=""0.01242444""","=""1.02""","=""  25  5f.(2F*).6d2.(1G) 2H*       :    14  5f.(2F*).6d2.(3P) (3P)* ""","=""L18702,L2372"""
"=""5f.(2F*).6d2.(1D)""","=""*""","=""3/2""","=""""","=""3.39755956""","=""""","=""0.00000009""","=""0.00567941""","=""1.002""","=""  20  5f.(2F*).6d2.(1D) 2D*       :    20  5f.(2F*).6d2.(3P) (3P)* ""","=""L18702,L19215"""
"=""5f2.(3H).7s""","=""""","=""9/2""","=""""","=""3.41290683""","=""""","=""0.00000004""","=""0.01534727""","=""0.93""","=""  42  5f2.(3H).7s 2H              :    37  5f2.(3H).7s       4H    ""","=""L18702,L19204"""
"=""5f2.(3F).7s""","=""""","=""5/2""","=""""","=""3.42121598""","=""""","=""0.00000003""","=""0.00830915""","=""0.963""","=""  37  5f2.(3F).7s 4F              :    17  5f.7s.(3F*).7p    4G    ""","=""L18702,L7612"""
"=""5f.7s.(3F*).7p""","=""""","=""3/2""","=""""","=""3.42583528""","=""""","=""0.00000003""","=""0.00461930""","=""0.625""","=""  45  5f.7s.(3F*).7p 4F           :    25  5f2.(3F).7s       4F    ""","=""L18702,L7612"""
"=""5f.(2F*).6d2.(1G)""","=""*""","=""9/2""","=""""","=""3.44525339""","=""""","=""0.00000004""","=""0.01941811""","=""1.16 ""","=""  31  5f.(2F*).6d2.(1G) 2G*       :    18  5f.(2F*).6d2.(1D) (1D)* ""","=""L18702,L2372"""
"=""6d3""","=""2D1""","=""3/2""","=""""","=""3.47294095""","=""""","=""0.00000004""","=""0.02768756""","=""0.717""","=""  52                              :    36  6d3               2D2   ""","=""L18702,L19204"""
"=""6d3""","=""2D1""","=""5/2""","=""""","=""3.47482435""","=""""","=""0.00000006""","=""0.00188340""","=""1.13""","=""  70                              :    14  6d3               2F    ""","=""L18702,L19204"""
"=""6d.7s.(3D).7p""","=""*""","=""5/2""","=""""","=""3.50178652""","=""""","=""0.00000006""","=""0.02696217""","=""0.922""","=""  25  6d.7s.(3D).7p 4F*           :    17  6d2.(3F).7p       4G*   ""","=""L18702,L2372"""
"=""5f.(2F*).6d2.(1G)""","=""*""","=""5/2""","=""""","=""3.54438087""","=""""","=""0.00000006""","=""0.04259435""","=""1.0""","=""  42  5f.(2F*).6d2.(1G) 2F*       :    17  5f.(2F*).6d2.(3F) (3F)* ""","=""L18702,L2372"""
"=""6d.7s.(3D).7p""","=""*""","=""3/2""","=""""","=""3.56092977""","=""""","=""0.00000005""","=""0.01654890""","=""1.162""","=""  46  6d.7s.(3D).7p 4D*           :     9  6d.7s.(3D).7p     2P*   ""","=""L18702,L19204"""
"=""5f.7s.(3F*).7p""","=""""","=""5/2""","=""""","=""3.57367762""","=""""","=""0.00000003""","=""0.01274785""","=""0.987""","=""  26  5f.7s.(3F*).7p 4F           :    15  5f.7s.(3F*).7p    4D    ""","=""L18702,L7527"""
"=""5f.(2F*).6d2.(3F)""","=""*""","=""5/2""","=""""","=""3.58602031""","=""""","=""0.00000005""","=""0.01234269""","=""1.07""","=""  22  5f.(2F*).6d2.(3F) 2D*       :    15  5f.(2F*).6d2.(1D) (1D)* ""","=""L18702,L2372"""
"=""5f.(2F*).6d2.(1D)""","=""*""","=""5/2""","=""""","=""3.60737787""","=""""","=""0.00000005""","=""0.02135756""","=""0.998""","=""  24  5f.(2F*).6d2.(1D) 2F*       :    11  6d2.(3F).7p       4G*   ""","=""L18702,L19215"""
"=""5f2.(3F).7s""","=""""","=""5/2""","=""""","=""3.63842748""","=""""","=""0.00000004""","=""0.03104961""","=""0.935""","=""  39  5f2.(3F).7s 2F              :    29  5f2.(3F).7s       4F    ""","=""L18702,L7612"""
"=""5f2.(3F).7s""","=""4F""","=""7/2""","=""""","=""3.64908419""","=""""","=""0.00000004""","=""0.01065671""","=""1.1""","=""  63                              :    11  5f.6d.(3F*).7p    4F    ""","=""L18702,L2372"""
"=""5f2.(3F).7s""","=""""","=""9/2""","=""""","=""3.65941030""","=""""","=""0.00000003""","=""0.01032611""","=""1.030""","=""  32  5f2.(3F).7s 4F              :    13  5f2.(1G).7s       2G    ""","=""L18702,L19204"""
"=""5f.(2F*).6d2.(3F)""","=""*""","=""3/2""","=""""","=""3.68484980""","=""""","=""0.00000006""","=""0.02543950""","=""0.990""","=""  21  5f.(2F*).6d2.(3F) 2D*       :    15  5f.(2F*).6d2.(1D) (1D)* ""","=""L18702,L15928"""
"=""5f2.(3F).7s""","=""""","=""7/2""","=""""","=""3.70389809""","=""""","=""0.00000004""","=""0.01904829""","=""1.10""","=""  44  5f2.(3F).7s 2F              :    18  5f2.(3F).7s       2G    ""","=""L18702,L19204"""
"=""5f.(2F*).6d2.(1G)""","=""2F*""","=""7/2""","=""""","=""3.73209853""","=""""","=""0.00000009""","=""0.02820044""","=""1.13""","=""  68                              :    13  5f.(2F*).6d2.(3F) (3F)* ""","=""L18702,L2372"""
"=""5f.(2F*).6d2.(1G)""","=""*""","=""11/2""","=""""","=""3.75798682""","=""""","=""0.00000007""","=""0.0258883""","=""1.1""","=""  34  5f.(2F*).6d2.(1G) 2H*       :    23  5f.(2F*).6d2.(1D) (1D)* ""","=""L18702,L2372"""
"=""5f.6d.(3H*).7p""","=""""","=""9/2""","=""""","=""3.77565674""","=""""","=""0.00000004""","=""0.01766992""","=""1.035""","=""  41  5f.6d.(3H*).7p 4I           :    14  5f.6d.(3H*).7p    2H    ""","=""L18702,L19204"""
"=""5f2.(3H).7s""","=""2H""","=""11/2""","=""""","=""3.77962262""","=""""","=""0.00000004""","=""0.00396588""","=""1.08 ""","=""  72                              :    12  5f2.(3H).7s       4H    ""","=""L18702,L2372"""
"=""5f.(2F*).6d2.(3F)""","=""*""","=""1/2""","=""""","=""3.78952417""","=""""","=""0.00000010""","=""0.0099015""","=""0.553""","=""  25  5f.(2F*).6d2.(3F) 2P*       :    20  5f.(2F*).6d2.(1D) (1D)* ""","=""L18702,L15928"""
"=""5f.7s.(3F*).7p""","=""""","=""7/2""","=""""","=""3.82856011""","=""""","=""0.00000004""","=""0.0390359""","=""1.213""","=""  35  5f.7s.(3F*).7p 4F           :    25  5f.7s.(3F*).7p    4D    ""","=""L18702,L7612"""
"=""5f.(2F*).6d2.(3F)""","=""2H*""","=""9/2""","=""""","=""3.83812521""","=""""","=""0.00000005""","=""0.00956510""","=""0.94""","=""  50                              :    23  5f.(2F*).6d2.(1D) (1D)* ""","=""L18702,L2372"""
"=""6d2.(3F).7p""","=""*""","=""5/2""","=""""","=""3.84005888""","=""""","=""0.00000005""","=""0.00193367""","=""1.217""","=""  16  6d2.(3F).7p 4G*             :    15  6d.7s.(3D).7p     2D*   ""","=""L18702,L19204"""
"=""6d.7s.(3D).7p""","=""4F*""","=""7/2""","=""""","=""3.84279934""","=""""","=""0.00000005""","=""0.00274046""","=""1.199""","=""  53                              :     8  6d2.(3F).7p       4G*   ""","=""L18702,L19204"""
"=""6d.7s.(3D).7p""","=""4F*""","=""9/2""","=""""","=""4.65805678""","=""""","=""0.00000007""","=""0.81525744""","=""1.29 ""","=""  70                              :    21  6d2.(3F).7p       4G*   ""","=""L18702,L15928"""
"=""5f.6d.(3F*).7p""","=""""","=""5/2""","=""""","=""3.87565884""","=""""","=""0.00000004""","=""-0.78239794""","=""0.781""","=""  27  5f.6d.(3F*).7p 4G           :    15  5f2.(3F).7s       2F    ""","=""L18702,L19204"""
"=""6d.7s.(3D).7p""","=""*""","=""3/2""","=""""","=""3.88729226""","=""""","=""0.00000006""","=""0.01163342""","=""0.863""","=""  17  6d.7s.(3D).7p 4F*           :     9  6d2.(3F).7p       2D*   ""","=""L18702,L7612"""
"=""7s2.7p""","=""*""","=""1/2""","=""""","=""3.92108455""","=""""","=""0.00000009""","=""0.0337923""","=""0.344""","=""  31  7s2.7p 2P*                  :    26  6d.7s.(3D).7p     4D*   ""","=""L18702,L19204"""
"=""5f.7s.(1F*).7p""","=""""","=""5/2""","=""""","=""3.93702026""","=""""","=""0.00000004""","=""0.01593571""","=""0.948""","=""  36  5f.7s.(1F*).7p 2F           :    23  5f.7s.(1F*).7p    2D    ""","=""L18702,L19204"""
"=""5f.7s.(3F*).7p""","=""""","=""9/2""","=""""","=""3.93935982""","=""""","=""0.00000004""","=""0.00233956""","=""1.222""","=""  35  5f.7s.(3F*).7p 4G           :    30  5f.7s.(3F*).7p    4F    ""","=""L18702,L7527"""
"=""5f.(2F*).6d2.(1D)""","=""*""","=""7/2""","=""""","=""3.94272148""","=""""","=""0.00000006""","=""0.00336166""","=""1.168""","=""  37  5f.(2F*).6d2.(1D) 2F*       :    11  5f.(2F*).6d2.(3P) (3P)* ""","=""L18702,L19215"""
"=""6d.7s.(3D).7p""","=""*""","=""5/2""","=""""","=""3.94400549""","=""""","=""0.00000005""","=""0.00128401""","=""1.118""","=""  36  6d.7s.(3D).7p 4D*           :    12  6d2.(3F).7p       2D*   ""","=""L18702,L19204"""
"=""5f.(2F*).6d2.(3F)""","=""*""","=""11/2""","=""""","=""3.95814590""","=""""","=""0.00000004""","=""0.01414041""","=""0.99""","=""  26  5f.(2F*).6d2.(3F) 2H*       :    22  5f.(2F*).6d2.(3F) (3F)* ""","=""L18702,L2372"""
"=""5f.(2F*).6d2.(3F)""","=""*""","=""3/2""","=""""","=""3.95865600""","=""""","=""0.00000006""","=""0.00051010""","=""0.891""","=""  25  5f.(2F*).6d2.(3F) 2D*       :    16  5f.(2F*).6d2.(1G) (1G)* ""","=""L18702,L15928"""
"=""5f.7s.(1F*).7p""","=""""","=""7/2""","=""""","=""4.03900208""","=""""","=""0.00000006""","=""0.08034608""","=""1.024""","=""  22  5f.7s.(1F*).7p 2G           :    18  5f2.(3F).7s       2F    ""","=""L18702,L19204"""
"=""5f2.(3H).6d""","=""4K""","=""11/2""","=""""","=""4.04447078""","=""""","=""0.00000006""","=""0.00546870""","=""0.826""","=""  72                              :    11  5f2.(3H).6d       2I    ""","=""L18702,L19204"""
"=""5f2.(3H).6d""","=""4K""","=""13/2""","=""""","=""4.38913655""","=""""","=""0.00000007""","=""0.34466577""","=""0.98""","=""  91                              :     3  5f2.(1G).6d       2I    ""","=""L18702,L2372"""
"=""5f2.(3H).6d""","=""4K""","=""15/2""","=""""","=""4.72467830""","=""""","=""0.00000010""","=""0.3355417""","=""1.08""","=""  99                                                               ""","=""L18702,L2372"""
"=""5f.6d.(3H*).7p""","=""""","=""7/2""","=""""","=""4.05877018""","=""""","=""0.00000006""","=""-0.6659081""","=""0.904""","=""  24  5f.6d.(3H*).7p 4H           :    13  5f.6d.(3H*).7p    2G    ""","=""L18702,L19204"""
"=""5f.(2F*).6d2.(1D)""","=""*""","=""5/2""","=""""","=""4.07288894""","=""""","=""0.00000006""","=""0.01411876""","=""1.093""","=""  18  5f.(2F*).6d2.(1D) 2D*       :    16  5f.(2F*).6d2.(3F) (3F)* ""","=""L18702,L19204"""
"=""6d2.(3F).7p""","=""4G*""","=""7/2""","=""""","=""4.08620064""","=""""","=""0.00000005""","=""0.01331170""","=""1.072""","=""  58                              :    11  6d.7s.(3D).7p     4F*   ""","=""L18702,L7529"""
"=""6d2.(3F).7p""","=""4G*""","=""11/2""","=""""","=""5.13889227""","=""""","=""0.00000005""","=""1.05269163""","=""1.267""","=""  88                              :     4  5f.6d.(3G*).7s    4G    ""","=""L18702,L7612"""
"=""5f.6d.(1D*).7p""","=""""","=""3/2""","=""""","=""4.08645446""","=""""","=""0.00000007""","=""-1.05243781""","=""0.874""","=""  23  5f.6d.(1D*).7p 2D           :    15  5f.6d.(1D*).7p    2P    ""","=""L18702,L19204"""
"=""5f.7s.(3F*).7p""","=""""","=""7/2""","=""""","=""4.11744046""","=""""","=""0.00000005""","=""0.03098600""","=""1.051""","=""  15  5f.7s.(3F*).7p 4G           :    13  5f.7s.(1F*).7p    2F    ""","=""L18702,L15928"""
"=""5f.(2F*).6d2.(1G)""","=""*""","=""3/2""","=""""","=""4.11819308""","=""""","=""0.00000006""","=""0.00075262""","=""1.036""","=""  20  5f.(2F*).6d2.(1G) 2D*       :    17  6d2.(3F).7p       4F*   ""","=""L18702,L19204"""
"=""5f.(2F*).6d2.(1S)""","=""*""","=""5/2""","=""""","=""4.13546643""","=""""","=""0.00000007""","=""0.01727335""","=""0.952""","=""  37  5f.(2F*).6d2.(1S) 2F*       :    14  5f.(2F*).6d2.(3P) (3P)* ""","=""L18702,L19204"""
"=""5f2.(3F).7s""","=""""","=""9/2""","=""""","=""4.13914169""","=""""","=""0.00000005""","=""0.00367526""","=""1.14""","=""  26  5f2.(3F).7s 4F              :    16  5f2.(1G).7s       2G    ""","=""L18702,L19204"""
"=""5f2.(3F).6d""","=""""","=""7/2""","=""""","=""4.17048512""","=""""","=""0.00000004""","=""0.03134343""","=""0.830""","=""  17  5f2.(3F).6d 4H              :    11  5f2.(3H).6d       4H    ""","=""L18702,L19204"""
"=""5f2.(1D).7s""","=""""","=""5/2""","=""""","=""4.18210295""","=""""","=""0.00000006""","=""0.01161783""","=""1.031""","=""  13  5f2.(1D).7s 2D              :     8  5f.6d.(1D*).7p    2D    ""","=""L18702,L19204"""
"=""5f.(2F*).6d2.(1D)""","=""*""","=""3/2""","=""""","=""4.19600196""","=""""","=""0.00000010""","=""0.0138990""","=""1.19""","=""  32  5f.(2F*).6d2.(1D) 2P*       :    13  5f.6d.(3P*).7s    2P    ""","=""L18702,L2372"""
"=""6d2.(1G).7p""","=""*""","=""7/2""","=""""","=""4.20332265""","=""""","=""0.00000006""","=""0.0073207""","=""1.0""","=""  19  6d2.(1G).7p 2G*             :    15  6d2.(1G).7p       2F*   ""","=""L18702,L2372"""
"=""5f2.(1D).7s""","=""""","=""3/2""","=""""","=""4.21784875""","=""""","=""0.00000006""","=""0.01452610""","=""0.823""","=""  25  5f2.(1D).7s 2D              :    21  5f.6d.(3F*).7p    2D    ""","=""L18702,L19204"""
"=""5f2.(1D).7s""","=""""","=""5/2""","=""""","=""4.23710336""","=""""","=""0.00000005""","=""0.01925461""","=""0.986""","=""  22  5f2.(1D).7s 2D              :    12  5f.6d.(3F*).7p    4G    ""","=""L18702,L19204"""
"=""6d.7s.(3D).7p""","=""*""","=""5/2""","=""""","=""4.24175050""","=""""","=""0.00000005""","=""0.00464714""","=""1.148""","=""  30  6d.7s.(3D).7p 4D*           :    10  6d.7s.(1D).7p     2F*   ""","=""L18702,L7529"""
"=""5f2.(3H).6d""","=""""","=""9/2""","=""""","=""4.24896819""","=""""","=""0.00000006""","=""0.00721769""","=""0.938""","=""  42  5f2.(3H).6d 2H              :    11  5f2.(3F).6d       2H    ""","=""L18702,L19204"""
"=""5f2.(1G).7s""","=""""","=""7/2""","=""""","=""4.25009510""","=""""","=""0.00000005""","=""0.00112691""","=""1.047""","=""  26  5f2.(1G).7s 2G              :    14  5f.7s.(1F*).7p    2G    ""","=""L18702,L19204"""
"=""6d2.(3F).7p""","=""*""","=""1/2""","=""""","=""4.25643982""","=""""","=""0.00000010""","=""0.0063447""","=""1.503""","=""  29  6d2.(3F).7p 2S*             :    24  6d2.(3P).7p       4P*   ""","=""L18702,L15851"""
"=""5f.7s.(3F*).7p""","=""""","=""5/2""","=""""","=""4.28285528""","=""""","=""0.00000006""","=""0.0264155""","=""1.003""","=""  28  5f.7s.(3F*).7p 4D           :    13  5f.7s.(3F*).7p    4F    ""","=""L18702,L19204"""
"=""5f.7s.(3F*).7p""","=""""","=""9/2""","=""""","=""4.28414433""","=""""","=""0.00000005""","=""0.00128905""","=""1.069""","=""  19  5f.7s.(3F*).7p 4G           :    15  5f.7s.(3F*).7p    4F    ""","=""L18702,L19204"""
"=""5f.6d.(3H*).7p""","=""4I""","=""11/2""","=""""","=""4.29750436""","=""""","=""0.00000004""","=""0.01336003""","=""0.998""","=""  50                              :    12  5f.6d.(3H*).7p    2H    ""","=""L18702,L16200"""
"=""5f.6d.(3H*).7p""","=""4I""","=""15/2""","=""""","=""5.59109671""","=""""","=""0.00000010""","=""1.2935924""","=""""","=""  58  5f.6d.(3H*).7p 4I           :    25  5f2.(3H).6d       2K    ""","=""L18702,L2372"""
"=""5f.6d.(3F*).7p""","=""""","=""7/2""","=""""","=""4.30554665""","=""""","=""0.00000006""","=""-1.2855501""","=""0.950""","=""  29  5f.6d.(3F*).7p 4G           :    18  5f2.(3F).6d       4G    ""","=""L18702,L19204"""
"=""5f2.(3P).7s""","=""4P""","=""1/2""","=""""","=""4.3125082""","=""""","=""0.0000003""","=""0.0069615""","=""1.67""","=""  57                              :    14  5f.6d.(3P*).7p    4P    ""","=""L18702,L2372"""
"=""5f2.(3P).7s""","=""4P""","=""3/2""","=""""","=""4.50417265""","=""""","=""0.00000012""","=""0.1916645""","=""1.615""","=""  64                              :    10  5f.6d.(3P*).7p    4P    ""","=""L18702,L19204"""
"=""6d.7s.(3D).7p""","=""*""","=""3/2""","=""""","=""4.33778656""","=""""","=""0.00000006""","=""-0.1663861""","=""1.298""","=""  27  6d.7s.(3D).7p 4D*           :    22  6d.7s.(3D).7p     4P*   ""","=""L18702,L19204"""
"=""5f.7s.(3F*).7p""","=""4D""","=""3/2""","=""""","=""4.34209700""","=""""","=""0.00000007""","=""0.00431044""","=""1.042""","=""  57                              :    15  5f.7s.(3F*).7p    4F    ""","=""L18702,L15928"""
"=""5f.7s.(3F*).7p""","=""4D""","=""1/2""","=""""","=""4.39221814""","=""""","=""0.00000012""","=""0.0501211""","=""0.265""","=""  88                              :     2  5f2.(3F).6d       4D    ""","=""L18702,L7612"""
"=""5f.(2F*).6d2.(1G)""","=""*""","=""5/2""","=""""","=""4.35890164""","=""""","=""0.00000006""","=""-0.0333165""","=""1.079""","=""  29  5f.(2F*).6d2.(1G) 2D*       :    13  5f.(2F*).6d2.(1G) (1G)* ""","=""L18702,L19204"""
"=""5f.(2F*).6d2.(3F)""","=""2I*""","=""13/2""","=""""","=""4.35994896""","=""""","=""0.00000005""","=""0.00104732""","=""1.08""","=""  58                              :    41  5f.(2F*).6d2.(1G) (1G)* ""","=""L18702,L2372"""
"=""6d2.(3P).7p""","=""4D*""","=""1/2""","=""""","=""4.36411865""","=""""","=""0.00000016""","=""0.0041697""","=""0.972""","=""  54                              :    16  6d.7s.(3D).7p     4P*   ""","=""L18702,L19204"""
"=""5f.6d.(1G*).7p""","=""""","=""9/2""","=""""","=""4.39600653""","=""""","=""0.00000005""","=""0.0318879""","=""1.054""","=""  23  5f.6d.(1G*).7p 2H           :    13  5f2.(1G).7s       2G    ""","=""L18702,L19204"""
"=""5f2.(3H).6d""","=""""","=""11/2""","=""""","=""4.40455979""","=""""","=""0.00000009""","=""0.0085533""","=""1.024""","=""  18  5f2.(3H).6d 2H              :    17  5f2.(3H).6d       4K    ""","=""L18702,L7612"""
"=""5f2.(3H).6d""","=""4I""","=""9/2""","=""""","=""4.40709107""","=""""","=""0.00000010""","=""0.0025313""","=""0.826""","=""  71                              :     8  5f2.(1G).6d       2H    ""","=""L18702,L19204"""
"=""5f2.(3H).6d""","=""4I""","=""11/2""","=""""","=""4.65712702""","=""""","=""0.00000006""","=""0.2500360""","=""1.008""","=""  61                              :    14  5f.7s.(3F*).7p    4G    ""","=""L18702,L7612"""
"=""5f2.(3H).6d""","=""4I""","=""13/2""","=""""","=""4.77562040""","=""""","=""0.00000007""","=""0.11849338""","=""1.111""","=""  55                              :    33  5f.6d.(3H*).7p    4I    ""","=""L18702,L7612"""
"=""5f2.(3H).6d""","=""4I""","=""15/2""","=""""","=""5.09563478""","=""""","=""0.00000010""","=""0.3200144""","=""1.17 ""","=""  83                              :     6  5f2.(3H).6d       2K    ""","=""L18702,L19204"""
"=""6d2.(3F).7p""","=""*""","=""9/2""","=""""","=""4.41302389""","=""""","=""0.00000006""","=""-0.6826109""","=""""","=""  38  6d2.(3F).7p 4G*             :    18  6d2.(3F).7p       4F*   ""","=""L18702,L2372"""
"=""6d.7s.(3D).7p""","=""*""","=""7/2""","=""""","=""4.41303544""","=""""","=""0.00000011""","=""0.0000115""","=""1.130""","=""  39  6d.7s.(3D).7p 4D*           :    10  5f.(2F*).6d2.(3P) (3P)* ""","=""L18702,u38"""
"=""5f.(2F*).6d2.(3F)""","=""*""","=""11/2""","=""""","=""4.41413648""","=""""","=""0.00000006""","=""0.0011010""","=""1.02""","=""  38  5f.(2F*).6d2.(3F) 2I*       :    22  5f.(2F*).6d2.(1G) (1G)* ""","=""L18702,L2372"""
"=""5f.6d.(3F*).7p""","=""""","=""5/2""","=""""","=""4.43135620""","=""""","=""0.00000007""","=""0.01721972""","=""0.954""","=""  19  5f.6d.(3F*).7p 4G           :     9  5f.6d.(3F*).7p    2D    ""","=""L18702,L15928"""
"=""5f.6d.(1G*).7p""","=""""","=""7/2""","=""""","=""4.44841182""","=""""","=""0.00000006""","=""0.01705562""","=""0.983""","=""  17  5f.6d.(1G*).7p 2F           :    11  5f.6d.(3H*).7p    4H    ""","=""L18702,L19204"""
"=""5f2.(3F).6d""","=""""","=""1/2""","=""""","=""4.46849442""","=""""","=""0.00000012""","=""0.0200826""","=""1.210""","=""  29  5f2.(3F).6d 2P              :    28  5f2.(3P).7s       2P    ""","=""L18702,L2372"""
"=""5f2.(3F).6d""","=""""","=""5/2""","=""""","=""4.47158196""","=""""","=""0.00000007""","=""0.0030875""","=""0.887""","=""  42  5f2.(3F).6d 4G              :    10  5f2.(3H).6d       4G    ""","=""L18702,L19204"""
"=""5f2.(3F).6d""","=""""","=""9/2""","=""""","=""4.47897156""","=""""","=""0.00000006""","=""0.00738960""","=""1.035""","=""  22  5f2.(3F).6d 4H              :    19  5f2.(3H).6d       4H    ""","=""L18702,L19204"""
"=""5f.(2F*).6d2.(3P)""","=""*""","=""9/2""","=""""","=""4.48741418""","=""""","=""0.00000006""","=""0.00844262""","=""1.149""","=""  34  5f.(2F*).6d2.(3P) 2G*       :    18  6d2.(1G).7p       2G*   ""","=""L18702,L19204"""
"=""6d2.(3F).7p""","=""*""","=""3/2""","=""""","=""4.51184920""","=""""","=""0.00000010""","=""0.0244350""","=""0.829""","=""  21  6d2.(3F).7p 4F*             :    21  5f.(2F*).6d2.(1G) (1G)* ""","=""L18702,L7529"""
"=""6d2.(3P).7p""","=""*""","=""3/2""","=""""","=""4.51858062""","=""""","=""0.00000009""","=""0.0067314""","=""1.182""","=""  47  6d2.(3P).7p 4D*             :     9  5f.(2F*).6d2.(1G) (1G)* ""","=""L18702,L2372"""
"=""6d2.(3F).7p""","=""*""","=""3/2""","=""""","=""4.53553549""","=""""","=""0.00000012""","=""0.0169549""","=""1.107""","=""  21  6d2.(3F).7p 4F*             :    14  5f.(2F*).6d2.(1G) (1G)* ""","=""L18702,L19204"""
"=""6d2.(1D).7p""","=""*""","=""7/2""","=""""","=""4.53581560""","=""""","=""0.00000005""","=""0.0002801""","=""1.140""","=""  21  6d2.(1D).7p 2F*             :    19  6d.7s.(1D).7p     2F*   ""","=""L18702,L19204"""
"=""6d2.(3F).7p""","=""*""","=""5/2""","=""""","=""4.54873072""","=""""","=""0.00000005""","=""0.01291512""","=""1.049""","=""  41  6d2.(3F).7p 4F*             :     8  6d.7s.(3D).7p     4P*   ""","=""L18702,L7529"""
"=""5f.6d.(1G*).7p""","=""""","=""7/2""","=""""","=""4.56376921""","=""""","=""0.00000006""","=""0.01503849""","=""1.022""","=""  13  5f.6d.(1G*).7p 2F           :    13  5f2.(3F).6d       4H    ""","=""L18702,L19204"""
"=""5f2.(3P).7s""","=""""","=""1/2""","=""""","=""4.56415827""","=""""","=""0.00000015""","=""0.0003891""","=""0.737""","=""  36  5f2.(3P).7s 2P              :    17  5f.6d.(3D*).7p    2P    ""","=""L18702,L2372"""
"=""5f.7s.(3F*).7p""","=""""","=""11/2""","=""""","=""4.59404117""","=""""","=""0.00000006""","=""0.0298829""","=""""","=""  19  5f.7s.(3F*).7p 4G           :    14  5f2.(3H).6d       2I    ""","=""L18702,L2372"""
"=""5f.6d.(3H*).7p""","=""""","=""9/2""","=""""","=""4.59526435""","=""""","=""0.00000006""","=""0.00122318""","=""0.999""","=""  29  5f.6d.(3H*).7p 4H           :    13  5f2.(3F).6d       4H    ""","=""L18702,L7527"""
"=""5f.(2F*).6d2.(1G)""","=""2P*""","=""1/2""","=""""","=""4.60357500""","=""""","=""0.00000021""","=""0.0083107""","=""0.521""","=""  70                              :     8  6d2.(3P).7p       4D*   ""","=""L18702,L19204"""
"=""5f.6d.(3F*).7p""","=""""","=""7/2""","=""""","=""4.62180498""","=""""","=""0.00000007""","=""0.0182300""","=""0.881""","=""  16  5f.6d.(3F*).7p 4G           :    13  5f2.(3H).6d       4G    ""","=""L18702,L19204"""
"=""5f.6d.(3F*).7p""","=""""","=""5/2""","=""""","=""4.64512501""","=""""","=""0.00000007""","=""0.02332003""","=""1.048""","=""  18  5f.6d.(3F*).7p 4D           :    15  5f.6d.(3F*).7p    2D    ""","=""L18702,L19204"""
"=""5f2.(3P).7s""","=""""","=""3/2""","=""""","=""4.65463471""","=""""","=""0.00000011""","=""0.0095097""","=""1.003""","=""  21  5f2.(3P).7s 2P              :    13  5f.6d.(1D*).7p    2D    ""","=""L18702,L19204"""
"=""5f2.(1I).7s""","=""2I""","=""13/2""","=""""","=""4.65873526""","=""""","=""0.00000007""","=""0.0041006""","=""1.088""","=""  77                              :     6  5f.6d.(1H*).7p    2I    ""","=""L18702,L15928"""
"=""6d.7s.(3D).7p""","=""*""","=""3/2""","=""""","=""4.66201696""","=""""","=""0.00000012""","=""0.0032817""","=""1.267""","=""  24  6d.7s.(3D).7p 2D*           :    11  6d2.(1D).7p       2P*   ""","=""L18702,L19204"""
"=""6d.7s.(3D).7p""","=""*""","=""1/2""","=""""","=""4.66279630""","=""""","=""0.00000012""","=""0.0007793""","=""2.239""","=""  43  6d.7s.(3D).7p 4P*           :    33  6d2.(3P).7p       2S*   ""","=""L18702,L19204"""
"=""5f.7s.(3F*).7p""","=""""","=""11/2""","=""""","=""4.67168699""","=""""","=""0.00000006""","=""0.0088907""","=""1.13 ""","=""  31  5f.7s.(3F*).7p 4G           :    11  5f.6d.(3H*).7p    4G    ""","=""L18702,L2372"""
"=""6d2.(1D).7p""","=""*""","=""1/2""","=""""","=""4.67622836""","=""""","=""0.00000015""","=""0.0045414""","=""0.690""","=""  28  6d2.(1D).7p 2P*             :    18  6d2.(3F).7p       4D*   ""","=""L18702,u41"""
"=""5f.(2F*).6d2.(1S)""","=""*""","=""7/2""","=""""","=""4.68124528""","=""""","=""0.00000010""","=""0.0050169""","=""1.118""","=""  27  5f.(2F*).6d2.(1S) 2F*       :    20  5f.(2F*).6d2.(3P) (3P)* ""","=""L18702,L19204"""
"=""5f.6d.(3G*).7p""","=""""","=""7/2""","=""""","=""4.68509990""","=""""","=""0.00000007""","=""0.0038546""","=""1.062""","=""  26  5f.6d.(3G*).7p 4H           :    11  5f.6d.(3G*).7p    4G    ""","=""L18702,L7612"""
"=""5f.7s.(3F*).7p""","=""""","=""3/2""","=""""","=""4.68932578""","=""""","=""0.00000011""","=""0.0042259""","=""1.15""","=""  13  5f.7s.(3F*).7p 2D           :     7  5f.6d.(3F*).7p    4F    ""","=""L18702,L19204"""
"=""5f2.(3F).6d""","=""""","=""9/2""","=""""","=""4.69166667""","=""""","=""0.00000009""","=""0.0023409""","=""1.07""","=""  35  5f2.(3F).6d 4G              :    15  5f2.(3H).6d       4G    ""","=""L18702,L19204"""
"=""6d2.(3P).7p""","=""*""","=""5/2""","=""""","=""4.69232688""","=""""","=""0.00000006""","=""0.0006602""","=""1.165""","=""  17  6d2.(3P).7p 2D*             :    15  6d2.(3P).7p       4D*   ""","=""L18702,L19204"""
"=""5f.7s.(3F*).7p""","=""""","=""5/2""","=""""","=""4.70459404""","=""""","=""0.00000007""","=""0.01226716""","=""0.893""","=""  32  5f.7s.(3F*).7p 2F           :    16  5f.6d.(1G*).7p    2F    ""","=""L18702,L15928"""
"=""5f2.(3P).7s""","=""""","=""5/2""","=""""","=""4.72442698""","=""""","=""0.00000009""","=""0.0198329""","=""1.172""","=""  33  5f2.(3P).7s 4P              :     9  5f.6d.(3D*).7p    4P    ""","=""L18702,L19204"""
"=""5f.7s.(1F*).7p""","=""""","=""7/2""","=""""","=""4.73190110""","=""""","=""0.00000007""","=""0.0074741""","=""0.981""","=""  11  5f.7s.(1F*).7p 2D           :     7  5f.6d.(3G*).7p    2F    ""","=""L18702,L19204"""
"=""5f.6d.(3H*).7p""","=""""","=""9/2""","=""""","=""4.73370993""","=""""","=""0.00000005""","=""0.00180883""","=""0.979""","=""  29  5f.6d.(3H*).7p 2H           :    14  5f.6d.(3H*).7p    4I    ""","=""L18702,L15928"""
"=""5f.7s.(3F*).7p""","=""""","=""7/2""","=""""","=""4.74757772""","=""""","=""0.00000006""","=""0.01386779""","=""0.949""","=""  19  5f.7s.(3F*).7p 2G           :    12  5f2.(3F).6d       4G    ""","=""L18702,L19204"""
"=""5f2.(3F).6d""","=""""","=""3/2""","=""""","=""4.75752391""","=""""","=""0.00000019""","=""0.0099462""","=""1.200""","=""  15  5f2.(3F).6d 4P              :    15  5f.6d.(1D*).7p    2P    ""","=""L18702,L7612"""
"=""5f.7s.(3F*).7p""","=""""","=""7/2""","=""""","=""4.75967595""","=""""","=""0.00000009""","=""0.0021520""","=""1.088""","=""  16  5f.7s.(3F*).7p 4D           :     7  5f.6d.(3F*).7p    2G    ""","=""L18702,L19204"""
"=""6d.7s.(3D).7p""","=""*""","=""3/2""","=""""","=""4.76547780""","=""""","=""0.00000014""","=""0.0058019""","=""1.419""","=""  33  6d.7s.(3D).7p 4P*           :    27  7s2.7p            2P*   ""","=""L18702,L7612"""
"=""6d2.(3P).7p""","=""*""","=""5/2""","=""""","=""4.77261890""","=""""","=""0.00000007""","=""0.0071411""","=""1.217""","=""  18  6d2.(3P).7p 4D*             :    11  6d.7s.(1D).7p     2D*   ""","=""L18702,L19204"""
"=""6d2.(3F).7p""","=""*""","=""5/2""","=""""","=""4.78351320""","=""""","=""0.00000012""","=""0.0108943""","=""1.105""","=""  20  6d2.(3F).7p 2F*             :    16  6d.7s.(3D).7p     2F*   ""","=""L18702,L19204"""
"=""5f.7s.(1F*).7p""","=""""","=""9/2""","=""""","=""4.78798239""","=""""","=""0.00000007""","=""0.0044692""","=""1.16 ""","=""  39  5f.7s.(1F*).7p 2G           :    19  5f.7s.(3F*).7p    4F    ""","=""L18702,L2372"""
"=""5f.6d.(1D*).7p""","=""""","=""5/2""","=""""","=""4.80174462""","=""""","=""0.00000010""","=""0.0137622""","=""1.255""","=""  13  5f.6d.(1D*).7p 2F           :    12  5f2.(3F).6d       4P    ""","=""L18702,L19204"""
"=""5f2.(3F).6d""","=""""","=""11/2""","=""""","=""4.80320339""","=""""","=""0.00000009""","=""0.0014588""","=""1.188""","=""  27  5f2.(3F).6d 4H              :    20  5f2.(3H).6d       4H    ""","=""L18702,L19204"""
"=""5f2.(1D).7s""","=""""","=""3/2""","=""""","=""4.80527811""","=""""","=""0.00000010""","=""0.0020747""","=""0.935""","=""  14  5f2.(1D).7s 2D              :    10  5f2.(1P).7s       2P    ""","=""L18702,L19204"""
"=""6d2.(3F).7p""","=""*""","=""7/2""","=""""","=""4.80620438""","=""""","=""0.00000005""","=""0.0009263""","=""1.098""","=""  19  6d2.(3F).7p 2G*             :    18  6d2.(3F).7p       2F*   ""","=""L18702,L7612"""
"=""5f.6d.(3D*).7p""","=""""","=""3/2""","=""""","=""4.81507387""","=""""","=""0.00000010""","=""0.0088695""","=""1.013""","=""  21  5f.6d.(3D*).7p 4F           :     9  5f2.(3P).7s       2P    ""","=""L18702,L19204"""
"=""5f2.(1I).7s""","=""""","=""11/2""","=""""","=""4.81837524""","=""""","=""0.00000006""","=""0.0033014""","=""1.083""","=""  47  5f2.(1I).7s 2I              :    13  5f.6d.(3H*).7p    2I    ""","=""L18702,L15928"""
"=""5f.6d.(3H*).7p""","=""""","=""5/2""","=""""","=""4.81850284""","=""""","=""0.00000011""","=""0.0001276""","=""0.967""","=""  15  5f.6d.(3H*).7p 4G           :    10  5f.6d.(3G*).7p    4G    ""","=""L18702,L19204"""
"=""5f.6d.(3F*).7p""","=""""","=""1/2""","=""""","=""4.81891507""","=""""","=""0.00000011""","=""0.0004122""","=""0.947""","=""  34  5f.6d.(3F*).7p 4D           :    25  5f2.(3F).6d       4P    ""","=""L18702,L16200"""
"=""5f2.(3F).6d""","=""""","=""7/2""","=""""","=""4.84390016""","=""""","=""0.00000009""","=""0.0249851""","=""1.114""","=""  23  5f2.(3F).6d 2F              :     7  5f.6d.(3F*).7p    4D    ""","=""L18702,L19204"""
"=""5f2.(3H).6d""","=""""","=""13/2""","=""""","=""4.84598945""","=""""","=""0.00000007""","=""0.0020893""","=""1.10""","=""  33  5f2.(3H).6d 2I              :    25  5f2.(1G).6d       2I    ""","=""L18702,L16200"""
"=""5f.6d.(3F*).7p""","=""""","=""3/2""","=""""","=""4.85406560""","=""""","=""0.00000012""","=""0.0080761""","=""0.739""","=""  18  5f.6d.(3F*).7p 4D           :    12  5f.6d.(3D*).7p    4D    ""","=""L18702,L19204"""
"=""5f.6d.(1G*).7p""","=""""","=""11/2""","=""""","=""4.87906219""","=""""","=""0.00000007""","=""0.0249966""","=""1.05""","=""  20  5f.6d.(1G*).7p 2H           :    10  5f2.(3F).6d       4H    ""","=""L18702,L19204"""
"=""5f.7s.(1F*).7p""","=""""","=""5/2""","=""""","=""4.88087447""","=""""","=""0.00000011""","=""0.0018123""","=""1.140""","=""  22  5f.7s.(1F*).7p 2D           :    13  5f.7s.(3F*).7p    4D    ""","=""L18702,L15928"""
"=""6d2.(1G).7p""","=""*""","=""7/2""","=""""","=""4.88455033""","=""""","=""0.00000010""","=""0.0036759""","=""1.131""","=""  24  6d2.(1G).7p 2F*             :    17  5f.(2F*).6d2.(1S) (1S)* ""","=""L18702,L19204"""
"=""6d2.(3F).7p""","=""*""","=""9/2""","=""""","=""4.89030847""","=""""","=""0.00000005""","=""0.0057581""","=""1.145""","=""  30  6d2.(3F).7p 4G*             :    16  6d2.(3F).7p       2G*   ""","=""L18702,L15851"""
"=""5f2.(3F).6d""","=""""","=""7/2""","=""""","=""4.89220371""","=""""","=""0.00000012""","=""0.0018952""","=""0.979""","=""  15  5f2.(3F).6d 4G              :     9  5f.6d.(3G*).7p    4G    ""","=""L18702,L19204"""
"=""5f.6d.(3F*).7p""","=""""","=""9/2""","=""""","=""4.90385172""","=""""","=""0.00000007""","=""0.0116480""","=""1.100""","=""  13  5f.6d.(3F*).7p 2G           :    10  5f.6d.(1G*).7p    2H    ""","=""L18702,L19204"""
"=""5f.6d.(3H*).7p""","=""""","=""5/2""","=""""","=""4.92224499""","=""""","=""0.00000007""","=""0.01839327""","=""1.090""","=""  16  5f.6d.(3H*).7p 4G           :    10  5f.6d.(3F*).7p    4F    ""","=""L18702,L19204"""
"=""6d.7s.(3D).7p""","=""*""","=""5/2""","=""""","=""4.94221362""","=""""","=""0.00000009""","=""0.0199686""","=""1.172""","=""  26  6d.7s.(3D).7p 4P*           :    11  6d2.(1G).7p       2F*   ""","=""L18702,L7612"""
"=""5f.6d.(3G*).7p""","=""""","=""9/2""","=""""","=""4.94640222""","=""""","=""0.00000009""","=""0.0041886""","=""1.024""","=""  13  5f.6d.(3G*).7p 2G           :    12  5f.6d.(3F*).7p    4G    ""","=""L18702,L19204"""
"=""5f2.(3F).6d""","=""""","=""11/2""","=""""","=""4.95181912""","=""""","=""0.00000009""","=""0.0054169""","=""1.12 ""","=""  25  5f2.(3F).6d 4G              :    14  5f2.(1I).7s       2I    ""","=""L18702,L7612"""
"=""5f2.(3F).6d""","=""""","=""1/2""","=""""","=""4.95296961""","=""""","=""0.00000015""","=""0.0011505""","=""1.542""","=""  29  5f2.(3F).6d 4P              :    23  5f.6d.(3F*).7p    4D    ""","=""L18702,L16200"""
"=""6d2.(3F).7p""","=""*""","=""7/2""","=""""","=""4.98219447""","=""""","=""0.00000006""","=""0.0292249""","=""1.230""","=""  20  6d2.(3F).7p 4F*             :    16  6d2.(3F).7p       4D*   ""","=""L18702,L15928"""
"=""5f.6d.(3H*).7p""","=""""","=""5/2""","=""""","=""4.98616298""","=""""","=""0.00000011""","=""0.0039685""","=""1.024""","=""  23  5f.6d.(3H*).7p 4G           :    10  5f2.(1D).7s       2D    ""","=""L18702,L15928"""
"=""5f.7s.(1F*).7p""","=""""","=""3/2""","=""""","=""4.98700534""","=""""","=""0.00000010""","=""0.0008424""","=""0.738 ""","=""  25  5f.7s.(1F*).7p 2D           :    17  5f.7s.(3F*).7p    2D    ""","=""L18702,L15851"""
"=""5f.7s.(1F*).7p""","=""""","=""3/2""","=""""","=""4.99385123""","=""""","=""0.00000016""","=""0.0068459""","=""0.705""","=""  14  5f.7s.(1F*).7p 2D           :    13  5f2.(3H).6d       4F    ""","=""L18702,L19204"""
"=""5f.6d.(3G*).7p""","=""""","=""9/2""","=""""","=""5.00492531""","=""""","=""0.00000010""","=""0.0110741""","=""1.176""","=""  26  5f.6d.(3G*).7p 4G           :     8  5f.6d.(3G*).7p    4F    ""","=""L18702,L15928"""
"=""5f.6d.(1D*).7p""","=""""","=""7/2""","=""""","=""5.01038429""","=""""","=""0.00000007""","=""0.0054590""","=""1.106""","=""  18  5f.6d.(1D*).7p 2F           :    11  5f.6d.(3F*).7p    2G    ""","=""L18702,L19204"""
"=""6d2.(3F).7p""","=""*""","=""3/2""","=""""","=""5.01794440""","=""""","=""0.00000010""","=""0.0075601""","=""1.249""","=""  39  6d2.(3F).7p 4D*             :    14  6d.7s.(1D).7p     2D*   ""","=""L18702,L7612"""
"=""5f.6d.(3P*).7p""","=""""","=""1/2""","=""""","=""5.02430219""","=""""","=""0.00000017""","=""0.0063578""","=""0.50""","=""  41  5f.6d.(3P*).7p 4D           :    12  5f.6d.(3D*).7p    4D    ""","=""L18702,L16200"""
"=""5f.6d.(3F*).7p""","=""""","=""7/2""","=""""","=""5.03011716""","=""""","=""0.00000009""","=""0.0058150""","=""1.1 ""","=""  19  5f.6d.(3F*).7p 4D           :    12  5f.6d.(3G*).7p    4G    ""","=""L18702,L2372"""
"=""5f.6d.(3H*).7p""","=""""","=""11/2""","=""""","=""5.03062799""","=""""","=""0.00000010""","=""0.0005108""","=""1.140""","=""  14  5f.6d.(3H*).7p 2H           :    11  5f.6d.(3H*).7p    4G    ""","=""L18702,L7612"""
"=""5f2.(3F).6d""","=""""","=""5/2""","=""""","=""5.03925537""","=""""","=""0.00000009""","=""0.0086274""","=""0.856""","=""  11  5f2.(3F).6d 2F              :    10  5f2.(3F).6d       4P    ""","=""L18702,L19204"""
"=""5f.(2F*).6d2.(3P)""","=""*""","=""5/2""","=""""","=""5.04051131""","=""""","=""0.00000015""","=""0.0012559""","=""0.943""","=""  21  5f.(2F*).6d2.(3P) 2F*       :    14  5f.(2F*).6d2.(1S) (1S)* ""","=""L18702,L19204"""
"=""6d2.(1G).7p""","=""*""","=""7/2""","=""""","=""5.04700159""","=""""","=""0.00000014""","=""0.0064903""","=""1.073""","=""  24  6d2.(1G).7p 2G*             :    15  5f.(2F*).6d2.(1S) (1S)* ""","=""L18702,L19204"""
"=""5f2.(3H).6d""","=""""","=""13/2""","=""""","=""5.04922335""","=""""","=""0.00000009""","=""0.0022218""","=""1.129""","=""  32  5f2.(3H).6d 4I              :    26  5f.6d.(3H*).7p    4I    ""","=""L18702,L7612"""
"=""6d2.(3F).7p""","=""4D*""","=""1/2""","=""""","=""5.06172954""","=""""","=""0.00000017""","=""0.0125062""","=""0.261""","=""  51                              :     8  6d.7s.(3D).7p     2P*   ""","=""L18702,L15851"""
"=""5f.6d.(3D*).7p""","=""""","=""5/2""","=""""","=""5.07388253""","=""""","=""0.00000014""","=""0.0121530""","=""0.988""","=""  24  5f.6d.(3D*).7p 4F           :     9  5f2.(3H).6d       4F    ""","=""L18702,L16200"""
"=""5f.6d.(3F*).7p""","=""""","=""3/2""","=""""","=""5.08230647""","=""""","=""0.00000017""","=""0.0084239""","=""1.036""","=""  10  5f.6d.(3F*).7p 4D           :     9  5f2.(3H).6d       4F    ""","=""L18702,L15928"""
"=""5f.6d.(1G*).7p""","=""""","=""9/2""","=""""","=""5.08920514""","=""""","=""0.00000007""","=""0.0068987""","=""1.112""","=""  30  5f.6d.(1G*).7p 2G           :    20  5f.6d.(3F*).7p    4G    ""","=""L18702,L7612"""
"=""5f.6d.(3H*).7p""","=""""","=""11/2""","=""""","=""5.11106986""","=""""","=""0.00000007""","=""0.02186472""","=""1.11""","=""  35  5f.6d.(3H*).7p 4H           :    26  5f.6d.(1G*).7p    2H    ""","=""L18702,L19204"""
"=""5f.6d.(3F*).7p""","=""""","=""5/2""","=""""","=""5.12406231""","=""""","=""0.00000011""","=""0.0129925""","=""1.101""","=""  22  5f.7s.(3F*).7p 2D           :     7  5f.6d.(3F*).7p    4F    ""","=""L18702,L19204"""
"=""5f2.(1G).6d""","=""""","=""9/2""","=""""","=""5.13276118""","=""""","=""0.00000010""","=""0.0086989""","=""0.983""","=""  25  5f2.(1G).6d 2H              :    10  5f.6d.(3G*).7p    4H    ""","=""L18702,L15928"""
"=""5f2.6d+5f.6d.7p""","=""""","=""7/2""","=""""","=""5.14387372""","=""""","=""0.00000010""","=""0.0111125""","=""1.010""","=""                                                                   ""","=""L18702,L2372"""
"=""5f2.(3F).6d""","=""""","=""3/2""","=""""","=""5.16727115""","=""""","=""0.00000025""","=""0.0233974""","=""1.220""","=""  21  5f2.(3F).6d 4P              :    11  5f.6d.(3D*).7p    4D    ""","=""L18702,L19204"""
"=""5f2.6d+5f.6d.7p""","=""""","=""7/2""","=""""","=""5.16870735""","=""""","=""0.00000009""","=""0.0014362""","=""0.940""","=""                                                                   ""","=""L18702,L2372"""
"=""5f2.(3F).6d""","=""""","=""13/2""","=""""","=""5.1927536""","=""""","=""0.0000004""","=""0.0240462""","=""""","=""  37  5f2.(3F).6d 4H              :    23  5f2.(3H).6d       4H    ""","=""L18702,L2372"""
"=""5f.6d.(3F*).7p""","=""""","=""9/2""","=""""","=""5.19609446""","=""""","=""0.00000006""","=""0.0033409""","=""1.097""","=""  12  5f.6d.(3F*).7p 2G           :    10  5f.6d.(3G*).7p    4F    ""","=""L18702,L15928"""
"=""5f2.(3F).6d""","=""""","=""3/2""","=""""","=""5.19946749""","=""""","=""0.00000017""","=""0.0033730""","=""1.095""","=""  22  5f2.(3F).6d 4P              :    16  5f2.(3F).6d       2D    ""","=""L18702,L19204"""
"=""5f2.(3F).6d""","=""""","=""1/2""","=""""","=""5.20834465""","=""""","=""0.00000021""","=""0.0088772""","=""0.8""","=""  24  5f2.(3F).6d 2P              :    17  5f.6d.(3D*).7p    4D    ""","=""L18702,L2372"""
"=""6d2.(1D).7p""","=""*""","=""3/2""","=""""","=""5.22133930""","=""""","=""0.00000012""","=""0.0129947""","=""1.467""","=""  21  6d2.(1D).7p 2P*             :    16  6d2.(3P).7p       4S*   ""","=""L18702,L15851"""
"=""5f.6d.(3G*).7p""","=""""","=""11/2""","=""""","=""5.22550412""","=""""","=""0.00000010""","=""0.0041648""","=""1.158""","=""  31  5f.6d.(3G*).7p 4G           :    12  5f.6d.(3G*).7p    2H    ""","=""L18702,L15928"""
"=""5f.6d.(3F*).7p""","=""""","=""9/2""","=""""","=""5.23215951""","=""""","=""0.00000010""","=""0.0066554""","=""1.08""","=""  12  5f.6d.(3F*).7p 4G           :    11  5f.6d.(3H*).7p    2G    ""","=""L18702,L15928"""
"=""6d2.(3F).7p""","=""*""","=""5/2""","=""""","=""5.23458300""","=""""","=""0.00000009""","=""0.0024235""","=""1.168""","=""  31  6d2.(3F).7p 4D*             :    15  6d2.(1D).7p       2F*   ""","=""L18702,L15851"""
"=""5f2.6d+5f.6d.7p""","=""""","=""7/2""","=""""","=""5.23489826""","=""""","=""0.00000011""","=""0.0003153""","=""0.935""","=""                                                                   ""","=""L18702,L15928"""
"=""5f.6d.(3P*).7p""","=""""","=""1/2""","=""""","=""5.23783836""","=""""","=""0.00000019""","=""0.0029401""","=""0.8""","=""  20  5f.6d.(3P*).7p 4P           :    13  5f2.(3F).6d       4D    ""","=""L18702,L2372"""
"=""6d2.(3F).7p""","=""*""","=""9/2""","=""""","=""5.24688931""","=""""","=""0.00000010""","=""0.0090510""","=""1.167""","=""  38  6d2.(3F).7p 4F*             :    32  6d2.(1G).7p       2H*   ""","=""L18702,L15851"""
"=""5f2.6d+5f.6d.7p""","=""""","=""5/2""","=""""","=""5.24909792""","=""""","=""0.00000020""","=""0.0022086""","=""1.15""","=""                                                                   ""","=""L18702,L2372"""
"=""5f2.6d+5f.6d.7p""","=""""","=""5/2""","=""""","=""5.25099462""","=""""","=""0.00000012""","=""0.0018967""","=""1.126""","=""                                                                   ""","=""L18702,L2372"""
"=""6d2.(3F).7p""","=""*""","=""3/2""","=""""","=""5.25919002""","=""""","=""0.00000021""","=""0.0081954""","=""1.304""","=""  24  6d2.(3F).7p 4D*             :    14  6d2.(3P).7p       2D*   ""","=""L18702,L15851"""
"=""5f2.6d+5f.6d.7p""","=""""","=""7/2""","=""""","=""5.27167327""","=""""","=""0.00000014""","=""0.0124832""","=""1.080""","=""                                                                   ""","=""L18702,L2372"""
"=""5f.6d.(3H*).7p""","=""""","=""13/2""","=""""","=""5.28729196""","=""""","=""0.00000006""","=""0.0156187""","=""1.10""","=""  32  5f.6d.(3H*).7p 4I           :    28  5f.6d.(3H*).7p    4H    ""","=""L18702,L19204"""
"=""5f2.6d+5f.6d.7p""","=""""","=""7/2""","=""""","=""5.30048927""","=""""","=""0.00000009""","=""0.0131973""","=""1.09""","=""                                                                   ""","=""L18702,L2372"""
"=""6d2.(3F).7p""","=""*""","=""7/2""","=""""","=""5.32443567""","=""""","=""0.00000010""","=""0.0239464""","=""1.246""","=""  25  6d2.(3F).7p 4D*             :    23  6d.7s.(3D).7p     2F*   ""","=""L18702,L15851"""
"=""5f.6d.(3H*).7p""","=""""","=""9/2""","=""""","=""5.32584607""","=""""","=""0.00000010""","=""0.0014104""","=""1.141""","=""  21  5f.6d.(3H*).7p 4G           :    15  5f.6d.(3G*).7p    4F    ""","=""L18702,L15928"""
"=""5f2.(3H).6d""","=""2K""","=""13/2""","=""""","=""5.33307430""","=""""","=""0.00000014""","=""0.0072282""","=""0.976""","=""  57                              :    25  5f2.(1I).6d       2K    ""","=""L18702,L15928"""
"=""5f2.6d+5f.6d.7p""","=""""","=""5/2""","=""""","=""5.34328920""","=""""","=""0.00000011""","=""0.0102149""","=""0.982""","=""                                                                   ""","=""L18702,L2372"""
"=""5f.6d.(3H*).7p""","=""2I""","=""11/2""","=""""","=""5.34709295""","=""""","=""0.00000007""","=""0.0038038""","=""1.037""","=""  53                              :     9  5f.6d.(3H*).7p    4H    ""","=""L18702,L7612"""
"=""5f2.6d+5f.6d.7p""","=""""","=""5/2""","=""""","=""5.35957182""","=""""","=""0.00000014""","=""0.0124789""","=""1.153""","=""                                                                   ""","=""L18702,L2372"""
"=""5f2.(3F).6d""","=""""","=""3/2""","=""""","=""5.36167945""","=""""","=""0.00000015""","=""0.0021076""","=""1.08""","=""  28  5f2.(3F).6d 4F              :    13  5f2.(3F).6d       2P    ""","=""L18702,L2372"""
"=""5f2.6d+5f.6d.7p""","=""""","=""7/2""","=""""","=""5.36192324""","=""""","=""0.00000010""","=""0.0002438""","=""1.033""","=""                                                                   ""","=""L18702,L15928"""
"=""6d2.(3P).7p""","=""*""","=""3/2""","=""""","=""5.36698253""","=""""","=""0.00000011""","=""0.0050593""","=""1.564""","=""  40  6d2.(3P).7p 4S*             :    32  6d2.(3P).7p       4P*   ""","=""L18702,L7612"""
"=""6d2.(3P).7p""","=""*""","=""5/2""","=""""","=""5.37878028""","=""""","=""0.00000010""","=""0.0117978""","=""1.203""","=""  39  6d2.(3P).7p 4D*             :    18  6d2.(3F).7p       4D*   ""","=""L18702,L15851"""
"=""6d2.(3P).7p""","=""4P*""","=""1/2""","=""""","=""5.42357598""","=""""","=""0.00000019""","=""0.0447957""","=""2.215""","=""  54                              :    19  6d2.(3P).7p       2S*   ""","=""L18702,L7612"""
"=""5f2.6d+5f.6d.7p""","=""""","=""5/2""","=""""","=""5.42709480""","=""""","=""0.00000012""","=""0.0035188""","=""1.04""","=""                                                                   ""","=""L18702,L2372"""
"=""6d2.(1G).7p""","=""*""","=""7/2""","=""""","=""5.42723901""","=""""","=""0.00000009""","=""0.0001442""","=""1.057""","=""  18  6d2.(1G).7p 2G*             :    16  6d2.(3P).7p       4D*   ""","=""L18702,L2372"""
"=""5f2.6d+5f.6d.7p""","=""""","=""7/2""","=""""","=""5.43100153""","=""""","=""0.00000015""","=""0.0037625""","=""1.026""","=""                                                                   ""","=""L18702,L2372"""
"=""5f.6d.(3F*).7p""","=""""","=""3/2""","=""""","=""5.43144312""","=""""","=""0.00000017""","=""0.0004416""","=""1.211""","=""  23  5f.6d.(3F*).7p 4D           :    18  5f.6d.(3D*).7p    4D    ""","=""L18702,L15928"""
"=""5f2.6d+5f.6d.7p""","=""""","=""9/2""","=""""","=""5.43165591""","=""""","=""0.00000009""","=""0.0002128""","=""1.102""","=""                                                                   ""","=""L18702,L7612"""
"=""5f.6d.(3P*).7p""","=""""","=""1/2""","=""""","=""5.4510432""","=""""","=""0.0000003""","=""0.0193873""","=""1.555""","=""  20  5f.6d.(3P*).7p 4D           :    15  5f2.(3F).6d       4D    ""","=""L18702,L15928"""
"=""5f2.6d+5f.6d.7p""","=""""","=""9/2""","=""""","=""5.46723851""","=""""","=""0.00000015""","=""0.0161953""","=""1.14""","=""                                                                   ""","=""L18702,L2372"""
"=""5f.6d.(3G*).7p""","=""""","=""11/2""","=""""","=""5.47728278""","=""""","=""0.00000011""","=""0.0100443""","=""1.12""","=""  18  5f.6d.(3G*).7p 4H           :    17  5f2.(1G).6d       2H    ""","=""L18702,L19204"""
"=""5f2.6d""","=""""","=""3/2""","=""""","=""5.49256883""","=""""","=""0.00000019""","=""0.0152860""","=""1.342""","=""                                                                   ""","=""L18702,L2372"""
"=""5f2.6d+5f.6d.7p""","=""""","=""5/2""","=""""","=""5.50350576""","=""""","=""0.00000014""","=""0.0109369""","=""1.158""","=""                                                                   ""","=""L18702,L2372"""
"=""5f2.6d+5f.6d.7p""","=""""","=""9/2""","=""""","=""5.51113203""","=""""","=""0.00000009""","=""0.0076263""","=""1.04 ""","=""                                                                   ""","=""L18702,L2372"""
"=""5f2.6d+5f.6d.7p""","=""""","=""7/2""","=""""","=""5.51776576""","=""""","=""0.00000015""","=""0.0066337""","=""1.058""","=""                                                                   ""","=""L18702,L2372"""
"=""5f2.6d+5f.6d.7p""","=""""","=""5/2""","=""""","=""5.52382816""","=""""","=""0.00000014""","=""0.0060624""","=""1.182""","=""                                                                   ""","=""L18702,L2372"""
"=""6d2.(3P).7p""","=""*""","=""7/2""","=""""","=""5.53595521""","=""""","=""0.00000011""","=""0.0121271""","=""1.234""","=""  42  6d2.(3P).7p 4D*             :    11  6d2.(3F).7p       2G*   ""","=""L18702,L7529"""
"=""5f.6d.(3F*).7p""","=""""","=""11/2""","=""""","=""5.54547073""","=""""","=""0.00000009""","=""0.0095155""","=""1.2 ""","=""  43  5f.6d.(3F*).7p 4G           :    10  5f.6d.(3H*).7p    4G    ""","=""L18702,L2372"""
"=""5f.6d.(1D*).7p""","=""""","=""1/2""","=""""","=""5.55316426""","=""""","=""0.00000025""","=""0.0076935""","=""0.84""","=""  24  5f.6d.(1D*).7p 2P           :    18  5f.6d.(3F*).7p    4D    ""","=""L18702,L2372"""
"=""5f2.6d+5f.6d.7p""","=""""","=""7/2""","=""""","=""5.55547593""","=""""","=""0.00000014""","=""0.0023117""","=""1.078""","=""                                                                   ""","=""L18702,L7612"""
"=""6d.7s.(3D).7p""","=""*""","=""5/2""","=""""","=""5.55720817""","=""""","=""0.00000011""","=""0.0017322""","=""0.999""","=""  30  6d.7s.(3D).7p 2F*           :    10  5f.(2F*).6d2.(3P) (3P)* ""","=""L18702,L19204"""
"=""5f2.6d""","=""""","=""3/2""","=""""","=""5.56562670""","=""""","=""0.00000016""","=""0.0084185""","=""1.346""","=""                                                                   ""","=""L18702,L2372"""
"=""5f2.6d+5f.6d.7p""","=""""","=""7/2""","=""""","=""5.56673818""","=""""","=""0.00000016""","=""0.0011115""","=""1.181""","=""                                                                   ""","=""L18702,L2372"""
"=""5f2.6d+5f.6d.7p""","=""""","=""9/2""","=""""","=""5.59493953""","=""""","=""0.00000011""","=""0.0282014""","=""1.21""","=""                                                                   ""","=""L18702,L2372"""
"=""5f2.6d+5f.6d.7p""","=""""","=""5/2""","=""""","=""5.60280196""","=""""","=""0.00000016""","=""0.0078624""","=""0.674""","=""                                                                   ""","=""L18702,L2372"""
"=""6d2.(3P).7p""","=""*""","=""5/2""","=""""","=""5.60675691""","=""""","=""0.00000010""","=""0.0039549""","=""1.347""","=""  47  6d2.(3P).7p 4P*             :    10  6d.7s.(3D).7p     2F*   ""","=""L18702,L7612"""
"=""5f.6d.7p""","=""""","=""3/2""","=""""","=""5.6172472""","=""""","=""0.0000004""","=""0.0104903""","=""0.6""","=""                                                                   ""","=""L18702,L2372"""
"=""5f2.6d+5f.6d.7p""","=""""","=""7/2""","=""""","=""5.62826782""","=""""","=""0.00000020""","=""0.0110206""","=""1.216""","=""                                                                   ""","=""L18702,L15928"""
"=""6d2.(3F).7p""","=""2G*""","=""9/2""","=""""","=""5.63993280""","=""""","=""0.00000009""","=""0.0116650""","=""1.089""","=""  61                              :    18  6d2.(3F).7p       4F*   ""","=""L18702,L19204"""
"=""5f2.6d+5f.6d.7p""","=""""","=""5/2""","=""""","=""5.65499697""","=""""","=""0.00000012""","=""0.0150642""","=""1.075""","=""                                                                   ""","=""L18702,L2372"""
"=""6d2.(3F).7p""","=""*""","=""7/2""","=""""","=""5.66475560""","=""""","=""0.00000020""","=""0.0097586""","=""1.261""","=""  18  6d2.(3F).7p 2F*             :    13  6d.7s.(1D).7p     2F*   ""","=""L18702,L19204"""
"=""6d.7s.(1D).7p""","=""*""","=""3/2""","=""""","=""5.6657981""","=""""","=""0.0000003""","=""0.0010425""","=""1.18""","=""  30  6d.7s.(1D).7p 2P*           :    10  6d2.(3P).7p       2D*   ""","=""L18702,L2372"""
"=""5f2.(3H).6d""","=""""","=""11/2""","=""""","=""5.67042908""","=""""","=""0.00000010""","=""0.0046310""","=""1.141""","=""  34  5f2.(3H).6d 4H              :    16  5f2.(3F).6d       4H    ""","=""L18702,L7612"""
"=""5f2.6d+5f.6d.7p""","=""""","=""5/2""","=""""","=""5.67850907""","=""""","=""0.00000012""","=""0.0080800""","=""1.3""","=""                                                                   ""","=""L18702,L2372"""
"=""6d2.(3P).7p""","=""*""","=""3/2""","=""""","=""5.68323716""","=""""","=""0.00000014""","=""0.0047281""","=""""","=""  31  6d2.(3P).7p 2P*             :    20  6d2.(1D).7p       2D*   ""","=""L18702,L2372"""
"=""5f2.6d+5f.6d.7p""","=""""","=""9/2""","=""""","=""5.69142015""","=""""","=""0.00000012""","=""0.0081830""","=""1.02 ""","=""                                                                   ""","=""L18702,L15928"""
"=""5f.6d.(3H*).7p""","=""""","=""15/2""","=""""","=""5.70257415""","=""""","=""0.00000009""","=""0.0111540""","=""""","=""  35  5f.6d.(3H*).7p 4I           :    29  5f2.(3H).6d       2K    ""","=""L18702,u40"""
"=""6d2.(3P).7p""","=""*""","=""5/2""","=""""","=""5.72255744""","=""""","=""0.00000014""","=""0.0199833""","=""1.152""","=""  33  6d2.(3P).7p 2D*             :    12  6d.7s.(3D).7p     2D*   ""","=""L18702,L19204"""
"=""5f.6d.(3F*).7p""","=""""","=""11/2""","=""""","=""5.73012574""","=""""","=""0.00000009""","=""0.0075683""","=""1.16""","=""  14  5f.6d.(3F*).7p 4G           :    14  5f2.(3F).6d       4G    ""","=""L18702,L16200"""
"=""5f2.6d+5f.6d.7p""","=""""","=""9/2""","=""""","=""5.73468191""","=""""","=""0.00000016""","=""0.0045562""","=""1.01 ""","=""                                                                   ""","=""L18702,L2372"""
"=""5f.6d.7p""","=""""","=""3/2""","=""""","=""5.73603500""","=""""","=""0.00000020""","=""0.0013531""","=""0.891""","=""                                                                   ""","=""L18702,L2372"""
"=""5f2.6d+5f.6d.7p""","=""""","=""7/2""","=""""","=""5.74694359""","=""""","=""0.00000017""","=""0.0109086""","=""1.1 ""","=""                                                                   ""","=""L18702,L2372"""
"=""6d2.(1G).7p""","=""2G*""","=""9/2""","=""""","=""5.74892541""","=""""","=""0.00000009""","=""0.0019818""","=""1.088""","=""  51                              :    29  6d2.(1G).7p       2H*   ""","=""L18702,L19204"""
"=""5f.6d.(3H*).7p""","=""""","=""13/2""","=""""","=""5.75024498""","=""""","=""0.00000010""","=""0.0013196""","=""1.13""","=""  29  5f.6d.(3H*).7p 2I           :    25  5f2.(3H).6d       4H    ""","=""L18702,L19204"""
"=""5f2.6d+5f.6d.7p""","=""""","=""7/2""","=""""","=""5.75105831""","=""""","=""0.00000017""","=""0.0008133""","=""1.07""","=""                                                                   ""","=""L18702,L2372"""
"=""5f.6d.7p""","=""""","=""3/2""","=""""","=""5.75236765""","=""""","=""0.00000019""","=""0.0013093""","=""""","=""                                                                   ""","=""L18702,L2372"""
"=""6d.7s.(3D).7p""","=""*""","=""3/2""","=""""","=""5.75581219""","=""""","=""0.00000015""","=""0.0034445""","=""1.118""","=""  20  6d.7s.(3D).7p 2P*           :    14  7s2.7p            2P*   ""","=""L18702,L2372"""
"=""6d2.(1S).7p""","=""*""","=""1/2""","=""""","=""5.7560978""","=""""","=""0.0000005""","=""0.0002856""","=""0.814""","=""  16  6d2.(1S).7p 2P*             :    14  6d.7s.(3D).7p     2P*   ""","=""L18702,u38"""
"=""5f.6d.(3G*).7p""","=""""","=""11/2""","=""""","=""5.77215875""","=""""","=""0.00000010""","=""0.0160609""","=""""","=""  32  5f.6d.(3G*).7p 4H           :    20  5f.6d.(3H*).7p    4G    ""","=""L18702,L2372"""
"=""5f2.6d+5f.6d.7p""","=""""","=""5/2""","=""""","=""5.77534529""","=""""","=""0.00000014""","=""0.0031865""","=""1.018""","=""                                                                   ""","=""L18702,L2372"""
"=""5f2.6d+5f.6d.7p""","=""""","=""5/2""","=""""","=""5.77805923""","=""""","=""0.00000009""","=""0.0027139""","=""1.112""","=""                                                                   ""","=""L18702,L2372"""
"=""5f2.6d+5f.6d.7p""","=""""","=""7/2""","=""""","=""5.79083774""","=""""","=""0.00000011""","=""0.0127785""","=""1.081""","=""                                                                   ""","=""L18702,L2372"""
"=""5f.6d.(3G*).7p""","=""""","=""11/2""","=""""","=""5.81009626""","=""""","=""0.00000009""","=""0.0192585""","=""1.15""","=""  12  5f.6d.(3G*).7p 4H           :    12  5f2.(1I).6d       2I    ""","=""L18702,L2372"""
"=""5f2.6d+5f.6d.7p""","=""""","=""5/2""","=""""","=""5.81517343""","=""""","=""0.00000014""","=""0.0050772""","=""1.143""","=""                                                                   ""","=""L18702,L2372"""
"=""5f.6d.(3H*).7p""","=""""","=""13/2""","=""""","=""5.81619565""","=""""","=""0.00000010""","=""0.0010222""","=""1.18""","=""  26  5f.6d.(3H*).7p 4H           :    22  5f.6d.(3H*).7p    2I    ""","=""L18702,L2372"""
"=""5f2.6d""","=""""","=""3/2""","=""""","=""5.81928034""","=""""","=""0.00000016""","=""0.0030847""","=""0.956""","=""                                                                   ""","=""L18702,L15928"""
"=""5f.6d.(3D*).7p""","=""""","=""1/2""","=""""","=""5.8453295""","=""""","=""0.0000003""","=""0.0260492""","=""""","=""  19  5f.6d.(3D*).7p 4D           :    18  5f.6d.(3D*).7p    4P    ""","=""L18702,L2372"""
"=""5f.6d.7p""","=""""","=""3/2""","=""""","=""5.84568117""","=""""","=""0.00000025""","=""0.0003517""","=""1.09 ""","=""                                                                   ""","=""L18702,L2372"""
"=""5f2.6d+5f.6d.7p""","=""""","=""9/2""","=""""","=""5.84850527""","=""""","=""0.00000011""","=""0.0028241""","=""1.15""","=""                                                                   ""","=""L18702,L2372"""
"=""5f2.6d+5f.6d.7p""","=""""","=""5/2""","=""""","=""5.86747635""","=""""","=""0.00000012""","=""0.0189711""","=""1.189""","=""                                                                   ""","=""L18702,L2372"""
"=""6d2.(1G).7p""","=""2H*""","=""11/2""","=""""","=""5.88506772""","=""""","=""0.00000012""","=""0.0175914""","=""1.13""","=""  83                              :     6  5f.6d.(1H*).7s    2H    ""","=""L18702,L2372"""
"=""5f.6d.(3G*).7p""","=""""","=""11/2""","=""""","=""5.9109527""","=""""","=""0.0000005""","=""0.0258850""","=""1.15""","=""  17  5f.6d.(3G*).7p 2H           :    14  5f2.(3H).6d       4G    ""","=""L18702,L2372"""
"=""5f2.6d+5f.6d.7p""","=""""","=""9/2""","=""""","=""5.91795207""","=""""","=""0.00000015""","=""0.0069994""","=""1.1 ""","=""                                                                   ""","=""L18702,L2372"""
"=""5f2.6d""","=""""","=""3/2""","=""""","=""5.93507441""","=""""","=""0.00000021""","=""0.0171223""","=""""","=""                                                                   ""","=""L18702,L2372"""
"=""5f2.6d+5f.6d.7p""","=""""","=""7/2""","=""""","=""5.93529557""","=""""","=""0.00000014""","=""0.0002212""","=""1.194""","=""                                                                   ""","=""L18702,L15928"""
"=""5f2.6d+5f.6d.7p""","=""""","=""9/2""","=""""","=""5.95209269""","=""""","=""0.00000010""","=""0.0167971""","=""1.13""","=""                                                                   ""","=""L18702,L2372"""
"=""5f2.6d+5f.6d.7p""","=""""","=""7/2""","=""""","=""5.98825009""","=""""","=""0.00000010""","=""0.0361574""","=""1.07""","=""                                                                   ""","=""L18702,L2372"""
"=""5f2.6d+5f.6d.7p""","=""""","=""5/2""","=""""","=""5.99101566""","=""""","=""0.00000015""","=""0.0027656""","=""""","=""                                                                   ""","=""L18702,L2372"""
"=""5f2.6d+5f.6d.7p""","=""""","=""7/2""","=""""","=""6.00742024""","=""""","=""0.00000015""","=""0.0164046""","=""""","=""                                                                   ""","=""L18702,L2372"""
"=""5f2.6d+5f.6d.7p""","=""""","=""5/2""","=""""","=""6.01224460""","=""""","=""0.00000017""","=""0.0048244""","=""""","=""                                                                   ""","=""L18702,L2372"""
"=""6d.7s.(1D).7p""","=""*""","=""1/2""","=""""","=""6.01720757""","=""""","=""0.00000007""","=""0.0049630""","=""0.717""","=""  30  6d.7s.(1D).7p 2P*           :    24  6d.7s.(3D).7p     2P*   ""","=""L18702,u38"""
"=""5f.6d.(3G*).7p""","=""""","=""13/2""","=""""","=""6.02714785""","=""""","=""0.00000017""","=""0.0099403""","=""1.08""","=""  49  5f.6d.(3G*).7p 4H           :    17  5f2.(1G).6d       2I    ""","=""L18702,L2372"""
"=""5f.6d.7p""","=""""","=""3/2""","=""""","=""6.03678399""","=""""","=""0.00000021""","=""0.0096361""","=""0.922""","=""                                                                   ""","=""L18702,L2372"""
"=""5f2.6d""","=""""","=""3/2""","=""""","=""6.05265703""","=""""","=""0.00000019""","=""0.0158730""","=""0.956""","=""                                                                   ""","=""L18702,L2372"""
"=""5f2.6d+5f.6d.7p""","=""""","=""9/2""","=""""","=""6.05600340""","=""""","=""0.00000010""","=""0.0033464""","=""1.1 ""","=""                                                                   ""","=""L18702,L2372"""
"=""5f2.6d+5f.6d.7p""","=""""","=""5/2""","=""""","=""6.08375714""","=""""","=""0.00000019""","=""0.0277537""","=""""","=""                                                                   ""","=""L18702,L2372"""
"=""6d2.(1D).7p""","=""*""","=""7/2""","=""""","=""6.09034370""","=""""","=""0.00000019""","=""0.0065866""","=""1.11""","=""  36  6d2.(1D).7p 2F*             :    24  6d.7s.(1D).7p     2F*   ""","=""L18702,L2372"""
"=""5f2.(1I).6d""","=""""","=""11/2""","=""""","=""6.09066891""","=""""","=""0.00000017""","=""0.0003252""","=""""","=""  18  5f2.(1I).6d 2H              :    18  5f.6d.(3G*).7p    4G    ""","=""L18702,L2372"""
"=""6d2.(1D).7p""","=""*""","=""5/2""","=""""","=""6.11112265""","=""""","=""0.00000014""","=""0.0204537""","=""1.208""","=""  47  6d2.(1D).7p 2D*             :    10  6d2.(3P).7p       4P*   ""","=""L18702,L19204"""
"=""5f.6d.(3G*).7p""","=""""","=""11/2""","=""""","=""6.11961141""","=""""","=""0.00000010""","=""0.0084888""","=""1.15""","=""  30  5f.6d.(3G*).7p 2H           :    28  5f.6d.(1H*).7p    2H    ""","=""L18702,L2372"""
"=""5f2.6d+5f.6d.7p""","=""""","=""7/2""","=""""","=""6.12198817""","=""""","=""0.00000015""","=""0.0023768""","=""1.2 ""","=""                                                                   ""","=""L18702,L2372"""
"=""5f.6d.7p""","=""""","=""3/2""","=""""","=""6.12663608""","=""""","=""0.00000021""","=""0.0046479""","=""1.003""","=""                                                                   ""","=""L18702,L2372"""
"=""5f.6d.(3D*).7p""","=""""","=""1/2""","=""""","=""6.1354222""","=""""","=""0.0000004""","=""0.0087861""","=""""","=""  17  5f.6d.(3D*).7p 4P           :    16  5f2.(3P).6d       4D    ""","=""L18702,L2372"""
"=""5f2.7p ""","=""*""","=""9/2""","=""""","=""6.13666726""","=""""","=""0.00000015""","=""0.0012451""","=""0.78 ""","=""                                                                   ""","=""L18702,u38"""
"=""5f2.(1I).6d""","=""""","=""13/2""","=""""","=""6.14060459""","=""""","=""0.00000011""","=""0.0039373""","=""1.1""","=""  26  5f2.(1I).6d 2I              :    25  5f.6d.(3G*).7p    4H    ""","=""L18702,L2372"""
"=""5f2.6d+5f.6d.7p""","=""""","=""9/2""","=""""","=""6.17908217""","=""""","=""0.00000014""","=""0.0384776""","=""""","=""                                                                   ""","=""L18702,L2372"""
"=""5f2.6d+5f.6d.7p""","=""""","=""5/2""","=""""","=""6.1834803""","=""""","=""0.0000003""","=""0.0043981""","=""""","=""                                                                   ""","=""L18702,L2372"""
"=""5f2.6d+5f.6d.7p""","=""""","=""7/2""","=""""","=""6.19432155""","=""""","=""0.00000019""","=""0.0108412""","=""1.248""","=""                                                                   ""","=""L18702,L2372"""
"=""5f2.6d+5f.6d.7p""","=""""","=""7/2""","=""""","=""6.24970566""","=""""","=""0.00000014""","=""0.0553841""","=""""","=""                                                                   ""","=""L18702,L2372"""
"=""5f2.6d+5f.6d.7p""","=""""","=""9/2""","=""""","=""6.25748681""","=""""","=""0.00000014""","=""0.0077811""","=""1.18""","=""                                                                   ""","=""L18702,L2372"""
"=""5f.6d.(1H*).7p""","=""""","=""11/2""","=""""","=""6.27745978""","=""""","=""0.00000022""","=""0.0199730""","=""""","=""  19  5f.6d.(1H*).7p 2I           :    18  5f2.(3F).6d       2H    ""","=""L18702,L2372"""
"=""5f2.6d+5f.6d.7p""","=""""","=""5/2""","=""""","=""6.28148767""","=""""","=""0.00000010""","=""0.0040279""","=""""","=""                                                                   ""","=""L18702,L2372"""
"=""5f.6d.7p""","=""""","=""3/2""","=""""","=""6.2903960""","=""""","=""0.0000003""","=""0.0089083""","=""1.36 ""","=""                                                                   ""","=""L18702,L2372"""
"=""5f.6d.(3D*).7p""","=""""","=""3/2""","=""""","=""6.3117635""","=""""","=""0.0000014""","=""0.021367""","=""1.3""","=""  26  5f.6d.(3D*).7p 4P           :    10  5f2.(3F).6d       4P    ""","=""L18702,L2372"""
"=""5f2.6d+5f.6d.7p""","=""""","=""3/2""","=""""","=""6.32627193""","=""""","=""0.00000016""","=""0.0145084""","=""1.270""","=""                                                                   ""","=""L18702,u39"""
"=""5f2.6d+5f.6d.7p""","=""""","=""9/2""","=""""","=""6.35099899""","=""""","=""0.00000016""","=""0.0247271""","=""""","=""                                                                   ""","=""L18702,L2372"""
"=""5f2.6d+5f.6d.7p""","=""""","=""7/2""","=""""","=""6.35643637""","=""""","=""0.00000014""","=""0.0054374""","=""""","=""                                                                   ""","=""L18702,L2372"""
"=""5f2.6d+5f.6d.7p""","=""""","=""5/2""","=""""","=""6.36818564""","=""""","=""0.00000021""","=""0.0117493""","=""""","=""                                                                   ""","=""L18702,L2372"""
"=""6d2.(3P).7p""","=""*""","=""3/2""","=""""","=""6.3887084""","=""""","=""0.0000009""","=""0.0205228""","=""0.925""","=""  25  6d2.(3P).7p 2D*             :    16  6d.7s.(1D).7p     2D*   ""","=""L18702,L2372"""
"=""5f2.(3P).6d""","=""""","=""1/2""","=""""","=""6.4042761""","=""""","=""0.0000005""","=""0.015568""","=""""","=""  24  5f2.(3P).6d 2P              :    17  5f2.(3P).6d       4D    ""","=""L18702,L2372"""
"=""5f.6d.(1P*).7p""","=""""","=""3/2""","=""""","=""6.4070152""","=""""","=""0.0000003""","=""0.0027391""","=""""","=""  25  5f.6d.(1P*).7p 2D           :    11  5f2.(3P).6d       4P    ""","=""L18702,L2372"""
"=""5f2.6d+5f.6d.7p""","=""""","=""9/2""","=""""","=""6.40774961""","=""""","=""0.00000015""","=""0.0007344""","=""""","=""                                                                   ""","=""L18702,L2372"""
"=""5f2.6d+5f.6d.7p""","=""""","=""7/2""","=""""","=""6.42616457""","=""""","=""0.00000016""","=""0.0184150""","=""""","=""                                                                   ""","=""L18702,L2372"""
"=""5f2.6d+5f.6d.7p""","=""""","=""5/2""","=""""","=""6.43045764""","=""""","=""0.00000017""","=""0.0042931""","=""""","=""                                                                   ""","=""L18702,L2372"""
"=""5f2.6d+5f.6d.7p""","=""""","=""5/2""","=""""","=""6.43920460""","=""""","=""0.00000022""","=""0.0087470""","=""""","=""                                                                   ""","=""L18702,L2372"""
"=""6d2.(1G).7p""","=""*""","=""5/2""","=""""","=""6.44058619""","=""""","=""0.00000012""","=""0.0013816""","=""0.937""","=""  37  6d2.(1G).7p 2F*             :    11  6d.7s.(3D).7p     2F*   ""","=""L18702,L7612"""
"=""5f2.(1I).6d""","=""2I""","=""11/2""","=""""","=""6.46828114""","=""""","=""0.00000016""","=""0.0276949""","=""1.12""","=""  55                              :    16  5f.6d.(1H*).7p    2H    ""","=""L18702,L2372"""
"=""5f2.6d+5f.6d.7p""","=""""","=""7/2""","=""""","=""6.48094222""","=""""","=""0.00000024""","=""0.0126611""","=""""","=""                                                                   ""","=""L18702,L2372"""
"=""5f.6d.7p""","=""""","=""3/2""","=""""","=""6.48530134""","=""""","=""0.00000021""","=""0.0043591""","=""""","=""                                                                   ""","=""L18702,L2372"""
"=""5f2.6d+5f.6d.7p""","=""""","=""7/2""","=""""","=""6.51692167""","=""""","=""0.00000021""","=""0.0316203""","=""""","=""                                                                   ""","=""L18702,L2372"""
"=""5f2.7p ""","=""*""","=""5/2""","=""""","=""6.53128814""","=""""","=""0.00000025""","=""0.0143665""","=""""","=""                                                                   ""","=""L18702,L2372"""
"=""5f.6d.7p""","=""""","=""3/2""","=""""","=""6.5383990""","=""""","=""0.0000004""","=""0.0071109""","=""""","=""                                                                   ""","=""L18702,L2372"""
"=""5f2.(1I).6d""","=""""","=""13/2""","=""""","=""6.56111003""","=""""","=""0.00000015""","=""0.0227110""","=""""","=""  36  5f2.(1I).6d 2I              :    18  5f2.(3H).6d       2I    ""","=""L18702,L2372"""
"=""5f2.6d+5f.6d.7p""","=""""","=""9/2""","=""""","=""6.63574667""","=""""","=""0.00000021""","=""0.0746366""","=""""","=""                                                                   ""","=""L18702,L2372"""
"=""5f2.6d+5f.6d.7p""","=""""","=""5/2""","=""""","=""6.67597882""","=""""","=""0.00000025""","=""0.0402322""","=""""","=""                                                                   ""","=""L18702,L2372"""
"=""5f2.6d+5f.6d.7p""","=""""","=""7/2""","=""""","=""6.69640766""","=""""","=""0.00000012""","=""0.0204288""","=""""","=""                                                                   ""","=""L18702,L2372"""
"=""5f2.6d+5f.6d.7p""","=""""","=""7/2""","=""""","=""6.7161834""","=""""","=""0.0000004""","=""0.0197757""","=""""","=""                                                                   ""","=""L18702,L2372"""
"=""5f.7p2? ""","=""*""","=""9/2""","=""""","=""6.7398368""","=""""","=""0.0000010""","=""0.023653""","=""""","=""                                                                   ""","=""L18702,L2372"""
"=""5f2.6d+5f.6d.7p""","=""""","=""5/2""","=""""","=""6.75639430""","=""""","=""0.00000019""","=""0.0165575""","=""""","=""                                                                   ""","=""L18702,L2372"""
"=""6d.7s.(3D).7p""","=""*""","=""7/2""","=""""","=""6.7568465""","=""""","=""0.0000003""","=""0.0004522""","=""1.126""","=""  28  6d.7s.(3D).7p 2F*           :    27  6d2.(1G).7p       2F*   ""","=""L18702,L19204"""
"=""6d2.(3F).7p""","=""*""","=""5/2""","=""""","=""6.7755218""","=""""","=""0.0000004""","=""0.0186753""","=""""","=""  21  6d2.(3F).7p 2D*             :    15  6d2.(1G).7p       2F*   ""","=""L18702,L2372"""
"=""5f2.6d+5f.6d.7p""","=""""","=""9/2""","=""""","=""6.79995229""","=""""","=""0.00000014""","=""0.0244305""","=""""","=""                                                                   ""","=""L18702,L2372"""
"=""5f.6d.7p""","=""""","=""3/2""","=""""","=""6.80947189""","=""""","=""0.00000022""","=""0.0095196""","=""""","=""                                                                   ""","=""L18702,L2372"""
"=""5f2.7p ""","=""*""","=""9/2""","=""""","=""6.82396001""","=""""","=""0.00000014""","=""0.0144881""","=""""","=""                                                                   ""","=""L18702,L2372"""
"=""5f2.7p ""","=""*""","=""7/2""","=""""","=""6.8280551""","=""""","=""0.0000003""","=""0.0040951""","=""""","=""                                                                   ""","=""L18702,u38"""
"=""""","=""""","=""3/2""","=""""","=""6.86273552""","=""""","=""0.00000024""","=""0.0346804""","=""""","=""                                                                   ""","=""L18702"""
"=""5f2.6d+5f.6d.7p""","=""""","=""9/2""","=""""","=""6.88072729""","=""""","=""0.00000017""","=""0.0179918""","=""""","=""                                                                   ""","=""L18702,L2372"""
"=""5f2.7p ""","=""*""","=""9/2""","=""""","=""6.95380858""","=""""","=""0.00000017""","=""0.0730813""","=""""","=""                                                                   ""","=""L18702,L2372"""
"=""5f.6d.7p""","=""""","=""3/2""","=""""","=""6.97227628""","=""""","=""0.00000021""","=""0.0184677""","=""""","=""                                                                   ""","=""L18702,L2372"""
"=""5f2.7p ""","=""4I*""","=""11/2""","=""""","=""6.98903205""","=""""","=""0.00000011""","=""0.0167558""","=""""","=""                                                                   ""","=""L18702,u38"""
"=""5f2.6d+5f.6d.7p""","=""""","=""5/2""","=""""","=""6.9915938""","=""""","=""0.0000003""","=""0.0025618""","=""""","=""                                                                   ""","=""L18702,L2372"""
"=""""","=""""","=""7/2""","=""""","=""7.02246411""","=""""","=""0.00000016""","=""0.0308703""","=""""","=""                                                                   ""","=""L18702"""
"=""5f2.7p? ""","=""*""","=""7/2""","=""""","=""7.02784920""","=""""","=""0.00000016""","=""0.0053851""","=""""","=""                                                                   ""","=""L18702,L2372"""
"=""""","=""""","=""3/2""","=""""","=""7.03209026""","=""""","=""0.00000020""","=""0.0042411""","=""""","=""                                                                   ""","=""L18702"""
"=""5f2.7p? ""","=""*""","=""5/2""","=""""","=""7.05371920""","=""""","=""0.00000011""","=""0.0216289""","=""""","=""                                                                   ""","=""L18702,L2372"""
"=""5f2.(1I).6d""","=""""","=""11/2""","=""""","=""7.06029755""","=""""","=""0.00000012""","=""0.0065783""","=""1.1""","=""  40  5f2.(1I).6d 2H              :    26  5f.6d.(1H*).7p    2H    ""","=""L18702,L2372"""
"=""5f2.6d+5f.6d.7p""","=""""","=""9/2""","=""""","=""7.07683590""","=""""","=""0.00000017""","=""0.0165384""","=""""","=""                                                                   ""","=""L18702,L2372"""
"=""""","=""""","=""3/2""","=""""","=""7.08304891""","=""""","=""0.00000015""","=""0.0062130""","=""""","=""                                                                   ""","=""L18702"""
"=""""","=""*""","=""3/2 or 5/2""","=""""","=""7.1103866""","=""""","=""0.0000003""","=""0.0273377""","=""""","=""                                                                   ""","=""L18702,u38"""
"=""""","=""*""","=""7/2""","=""""","=""7.1495314""","=""""","=""0.0000022""","=""0.039145""","=""""","=""                                                                   ""","=""L18702,u38"""
"=""""","=""*""","=""3/2 or 5/2""","=""""","=""7.33650987""","=""""","=""0.00000012""","=""0.186978""","=""0.720?""","=""                                                                   ""","=""L18702,u38"""
"=""5f2.7p? ""","=""*""","=""5/2""","=""""","=""7.3521560""","=""""","=""0.0000010""","=""0.0156461""","=""""","=""                                                                   ""","=""L18702,L2372"""
"=""5f2.6d+5f.6d.7p""","=""""","=""7/2""","=""""","=""7.3630890""","=""""","=""0.0000003""","=""0.010933""","=""""","=""                                                                   ""","=""L18702,L2372"""
"=""""","=""*""","=""3/2""","=""""","=""7.39151631""","=""""","=""0.00000022""","=""0.0284273""","=""1.1""","=""                                                                   ""","=""L18702,L2372"""
"=""5f.7p2? ""","=""*""","=""3/2""","=""""","=""7.4374937""","=""""","=""0.0000009""","=""0.0459774""","=""""","=""                                                                   ""","=""L18702,L2372"""
"=""5f2.7p? ""","=""*""","=""9/2""","=""""","=""7.4382670""","=""""","=""0.0000006""","=""0.000773""","=""""","=""                                                                   ""","=""L18702,L2372"""
"=""""","=""*""","=""7/2""","=""""","=""7.43926982""","=""""","=""0.00000021""","=""0.0010028""","=""""","=""                                                                   ""","=""L18702,u38"""
"=""""","=""*""","=""3/2""","=""""","=""7.4735112""","=""""","=""0.0000005""","=""0.0342414""","=""1.085""","=""                                                                   ""","=""L18702,u38"""
"=""""","=""*""","=""11/2""","=""""","=""7.48824982""","=""""","=""0.00000012""","=""0.0147386""","=""""","=""                                                                   ""","=""L18702,u38"""
"=""""","=""*""","=""7/2 or 9/2""","=""""","=""7.52500473""","=""""","=""0.00000025""","=""0.0367549""","=""""","=""                                                                   ""","=""L18702,u38"""
"=""""","=""*""","=""3/2 or 5/2""","=""""","=""7.52854381""","=""""","=""0.00000024""","=""0.0035391""","=""""","=""                                                                   ""","=""L18702,u38"""
"=""""","=""*""","=""7/2 or 9/2""","=""""","=""7.52952878""","=""""","=""0.00000015""","=""0.0009850""","=""""","=""                                                                   ""","=""L18702,u38"""
"=""""","=""*""","=""7/2""","=""""","=""7.61207890""","=""""","=""0.00000015""","=""0.0825501""","=""""","=""                                                                   ""","=""L18702,u38"""
"=""""","=""*""","=""5/2 or 7/2""","=""""","=""7.6294098""","=""""","=""0.0000003""","=""0.0173309""","=""""","=""                                                                   ""","=""L18702,u38"""
"=""""","=""*""","=""7/2""","=""""","=""7.66357769""","=""""","=""0.00000020""","=""0.0341679""","=""""","=""                                                                   ""","=""L18702,u38"""
"=""""","=""*""","=""5/2""","=""""","=""7.6684689""","=""""","=""0.0000003""","=""0.0048912""","=""""","=""                                                                   ""","=""L18702,u38"""
"=""""","=""*""","=""9/2 or 11/2""","=""""","=""7.6790602""","=""""","=""0.0000004""","=""0.0105913""","=""""","=""                                                                   ""","=""L18702,u38"""
"=""""","=""*""","=""9/2""","=""""","=""7.6851013""","=""""","=""0.0000003""","=""0.0060411""","=""""","=""                                                                   ""","=""L18702,u38"""
"=""""","=""*""","=""11/2""","=""""","=""7.68575550""","=""""","=""0.00000020""","=""0.0006542""","=""""","=""                                                                   ""","=""L18702,u38"""
"=""""","=""*""","=""7/2""","=""""","=""7.68632509""","=""""","=""0.00000024""","=""0.0005696""","=""""","=""                                                                   ""","=""L18702,u38"""
"=""""","=""*""","=""7/2""","=""""","=""7.68696318""","=""""","=""0.00000021""","=""0.0006381""","=""""","=""                                                                   ""","=""L18702,u38"""
"=""""","=""*""","=""5/2 or 7/2""","=""""","=""7.7015064""","=""""","=""0.0000003""","=""0.0145432""","=""""","=""                                                                   ""","=""L18702,u38"""
"=""""","=""*""","=""7/2 or 9/2""","=""""","=""7.70394691""","=""""","=""0.00000024""","=""0.0024405""","=""""","=""                                                                   ""","=""L18702,u38"""
"=""""","=""*""","=""3/2 or 5/2""","=""""","=""7.72348141""","=""""","=""0.00000022""","=""0.0195345""","=""""","=""                                                                   ""","=""L18702,u38"""
"=""""","=""*""","=""7/2""","=""""","=""7.73728019""","=""""","=""0.00000020""","=""0.0137988""","=""""","=""                                                                   ""","=""L18702,u38"""
"=""""","=""*""","=""9/2""","=""""","=""7.7714081""","=""""","=""0.0000004""","=""0.0341279""","=""""","=""                                                                   ""","=""L18702,u38"""
"=""""","=""*""","=""3/2 or 5/2""","=""""","=""7.7830694""","=""""","=""0.0000014""","=""0.011661""","=""""","=""                                                                   ""","=""L18702,u38"""
"=""""","=""*""","=""7/2 or 9/2""","=""""","=""7.78682901""","=""""","=""0.00000022""","=""0.0037596""","=""""","=""                                                                   ""","=""L18702,u38"""
"=""""","=""*""","=""5/2""","=""""","=""7.8105441""","=""""","=""0.0000004""","=""0.0237151""","=""""","=""                                                                   ""","=""L18702,u38"""
"=""""","=""""","=""7/2""","=""""","=""7.88014843""","=""""","=""0.00000020""","=""0.0696043""","=""""","=""                                                                   ""","=""L18702"""
"=""""","=""*""","=""9/2 or 11/2""","=""""","=""7.88791551""","=""""","=""0.00000015""","=""0.0077671""","=""""","=""                                                                   ""","=""L18702"""
"=""""","=""*""","=""3/2 or 5/2""","=""""","=""7.8915799""","=""""","=""0.0000003""","=""0.0036644""","=""1.18?""","=""                                                                   ""","=""L18702,u38"""
"=""""","=""*""","=""5/2 or 7/2 or 9/2""","=""""","=""7.91395995""","=""""","=""0.00000021""","=""0.0223800""","=""""","=""                                                                   ""","=""L18702,u38"""
"=""""","=""*""","=""7/2 or 9/2 or 11/2""","=""""","=""7.9437133""","=""""","=""0.0000003""","=""0.0297534""","=""""","=""                                                                   ""","=""L18702,u38"""
"=""""","=""*""","=""11/2""","=""""","=""7.97242128""","=""""","=""0.00000020""","=""0.0287080""","=""""","=""                                                                   ""","=""L18702,u38"""
"=""""","=""*""","=""11/2""","=""""","=""7.9869892""","=""""","=""0.0000005""","=""0.0145679""","=""""","=""                                                                   ""","=""L18702,u38"""
"=""""","=""*""","=""1/2 or 3/2""","=""""","=""8.0361907""","=""""","=""0.0000003""","=""0.0492015""","=""""","=""                                                                   ""","=""L18702,u38"""
"=""""","=""*""","=""3/2 or 5/2""","=""""","=""8.12002118""","=""""","=""0.00000021""","=""0.0838305""","=""""","=""                                                                   ""","=""L18702,u38"""
"=""""","=""*""","=""5/2 or 7/2""","=""""","=""8.13299180""","=""""","=""0.00000019""","=""0.0129706""","=""""","=""                                                                   ""","=""L18702,u38"""
"=""""","=""*""","=""5/2 or 7/2""","=""""","=""8.1459522""","=""""","=""0.0000004""","=""0.0129604""","=""""","=""                                                                   ""","=""L18702,u38"""
"=""""","=""""","=""7/2 or 9/2""","=""""","=""8.15243014""","=""""","=""0.00000015""","=""0.0064779""","=""""","=""                                                                   ""","=""L18702"""
"=""""","=""""","=""7/2""","=""""","=""8.23591547""","=""""","=""0.00000021""","=""0.0834853""","=""""","=""                                                                   ""","=""L18702"""
"=""Th III (5f.6d 3H*<4>)""","=""Limit""","=""---""","=""""","=""12.10""","=""""","=""0.20""","=""""","=""""","=""                                                                   ""","=""L18620"""
