Configuration,Term,J,Prefix,Level (eV),Suffix,Uncertainty (eV),Splitting,Lande,Leading percentages,Reference
"=""3d2.4s2""","=""a 3F""","=""2""","=""""","=""0.00000000""","=""""","=""0.00000025""","=""""","=""0.666""","="" 100                                            ""","=""L17885"""
"=""3d2.4s2""","=""a 3F""","=""3""","=""""","=""0.02109378""","=""""","=""0.00000024""","=""0.0210938""","=""1.083""","="" 100                                            ""","=""L17885"""
"=""3d2.4s2""","=""a 3F""","=""4""","=""""","=""0.04796626""","=""""","=""0.00000025""","=""0.0268725""","=""1.250""","="" 100                                            ""","=""L17885"""
"=""3d3.(4F).4s""","=""a 5F""","=""1""","=""""","=""0.8129437""","=""""","=""0.0000004""","=""0.7649774""","=""0.00""","="" 100                                            ""","=""L17885"""
"=""3d3.(4F).4s""","=""a 5F""","=""2""","=""""","=""0.8181426""","=""""","=""0.0000004""","=""0.0051989""","=""0.99""","="" 100                                            ""","=""L17885"""
"=""3d3.(4F).4s""","=""a 5F""","=""3""","=""""","=""0.82585949""","=""""","=""0.00000025""","=""0.0077169""","=""1.25""","="" 100                                            ""","=""L17885"""
"=""3d3.(4F).4s""","=""a 5F""","=""4""","=""""","=""0.83599520""","=""""","=""0.00000025""","=""0.0101357""","=""1.35""","="" 100                                            ""","=""L17885"""
"=""3d3.(4F).4s""","=""a 5F""","=""5""","=""""","=""0.8484192""","=""""","=""0.0000004""","=""0.0124240""","=""1.41""","="" 100                                            ""","=""L17885"""
"=""3d2.4s2""","=""a 1D""","=""2""","=""""","=""0.8995494""","=""""","=""0.0000004""","=""0.0511302""","=""1.02""","=""  96                                            ""","=""L17885"""
"=""3d2.4s2""","=""a 3P""","=""0""","=""""","=""1.0460073""","=""""","=""0.0000005""","=""0.1464579""","=""""","=""  92         :     7  3d3.(2P).4s          3P   ""","=""L17885"""
"=""3d2.4s2""","=""a 3P""","=""1""","=""""","=""1.05292613""","=""""","=""0.00000025""","=""0.0069188""","=""1.50""","=""  92         :     7  3d3.(2P).4s          3P   ""","=""L17885"""
"=""3d2.4s2""","=""a 3P""","=""2""","=""""","=""1.06655474""","=""""","=""0.00000024""","=""0.0136286""","=""1.49""","=""  90         :     7  3d3.(2P).4s          3P   ""","=""L17885"""
"=""3d3.(4F).4s""","=""b 3F""","=""2""","=""""","=""1.42975614""","=""""","=""0.00000025""","=""0.3632014""","=""0.67""","="" 100                                            ""","=""L17885"""
"=""3d3.(4F).4s""","=""b 3F""","=""3""","=""""","=""1.44315262""","=""""","=""0.00000024""","=""0.0133965""","=""1.08""","="" 100                                            ""","=""L17885"""
"=""3d3.(4F).4s""","=""b 3F""","=""4""","=""""","=""1.46013860""","=""""","=""0.00000025""","=""0.0169860""","=""1.26""","=""  98                                            ""","=""L17885"""
"=""3d2.4s2""","=""a 1G""","=""4""","=""""","=""1.5024892""","=""""","=""0.0000004""","=""0.0423506""","=""0.98""","=""  90         :     8  3d3.(2G).4s          1G   ""","=""L17885"""
"=""3d3.(4P).4s""","=""a 5P""","=""1""","=""""","=""1.7335189""","=""""","=""0.0000004""","=""0.2310297""","=""2.50""","="" 100                                            ""","=""L17885"""
"=""3d3.(4P).4s""","=""a 5P""","=""2""","=""""","=""1.7393044""","=""""","=""0.0000004""","=""0.0057855""","=""1.82""","="" 100                                            ""","=""L17885"""
"=""3d3.(4P).4s""","=""a 5P""","=""3""","=""""","=""1.7488757""","=""""","=""0.0000004""","=""0.0095713""","=""1.66""","="" 100                                            ""","=""L17885"""
"=""3d3.(2G).4s""","=""a 3G""","=""3""","=""""","=""1.87316703""","=""""","=""0.00000025""","=""0.1242913""","=""0.74""","="" 100                                            ""","=""L17885"""
"=""3d3.(2G).4s""","=""a 3G""","=""4""","=""""","=""1.87920395""","=""""","=""0.00000025""","=""0.0060369""","=""1.06""","="" 100                                            ""","=""L17885"""
"=""3d3.(2G).4s""","=""a 3G""","=""5""","=""""","=""1.8870882""","=""""","=""0.0000004""","=""0.0078843""","=""1.21""","="" 100                                            ""","=""L17885"""
"=""3d2.(3F).4s.4p.(3P*)""","=""z 5G*""","=""2""","=""""","=""1.9685072""","=""""","=""0.0000004""","=""0.0814190""","=""0.336""","="" 100                                            ""","=""L17885"""
"=""3d2.(3F).4s.4p.(3P*)""","=""z 5G*""","=""3""","=""""","=""1.9807258""","=""""","=""0.0000004""","=""0.0122186""","=""0.921""","="" 100                                            ""","=""L17885"""
"=""3d2.(3F).4s.4p.(3P*)""","=""z 5G*""","=""4""","=""""","=""1.9968989""","=""""","=""0.0000004""","=""0.0161731""","=""1.152""","="" 100                                            ""","=""L17885"""
"=""3d2.(3F).4s.4p.(3P*)""","=""z 5G*""","=""5""","=""""","=""2.0169105""","=""""","=""0.0000004""","=""0.0200116""","=""1.258""","="" 100                                            ""","=""L17885"""
"=""3d2.(3F).4s.4p.(3P*)""","=""z 5G*""","=""6""","=""""","=""2.0406151""","=""""","=""0.0000005""","=""0.0237046""","=""1.333""","="" 100                                            ""","=""L17885"""
"=""3d2.(3F).4s.4p.(3P*)""","=""z 5F*""","=""1""","=""""","=""2.0850621""","=""""","=""0.0000004""","=""0.0444470""","=""0.001""","=""  96                                            ""","=""L17885"""
"=""3d2.(3F).4s.4p.(3P*)""","=""z 5F*""","=""2""","=""""","=""2.0922487""","=""""","=""0.0000004""","=""0.0071866""","=""1.001""","=""  95                                            ""","=""L17885"""
"=""3d2.(3F).4s.4p.(3P*)""","=""z 5F*""","=""3""","=""""","=""2.1029508""","=""""","=""0.0000004""","=""0.0107021""","=""1.251""","=""  97                                            ""","=""L17885"""
"=""3d2.(3F).4s.4p.(3P*)""","=""z 5F*""","=""4""","=""""","=""2.1170622""","=""""","=""0.0000004""","=""0.0141114""","=""1.346""","=""  98                                            ""","=""L17885"""
"=""3d2.(3F).4s.4p.(3P*)""","=""z 5F*""","=""5""","=""""","=""2.1344363""","=""""","=""0.0000004""","=""0.0173741""","=""1.401""","=""  99                                            ""","=""L17885"""
"=""3d3.(2D2).4s""","=""a 3D""","=""1""","=""""","=""2.1535471""","=""""","=""0.0000004""","=""0.0191108""","=""0.49""","=""  67         :    30  3d3.(2D1).4s         3D   ""","=""L17885"""
"=""3d3.(2D2).4s""","=""a 3D""","=""2""","=""""","=""2.16028282""","=""""","=""0.00000025""","=""0.0067357""","=""1.17""","=""  67         :    30  3d3.(2D1).4s         3D   ""","=""L17885"""
"=""3d3.(2D2).4s""","=""a 3D""","=""3""","=""""","=""2.17470615""","=""""","=""0.00000025""","=""0.0144233""","=""1.34""","=""  67         :    30  3d3.(2D1).4s         3D   ""","=""L17885"""
"=""3d3.(2P).4s""","=""b 3P""","=""0""","=""""","=""2.2311560""","=""""","=""0.0000005""","=""0.0564498""","=""""","=""  86         :     7  3d2.4s2              3P   ""","=""L17885"""
"=""3d3.(2P).4s""","=""b 3P""","=""1""","=""""","=""2.23932659""","=""""","=""0.00000025""","=""0.0081706""","=""""","=""  87         :     7  3d2.4s2              3P   ""","=""L17885"""
"=""3d3.(2P).4s""","=""b 3P""","=""2""","=""""","=""2.24972874""","=""""","=""0.00000025""","=""0.0104021""","=""""","=""  87         :     7  3d2.4s2              3P   ""","=""L17885"""
"=""3d3.(2H).4s""","=""a 3H""","=""4""","=""""","=""2.2363294""","=""""","=""0.0000004""","=""-0.0133993""","=""0.80""","=""  52         :    44  3d3.(2G).4s          1G   ""","=""L17885"""
"=""3d3.(2H).4s""","=""a 3H""","=""5""","=""""","=""2.2492302""","=""""","=""0.0000005""","=""0.0129008""","=""1.02""","="" 100                                            ""","=""L17885"""
"=""3d3.(2H).4s""","=""a 3H""","=""6""","=""""","=""2.2555912""","=""""","=""0.0000005""","=""0.0063610""","=""1.17""","="" 100                                            ""","=""L17885"""
"=""3d3.(2G).4s""","=""b 1G""","=""4""","=""""","=""2.2673677""","=""""","=""0.0000004""","=""0.0117765""","=""1.02""","=""  48         :    48  3d3.(2H).4s          3H   ""","=""L17885"""
"=""3d2.(3F).4s.4p.(3P*)""","=""z 5D*""","=""0""","=""""","=""2.2890858""","=""""","=""0.0000009""","=""0.0217181""","=""""","=""  95                                            ""","=""L17885"""
"=""3d2.(3F).4s.4p.(3P*)""","=""z 5D*""","=""1""","=""""","=""2.2915719""","=""""","=""0.0000005""","=""0.002486""","=""1.497""","=""  95                                            ""","=""L17885"""
"=""3d2.(3F).4s.4p.(3P*)""","=""z 5D*""","=""2""","=""""","=""2.2968146""","=""""","=""0.0000004""","=""0.0052427""","=""1.496""","=""  94                                            ""","=""L17885"""
"=""3d2.(3F).4s.4p.(3P*)""","=""z 5D*""","=""3""","=""""","=""2.3053556""","=""""","=""0.0000004""","=""0.0085410""","=""1.496""","=""  95                                            ""","=""L17885"""
"=""3d2.(3F).4s.4p.(3P*)""","=""z 5D*""","=""4""","=""""","=""2.3179012""","=""""","=""0.0000004""","=""0.0125456""","=""1.495""","=""  95                                            ""","=""L17885"""
"=""3d3.(4P).4s""","=""c 3P""","=""0""","=""""","=""2.3331469""","=""""","=""0.0000005""","=""0.0152457""","=""""","=""  94         :     5  3d3.(2P).4s          3P   ""","=""L17885"""
"=""3d3.(4P).4s""","=""c 3P""","=""1""","=""""","=""2.3340995""","=""""","=""0.0000004""","=""0.0009526""","=""""","=""  94                                            ""","=""L17885"""
"=""3d3.(4P).4s""","=""c 3P""","=""2""","=""""","=""2.3447140""","=""""","=""0.0000004""","=""0.0106145""","=""1.54""","=""  98                                            ""","=""L17885"""
"=""3d2.(3F).4s.4p.(3P*)""","=""z 3F*""","=""2""","=""""","=""2.3957447""","=""""","=""0.0000004""","=""0.0510307""","=""0.669""","=""  87         :    10  3d2.(3P).4s.4p.(3P*) 3D*  ""","=""L17885"""
"=""3d2.(3F).4s.4p.(3P*)""","=""z 3F*""","=""3""","=""""","=""2.4079690""","=""""","=""0.0000004""","=""0.0122243""","=""1.087""","=""  88         :     9  3d2.(3P).4s.4p.(3P*) 3D*  ""","=""L17885"""
"=""3d2.(3F).4s.4p.(3P*)""","=""z 3F*""","=""4""","=""""","=""2.4268635""","=""""","=""0.0000004""","=""0.0188945""","=""1.252""","=""  88         :     9  3d2.(3P).4s.4p.(3P*) 3D*  ""","=""L17885"""
"=""3d2.(3F).4s.4p.(3P*)""","=""z 3D*""","=""1""","=""""","=""2.4719790""","=""""","=""0.0000006""","=""0.0451155""","=""0.502""","=""  85         :     7  3d2.(3P).4s.4p.(3P*) 3D*  ""","=""L17885"""
"=""3d2.(3F).4s.4p.(3P*)""","=""z 3D*""","=""2""","=""""","=""2.4804327""","=""""","=""0.0000005""","=""0.0084537""","=""1.168""","=""  86         :     8  3d2.(3P).4s.4p.(3P*) 3D*  ""","=""L17885"""
"=""3d2.(3F).4s.4p.(3P*)""","=""z 3D*""","=""3""","=""""","=""2.4953137""","=""""","=""0.0000004""","=""0.0148810""","=""1.334""","=""  85         :     7  3d2.(3P).4s.4p.(3P*) 3D*  ""","=""L17885"""
"=""3d3.(2P).4s""","=""a 1P""","=""1""","=""""","=""2.4874808""","=""""","=""0.0000005""","=""-0.0078329""","=""1.03""","=""  98                                            ""","=""L17885"""
"=""3d3.(2D2).4s""","=""b 1D""","=""2""","=""""","=""2.5056521""","=""""","=""0.0000004""","=""0.0181713""","=""1.01""","=""  67         :    30  3d3.(2D1).4s         1D   ""","=""L17885"""
"=""3d3.(2H).4s""","=""a 1H""","=""5""","=""""","=""2.5783262""","=""""","=""0.0000006""","=""0.0726741""","=""1.01""","="" 100                                            ""","=""L17885"""
"=""3d2.(3F).4s.4p.(3P*)""","=""z 3G*""","=""3""","=""""","=""2.6618773""","=""""","=""0.0000004""","=""0.0835511""","=""0.758""","=""  96                                            ""","=""L17885"""
"=""3d2.(3F).4s.4p.(3P*)""","=""z 3G*""","=""4""","=""""","=""2.6766322""","=""""","=""0.0000004""","=""0.0147549""","=""1.052""","=""  95                                            ""","=""L17885"""
"=""3d2.(3F).4s.4p.(3P*)""","=""z 3G*""","=""5""","=""""","=""2.6953801""","=""""","=""0.0000004""","=""0.0187479""","=""1.206""","=""  95                                            ""","=""L17885"""
"=""3d2.(3F).4s.4p.(3P*)""","=""z 1D*""","=""2""","=""""","=""2.7377185""","=""""","=""0.0000005""","=""0.0423384""","=""1.000""","=""  88         :     9  3d2.(3P).4s.4p.(3P*) 1D*  ""","=""L17885"""
"=""3d2.(3F).4s.4p.(3P*)""","=""z 1F*""","=""3""","=""""","=""2.7778336""","=""""","=""0.0000004""","=""0.0401151""","=""0.996""","=""  98                                            ""","=""L17885"""
"=""3d2.(3F).4s.4p.(3P*)""","=""z 1G*""","=""4""","=""""","=""3.0617764""","=""""","=""0.0000004""","=""0.2839428""","=""1.006""","=""  96                                            ""","=""L17885"""
"=""3d2.(3P).4s.4p.(3P*)""","=""z 3S*""","=""1""","=""""","=""3.0898247""","=""""","=""0.0000005""","=""0.0280483""","=""1.982""","=""  91         :     7  3d3.(2P).4p          3S*  ""","=""L17885"""
"=""3d3.(2F).4s""","=""3F""","=""4""","=""""","=""3.1042426""","=""""","=""0.0000006""","=""0.0144179""","=""""","=""                                                ""","=""L17885"""
"=""3d3.(2F).4s""","=""3F""","=""3""","=""""","=""3.1081403""","=""""","=""0.0000004""","=""0.0038977""","=""""","=""                                                ""","=""L17885"""
"=""3d3.(2F).4s""","=""3F""","=""2""","=""""","=""3.1111303""","=""""","=""0.0000005""","=""0.0029900""","=""""","=""                                                ""","=""L17885"""
"=""3d2.(3P).4s.4p.(3P*)""","=""z 5S*""","=""2""","=""""","=""3.1123598""","=""""","=""0.0000004""","=""0.0012295""","=""1.852""","=""  95                                            ""","=""L17885"""
"=""3d2.(3F).4s.4p.(1P*)""","=""y 3F*""","=""2""","=""""","=""3.1129222""","=""""","=""0.0000004""","=""0.0005624""","=""0.670""","=""  48         :    24  3d3.(4F).4p          3F*  ""","=""L17885"""
"=""3d2.(3F).4s.4p.(1P*)""","=""y 3F*""","=""3""","=""""","=""3.1277769""","=""""","=""0.0000004""","=""0.0148547""","=""1.081""","=""  46         :    22  3d3.(4F).4p          3F*  ""","=""L17885"""
"=""3d2.(3F).4s.4p.(1P*)""","=""y 3F*""","=""4""","=""""","=""3.1477519""","=""""","=""0.0000004""","=""0.0199750""","=""1.240""","=""  42         :    25  3d2.(1D).4s.4p.(3P*) 3F*  ""","=""L17885"""
"=""3d3.(4F).4p""","=""y 3D*""","=""1""","=""""","=""3.1390089""","=""""","=""0.0000004""","=""-0.0087430""","=""0.542""","=""  51         :    36  3d2.(3F).4s.4p.(1P*) 3D*  ""","=""L17885"""
"=""3d3.(4F).4p""","=""y 3D*""","=""2""","=""""","=""3.1540226""","=""""","=""0.0000004""","=""0.0150137""","=""1.283""","=""  37         :    32  3d2.(1D).4s.4p.(3P*) 3D*  ""","=""L17885"""
"=""3d3.(4F).4p""","=""y 3D*""","=""3""","=""""","=""3.1794137""","=""""","=""0.0000004""","=""0.0253911""","=""1.362""","=""  36         :    34  3d2.(1D).4s.4p.(3P*) 3D*  ""","=""L17885"""
"=""3d2.(1D).4s.4p.(3P*)""","=""3P*""","=""2""","=""""","=""3.1608201""","=""""","=""0.0000004""","=""-0.0185936""","=""1.652""","=""  52         :    25  3d2.(3P).4s.4p.(3P*) 5D*  ""","=""L17885"""
"=""3d2.(1D).4s.4p.(3P*)""","=""3P*""","=""1""","=""""","=""3.1662199""","=""""","=""0.0000005""","=""0.0053998""","=""1.478""","=""  63         :    28  3d2.(3P).4s.4p.(3P*) 5D*  ""","=""L17885"""
"=""3d2.(1D).4s.4p.(3P*)""","=""3P*""","=""0""","=""""","=""3.1708845""","=""""","=""0.0000006""","=""0.0046646""","=""""","=""  51         :    34  3d2.(3P).4s.4p.(3P*) 5D*  ""","=""L17885"""
"=""3d2.(3P).4s.4p.(3P*)""","=""5D*""","=""0""","=""""","=""3.1755314""","=""""","=""0.0000007""","=""0.0046469""","=""""","=""  61         :    30  3d2.(1D).4s.4p.(3P*) 3P*  ""","=""L17885"""
"=""3d2.(3P).4s.4p.(3P*)""","=""5D*""","=""1""","=""""","=""3.1784248""","=""""","=""0.0000005""","=""0.0028934""","=""1.437""","=""  65         :    23  3d2.(1D).4s.4p.(3P*) 3P*  ""","=""L17885"""
"=""3d2.(3P).4s.4p.(3P*)""","=""5D*""","=""2""","=""""","=""3.1863923""","=""""","=""0.0000006""","=""0.0079675""","=""1.375""","=""  72         :    18  3d2.(1D).4s.4p.(3P*) 3P*  ""","=""L17885"""
"=""3d2.(3P).4s.4p.(3P*)""","=""5D*""","=""3""","=""""","=""3.1984941""","=""""","=""0.0000005""","=""0.0121018""","=""1.452""","=""  75         :    10  3d3.(4F).4p          3D*  ""","=""L17885"""
"=""3d2.(3P).4s.4p.(3P*)""","=""5D*""","=""4""","=""""","=""3.2145099""","=""""","=""0.0000006""","=""0.0160158""","=""1.498""","=""  86         :     7  3d3.(4F).4p          5D*  ""","=""L17885"""
"=""3d3.(4F).4p""","=""y 5G*""","=""2""","=""""","=""3.2848783""","=""""","=""0.0000005""","=""0.0703684""","=""0.337""","=""  96                                            ""","=""L17885"""
"=""3d3.(4F).4p""","=""y 5G*""","=""3""","=""""","=""3.2935658""","=""""","=""0.0000005""","=""0.0086875""","=""0.917""","=""  96                                            ""","=""L17885"""
"=""3d3.(4F).4p""","=""y 5G*""","=""4""","=""""","=""3.3050984""","=""""","=""0.0000005""","=""0.0115326""","=""1.151""","=""  98                                            ""","=""L17885"""
"=""3d3.(4F).4p""","=""y 5G*""","=""5""","=""""","=""3.3194250""","=""""","=""0.0000005""","=""0.0143266""","=""1.267""","="" 100                                            ""","=""L17885"""
"=""3d3.(4F).4p""","=""y 5G*""","=""6""","=""""","=""3.3365027""","=""""","=""0.0000006""","=""0.0170777""","=""1.333""","="" 100                                            ""","=""L17885"""
"=""3d2.(1D).4s.4p.(3P*)""","=""x 3F*""","=""2""","=""""","=""3.3232005""","=""""","=""0.0000004""","=""-0.0133022""","=""0.675""","=""  57         :    21  3d2.(3F).4s.4p.(1P*) 3F*  ""","=""L17885"""
"=""3d2.(1D).4s.4p.(3P*)""","=""x 3F*""","=""3""","=""""","=""3.3342991""","=""""","=""0.0000004""","=""0.0110986""","=""1.092""","=""  60         :    22  3d2.(3F).4s.4p.(1P*) 3F*  ""","=""L17885"""
"=""3d2.(1D).4s.4p.(3P*)""","=""x 3F*""","=""4""","=""""","=""3.3507547""","=""""","=""0.0000004""","=""0.0164556""","=""1.254""","=""  59         :    20  3d2.(3F).4s.4p.(1P*) 3F*  ""","=""L17885"""
"=""3d2.(1D).4s.4p.(3P*)""","=""x 3D*""","=""1""","=""""","=""3.3915953""","=""""","=""0.0000005""","=""0.0408406""","=""0.531""","=""  79         :    12  3d2.(3P).4s.4p.(3P*) 3D*  ""","=""L17885"""
"=""3d2.(1D).4s.4p.(3P*)""","=""x 3D*""","=""2""","=""""","=""3.3994023""","=""""","=""0.0000004""","=""0.0078070""","=""1.237""","=""  75         :    11  3d2.(3P).4s.4p.(3P*) 3D*  ""","=""L17885"""
"=""3d2.(1D).4s.4p.(3P*)""","=""x 3D*""","=""3""","=""""","=""3.4070940""","=""""","=""0.0000004""","=""0.0076917""","=""1.402""","=""  72         :    13  3d2.(3P).4s.4p.(3P*) 3D*  ""","=""L17885"""
"=""3d3.(2F).4s""","=""1F""","=""3""","=""""","=""3.4093388""","=""""","=""0.0000006""","=""0.0022448""","=""""","=""                                                ""","=""L17885"""
"=""3d2.(3F).4s.4p.(1P*)""","=""y 3G*""","=""3""","=""""","=""3.4094392""","=""""","=""0.0000005""","=""0.0001004""","=""0.754""","=""  50         :    23  3d3.(4F).4p          3G*  ""","=""L17885"""
"=""3d2.(3F).4s.4p.(1P*)""","=""y 3G*""","=""4""","=""""","=""3.4237838""","=""""","=""0.0000004""","=""0.0143446""","=""1.054""","=""  49         :    24  3d3.(4F).4p          3G*  ""","=""L17885"""
"=""3d2.(3F).4s.4p.(1P*)""","=""y 3G*""","=""5""","=""""","=""3.4405782""","=""""","=""0.0000004""","=""0.0167944""","=""1.206""","=""  49         :    24  3d3.(4F).4p          3G*  ""","=""L17885"""
"=""3d2.(3P).4s.4p.(3P*)""","=""z 5P*""","=""1""","=""""","=""3.4300726""","=""""","=""0.0000007""","=""-0.0105056""","=""2.460""","=""  95                                            ""","=""L17885"""
"=""3d2.(3P).4s.4p.(3P*)""","=""z 5P*""","=""2""","=""""","=""3.4393512""","=""""","=""0.0000006""","=""0.0092786""","=""1.743""","=""  93                                            ""","=""L17885"""
"=""3d2.(3P).4s.4p.(3P*)""","=""z 5P*""","=""3""","=""""","=""3.4576469""","=""""","=""0.0000005""","=""0.0182957""","=""1.574""","=""  83         :    12  3d2.(1D).4s.4p.(3P*) 3D*  ""","=""L17885"""
"=""3d2.(1D).4s.4p.(1P*)""","=""y 1D*""","=""2""","=""""","=""3.4600286""","=""""","=""0.0000005""","=""0.0023817""","=""1.003""","=""  39         :    24  3d.4s2.4p            1D*  ""","=""L17885"""
"=""3d3.(4F).4p""","=""y 5F*""","=""1""","=""""","=""3.5454909""","=""""","=""0.0000005""","=""0.0854623""","=""0.001""","=""  96                                            ""","=""L17885"""
"=""3d3.(4F).4p""","=""y 5F*""","=""2""","=""""","=""3.5507637""","=""""","=""0.0000004""","=""0.0052728""","=""1.001""","=""  98                                            ""","=""L17885"""
"=""3d3.(4F).4p""","=""y 5F*""","=""3""","=""""","=""3.5586909""","=""""","=""0.0000004""","=""0.0079272""","=""1.249""","=""  98                                            ""","=""L17885"""
"=""3d3.(4F).4p""","=""y 5F*""","=""4""","=""""","=""3.5693042""","=""""","=""0.0000004""","=""0.0106133""","=""1.348""","=""  97                                            ""","=""L17885"""
"=""3d3.(4F).4p""","=""y 5F*""","=""5""","=""""","=""3.5826547""","=""""","=""0.0000006""","=""0.0133505""","=""1.401""","=""  97                                            ""","=""L17885"""
"=""3d4""","=""a 5D""","=""0""","=""""","=""3.5673646""","=""""","=""0.0000009""","=""-0.015290""","=""""","="" 100                                            ""","=""L17885"""
"=""3d4""","=""a 5D""","=""1""","=""""","=""3.5696934""","=""""","=""0.0000005""","=""0.002329""","=""""","="" 100                                            ""","=""L17885"""
"=""3d4""","=""a 5D""","=""2""","=""""","=""3.5742697""","=""""","=""0.0000005""","=""0.0045763""","=""""","="" 100                                            ""","=""L17885"""
"=""3d4""","=""a 5D""","=""3""","=""""","=""3.5809572""","=""""","=""0.0000005""","=""0.0066875""","=""""","="" 100                                            ""","=""L17885"""
"=""3d4""","=""a 5D""","=""4""","=""""","=""3.5895870""","=""""","=""0.0000006""","=""0.0086298""","=""""","="" 100                                            ""","=""L17885"""
"=""3d2.(3F).4s.4p.(1P*)""","=""w 3D*""","=""1""","=""""","=""3.6775263""","=""""","=""0.0000005""","=""0.0879393""","=""0.508""","=""  39         :    22  3d3.(4F).4p          3D*  ""","=""L17885"""
"=""3d2.(3F).4s.4p.(1P*)""","=""w 3D*""","=""2""","=""""","=""3.6908453""","=""""","=""0.0000004""","=""0.0133190""","=""1.167""","=""  41         :    24  3d3.(4F).4p          3D*  ""","=""L17885"""
"=""3d2.(3F).4s.4p.(1P*)""","=""w 3D*""","=""3""","=""""","=""3.7086508""","=""""","=""0.0000004""","=""0.0178055""","=""1.338""","=""  42         :    26  3d3.(4F).4p          3D*  ""","=""L17885"""
"=""3d3.(4F).4p""","=""x 5D*""","=""0""","=""""","=""3.6983385""","=""""","=""0.0000007""","=""-0.0103123""","=""""","=""  94                                            ""","=""L17885"""
"=""3d3.(4F).4p""","=""x 5D*""","=""1""","=""""","=""3.7015799""","=""""","=""0.0000005""","=""0.0032414""","=""1.498""","=""  87         :     8  3d2.(3P).4s.4p.(3P*) 5D*  ""","=""L17885"""
"=""3d3.(4F).4p""","=""x 5D*""","=""2""","=""""","=""3.7080309""","=""""","=""0.0000005""","=""0.0064510""","=""1.497""","=""  86         :     9  3d2.(3P).4s.4p.(3P*) 5D*  ""","=""L17885"""
"=""3d3.(4F).4p""","=""x 5D*""","=""3""","=""""","=""3.7178148""","=""""","=""0.0000004""","=""0.0097839""","=""1.496""","=""  75         :    10  3d2.(3F).4s.4p.(1P*) 3D*  ""","=""L17885"""
"=""3d3.(4F).4p""","=""x 5D*""","=""4""","=""""","=""3.7270072""","=""""","=""0.0000004""","=""0.0091924""","=""1.462""","=""  88         :     7  3d2.(3P).4s.4p.(3P*) 5D*  ""","=""L17885"""
"=""3d2.(1G).4s.4p.(3P*)""","=""x 3G*""","=""3""","=""""","=""3.7089547""","=""""","=""0.0000004""","=""-0.0180525""","=""0.753""","=""  76         :    18  3d2.(3F).4s.4p.(1P*) 3G*  ""","=""L17885"""
"=""3d2.(1G).4s.4p.(3P*)""","=""x 3G*""","=""4""","=""""","=""3.7159411""","=""""","=""0.0000005""","=""0.0069864""","=""1.089""","=""  74         :    17  3d2.(3F).4s.4p.(1P*) 3G*  ""","=""L17885"""
"=""3d2.(1G).4s.4p.(3P*)""","=""x 3G*""","=""5""","=""""","=""3.7243824""","=""""","=""0.0000005""","=""0.0084413""","=""1.201""","=""  75         :    16  3d2.(3F).4s.4p.(1P*) 3G*  ""","=""L17885"""
"=""3d2.(3P).4s.4p.(3P*)""","=""v 3D*""","=""1""","=""""","=""3.8663245""","=""""","=""0.0000004""","=""0.1419421""","=""0.502""","=""  79         :    15  3d2.(1D).4s.4p.(3P*) 3D*  ""","=""L17885"""
"=""3d2.(3P).4s.4p.(3P*)""","=""v 3D*""","=""2""","=""""","=""3.8671501""","=""""","=""0.0000004""","=""0.0008256""","=""1.169""","=""  77         :    16  3d2.(1D).4s.4p.(3P*) 3D*  ""","=""L17885"""
"=""3d2.(3P).4s.4p.(3P*)""","=""v 3D*""","=""3""","=""""","=""3.8690518""","=""""","=""0.0000005""","=""0.0019017""","=""1.334""","=""  77         :    14  3d2.(1D).4s.4p.(3P*) 3D*  ""","=""L17885"""
"=""3d3.(4F).4p""","=""w 3G*""","=""3""","=""""","=""3.8898563""","=""""","=""0.0000004""","=""0.0208045""","=""0.752""","=""  72         :    19  3d2.(3F).4s.4p.(1P*) 3G*  ""","=""L17885"""
"=""3d3.(4F).4p""","=""w 3G*""","=""4""","=""""","=""3.9041974""","=""""","=""0.0000004""","=""0.0143411""","=""1.052""","=""  71         :    21  3d2.(3F).4s.4p.(1P*) 3G*  ""","=""L17885"""
"=""3d3.(4F).4p""","=""w 3G*""","=""5""","=""""","=""3.9214575""","=""""","=""0.0000005""","=""0.0172601""","=""1.202""","=""  73         :    20  3d2.(3F).4s.4p.(1P*) 3G*  ""","=""L17885"""
"=""3d2.(3P).4s.4p.(3P*)""","=""y 3P*""","=""0""","=""""","=""3.9285416""","=""""","=""0.0000007""","=""0.0070841""","=""""","=""  86         :     7  3d3.(2P).4p          3P*  ""","=""L17885"""
"=""3d2.(3P).4s.4p.(3P*)""","=""y 3P*""","=""1""","=""""","=""3.9334737""","=""""","=""0.0000005""","=""0.0049321""","=""1.497""","=""  87         :     7  3d3.(2P).4p          3P*  ""","=""L17885"""
"=""3d2.(3P).4s.4p.(3P*)""","=""y 3P*""","=""2""","=""""","=""3.9434114""","=""""","=""0.0000009""","=""0.009938""","=""1.498""","=""  86         :     8  3d3.(2P).4p          3P*  ""","=""L17885"""
"=""3d2.(1G).4s.4p.(3P*)""","=""z 3H*""","=""4""","=""""","=""3.9464132""","=""""","=""0.0000009""","=""0.003002""","=""0.803""","=""  84         :    12  3d3.(2G).4p          3H*  ""","=""L17885"""
"=""3d2.(1G).4s.4p.(3P*)""","=""z 3H*""","=""5""","=""""","=""3.9568678""","=""""","=""0.0000007""","=""0.010455""","=""1.036""","=""  85         :    11  3d3.(2G).4p          3H*  ""","=""L17885"""
"=""3d2.(1G).4s.4p.(3P*)""","=""z 3H*""","=""6""","=""""","=""3.9691736""","=""""","=""0.0000009""","=""0.012306""","=""1.169""","=""  85         :    12  3d3.(2G).4p          3H*  ""","=""L17885"""
"=""3d3.(2D1).4s""","=""3D""","=""3""","=""""","=""4.0312924""","=""""","=""0.0000005""","=""0.062119""","=""""","=""                                                ""","=""L17885"""
"=""3d3.(2D1).4s""","=""3D""","=""2""","=""""","=""4.0344340""","=""""","=""0.0000005""","=""0.0031416""","=""""","=""                                                ""","=""L17885"""
"=""3d3.(2D1).4s""","=""3D""","=""1""","=""""","=""4.0366055""","=""""","=""0.0000006""","=""0.0021715""","=""""","=""                                                ""","=""L17885"""
"=""3d2.(1D).4s.4p.(1P*)""","=""y 1F*""","=""3""","=""""","=""4.0738384""","=""""","=""0.0000006""","=""0.0372329""","=""0.998""","=""  48         :    34  3d3.(2G).4p          1F*  ""","=""L17885"""
"=""3d3.(4P).4p""","=""x 3P*""","=""0""","=""""","=""4.1020359""","=""""","=""0.0000007""","=""0.0281975""","=""""","=""  38         :    29  3d2.(3P).4s.4p.(1P*) 3P*  ""","=""L17885"""
"=""3d3.(4P).4p""","=""x 3P*""","=""1""","=""""","=""4.1026987""","=""""","=""0.0000005""","=""0.0006628""","=""1.469""","=""  39         :    25  3d2.(3P).4s.4p.(1P*) 3P*  ""","=""L17885"""
"=""3d3.(4P).4p""","=""x 3P*""","=""2""","=""""","=""4.1056648""","=""""","=""0.0000005""","=""0.0029661""","=""1.498""","=""  38         :    29  3d2.(3P).4s.4p.(1P*) 3P*  ""","=""L17885"""
"=""3d3.(4F).4p""","=""w 3F*""","=""2""","=""""","=""4.1727959""","=""""","=""0.0000005""","=""0.0671311""","=""0.669""","=""  58         :    31  3d2.(3F).4s.4p.(1P*) 3F*  ""","=""L17885"""
"=""3d3.(4F).4p""","=""w 3F*""","=""3""","=""""","=""4.1758186""","=""""","=""0.0000005""","=""0.0030227""","=""1.086""","=""  56         :    29  3d2.(3F).4s.4p.(1P*) 3F*  ""","=""L17885"""
"=""3d3.(4F).4p""","=""w 3F*""","=""4""","=""""","=""4.1783771""","=""""","=""0.0000006""","=""0.0025585""","=""1.254""","=""  59         :    28  3d2.(3F).4s.4p.(1P*) 3F*  ""","=""L17885"""
"=""3d2.(1D).4s.4p.(1P*)""","=""z 1P*""","=""1""","=""""","=""4.1733890""","=""""","=""0.0000012""","=""-0.004988""","=""1.101""","=""  39         :    28  3d2.(3P).4s.4p.(3P*) 1P*  ""","=""L17885"""
"=""3d2.(1G).4s.4p.(3P*)""","=""v 3F*""","=""2""","=""""","=""4.2130640""","=""""","=""0.0000005""","=""0.039675""","=""0.664""","=""  82         :     9  3d.4s2.4p            3F*  ""","=""L17885"""
"=""3d2.(1G).4s.4p.(3P*)""","=""v 3F*""","=""3""","=""""","=""4.2252086""","=""""","=""0.0000004""","=""0.0121446""","=""1.085""","=""  83         :     9  3d.4s2.4p            3F*  ""","=""L17885"""
"=""3d2.(1G).4s.4p.(3P*)""","=""v 3F*""","=""4""","=""""","=""4.2408776""","=""""","=""0.0000005""","=""0.0156690""","=""1.252""","=""  83         :    10  3d.4s2.4p            3F*  ""","=""L17885"""
"=""3d4""","=""3P2""","=""0""","=""""","=""4.2426572""","=""""","=""0.0000007""","=""0.0017796""","=""""","=""  56         :    41  3d4                  3P1  ""","=""L17885"""
"=""3d4""","=""3P2""","=""1""","=""""","=""4.2561092""","=""""","=""0.0000006""","=""0.0134520""","=""""","=""  56         :    41  3d4                  3P1  ""","=""L17885"""
"=""3d4""","=""3P2""","=""2""","=""""","=""4.2817927""","=""""","=""0.0000005""","=""0.0256835""","=""""","=""  56         :    41  3d4                  3P1  ""","=""L17885"""
"=""3d3.4d""","=""1D""","=""2""","=""""","=""4.277054""","=""""","=""0.000004""","=""-0.004739""","=""""","=""                                                ""","=""L17885"""
"=""3d3.(2G).4p""","=""z 1H*""","=""5""","=""""","=""4.3022783""","=""""","=""0.0000006""","=""0.025224""","=""1.001""","=""  62         :    21  3d3.(2H).4p          1H*  ""","=""L17885"""
"=""3d2.(3P).4s.4p.(3P*)""","=""y 1P*""","=""1""","=""""","=""4.3328902""","=""""","=""0.0000007""","=""0.0306119""","=""1.031""","=""  59         :    20  3d2.(1D).4s.4p.(1P*) 1P*  ""","=""L17885"""
"=""3d2.(3P).4s.4p.(3P*)""","=""x 1D*""","=""2""","=""""","=""4.3438034""","=""""","=""0.0000007""","=""0.0109132""","=""1.003""","=""  61         :    14  3d2.(3F).4s.4p.(3P*) 1D*  ""","=""L17885"""
"=""3d4""","=""3F2""","=""2""","=""""","=""4.3547497""","=""""","=""0.0000004""","=""0.0109463""","=""""","=""                                                ""","=""L17885"""
"=""3d4""","=""3F2""","=""3""","=""""","=""4.3610824""","=""""","=""0.0000004""","=""0.0063327""","=""""","=""                                                ""","=""L17885"""
"=""3d4""","=""3F2""","=""4""","=""""","=""4.3694757""","=""""","=""0.0000005""","=""0.0083933""","=""""","=""                                                ""","=""L17885"""
"=""3d4""","=""3H""","=""4""","=""""","=""4.3822903""","=""""","=""0.0000005""","=""0.0128146""","=""""","=""                                                ""","=""L17885"""
"=""3d4""","=""3H""","=""5""","=""""","=""4.3890698""","=""""","=""0.0000005""","=""0.0067795""","=""""","=""                                                ""","=""L17885"""
"=""3d4""","=""3H""","=""6""","=""""","=""4.3976572""","=""""","=""0.0000006""","=""0.0085874""","=""""","=""                                                ""","=""L17885"""
"=""3d2.(3P).4s.4p.(1P*)""","=""y 3S*""","=""1""","=""""","=""4.3939071""","=""""","=""0.0000005""","=""-0.0037501""","=""1.935""","=""  64         :    34  3d3.(4P).4p          3S*  ""","=""L17885"""
"=""3d3.(2G).4p""","=""y 3H*""","=""4""","=""""","=""4.3957422""","=""""","=""0.0000007""","=""0.0018351""","=""0.803""","=""  85         :    12  3d2.(1G).4s.4p.(3P*) 3H*  ""","=""L17885"""
"=""3d3.(2G).4p""","=""y 3H*""","=""5""","=""""","=""4.4088345""","=""""","=""0.0000006""","=""0.0130923""","=""1.035""","=""  84         :    13  3d2.(1G).4s.4p.(3P*) 3H*  ""","=""L17885"""
"=""3d3.(2G).4p""","=""y 3H*""","=""6""","=""""","=""4.4243977""","=""""","=""0.0000009""","=""0.015563""","=""1.168""","=""  85         :    12  3d2.(1G).4s.4p.(3P*) 3H*  ""","=""L17885"""
"=""3d3.(4P).4p""","=""w 5D*""","=""0""","=""""","=""4.4018605""","=""""","=""0.0000017""","=""-0.022537""","=""""","=""  97                                            ""","=""L17885"""
"=""3d3.(4P).4p""","=""w 5D*""","=""1""","=""""","=""4.4048794""","=""""","=""0.0000010""","=""0.003019""","=""1.498""","=""  98                                            ""","=""L17885"""
"=""3d3.(4P).4p""","=""w 5D*""","=""2""","=""""","=""4.4109965""","=""""","=""0.0000010""","=""0.006117""","=""1.499""","=""  98                                            ""","=""L17885"""
"=""3d3.(4P).4p""","=""w 5D*""","=""3""","=""""","=""4.4203962""","=""""","=""0.0000006""","=""0.009400""","=""1.500""","=""  98                                            ""","=""L17885"""
"=""3d3.(4P).4p""","=""w 5D*""","=""4""","=""""","=""4.4333518""","=""""","=""0.0000009""","=""0.012956""","=""1.500""","=""  99                                            ""","=""L17885"""
"=""3d2.4s.(4F).5s""","=""e 5F""","=""1""","=""""","=""4.4583613""","=""""","=""0.0000004""","=""0.0250095""","=""0.00""","=""                                                ""","=""L17885"""
"=""3d2.4s.(4F).5s""","=""e 5F""","=""2""","=""""","=""4.4651170""","=""""","=""0.0000004""","=""0.0067557""","=""""","=""                                                ""","=""L17885"""
"=""3d2.4s.(4F).5s""","=""e 5F""","=""3""","=""""","=""4.4754008""","=""""","=""0.0000004""","=""0.0102838""","=""1.24""","=""                                                ""","=""L17885"""
"=""3d2.4s.(4F).5s""","=""e 5F""","=""4""","=""""","=""4.4893350""","=""""","=""0.0000004""","=""0.0139342""","=""1.34""","=""                                                ""","=""L17885"""
"=""3d2.4s.(4F).5s""","=""e 5F""","=""5""","=""""","=""4.5069949""","=""""","=""0.0000004""","=""0.0176599""","=""1.42""","=""                                                ""","=""L17885"""
"=""3d2.(1G).4s.4p.(1P*)""","=""y 1G*""","=""4""","=""""","=""4.4634495""","=""""","=""0.0000006""","=""-0.0435454""","=""1.000""","=""  49         :    30  3d3.(2G).4p          1G*  ""","=""L17885"""
"=""3d4""","=""b 3G""","=""3""","=""""","=""4.4715479""","=""""","=""0.0000004""","=""0.0080984""","=""""","="" 100                                            ""","=""L17885"""
"=""3d4""","=""b 3G""","=""4""","=""""","=""4.4798321""","=""""","=""0.0000004""","=""0.0082842""","=""""","="" 100                                            ""","=""L17885"""
"=""3d4""","=""b 3G""","=""5""","=""""","=""4.4883187""","=""""","=""0.0000006""","=""0.0084866""","=""""","="" 100                                            ""","=""L17885"""
"=""3d3.(4P).4p""","=""y 5P*""","=""1""","=""""","=""4.5004314""","=""""","=""0.0000006""","=""0.0121127""","=""2.486""","=""  96                                            ""","=""L17885"""
"=""3d3.(4P).4p""","=""y 5P*""","=""2""","=""""","=""4.5056692""","=""""","=""0.0000006""","=""0.0052378""","=""1.827""","=""  97                                            ""","=""L17885"""
"=""3d3.(4P).4p""","=""y 5P*""","=""3""","=""""","=""4.5148264""","=""""","=""0.0000007""","=""0.0091572""","=""1.665""","=""  97                                            ""","=""L17885"""
"=""3d3.(2D2).4p""","=""w 3P*""","=""0""","=""""","=""4.5986251""","=""""","=""0.0000009""","=""0.083799""","=""""","=""  47         :    31  3d3.(4P).4p          3P*  ""","=""L17885"""
"=""3d3.(2D2).4p""","=""w 3P*""","=""1""","=""""","=""4.6088632""","=""""","=""0.0000006""","=""0.010238""","=""1.508""","=""  45         :    32  3d3.(4P).4p          3P*  ""","=""L17885"""
"=""3d3.(2D2).4p""","=""w 3P*""","=""2""","=""""","=""4.6277610""","=""""","=""0.0000006""","=""0.0188978""","=""1.503""","=""  46         :    35  3d3.(4P).4p          3P*  ""","=""L17885"""
"=""3d3.(4P).4p""","=""y 5S*""","=""2""","=""""","=""4.6319508""","=""""","=""0.0000006""","=""0.0041898""","=""1.999""","=""  93                                            ""","=""L17885"""
"=""3d2.4s.(4F).5s""","=""e 3F""","=""2""","=""""","=""4.6542257""","=""""","=""0.0000004""","=""0.0222749""","=""0.67""","=""                                                ""","=""L17885"""
"=""3d2.4s.(4F).5s""","=""e 3F""","=""3""","=""""","=""4.6692439""","=""""","=""0.0000004""","=""0.0150182""","=""1.11""","=""                                                ""","=""L17885"""
"=""3d2.4s.(4F).5s""","=""e 3F""","=""4""","=""""","=""4.6896723""","=""""","=""0.0000004""","=""0.0204284""","=""1.27""","=""                                                ""","=""L17885"""
"=""3d3.(2G).4p""","=""v 3G*""","=""3""","=""""","=""4.6562338""","=""""","=""0.0000005""","=""-0.0334385""","=""0.769""","=""  78         :    10  3d2.(1G).4s.4p.(3P*) 3G*  ""","=""L17885"""
"=""3d3.(2G).4p""","=""v 3G*""","=""4""","=""""","=""4.6640244""","=""""","=""0.0000005""","=""0.0077906""","=""1.075""","=""  80         :     9  3d2.(1G).4s.4p.(3P*) 3G*  ""","=""L17885"""
"=""3d3.(2G).4p""","=""v 3G*""","=""5""","=""""","=""4.6730050""","=""""","=""0.0000005""","=""0.0089806""","=""1.198""","=""  81         :     8  3d2.(1G).4s.4p.(3P*) 3G*  ""","=""L17885"""
"=""3d.4s2.4p""","=""x 1F*""","=""3""","=""""","=""4.6646048""","=""""","=""0.0000011""","=""-0.008400""","=""0.989""","=""  46         :    22  3d2.(1G).4s.4p.(1P*) 1F*  ""","=""L17885"""
"=""3d3.(2D2).4p""","=""u 3F*""","=""2""","=""""","=""4.6685866""","=""""","=""0.0000007""","=""0.003982""","=""0.667""","=""  51         :    28  3d3.(2G).4p          3F*  ""","=""L17885"""
"=""3d3.(2D2).4p""","=""u 3F*""","=""3""","=""""","=""4.6796549""","=""""","=""0.0000005""","=""0.0110683""","=""1.078""","=""  47         :    27  3d3.(2G).4p          3F*  ""","=""L17885"""
"=""3d3.(2D2).4p""","=""u 3F*""","=""4""","=""""","=""4.6931041""","=""""","=""0.0000005""","=""0.0134492""","=""1.231""","=""  45         :    28  3d3.(2G).4p          3F*  ""","=""L17885"""
"=""3d2.(3P).4s.4p.(1P*)""","=""u 3D*""","=""1""","=""""","=""4.6930253""","=""""","=""0.0000006""","=""-0.0000788""","=""0.516""","=""  47         :    26  3d3.(2P).4p          3D*  ""","=""L17885"""
"=""3d2.(3P).4s.4p.(1P*)""","=""u 3D*""","=""2""","=""""","=""4.7084969""","=""""","=""0.0000005""","=""0.0154716""","=""1.162""","=""  46         :    24  3d3.(2P).4p          3D*  ""","=""L17885"""
"=""3d2.(3P).4s.4p.(1P*)""","=""u 3D*""","=""3""","=""""","=""4.7311702""","=""""","=""0.0000005""","=""0.0226733""","=""1.331""","=""  48         :    23  3d3.(2P).4p          3D*  ""","=""L17885"""
"=""3d3.(2G).4p""","=""t 3F*""","=""2""","=""""","=""4.7673547""","=""""","=""0.0000005""","=""0.0361845""","=""0.675""","=""  59         :    27  3d3.(2D2).4p         3F*  ""","=""L17885"""
"=""3d3.(2G).4p""","=""t 3F*""","=""3""","=""""","=""4.7788861""","=""""","=""0.0000006""","=""0.0115314""","=""1.086""","=""  58         :    26  3d3.(2D2).4p         3F*  ""","=""L17885"""
"=""3d3.(2G).4p""","=""t 3F*""","=""4""","=""""","=""4.7945586""","=""""","=""0.0000005""","=""0.0156725""","=""1.250""","=""  58         :    29  3d3.(2D2).4p         3F*  ""","=""L17885"""
"=""3d4""","=""3D""","=""2""","=""""","=""4.7704264""","=""""","=""0.0000007""","=""-0.0241322""","=""""","=""                                                ""","=""L17885"""
"=""3d4""","=""3D""","=""3""","=""""","=""4.7704923""","=""""","=""0.0000006""","=""0.0000659""","=""""","=""                                                ""","=""L17885"""
"=""3d4""","=""3D""","=""1""","=""""","=""4.7711318""","=""""","=""0.0000009""","=""0.000640""","=""""","=""                                                ""","=""L17885"""
"=""3d4""","=""1G2""","=""4""","=""""","=""4.7767837""","=""""","=""0.0000007""","=""0.005652""","=""""","=""                                                ""","=""L17885"""
"=""3d3.(2H).4p""","=""z 3I*""","=""5""","=""""","=""4.7824052""","=""""","=""0.0000007""","=""0.0056215""","=""0.834""","="" 100                                            ""","=""L17885"""
"=""3d3.(2H).4p""","=""z 3I*""","=""6""","=""""","=""4.7943310""","=""""","=""0.0000010""","=""0.011926""","=""1.024""","="" 100                                            ""","=""L17885"""
"=""3d3.(2H).4p""","=""z 3I*""","=""7""","=""""","=""4.8080894""","=""""","=""0.0000011""","=""0.013758""","=""1.143""","="" 100                                            ""","=""L17885"""
"=""3d3.(2P).4p""","=""t 3D*""","=""1""","=""""","=""4.7924936""","=""""","=""0.0000005""","=""-0.015596""","=""0.522""","=""  45         :    24  3d.4s2.4p            3D*  ""","=""L17885"""
"=""3d3.(2P).4p""","=""t 3D*""","=""2""","=""""","=""4.7981643""","=""""","=""0.0000006""","=""0.0056707""","=""1.167""","=""  47         :    22  3d.4s2.4p            3D*  ""","=""L17885"""
"=""3d3.(2P).4p""","=""t 3D*""","=""3""","=""""","=""4.8062281""","=""""","=""0.0000006""","=""0.0080638""","=""1.328""","=""  45         :    26  3d.4s2.4p            3D*  ""","=""L17885"""
"=""3d3.(2G).4p""","=""x 1G*""","=""4""","=""""","=""4.8303632""","=""""","=""0.0000006""","=""0.0241351""","=""1.001""","=""  57         :    27  3d3.(2H).4p          1G*  ""","=""L17885"""
"=""3d3.(2D2).4p""","=""x 1P*""","=""1""","=""""","=""4.8450239""","=""""","=""0.0000006""","=""0.0146607""","=""0.981""","=""  74         :    14  3d3.(2P).4p          1P*  ""","=""L17885"""
"=""3d3.(4F).5s""","=""f 5F""","=""1""","=""""","=""4.8486575""","=""""","=""0.0000006""","=""0.0036336""","=""""","=""                                                ""","=""L17885"""
"=""3d3.(4F).5s""","=""f 5F""","=""2""","=""""","=""4.8538921""","=""""","=""0.0000005""","=""0.0052346""","=""""","=""                                                ""","=""L17885"""
"=""3d3.(4F).5s""","=""f 5F""","=""3""","=""""","=""4.8619612""","=""""","=""0.0000004""","=""0.0080691""","=""""","=""                                                ""","=""L17885"""
"=""3d3.(4F).5s""","=""f 5F""","=""4""","=""""","=""4.8728897""","=""""","=""0.0000005""","=""0.0109285""","=""""","=""                                                ""","=""L17885"""
"=""3d3.(4F).5s""","=""f 5F""","=""5""","=""""","=""4.8865701""","=""""","=""0.0000005""","=""0.0136804""","=""""","=""                                                ""","=""L17885"""
"=""3d3.(2H).4p""","=""x 3H*""","=""4""","=""""","=""4.8497606""","=""""","=""0.0000006""","=""-0.0368095""","=""0.804""","=""  93                                            ""","=""L17885"""
"=""3d3.(2H).4p""","=""x 3H*""","=""5""","=""""","=""4.8542421""","=""""","=""0.0000006""","=""0.0044815""","=""1.035""","=""  84         :    13  3d2.(1G).4s.4p.(3P*) 3H*  ""","=""L17885"""
"=""3d3.(2H).4p""","=""x 3H*""","=""6""","=""""","=""4.8599727""","=""""","=""0.0000007""","=""0.0057306""","=""1.167""","=""  85         :    10  3d2.(1G).4s.4p.(3P*) 3H*  ""","=""L17885"""
"=""3d.4s2.4p""","=""w 1D*""","=""2""","=""""","=""4.8683410""","=""""","=""0.0000009""","=""0.008368""","=""1.006""","=""  41         :    28  3d3.(2P).4p          1D*  ""","=""L17885"""
"=""3d3.(4F).5s""","=""f 3F""","=""2""","=""""","=""4.9007125""","=""""","=""0.0000004""","=""0.0323715""","=""""","=""                                                ""","=""L17885"""
"=""3d3.(4F).5s""","=""f 3F""","=""3""","=""""","=""4.91486021""","=""""","=""0.00000025""","=""0.0141477""","=""""","=""                                                ""","=""L17885"""
"=""3d3.(4F).5s""","=""f 3F""","=""4""","=""""","=""4.9328258""","=""""","=""0.0000004""","=""0.0179656""","=""""","=""                                                ""","=""L17885"""
"=""3d3.(2D2).4p""","=""s 3D*""","=""1""","=""""","=""4.9174713""","=""""","=""0.0000006""","=""-0.0153545""","=""0.506""","=""  62         :    17  3d3.(2P).4p          3D*  ""","=""L17885"""
"=""3d3.(2D2).4p""","=""s 3D*""","=""2""","=""""","=""4.9204324""","=""""","=""0.0000006""","=""0.0029611""","=""1.168""","=""  63         :    16  3d3.(2P).4p          3D*  ""","=""L17885"""
"=""3d3.(2D2).4p""","=""s 3D*""","=""3""","=""""","=""4.9240869""","=""""","=""0.0000006""","=""0.0036545""","=""1.327""","=""  62         :    18  3d3.(2P).4p          3D*  ""","=""L17885"""
"=""3d3.(2D2).4p""","=""w 1F*""","=""3""","=""""","=""4.9969298""","=""""","=""0.0000007""","=""0.0728429""","=""1.008""","=""  84         :     8  3d2.(1D).4s.4p.(1P*) 1F*  ""","=""L17885"""
"=""3d3.(2H).4p""","=""z 1I*""","=""6""","=""""","=""4.9990217""","=""""","=""0.0000015""","=""0.002092""","=""1.000""","="" 100                                            ""","=""L17885"""
"=""3d.4s2.4p""","=""v 3P*""","=""0""","=""""","=""5.0051841""","=""""","=""0.0000014""","=""0.006162""","=""""","=""  46         :    27  3d2.(3P).4s.4p.(1P*) 3P*  ""","=""L17885"""
"=""3d.4s2.4p""","=""v 3P*""","=""1""","=""""","=""5.0070395""","=""""","=""0.0000007""","=""0.001855""","=""1.496""","=""  45         :    28  3d2.(3P).4s.4p.(1P*) 3P*  ""","=""L17885"""
"=""3d.4s2.4p""","=""v 3P*""","=""2""","=""""","=""5.0172669""","=""""","=""0.0000007""","=""0.0102274""","=""1.495""","=""  46         :    27  3d2.(3P).4s.4p.(1P*) 3P*  ""","=""L17885"""
"=""3d3.(4P).4p""","=""r 3D*""","=""1""","=""""","=""5.0283049""","=""""","=""0.0000006""","=""0.0110380""","=""0.501""","=""  52         :    27  3d3.(2D2).4p         3D*  ""","=""L17885"""
"=""3d3.(4P).4p""","=""r 3D*""","=""2""","=""""","=""5.0425005""","=""""","=""0.0000006""","=""0.0141956""","=""1.113""","=""  51         :    28  3d3.(2D2).4p         3D*  ""","=""L17885"""
"=""3d3.(4P).4p""","=""r 3D*""","=""3""","=""""","=""5.0640293""","=""""","=""0.0000009""","=""0.021529""","=""1.265""","=""  53         :    29  3d3.(2D2).4p         3D*  ""","=""L17885"""
"=""3d3.(2P).4p""","=""x 3S*""","=""1""","=""""","=""5.0640168""","=""""","=""0.0000025""","=""-0.000012""","=""1.998""","=""  62         :    15  3d.4s2.4p            3P*  ""","=""L17885"""
"=""3d3.(2H).4p""","=""y 1H*""","=""5""","=""""","=""5.0882954""","=""""","=""0.0000007""","=""0.024279""","=""1.007""","=""  52         :    40  3d3.(2G).4p          1H*  ""","=""L17885"""
"=""3d2.4s.(2F).5s""","=""e 1F""","=""3""","=""""","=""5.0941889""","=""""","=""0.0000005""","=""0.0058935""","=""1.01""","=""                                                ""","=""L17885"""
"=""3d3.(2H).4p""","=""3G*""","=""3""","=""""","=""5.1044302""","=""""","=""0.0000006""","=""0.0102413""","=""0.752""","=""  88         :     7  3d2.(3F).4s.4p.(1P*) 3G*  ""","=""L17885"""
"=""3d3.(2H).4p""","=""3G*""","=""4""","=""""","=""5.1150277""","=""""","=""0.0000006""","=""0.0105975""","=""1.051""","=""  89         :     8  3d2.(3F).4s.4p.(1P*) 3G*  ""","=""L17885"""
"=""3d3.(2H).4p""","=""3G*""","=""5""","=""""","=""5.1256981""","=""""","=""0.0000010""","=""0.010670""","=""1.498""","=""  90         :     7  3d2.(3F).4s.4p.(1P*) 3G*  ""","=""L17885"""
"=""3d2.4s.(2F).5s""","=""3F""","=""2""","=""""","=""5.1074519""","=""""","=""0.0000006""","=""-0.018246""","=""""","=""                                                ""","=""L17885"""
"=""3d2.4s.(2F).5s""","=""3F""","=""3""","=""""","=""5.1291018""","=""""","=""0.0000004""","=""0.0216499""","=""""","=""                                                ""","=""L17885"""
"=""3d2.4s.(2F).5s""","=""3F""","=""4""","=""""","=""5.1430142""","=""""","=""0.0000005""","=""0.0139124""","=""""","=""                                                ""","=""L17885"""
"=""3d.4s2.4p""","=""s 3F*""","=""2""","=""""","=""5.1252276""","=""""","=""0.0000007""","=""-0.0177866""","=""0.668""","=""  61         :    21  3d3.(2D2).4p         3F*  ""","=""L17885"""
"=""3d.4s2.4p""","=""s 3F*""","=""3""","=""""","=""5.1400921""","=""""","=""0.0000006""","=""0.0148645""","=""1.146""","=""  64         :    18  3d3.(2D2).4p         3F*  ""","=""L17885"""
"=""3d.4s2.4p""","=""s 3F*""","=""4""","=""""","=""5.1607454""","=""""","=""0.0000007""","=""0.0206533""","=""1.250""","=""  63         :    15  3d3.(2D2).4p         3F*  ""","=""L17885"""
"=""3d3.(2G).4p""","=""v 1F*""","=""3""","=""""","=""5.1558715""","=""""","=""0.0000009""","=""-0.004874""","=""1.008""","=""  48         :    29  3d2.(1D).4s.4p.(1P*) 1F*  ""","=""L17885"""
"=""3d3.(2D1).4s""","=""1D""","=""2""","=""""","=""5.1666158""","=""""","=""0.0000012""","=""0.010744""","=""""","=""                                                ""","=""L17885"""
"=""3d2.4s.(4F).5p""","=""5G*""","=""2""","=""""","=""5.1688110""","=""""","=""0.0000009""","=""0.002195""","=""""","=""                                                ""","=""L17885"""
"=""3d2.4s.(4F).5p""","=""5G*""","=""3""","=""""","=""5.1771933""","=""""","=""0.0000009""","=""0.008382""","=""""","=""                                                ""","=""L17885"""
"=""3d2.4s.(4F).5p""","=""5G*""","=""4""","=""""","=""5.1884518""","=""""","=""0.0000006""","=""0.011259""","=""""","=""                                                ""","=""L17885"""
"=""3d2.4s.(4F).5p""","=""5G*""","=""5""","=""""","=""5.2026537""","=""""","=""0.0000009""","=""0.014202""","=""""","=""                                                ""","=""L17885"""
"=""3d2.4s.(4F).5p""","=""5G*""","=""6""","=""""","=""5.2198237""","=""""","=""0.0000010""","=""0.017170""","=""""","=""                                                ""","=""L17885"""
"=""3d2.4s.(4F).4d""","=""e 5G""","=""2""","=""""","=""5.17192787""","=""""","=""0.00000019""","=""-0.0478958""","=""""","=""                                                ""","=""L17885"""
"=""3d2.4s.(4F).4d""","=""e 5G""","=""3""","=""""","=""5.17727376""","=""""","=""0.00000025""","=""0.0053459""","=""""","=""                                                ""","=""L17885"""
"=""3d2.4s.(4F).4d""","=""e 5G""","=""4""","=""""","=""5.18487149""","=""""","=""0.00000016""","=""0.0075977""","=""1.12""","=""                                                ""","=""L17885"""
"=""3d2.4s.(4F).4d""","=""e 5G""","=""5""","=""""","=""5.19536885""","=""""","=""0.00000019""","=""0.0104974""","=""1.24""","=""                                                ""","=""L17885"""
"=""3d2.4s.(4F).4d""","=""e 5G""","=""6""","=""""","=""5.20970807""","=""""","=""0.00000016""","=""0.0143392""","=""1.34""","=""                                                ""","=""L17885"""
"=""3d2.4s.(4F).4d""","=""e 5H""","=""3""","=""""","=""5.18541754""","=""""","=""0.00000019""","=""-0.0242905""","=""""","=""                                                ""","=""L17885"""
"=""3d2.4s.(4F).4d""","=""e 5H""","=""4""","=""""","=""5.19706950""","=""""","=""0.00000015""","=""0.0116520""","=""""","=""                                                ""","=""L17885"""
"=""3d2.4s.(4F).4d""","=""e 5H""","=""5""","=""""","=""5.20956496""","=""""","=""0.00000014""","=""0.0124955""","=""1.15""","=""                                                ""","=""L17885"""
"=""3d2.4s.(4F).4d""","=""e 5H""","=""6""","=""""","=""5.22267787""","=""""","=""0.00000016""","=""0.0131129""","=""1.22""","=""                                                ""","=""L17885"""
"=""3d2.4s.(4F).4d""","=""e 5H""","=""7""","=""""","=""5.23279984""","=""""","=""0.00000025""","=""0.0101220""","=""1.28""","=""                                                ""","=""L17885"""
"=""3d2.4s.(4F).5p""","=""5F*""","=""1""","=""""","=""5.1892115""","=""""","=""0.0000009""","=""-0.0435883""","=""""","=""                                                ""","=""L17885"""
"=""3d2.4s.(4F).5p""","=""5F*""","=""2""","=""""","=""5.1957317""","=""""","=""0.0000006""","=""0.006520""","=""""","=""                                                ""","=""L17885"""
"=""3d2.4s.(4F).5p""","=""5F*""","=""3""","=""""","=""5.2055635""","=""""","=""0.0000012""","=""0.009832""","=""""","=""                                                ""","=""L17885"""
"=""3d2.4s.(4F).5p""","=""5F*""","=""4""","=""""","=""5.2187721""","=""""","=""0.0000007""","=""0.013209""","=""""","=""                                                ""","=""L17885"""
"=""3d2.4s.(4F).5p""","=""5F*""","=""5""","=""""","=""5.2353419""","=""""","=""0.0000007""","=""0.0165698""","=""""","=""                                                ""","=""L17885"""
"=""3d2.4s.(4F).4d""","=""3G""","=""3""","=""""","=""5.19094329""","=""""","=""0.00000017""","=""-0.0443986""","=""""","=""                                                ""","=""L17885"""
"=""3d2.4s.(4F).4d""","=""3G""","=""4""","=""""","=""5.20428941""","=""""","=""0.00000019""","=""0.0133461""","=""""","=""                                                ""","=""L17885"""
"=""3d2.4s.(4F).4d""","=""3G""","=""5""","=""""","=""5.22837020""","=""""","=""0.00000016""","=""0.0240808""","=""""","=""                                                ""","=""L17885"""
"=""3d2.4s.(4F).4d""","=""e 5D""","=""0""","=""""","=""5.1913876""","=""""","=""0.0000006""","=""-0.0369826""","=""""","=""                                                ""","=""L17885"""
"=""3d2.4s.(4F).4d""","=""e 5D""","=""1""","=""""","=""5.19510865""","=""""","=""0.00000019""","=""0.0037211""","=""""","=""                                                ""","=""L17885"""
"=""3d2.4s.(4F).4d""","=""e 5D""","=""2""","=""""","=""5.20218892""","=""""","=""0.00000016""","=""0.0070803""","=""""","=""                                                ""","=""L17885"""
"=""3d2.4s.(4F).4d""","=""e 5D""","=""3""","=""""","=""5.21387919""","=""""","=""0.00000015""","=""0.0116903""","=""""","=""                                                ""","=""L17885"""
"=""3d2.4s.(4F).4d""","=""e 5D""","=""4""","=""""","=""5.23022705""","=""""","=""0.00000012""","=""0.0163479""","=""""","=""                                                ""","=""L17885"""
"=""3d2.4s.(4F).4d""","=""g 3F""","=""2""","=""""","=""5.19144952""","=""""","=""0.00000021""","=""-0.0387775""","=""""","=""                                                ""","=""L17885"""
"=""3d2.4s.(4F).4d""","=""g 3F""","=""3""","=""""","=""5.20591373""","=""""","=""0.00000015""","=""0.0144642""","=""""","=""                                                ""","=""L17885"""
"=""3d2.4s.(4F).4d""","=""g 3F""","=""4""","=""""","=""5.22060940""","=""""","=""0.00000011""","=""0.0146957""","=""""","=""                                                ""","=""L17885"""
"=""3d3.(2P).4p""","=""u 3P*""","=""2""","=""""","=""5.1984747""","=""""","=""0.0000011""","=""-0.022135""","=""1.498""","=""  41         :    28  3d3.(2D2).4p         3P*  ""","=""L17885"""
"=""3d3.(2P).4p""","=""u 3P*""","=""1""","=""""","=""5.2003788""","=""""","=""0.0000007""","=""0.001904""","=""1.497""","=""  44         :    31  3d3.(2D2).4p         3P*  ""","=""L17885"""
"=""3d3.(2P).4p""","=""u 3P*""","=""0""","=""""","=""5.2022893""","=""""","=""0.0000012""","=""0.001911""","=""""","=""  42         :    32  3d3.(2D2).4p         3P*  ""","=""L17885"""
"=""3d.4s2.4p""","=""q 3D*""","=""1""","=""""","=""5.2254812""","=""""","=""0.0000006""","=""0.023192""","=""0.510""","=""  42         :    24  3d2.(3P).4s.4p.(1P*) 3D*  ""","=""L17885"""
"=""3d.4s2.4p""","=""q 3D*""","=""2""","=""""","=""5.2329707""","=""""","=""0.0000006""","=""0.0074895""","=""1.163""","=""  40         :    19  3d2.(3P).4s.4p.(1P*) 3D*  ""","=""L17885"""
"=""3d.4s2.4p""","=""q 3D*""","=""3""","=""""","=""5.2459282""","=""""","=""0.0000006""","=""0.0129575""","=""1.332""","=""  49         :    21  3d3.(2F).4p          3D*  ""","=""L17885"""
"=""3d2.4s.(4F).5p""","=""5D*""","=""0""","=""""","=""5.2262405""","=""""","=""0.0000011""","=""-0.019688""","=""""","=""                                                ""","=""L17885"""
"=""3d2.4s.(4F).5p""","=""5D*""","=""1""","=""""","=""5.2313829""","=""""","=""0.0000005""","=""0.005142""","=""""","=""                                                ""","=""L17885"""
"=""3d2.4s.(4F).5p""","=""5D*""","=""2""","=""""","=""5.2407782""","=""""","=""0.0000009""","=""0.009395""","=""""","=""                                                ""","=""L17885"""
"=""3d2.4s.(4F).5p""","=""5D*""","=""3""","=""""","=""5.2540158""","=""""","=""0.0000007""","=""0.013238""","=""""","=""                                                ""","=""L17885"""
"=""3d2.4s.(4F).5p""","=""5D*""","=""4""","=""""","=""5.2699883""","=""""","=""0.0000011""","=""0.015972""","=""""","=""                                                ""","=""L17885"""
"=""3d2.4s.4d""","=""3P""","=""1""","=""""","=""5.23099521""","=""""","=""0.00000024""","=""-0.0389931""","=""""","=""                                                ""","=""L17885"""
"=""3d2.4s.4d""","=""3P""","=""2""","=""""","=""5.25281025""","=""""","=""0.00000015""","=""0.0218150""","=""""","=""                                                ""","=""L17885"""
"=""3d2.4s.(4F).4d""","=""3H""","=""4""","=""""","=""5.23396428""","=""""","=""0.00000014""","=""-0.0188460""","=""""","=""                                                ""","=""L17885"""
"=""3d2.4s.(4F).4d""","=""3H""","=""5""","=""""","=""5.25297410""","=""""","=""0.00000015""","=""0.0190098""","=""""","=""                                                ""","=""L17885"""
"=""3d2.4s.(4F).4d""","=""3H""","=""6""","=""""","=""5.27308384""","=""""","=""0.00000020""","=""0.0201097""","=""""","=""                                                ""","=""L17885"""
"=""3d2.4s.(4F).4d""","=""e 5P""","=""1""","=""""","=""5.28314660""","=""""","=""0.00000021""","=""0.0100628""","=""""","=""                                                ""","=""L17885"""
"=""3d2.4s.(4F).4d""","=""e 5P""","=""2""","=""""","=""5.29709910""","=""""","=""0.00000016""","=""0.0139525""","=""""","=""                                                ""","=""L17885"""
"=""3d2.4s.(4F).4d""","=""e 5P""","=""3""","=""""","=""5.31380976""","=""""","=""0.00000016""","=""0.0167107""","=""1.64""","=""                                                ""","=""L17885"""
"=""3d2.4s.(4F).4d""","=""3D""","=""1""","=""""","=""5.28846755""","=""""","=""0.00000019""","=""-0.0253422""","=""""","=""                                                ""","=""L17885"""
"=""3d2.4s.(4F).4d""","=""3D""","=""2""","=""""","=""5.30282580""","=""""","=""0.00000017""","=""0.0143582""","=""""","=""                                                ""","=""L17885"""
"=""3d2.4s.(4F).4d""","=""3D""","=""3""","=""""","=""5.31969983""","=""""","=""0.00000021""","=""0.0168740""","=""""","=""                                                ""","=""L17885"""
"=""3d3.(2P).4p""","=""1D*""","=""2""","=""""","=""5.3223115""","=""""","=""0.0000009""","=""0.0026117""","=""1.001""","=""  41         :    19  3d.4s2.4p            1D*  ""","=""L17885"""
"=""3d4""","=""3F1""","=""2""","=""""","=""5.3260006""","=""""","=""0.0000004""","=""0.0036891""","=""""","=""                                                ""","=""L17885"""
"=""3d4""","=""3F1""","=""3""","=""""","=""5.32709451""","=""""","=""0.00000022""","=""0.0010939""","=""""","=""                                                ""","=""L17885"""
"=""3d4""","=""3F1""","=""4""","=""""","=""5.33249760""","=""""","=""0.00000021""","=""0.0054031""","=""""","=""                                                ""","=""L17885"""
"=""3d2.4s.(4F).4d""","=""g 5F""","=""1""","=""""","=""5.33552769""","=""""","=""0.00000025""","=""0.0030301""","=""""","=""                                                ""","=""L17885"""
"=""3d2.4s.(4F).4d""","=""g 5F""","=""2""","=""""","=""5.34135857""","=""""","=""0.00000016""","=""0.0058309""","=""""","=""                                                ""","=""L17885"""
"=""3d2.4s.(4F).4d""","=""g 5F""","=""3""","=""""","=""5.34969402""","=""""","=""0.00000014""","=""0.0083355""","=""""","=""                                                ""","=""L17885"""
"=""3d2.4s.(4F).4d""","=""g 5F""","=""4""","=""""","=""5.36008366""","=""""","=""0.00000014""","=""0.0103896""","=""""","=""                                                ""","=""L17885"""
"=""3d2.4s.(4F).4d""","=""g 5F""","=""5""","=""""","=""5.37223614""","=""""","=""0.00000015""","=""0.0121525""","=""""","=""                                                ""","=""L17885"""
"=""3d4""","=""1F""","=""3""","=""""","=""5.3822854""","=""""","=""0.0000009""","=""0.0100493""","=""""","=""                                                ""","=""L17885"""
"=""3d2.4s.(4F).5p""","=""r 3F*""","=""2""","=""""","=""5.3892877""","=""""","=""0.0000006""","=""0.007002""","=""""","=""                                                ""","=""L17885"""
"=""3d2.4s.(4F).5p""","=""r 3F*""","=""3""","=""""","=""5.4036473""","=""""","=""0.0000005""","=""0.0143596""","=""""","=""                                                ""","=""L17885"""
"=""3d2.4s.(4F).5p""","=""r 3F*""","=""4""","=""""","=""5.4236631""","=""""","=""0.0000006""","=""0.0200158""","=""""","=""                                                ""","=""L17885"""
"=""3d3.(4F).4d""","=""5G""","=""2""","=""""","=""5.40473409""","=""""","=""0.00000024""","=""-0.0189290""","=""""","=""                                                ""","=""L17885"""
"=""3d3.(4F).4d""","=""5G""","=""3""","=""""","=""5.41024129""","=""""","=""0.00000019""","=""0.0055072""","=""""","=""                                                ""","=""L17885"""
"=""3d3.(4F).4d""","=""5G""","=""4""","=""""","=""5.41798781""","=""""","=""0.00000017""","=""0.0077465""","=""""","=""                                                ""","=""L17885"""
"=""3d3.(4F).4d""","=""5G""","=""5""","=""""","=""5.42825576""","=""""","=""0.00000016""","=""0.0102680""","=""""","=""                                                ""","=""L17885"""
"=""3d3.(4F).4d""","=""5G""","=""6""","=""""","=""5.44142728""","=""""","=""0.00000017""","=""0.0131715""","=""""","=""                                                ""","=""L17885"""
"=""3d3.(2D2).4p""","=""u 1D*""","=""2""","=""""","=""5.4304423""","=""""","=""0.0000009""","=""-0.0109850""","=""1.002""","=""  45         :    26  3d2.(1D).4s.4p.(1P*) 1D*  ""","=""L17885"""
"=""3d3.(4F).5p""","=""5G*""","=""2""","=""""","=""5.4322625""","=""""","=""0.0000012""","=""0.001820""","=""""","=""                                                ""","=""L17885"""
"=""3d3.(4F).5p""","=""5G*""","=""3""","=""""","=""5.4389704""","=""""","=""0.0000011""","=""0.006708""","=""""","=""                                                ""","=""L17885"""
"=""3d3.(4F).5p""","=""5G*""","=""4""","=""""","=""5.4479511""","=""""","=""0.0000009""","=""0.008981""","=""""","=""                                                ""","=""L17885"""
"=""3d3.(4F).5p""","=""5G*""","=""5""","=""""","=""5.4591785""","=""""","=""0.0000011""","=""0.011227""","=""""","=""                                                ""","=""L17885"""
"=""3d3.(4F).5p""","=""5G*""","=""6""","=""""","=""5.4726343""","=""""","=""0.0000015""","=""0.013456""","=""""","=""                                                ""","=""L17885"""
"=""3d3.(4F).4d""","=""f 5H""","=""3""","=""""","=""5.43593108""","=""""","=""0.00000025""","=""-0.0367032""","=""""","=""                                                ""","=""L17885"""
"=""3d3.(4F).4d""","=""f 5H""","=""4""","=""""","=""5.44311148""","=""""","=""0.00000019""","=""0.0071804""","=""0.91""","=""                                                ""","=""L17885"""
"=""3d3.(4F).4d""","=""f 5H""","=""5""","=""""","=""5.45177697""","=""""","=""0.00000020""","=""0.0086655""","=""1.11""","=""                                                ""","=""L17885"""
"=""3d3.(4F).4d""","=""f 5H""","=""6""","=""""","=""5.46166947""","=""""","=""0.00000021""","=""0.0098925""","=""1.21""","=""                                                ""","=""L17885"""
"=""3d3.(4F).4d""","=""f 5H""","=""7""","=""""","=""5.4720002""","=""""","=""0.0000005""","=""0.0103307""","=""1.29""","=""                                                ""","=""L17885"""
"=""3d3.(4F).4d""","=""5F""","=""1""","=""""","=""5.4398704""","=""""","=""0.0000004""","=""-0.0321298""","=""""","=""                                                ""","=""L17885"""
"=""3d3.(4F).4d""","=""5F""","=""2""","=""""","=""5.44464767""","=""""","=""0.00000021""","=""0.0047773""","=""""","=""                                                ""","=""L17885"""
"=""3d3.(4F).4d""","=""5F""","=""3""","=""""","=""5.45154131""","=""""","=""0.00000019""","=""0.0068936""","=""""","=""                                                ""","=""L17885"""
"=""3d3.(4F).4d""","=""5F""","=""4""","=""""","=""5.46027577""","=""""","=""0.00000016""","=""0.0087345""","=""""","=""                                                ""","=""L17885"""
"=""3d3.(4F).4d""","=""5F""","=""5""","=""""","=""5.47055253""","=""""","=""0.00000019""","=""0.0102768""","=""""","=""                                                ""","=""L17885"""
"=""3d2.4s.(4F).5p""","=""o 3D*""","=""1""","=""""","=""5.4522938""","=""""","=""0.0000010""","=""-0.0182587""","=""""","=""                                                ""","=""L17885"""
"=""3d2.4s.(4F).5p""","=""o 3D*""","=""2""","=""""","=""5.4651938""","=""""","=""0.0000007""","=""0.012900""","=""""","=""                                                ""","=""L17885"""
"=""3d2.4s.(4F).5p""","=""o 3D*""","=""3""","=""""","=""5.4842699""","=""""","=""0.0000007""","=""0.0190761""","=""""","=""                                                ""","=""L17885"""
"=""3d3.4d""","=""5P""","=""2""","=""""","=""5.45287117""","=""""","=""0.00000025""","=""-0.0313987""","=""""","=""                                                ""","=""L17885"""
"=""3d3.4d""","=""5P""","=""3""","=""""","=""5.46901639""","=""""","=""0.00000025""","=""0.0161452""","=""""","=""                                                ""","=""L17885"""
"=""3d2.4s.(4F).5p""","=""3G*""","=""3""","=""""","=""5.4745962""","=""""","=""0.0000006""","=""0.0055798""","=""""","=""                                                ""","=""L17885"""
"=""3d2.4s.(4F).5p""","=""3G*""","=""4""","=""""","=""5.4871808""","=""""","=""0.0000005""","=""0.0125846""","=""""","=""                                                ""","=""L17885"""
"=""3d2.4s.(4F).5p""","=""3G*""","=""5""","=""""","=""5.5018608""","=""""","=""0.0000007""","=""0.0146800""","=""""","=""                                                ""","=""L17885"""
"=""3d2.(1G).4s.4p.(1P*)""","=""x 1H*""","=""5""","=""""","=""5.4755429""","=""""","=""0.0000011""","=""-0.026318""","=""1.000""","=""  73         :    20  3d3.(2H).4p          1H*  ""","=""L17885"""
"=""3d3.(4F).5p""","=""5F*""","=""1""","=""""","=""5.4779812""","=""""","=""0.0000012""","=""0.002438""","=""""","=""                                                ""","=""L17885"""
"=""3d3.(4F).5p""","=""5F*""","=""2""","=""""","=""5.4828813""","=""""","=""0.0000014""","=""0.004900""","=""""","=""                                                ""","=""L17885"""
"=""3d3.(4F).5p""","=""5F*""","=""3""","=""""","=""5.4905449""","=""""","=""0.0000009""","=""0.007664""","=""""","=""                                                ""","=""L17885"""
"=""3d3.(4F).5p""","=""5F*""","=""4""","=""""","=""5.5011052""","=""""","=""0.0000011""","=""0.010560""","=""""","=""                                                ""","=""L17885"""
"=""3d3.(4F).5p""","=""5F*""","=""5""","=""""","=""5.5144769""","=""""","=""0.0000009""","=""0.013372""","=""""","=""                                                ""","=""L17885"""
"=""3d3.(4F).5p""","=""5D*""","=""0""","=""""","=""5.4927552""","=""""","=""0.0000014""","=""-0.021722""","=""""","=""                                                ""","=""L17885"""
"=""3d3.(4F).5p""","=""5D*""","=""1""","=""""","=""5.4964041""","=""""","=""0.0000011""","=""0.003649""","=""""","=""                                                ""","=""L17885"""
"=""3d3.(4F).5p""","=""5D*""","=""2""","=""""","=""5.5035739""","=""""","=""0.0000010""","=""0.007170""","=""""","=""                                                ""","=""L17885"""
"=""3d3.(4F).5p""","=""5D*""","=""3""","=""""","=""5.5139923""","=""""","=""0.0000011""","=""0.010418""","=""""","=""                                                ""","=""L17885"""
"=""3d3.(4F).5p""","=""5D*""","=""4""","=""""","=""5.5269259""","=""""","=""0.0000011""","=""0.012934""","=""""","=""                                                ""","=""L17885"""
"=""3d4""","=""3P1""","=""2""","=""""","=""5.5360591""","=""""","=""0.0000004""","=""0.009133""","=""""","=""                                                ""","=""L17885"""
"=""3d3.(4F).5p""","=""3F*""","=""2""","=""""","=""5.5587872""","=""""","=""0.0000004""","=""0.0227281""","=""""","=""                                                ""","=""L17885"""
"=""3d3.(4F).5p""","=""3F*""","=""3""","=""""","=""5.5697395""","=""""","=""0.0000009""","=""0.0109523""","=""""","=""                                                ""","=""L17885"""
"=""3d3.(4F).5p""","=""3F*""","=""4""","=""""","=""5.5843667""","=""""","=""0.0000007""","=""0.014627""","=""""","=""                                                ""","=""L17885"""
"=""3d3.(4P).4p""","=""w 3S*""","=""1""","=""""","=""5.5616682""","=""""","=""0.0000011""","=""-0.022699""","=""""","=""                                                ""","=""L17885"""
"=""3d3.(4F).5p""","=""n 3D*""","=""1""","=""""","=""5.5751388""","=""""","=""0.0000025""","=""0.013471""","=""""","=""                                                ""","=""L17885"""
"=""3d3.(4F).5p""","=""n 3D*""","=""2""","=""""","=""5.5872166""","=""""","=""0.0000022""","=""0.012078""","=""""","=""                                                ""","=""L17885"""
"=""3d3.(4F).5p""","=""n 3D*""","=""3""","=""""","=""5.6048915""","=""""","=""0.0000019""","=""0.017675""","=""""","=""                                                ""","=""L17885"""
"=""3d3.(4F).5p""","=""3G*""","=""3""","=""""","=""5.5794973""","=""""","=""0.0000007""","=""-0.025394""","=""""","=""                                                ""","=""L17885"""
"=""3d3.(4F).5p""","=""3G*""","=""4""","=""""","=""5.5914035""","=""""","=""0.0000010""","=""0.011906""","=""""","=""                                                ""","=""L17885"""
"=""3d3.(4F).5p""","=""3G*""","=""5""","=""""","=""5.6055244""","=""""","=""0.0000007""","=""0.014121""","=""""","=""                                                ""","=""L17885"""
"=""3d2.4s.(2P).4p""","=""3P*""","=""0""","=""""","=""5.5843536""","=""""","=""0.0000014""","=""-0.021171""","=""""","=""                                                ""","=""L17885"""
"=""3d2.4s.(2P).4p""","=""3P*""","=""1""","=""""","=""5.5905106""","=""""","=""0.0000010""","=""0.006157""","=""""","=""                                                ""","=""L17885"""
"=""3d2.4s.(2P).4p""","=""3P*""","=""2""","=""""","=""5.6013539""","=""""","=""0.0000011""","=""0.010843""","=""""","=""                                                ""","=""L17885"""
"=""3d2.4s.(2D).5s""","=""3D""","=""1""","=""""","=""5.5908475""","=""""","=""0.0000007""","=""-0.010506""","=""""","=""                                                ""","=""L17885"""
"=""3d2.4s.(2D).5s""","=""3D""","=""2""","=""""","=""5.5913554""","=""""","=""0.0000009""","=""0.000508""","=""""","=""                                                ""","=""L17885"""
"=""3d2.4s.(2D).5s""","=""3D""","=""3""","=""""","=""5.5919826""","=""""","=""0.0000010""","=""0.000627""","=""""","=""                                                ""","=""L17885"""
"=""3d2.4s.(2F).4d""","=""3G""","=""3""","=""""","=""5.6293235""","=""""","=""0.0000006""","=""0.037341""","=""""","=""                                                ""","=""L17885"""
"=""3d2.4s.(2F).4d""","=""3G""","=""4""","=""""","=""5.6411341""","=""""","=""0.0000007""","=""0.0118106""","=""""","=""                                                ""","=""L17885"""
"=""3d2.4s.(2F).4d""","=""3G""","=""5""","=""""","=""5.6574213""","=""""","=""0.0000007""","=""0.0162872""","=""""","=""                                                ""","=""L17885"""
"=""3d2.4s.(2F).4d""","=""f 3H""","=""4""","=""""","=""5.6687885""","=""""","=""0.0000007""","=""0.0113672""","=""0.80""","=""                                                ""","=""L17885"""
"=""3d2.4s.(2F).4d""","=""f 3H""","=""5""","=""""","=""5.6825115""","=""""","=""0.0000007""","=""0.0137230""","=""1.03""","=""                                                ""","=""L17885"""
"=""3d2.4s.(2F).4d""","=""f 3H""","=""6""","=""""","=""5.6983673""","=""""","=""0.0000010""","=""0.015856""","=""1.17""","=""                                                ""","=""L17885"""
"=""3d2.4s.(4F).6s""","=""h 5F""","=""1""","=""""","=""5.6740825""","=""""","=""0.0000007""","=""-0.024285""","=""""","=""                                                ""","=""L17885"""
"=""3d2.4s.(4F).6s""","=""h 5F""","=""2""","=""""","=""5.6800800""","=""""","=""0.0000005""","=""0.0059975""","=""""","=""                                                ""","=""L17885"""
"=""3d2.4s.(4F).6s""","=""h 5F""","=""3""","=""""","=""5.6900306""","=""""","=""0.0000006""","=""0.0099506""","=""""","=""                                                ""","=""L17885"""
"=""3d2.4s.(4F).6s""","=""h 5F""","=""4""","=""""","=""5.7042086""","=""""","=""0.0000006""","=""0.0141780""","=""""","=""                                                ""","=""L17885"""
"=""3d2.4s.(4F).6s""","=""h 5F""","=""5""","=""""","=""5.7228278""","=""""","=""0.0000006""","=""0.0186192""","=""""","=""                                                ""","=""L17885"""
"=""3d2.4s.(2F).4d""","=""3F""","=""2""","=""""","=""5.6756587""","=""""","=""0.0000010""","=""-0.047169""","=""""","=""                                                ""","=""L17885"""
"=""3d2.4s.(2F).4d""","=""3F""","=""3""","=""""","=""5.6831502""","=""""","=""0.0000009""","=""0.007492""","=""""","=""                                                ""","=""L17885"""
"=""3d2.4s.(2F).4d""","=""3F""","=""4""","=""""","=""5.6947198""","=""""","=""0.0000012""","=""0.011570""","=""""","=""                                                ""","=""L17885"""
"=""3d2.4s.(2F).4d""","=""e 1G""","=""4""","=""""","=""5.7116945""","=""""","=""0.0000007""","=""0.016975""","=""""","=""                                                ""","=""L17885"""
"=""3d2.4s.(2F).5p""","=""u 1G*""","=""4""","=""""","=""5.7352050""","=""""","=""0.0000011""","=""0.023510""","=""""","=""                                                ""","=""L17885"""
"=""3d3.(2P).4p""","=""1P*""","=""1""","=""""","=""5.7479629""","=""""","=""0.0000011""","=""0.012758""","=""""","=""                                                ""","=""L17885"""
"=""3d2.4s.(2D).5s""","=""1D""","=""2""","=""""","=""5.7792756""","=""""","=""0.0000007""","=""0.031313""","=""""","=""                                                ""","=""L17885"""
"=""3d2.4s.(2F).4d""","=""f 1F""","=""3""","=""""","=""5.7839122""","=""""","=""0.0000014""","=""0.004637""","=""""","=""                                                ""","=""L17885"""
"=""3d3.(2F).4p""","=""3G*""","=""3""","=""""","=""5.7932110""","=""""","=""0.0000015""","=""0.009299""","=""0.756""","=""  86         :    10  3d3.(2F).4p          3F*  ""","=""L17885"""
"=""3d3.(2F).4p""","=""3G*""","=""4""","=""""","=""5.8071699""","=""""","=""0.0000007""","=""0.013959""","=""1.054""","=""  85         :    11  3d3.(2F).4p          3F*  ""","=""L17885"""
"=""3d3.(2F).4p""","=""3G*""","=""5""","=""""","=""5.8300268""","=""""","=""0.0000009""","=""0.022857""","=""1.203""","=""  97                                            ""","=""L17885"""
"=""3d2.4p2""","=""g 5G""","=""2""","=""""","=""5.8203032""","=""""","=""0.0000007""","=""-0.009724""","=""""","=""                                                ""","=""L17885"""
"=""3d2.4p2""","=""g 5G""","=""3""","=""""","=""5.8310054""","=""""","=""0.0000011""","=""0.010702""","=""""","=""                                                ""","=""L17885"""
"=""3d2.4p2""","=""g 5G""","=""4""","=""""","=""5.8445823""","=""""","=""0.0000007""","=""0.013577""","=""""","=""                                                ""","=""L17885"""
"=""3d2.4p2""","=""g 5G""","=""5""","=""""","=""5.8620458""","=""""","=""0.0000007""","=""0.0174635""","=""""","=""                                                ""","=""L17885"""
"=""3d2.4p2""","=""g 5G""","=""6""","=""""","=""5.8826391""","=""""","=""0.0000015""","=""0.020593""","=""""","=""                                                ""","=""L17885"""
"=""3d3.(2F).4p""","=""p 3F*""","=""2""","=""""","=""5.8505052""","=""""","=""0.0000011""","=""-0.032134""","=""0.668""","=""  94                                            ""","=""L17885"""
"=""3d3.(2F).4p""","=""p 3F*""","=""3""","=""""","=""5.8622069""","=""""","=""0.0000011""","=""0.011702""","=""1.078""","=""  83         :    11  3d3.(2F).4p          3G*  ""","=""L17885"""
"=""3d3.(2F).4p""","=""p 3F*""","=""4""","=""""","=""5.8846787""","=""""","=""0.0000010""","=""0.022472""","=""1.243""","=""  84         :    12  3d3.(2F).4p          3G*  ""","=""L17885"""
"=""3d2.4s.(4F).5d""","=""g 5H""","=""3""","=""""","=""5.931449""","=""""","=""0.000004""","=""0.046770""","=""""","=""                                                ""","=""L17885"""
"=""3d2.4s.(4F).5d""","=""g 5H""","=""4""","=""""","=""5.9405231""","=""""","=""0.0000025""","=""0.009074""","=""""","=""                                                ""","=""L17885"""
"=""3d2.4s.(4F).5d""","=""g 5H""","=""5""","=""""","=""5.9505444""","=""""","=""0.0000009""","=""0.010021""","=""""","=""                                                ""","=""L17885"""
"=""3d2.4s.(4F).5d""","=""g 5H""","=""6""","=""""","=""5.9644656""","=""""","=""0.0000011""","=""0.013921""","=""""","=""                                                ""","=""L17885"""
"=""3d2.4s.(4F).5d""","=""g 5H""","=""7""","=""""","=""5.9838128""","=""""","=""0.0000011""","=""0.019347""","=""""","=""                                                ""","=""L17885"""
"=""3d2.4s.(4F).5d""","=""h 5G""","=""2""","=""""","=""5.9351819""","=""""","=""0.0000025""","=""-0.048631""","=""""","=""                                                ""","=""L17885"""
"=""3d2.4s.(4F).5d""","=""h 5G""","=""3""","=""""","=""5.943397""","=""""","=""0.000004""","=""0.008215""","=""""","=""                                                ""","=""L17885"""
"=""3d2.4s.(4F).5d""","=""h 5G""","=""4""","=""""","=""5.9534848""","=""""","=""0.0000014""","=""0.010088""","=""""","=""                                                ""","=""L17885"""
"=""3d2.4s.(4F).5d""","=""h 5G""","=""5""","=""""","=""5.9660372""","=""""","=""0.0000016""","=""0.012552""","=""""","=""                                                ""","=""L17885"""
"=""3d2.4s.(4F).5d""","=""h 5G""","=""6""","=""""","=""5.9801770""","=""""","=""0.0000010""","=""0.014140""","=""""","=""                                                ""","=""L17885"""
"=""3d3.(2G).5s""","=""1G""","=""4""","=""""","=""5.9455414""","=""""","=""0.0000009""","=""-0.034636""","=""""","=""                                                ""","=""L17885"""
"=""3d2.4s.(4F<3/2>).4f""","=""2[7/2]*""","=""3""","=""""","=""5.95099326""","=""""","=""0.00000020""","=""0.0054519""","=""""","=""                                                ""","=""L17885"""
"=""3d2.4s.(4F<3/2>).4f""","=""2[7/2]*""","=""4""","=""""","=""5.95153539""","=""""","=""0.00000019""","=""0.0005421""","=""""","=""                                                ""","=""L17885"""
"=""3d2.4s.(4F<3/2>).4f""","=""2[9/2]*""","=""4""","=""""","=""5.95224686""","=""""","=""0.00000020""","=""0.0007115""","=""""","=""                                                ""","=""L17885"""
"=""3d2.4s.(4F<3/2>).4f""","=""2[9/2]*""","=""5""","=""""","=""5.95276849""","=""""","=""0.00000016""","=""0.0005216""","=""""","=""                                                ""","=""L17885"""
"=""3d2.4s.(4F<3/2>).4f""","=""2[5/2]*""","=""3""","=""""","=""5.95253053""","=""""","=""0.00000016""","=""-0.0002380""","=""""","=""                                                ""","=""L17885"""
"=""3d2.4s.(4F<3/2>).4f""","=""2[5/2]*""","=""2""","=""""","=""5.95255371""","=""""","=""0.00000024""","=""0.0000232""","=""""","=""                                                ""","=""L17885"""
"=""3d2.4s.(4F<3/2>).4f""","=""2[3/2]*""","=""1""","=""""","=""5.9528584""","=""""","=""0.0000004""","=""0.0003047""","=""""","=""                                                ""","=""L17885"""
"=""3d2.4s.(4F<3/2>).4f""","=""2[3/2]*""","=""2""","=""""","=""5.95311964""","=""""","=""0.00000019""","=""0.0002612""","=""""","=""                                                ""","=""L17885"""
"=""3d2.4p2""","=""5F""","=""1""","=""""","=""5.9572348""","=""""","=""0.0000012""","=""0.0041152""","=""""","=""                                                ""","=""L17885"""
"=""3d2.4p2""","=""5F""","=""2""","=""""","=""5.9645614""","=""""","=""0.0000011""","=""0.007327""","=""""","=""                                                ""","=""L17885"""
"=""3d2.4p2""","=""5F""","=""3""","=""""","=""5.9771402""","=""""","=""0.0000011""","=""0.012579""","=""""","=""                                                ""","=""L17885"""
"=""3d2.4p2""","=""5F""","=""4""","=""""","=""5.9920010""","=""""","=""0.0000011""","=""0.014861""","=""""","=""                                                ""","=""L17885"""
"=""3d2.4p2""","=""5F""","=""5""","=""""","=""6.0085181""","=""""","=""0.0000012""","=""0.016517""","=""""","=""                                                ""","=""L17885"""
"=""3d2.4s.(4F<5/2>).4f""","=""2[5/2]*""","=""2""","=""""","=""5.96334113""","=""""","=""0.00000017""","=""-0.0451770""","=""""","=""                                                ""","=""L17885"""
"=""3d2.4s.(4F<5/2>).4f""","=""2[5/2]*""","=""3""","=""""","=""5.96428215""","=""""","=""0.00000016""","=""0.0009410""","=""""","=""                                                ""","=""L17885"""
"=""3d2.4s.(4F<5/2>).4f""","=""2[9/2]*""","=""4""","=""""","=""5.96339742""","=""""","=""0.00000017""","=""-0.0008847""","=""""","=""                                                ""","=""L17885"""
"=""3d2.4s.(4F<5/2>).4f""","=""2[9/2]*""","=""5""","=""""","=""5.96342611""","=""""","=""0.00000015""","=""0.0000287""","=""""","=""                                                ""","=""L17885"""
"=""3d2.4s.(4F<5/2>).4f""","=""2[7/2]*""","=""4""","=""""","=""5.96360855""","=""""","=""0.00000020""","=""0.0001824""","=""""","=""                                                ""","=""L17885"""
"=""3d2.4s.(4F<5/2>).4f""","=""2[7/2]*""","=""3""","=""""","=""5.96362750""","=""""","=""0.00000015""","=""0.0000190""","=""""","=""                                                ""","=""L17885"""
"=""3d2.4s.(4F<5/2>).4f""","=""2[11/2]*""","=""6""","=""""","=""5.96402082""","=""""","=""0.00000025""","=""0.0003933""","=""""","=""                                                ""","=""L17885"""
"=""3d2.4s.(4F<5/2>).4f""","=""2[11/2]*""","=""5""","=""""","=""5.96419813""","=""""","=""0.00000019""","=""0.0001773""","=""""","=""                                                ""","=""L17885"""
"=""3d2.4s.(4F<5/2>).4f""","=""2[3/2]*""","=""1""","=""""","=""5.96452807""","=""""","=""0.00000025""","=""0.0003299""","=""""","=""                                                ""","=""L17885"""
"=""3d2.4s.(4F<5/2>).4f""","=""2[3/2]*""","=""2""","=""""","=""5.96485531""","=""""","=""0.00000020""","=""0.0003272""","=""""","=""                                                ""","=""L17885"""
"=""3d2.4s.(4F<5/2>).4f""","=""2[1/2]*""","=""1""","=""""","=""5.96548743""","=""""","=""0.00000025""","=""0.0006321""","=""""","=""                                                ""","=""L17885"""
"=""3d2.4s.(4F<5/2>).4f""","=""2[1/2]*""","=""0""","=""""","=""5.96575412""","=""""","=""0.00000025""","=""0.0002667""","=""""","=""                                                ""","=""L17885"""
"=""3d2.4s.(4F<7/2>).4f""","=""2[9/2]*""","=""5""","=""""","=""5.97917602""","=""""","=""0.00000016""","=""0.0134219""","=""""","=""                                                ""","=""L17885"""
"=""3d2.4s.(4F<7/2>).4f""","=""2[9/2]*""","=""4""","=""""","=""5.98053789""","=""""","=""0.00000020""","=""0.0013619""","=""""","=""                                                ""","=""L17885"""
"=""3d2.4s.(4F<7/2>).4f""","=""2[11/2]*""","=""6""","=""""","=""5.97930256""","=""""","=""0.00000016""","=""-0.0012353""","=""""","=""                                                ""","=""L17885"""
"=""3d2.4s.(4F<7/2>).4f""","=""2[11/2]*""","=""5""","=""""","=""5.98008065""","=""""","=""0.00000014""","=""0.0007781""","=""""","=""                                                ""","=""L17885"""
"=""3d2.4s.(4F<7/2>).4f""","=""2[7/2]*""","=""4""","=""""","=""5.97991746""","=""""","=""0.00000012""","=""-0.0001632""","=""""","=""                                                ""","=""L17885"""
"=""3d2.4s.(4F<7/2>).4f""","=""2[7/2]*""","=""3""","=""""","=""5.98088172""","=""""","=""0.00000016""","=""0.0009643""","=""""","=""                                                ""","=""L17885"""
"=""3d2.4s.(4F<7/2>).4f""","=""2[13/2]*""","=""7""","=""""","=""5.98017404""","=""""","=""0.00000024""","=""-0.0007077""","=""""","=""                                                ""","=""L17885"""
"=""3d2.4s.(4F<7/2>).4f""","=""2[13/2]*""","=""6""","=""""","=""5.98111512""","=""""","=""0.00000020""","=""0.0009411""","=""""","=""                                                ""","=""L17885"""
"=""3d2.4s.(4F<7/2>).4f""","=""2[3/2]*""","=""1""","=""""","=""5.98052038""","=""""","=""0.00000020""","=""-0.0005947""","=""""","=""                                                ""","=""L17885"""
"=""3d2.4s.(4F<7/2>).4f""","=""2[3/2]*""","=""2""","=""""","=""5.98134378""","=""""","=""0.00000019""","=""0.0008234""","=""""","=""                                                ""","=""L17885"""
"=""3d2.4s.(4F<7/2>).4f""","=""2[5/2]*""","=""2""","=""""","=""5.98100449""","=""""","=""0.00000025""","=""-0.0003393""","=""""","=""                                                ""","=""L17885"""
"=""3d2.4s.(4F<7/2>).4f""","=""2[5/2]*""","=""3""","=""""","=""5.98111718""","=""""","=""0.00000019""","=""0.0001127""","=""""","=""                                                ""","=""L17885"""
"=""3d2.4s.(4F<7/2>).4f""","=""2[1/2]*""","=""1""","=""""","=""5.98146432""","=""""","=""0.00000020""","=""0.0003471""","=""""","=""                                                ""","=""L17885"""
"=""3d2.4s.(4F<7/2>).4f""","=""2[1/2]*""","=""0""","=""""","=""5.9822761""","=""""","=""0.0000004""","=""0.0008118""","=""""","=""                                                ""","=""L17885"""
"=""3d3.(2F).4p""","=""u 1F*""","=""3""","=""""","=""5.9964865""","=""""","=""0.0000011""","=""0.014210""","=""1.003""","=""  53         :    24  3d.4s2.4p            1F*  ""","=""L17885"""
"=""3d2.4s.(4F<9/2>).4f""","=""2[13/2]*""","=""7""","=""""","=""5.99960114""","=""""","=""0.00000024""","=""0.0031146""","=""""","=""                                                ""","=""L17885"""
"=""3d2.4s.(4F<9/2>).4f""","=""2[13/2]*""","=""6""","=""""","=""6.00087867""","=""""","=""0.00000016""","=""0.0012775""","=""""","=""                                                ""","=""L17885"""
"=""3d2.4s.(4F<9/2>).4f""","=""2[11/2]*""","=""6""","=""""","=""5.99976267""","=""""","=""0.00000015""","=""-0.0011160""","=""""","=""                                                ""","=""L17885"""
"=""3d2.4s.(4F<9/2>).4f""","=""2[11/2]*""","=""5""","=""""","=""6.00138118""","=""""","=""0.00000014""","=""0.0016185""","=""""","=""                                                ""","=""L17885"""
"=""3d2.4s.(4F<9/2>).4f""","=""2[5/2]*""","=""3""","=""""","=""6.00020539""","=""""","=""0.00000019""","=""-0.0011758""","=""""","=""                                                ""","=""L17885"""
"=""3d2.4s.(4F<9/2>).4f""","=""2[5/2]*""","=""2""","=""""","=""6.00183550""","=""""","=""0.00000020""","=""0.0016301""","=""""","=""                                                ""","=""L17885"""
"=""3d2.4s.(4F<9/2>).4f""","=""2[9/2]*""","=""5""","=""""","=""6.00056111""","=""""","=""0.00000012""","=""-0.0012744""","=""""","=""                                                ""","=""L17885"""
"=""3d2.4s.(4F<9/2>).4f""","=""2[9/2]*""","=""4""","=""""","=""6.00139152""","=""""","=""0.00000015""","=""0.0008304""","=""""","=""                                                ""","=""L17885"""
"=""3d2.4s.(4F<9/2>).4f""","=""2[3/2]*""","=""2""","=""""","=""6.00081118""","=""""","=""0.00000017""","=""-0.0005803""","=""""","=""                                                ""","=""L17885"""
"=""3d2.4s.(4F<9/2>).4f""","=""2[3/2]*""","=""1""","=""""","=""6.0036007""","=""""","=""0.0000006""","=""0.0027895""","=""""","=""                                                ""","=""L17885"""
"=""3d2.4s.(4F<9/2>).4f""","=""2[15/2]*""","=""8""","=""""","=""6.0009697""","=""""","=""0.0000005""","=""-0.0026310""","=""""","=""                                                ""","=""L17885"""
"=""3d2.4s.(4F<9/2>).4f""","=""2[15/2]*""","=""7""","=""""","=""6.00258629""","=""""","=""0.00000024""","=""0.0016166""","=""""","=""                                                ""","=""L17885"""
"=""3d2.4s.(4F<9/2>).4f""","=""2[7/2]*""","=""3""","=""""","=""6.00179055""","=""""","=""0.00000016""","=""-0.0007957""","=""""","=""                                                ""","=""L17885"""
"=""3d2.4s.(4F<9/2>).4f""","=""2[7/2]*""","=""4""","=""""","=""6.00243996""","=""""","=""0.00000016""","=""0.0006494""","=""""","=""                                                ""","=""L17885"""
"=""3d2.4s.(4F).5d""","=""5F""","=""1""","=""""","=""6.0080270""","=""""","=""0.0000021""","=""0.005587""","=""""","=""                                                ""","=""L17885"""
"=""3d2.4s.(4F).5d""","=""5F""","=""2""","=""""","=""6.0144658""","=""""","=""0.0000022""","=""0.006439""","=""""","=""                                                ""","=""L17885"""
"=""3d2.4s.(4F).5d""","=""5F""","=""3""","=""""","=""6.0241762""","=""""","=""0.0000014""","=""0.009710""","=""""","=""                                                ""","=""L17885"""
"=""3d2.4s.(4F).5d""","=""5F""","=""4""","=""""","=""6.0346291""","=""""","=""0.0000016""","=""0.010453""","=""""","=""                                                ""","=""L17885"""
"=""3d2.4s.(4F).5d""","=""5F""","=""5""","=""""","=""6.0469085""","=""""","=""0.0000010""","=""0.012279""","=""""","=""                                                ""","=""L17885"""
"=""3d2.4s.(2F).5p""","=""3F*""","=""2""","=""""","=""6.008347""","=""""","=""0.000004""","=""-0.038562""","=""""","=""                                                ""","=""L17885"""
"=""3d2.4s.(2F).5p""","=""3F*""","=""3""","=""""","=""6.029311""","=""""","=""0.000005""","=""0.020964""","=""""","=""                                                ""","=""L17885"""
"=""3d2.4s.(2F).5p""","=""3F*""","=""4""","=""""","=""6.047254""","=""""","=""0.000004""","=""0.017943""","=""""","=""                                                ""","=""L17885"""
"=""3d2.4s.(2F).5p""","=""3G*""","=""3""","=""""","=""6.0184794""","=""""","=""0.0000025""","=""-0.028775""","=""""","=""                                                ""","=""L17885"""
"=""3d2.4s.(2F).5p""","=""3G*""","=""4""","=""""","=""6.0360889""","=""""","=""0.0000010""","=""0.017609""","=""""","=""                                                ""","=""L17885"""
"=""3d2.4s.(2F).5p""","=""3G*""","=""5""","=""""","=""6.059710""","=""""","=""0.000004""","=""0.023621""","=""""","=""                                                ""","=""L17885"""
"=""3d2.4p2""","=""e 3D""","=""2""","=""""","=""6.0410435""","=""""","=""0.0000014""","=""-0.018667""","=""""","=""                                                ""","=""L17885"""
"=""3d2.4p2""","=""e 3D""","=""1""","=""""","=""6.0411245""","=""""","=""0.0000014""","=""0.000081""","=""""","=""                                                ""","=""L17885"""
"=""3d2.4p2""","=""e 3D""","=""3""","=""""","=""6.0553520""","=""""","=""0.0000009""","=""0.014228""","=""""","=""                                                ""","=""L17885"""
"=""3d2.4p2""","=""h 5D""","=""0""","=""""","=""6.0507140""","=""""","=""0.0000016""","=""-0.004638""","=""""","=""                                                ""","=""L17885"""
"=""3d2.4p2""","=""h 5D""","=""1""","=""""","=""6.0577873""","=""""","=""0.0000010""","=""0.007073""","=""""","=""                                                ""","=""L17885"""
"=""3d2.4p2""","=""h 5D""","=""2""","=""""","=""6.0646914""","=""""","=""0.0000014""","=""0.006904""","=""""","=""                                                ""","=""L17885"""
"=""3d2.4p2""","=""h 5D""","=""3""","=""""","=""6.0782480""","=""""","=""0.0000014""","=""0.013557""","=""""","=""                                                ""","=""L17885"""
"=""3d2.4p2""","=""h 5D""","=""4""","=""""","=""6.0797374""","=""""","=""0.0000009""","=""0.001489""","=""""","=""                                                ""","=""L17885"""
"=""3d3.(4F<3/2>).4f""","=""2[9/2]*""","=""5""","=""""","=""6.0808908""","=""""","=""0.0000004""","=""0.0011534""","=""""","=""                                                ""","=""L17885"""
"=""3d3.(4F<3/2>).4f""","=""2[9/2]*""","=""4""","=""""","=""6.0809225""","=""""","=""0.0000005""","=""0.0000317""","=""""","=""                                                ""","=""L17885"""
"=""3d3.(4F<3/2>).4f""","=""2[5/2]*""","=""3""","=""""","=""6.08194737""","=""""","=""0.00000022""","=""0.0010249""","=""""","=""                                                ""","=""L17885"""
"=""3d3.(4F<3/2>).4f""","=""2[7/2]*""","=""3""","=""""","=""6.08281224""","=""""","=""0.00000025""","=""0.0008649""","=""""","=""                                                ""","=""L17885"""
"=""3d3.(4F<3/2>).4f""","=""2[7/2]*""","=""4""","=""""","=""6.0831962""","=""""","=""0.0000004""","=""0.0003840""","=""""","=""                                                ""","=""L17885"""
"=""3d2.4s.(2F).5p""","=""3D*""","=""1""","=""""","=""6.0851850""","=""""","=""0.0000022""","=""0.001989""","=""""","=""                                                ""","=""L17885"""
"=""3d2.4s.(2F).5p""","=""3D*""","=""2""","=""""","=""6.0875576""","=""""","=""0.0000015""","=""0.002373""","=""""","=""                                                ""","=""L17885"""
"=""3d2.4s.(2F).5p""","=""3D*""","=""3""","=""""","=""6.0938641""","=""""","=""0.0000014""","=""0.006306""","=""""","=""                                                ""","=""L17885"""
"=""3d3.(4F<5/2>).4f""","=""2[7/2]*""","=""3""","=""""","=""6.09081902""","=""""","=""0.00000025""","=""-0.0030451""","=""""","=""                                                ""","=""L17885"""
"=""3d3.(4F<5/2>).4f""","=""2[7/2]*""","=""4""","=""""","=""6.09193225""","=""""","=""0.00000019""","=""0.0011132""","=""""","=""                                                ""","=""L17885"""
"=""3d3.(4F<5/2>).4f""","=""2[3/2]*""","=""1""","=""""","=""6.0909090""","=""""","=""0.0000004""","=""-0.0010233""","=""""","=""                                                ""","=""L17885"""
"=""3d3.(4F<5/2>).4f""","=""2[11/2]*""","=""6""","=""""","=""6.0912747""","=""""","=""0.0000004""","=""0.0003657""","=""""","=""                                                ""","=""L17885"""
"=""3d3.(4F<5/2>).4f""","=""2[5/2]*""","=""3""","=""""","=""6.09162727""","=""""","=""0.00000022""","=""0.0003526""","=""""","=""                                                ""","=""L17885"""
"=""3d3.(4F<5/2>).4f""","=""2[5/2]*""","=""2""","=""""","=""6.0918163""","=""""","=""0.0000004""","=""0.0001890""","=""""","=""                                                ""","=""L17885"""
"=""3d3.(4F<5/2>).4f""","=""2[9/2]*""","=""5""","=""""","=""6.09218524""","=""""","=""0.00000021""","=""0.0003689""","=""""","=""                                                ""","=""L17885"""
"=""3d3.(4F<5/2>).4f""","=""2[9/2]*""","=""4""","=""""","=""6.09229726""","=""""","=""0.00000024""","=""0.0001120""","=""""","=""                                                ""","=""L17885"""
"=""3d3.(4F<7/2>).4f""","=""2[13/2]*""","=""6""","=""""","=""6.1037996""","=""""","=""0.0000004""","=""0.0115023""","=""""","=""                                                ""","=""L17885"""
"=""3d3.(4F<7/2>).4f""","=""2[7/2]*""","=""4""","=""""","=""6.10442161""","=""""","=""0.00000021""","=""0.0006220""","=""""","=""                                                ""","=""L17885"""
"=""3d3.(4F<7/2>).4f""","=""2[7/2]*""","=""3""","=""""","=""6.10516325""","=""""","=""0.00000020""","=""0.0007416""","=""""","=""                                                ""","=""L17885"""
"=""3d3.(4F<7/2>).4f""","=""2[5/2]*""","=""3""","=""""","=""6.10464990""","=""""","=""0.00000022""","=""-0.0005134""","=""""","=""                                                ""","=""L17885"""
"=""3d3.(4F<7/2>).4f""","=""2[11/2]*""","=""6""","=""""","=""6.10487301""","=""""","=""0.00000019""","=""0.0002231""","=""""","=""                                                ""","=""L17885"""
"=""3d3.(4F<7/2>).4f""","=""2[11/2]*""","=""5""","=""""","=""6.1054693""","=""""","=""0.0000004""","=""0.0005963""","=""""","=""                                                ""","=""L17885"""
"=""3d3.(4F<7/2>).4f""","=""2[9/2]*""","=""5""","=""""","=""6.10493456""","=""""","=""0.00000020""","=""-0.0005347""","=""""","=""                                                ""","=""L17885"""
"=""3d3.(4F<7/2>).4f""","=""2[9/2]*""","=""4""","=""""","=""6.10539244""","=""""","=""0.00000025""","=""0.0004579""","=""""","=""                                                ""","=""L17885"""
"=""3d3.(4F<9/2>).4f""","=""2[15/2]*""","=""8""","=""""","=""6.1176545""","=""""","=""0.0000006""","=""0.0122621""","=""""","=""                                                ""","=""L17885"""
"=""3d3.(4F<9/2>).4f""","=""2[15/2]*""","=""7""","=""""","=""6.1199525""","=""""","=""0.0000004""","=""0.0022980""","=""""","=""                                                ""","=""L17885"""
"=""3d3.(4F<9/2>).4f""","=""2[7/2]*""","=""4""","=""""","=""6.1194814""","=""""","=""0.0000004""","=""-0.0004711""","=""""","=""                                                ""","=""L17885"""
"=""3d3.(4F<9/2>).4f""","=""2[7/2]*""","=""3""","=""""","=""6.1197296""","=""""","=""0.0000005""","=""0.0002482""","=""""","=""                                                ""","=""L17885"""
"=""3d3.(4F<9/2>).4f""","=""2[9/2]*""","=""5""","=""""","=""6.12065610""","=""""","=""0.00000020""","=""0.0009265""","=""""","=""                                                ""","=""L17885"""
"=""3d3.(4F<9/2>).4f""","=""2[9/2]*""","=""4""","=""""","=""6.1209512""","=""""","=""0.0000004""","=""0.0002951""","=""""","=""                                                ""","=""L17885"""
"=""3d3.(4F<9/2>).4f""","=""2[13/2]*""","=""7""","=""""","=""6.12074615""","=""""","=""0.00000025""","=""-0.0002050""","=""""","=""                                                ""","=""L17885"""
"=""3d3.(4F<9/2>).4f""","=""2[13/2]*""","=""6""","=""""","=""6.12105002""","=""""","=""0.00000021""","=""0.0003039""","=""""","=""                                                ""","=""L17885"""
"=""3d3.(4F<9/2>).4f""","=""2[11/2]*""","=""6""","=""""","=""6.12157088""","=""""","=""0.00000024""","=""0.0005209""","=""""","=""                                                ""","=""L17885"""
"=""3d3.(4F<9/2>).4f""","=""2[11/2]*""","=""5""","=""""","=""6.12202368""","=""""","=""0.00000025""","=""0.0004528""","=""""","=""                                                ""","=""L17885"""
"=""3d2.4s.(4F<3/2>).5g""","=""2[9/2]""","=""4""","=""""","=""6.2802920""","=""""","=""0.0000004""","=""0.1582683""","=""""","=""                                                ""","=""L17885"""
"=""3d2.4s.(4F<3/2>).5g""","=""2[9/2]""","=""5""","=""""","=""6.28029224""","=""""","=""0.00000025""","=""0.0000002""","=""""","=""                                                ""","=""L17885"""
"=""3d2.4s.(4F<3/2>).5g""","=""2[7/2]""","=""4""","=""""","=""6.2803897""","=""""","=""0.0000004""","=""0.0000975""","=""""","=""                                                ""","=""L17885"""
"=""3d2.4s.(4F<3/2>).5g""","=""2[7/2]""","=""3""","=""""","=""6.2803916""","=""""","=""0.0000004""","=""0.0000019""","=""""","=""                                                ""","=""L17885"""
"=""3d2.4s.(4F<3/2>).5g""","=""2[11/2]""","=""5""","=""""","=""6.28048020""","=""""","=""0.00000025""","=""0.0000886""","=""""","=""                                                ""","=""L17885"""
"=""3d2.4s.(4F<3/2>).5g""","=""2[11/2]""","=""6""","=""""","=""6.2804808""","=""""","=""0.0000004""","=""0.0000006""","=""""","=""                                                ""","=""L17885"""
"=""3d2.4s.(4F<5/2>).5g""","=""2[9/2]""","=""5""","=""""","=""6.2920109""","=""""","=""0.0000004""","=""0.0115301""","=""""","=""                                                ""","=""L17885"""
"=""3d2.4s.(4F<5/2>).5g""","=""2[9/2]""","=""4""","=""""","=""6.2920277""","=""""","=""0.0000011""","=""0.000017""","=""""","=""                                                ""","=""L17885"""
"=""3d2.4s.(4F<5/2>).5g""","=""2[11/2]""","=""6""","=""""","=""6.2920112""","=""""","=""0.0000004""","=""-0.000017""","=""""","=""                                                ""","=""L17885"""
"=""3d2.4s.(4F<5/2>).5g""","=""2[11/2]""","=""5""","=""""","=""6.2920267""","=""""","=""0.0000005""","=""0.0000155""","=""""","=""                                                ""","=""L17885"""
"=""3d2.4s.(4F<5/2>).5g""","=""2[7/2]""","=""4""","=""""","=""6.2920538""","=""""","=""0.0000004""","=""0.0000271""","=""""","=""                                                ""","=""L17885"""
"=""3d2.4s.(4F<5/2>).5g""","=""2[7/2]""","=""3""","=""""","=""6.2921234""","=""""","=""0.0000004""","=""0.0000696""","=""""","=""                                                ""","=""L17885"""
"=""3d2.4s.(4F<5/2>).5g""","=""2[13/2]""","=""6""","=""""","=""6.2921516""","=""""","=""0.0000004""","=""0.0000282""","=""""","=""                                                ""","=""L17885"""
"=""3d2.4s.(4F<5/2>).5g""","=""2[13/2]""","=""7""","=""""","=""6.2921524""","=""""","=""0.0000005""","=""0.0000008""","=""""","=""                                                ""","=""L17885"""
"=""3d2.4s.(4F<7/2>).5g""","=""2[11/2]""","=""5""","=""""","=""6.3082921""","=""""","=""0.0000007""","=""0.0161397""","=""""","=""                                                ""","=""L17885"""
"=""3d2.4s.(4F<7/2>).5g""","=""2[11/2]""","=""6""","=""""","=""6.3083026""","=""""","=""0.0000004""","=""0.0000105""","=""""","=""                                                ""","=""L17885"""
"=""3d2.4s.(4F<7/2>).5g""","=""2[9/2]""","=""5""","=""""","=""6.3083014""","=""""","=""0.0000004""","=""-0.0000012""","=""""","=""                                                ""","=""L17885"""
"=""3d2.4s.(4F<7/2>).5g""","=""2[9/2]""","=""4""","=""""","=""6.3083899""","=""""","=""0.0000007""","=""0.0000885""","=""""","=""                                                ""","=""L17885"""
"=""3d2.4s.(4F<7/2>).5g""","=""2[13/2]""","=""6""","=""""","=""6.3083268""","=""""","=""0.0000004""","=""-0.0000631""","=""""","=""                                                ""","=""L17885"""
"=""3d2.4s.(4F<7/2>).5g""","=""2[13/2]""","=""7""","=""""","=""6.3083277""","=""""","=""0.0000005""","=""0.0000009""","=""""","=""                                                ""","=""L17885"""
"=""3d2.4s.(4F<7/2>).5g""","=""2[15/2]""","=""7""","=""""","=""6.3085006""","=""""","=""0.0000004""","=""0.0001729""","=""""","=""                                                ""","=""L17885"""
"=""3d2.4s.(4F<7/2>).5g""","=""2[15/2]""","=""8""","=""""","=""6.3085009""","=""""","=""0.0000004""","=""0.0000003""","=""""","=""                                                ""","=""L17885"""
"=""3d2.4s.(4F<9/2>).5g""","=""2[13/2]""","=""7""","=""""","=""6.3290343""","=""""","=""0.0000004""","=""0.0205334""","=""""","=""                                                ""","=""L17885"""
"=""3d2.4s.(4F<9/2>).5g""","=""2[13/2]""","=""6""","=""""","=""6.3290353""","=""""","=""0.0000004""","=""0.0000010""","=""""","=""                                                ""","=""L17885"""
"=""3d2.4s.(4F<9/2>).5g""","=""2[11/2]""","=""5""","=""""","=""6.3290743""","=""""","=""0.0000004""","=""0.0000390""","=""""","=""                                                ""","=""L17885"""
"=""3d2.4s.(4F<9/2>).5g""","=""2[11/2]""","=""6""","=""""","=""6.32907463""","=""""","=""0.00000022""","=""0.0000003""","=""""","=""                                                ""","=""L17885"""
"=""3d2.4s.(4F<9/2>).5g""","=""2[15/2]""","=""8""","=""""","=""6.3291300""","=""""","=""0.0000004""","=""0.0000554""","=""""","=""                                                ""","=""L17885"""
"=""3d2.4s.(4F<9/2>).5g""","=""2[15/2]""","=""7""","=""""","=""6.3291301""","=""""","=""0.0000004""","=""0.0000001""","=""""","=""                                                ""","=""L17885"""
"=""3d2.4s.(4F<9/2>).5g""","=""2[9/2]""","=""5""","=""""","=""6.32917512""","=""""","=""0.00000025""","=""0.0000450""","=""""","=""                                                ""","=""L17885"""
"=""3d2.4s.(4F<9/2>).5g""","=""2[9/2]""","=""4""","=""""","=""6.3291756""","=""""","=""0.0000004""","=""0.0000005""","=""""","=""                                                ""","=""L17885"""
"=""3d2.4s.(4F<9/2>).5g""","=""2[7/2]""","=""4""","=""""","=""6.3292526""","=""""","=""0.0000007""","=""0.0000770""","=""""","=""                                                ""","=""L17885"""
"=""3d2.4s.(4F<9/2>).5g""","=""2[7/2]""","=""3""","=""""","=""6.3293918""","=""""","=""0.0000009""","=""0.000139""","=""""","=""                                                ""","=""L17885"""
"=""3d2.4s.(4F<9/2>).5g""","=""2[17/2]""","=""9""","=""""","=""6.3293487""","=""""","=""0.0000005""","=""-0.000043""","=""""","=""                                                ""","=""L17885"""
"=""3d2.4s.(4F<9/2>).5g""","=""2[17/2]""","=""8""","=""""","=""6.3293489""","=""""","=""0.0000004""","=""0.0000002""","=""""","=""                                                ""","=""L17885"""
"=""Ti II (3d2.4s 4F<3/2>)""","=""Limit""","=""---""","=""""","=""6.828120""","=""""","=""0.000012""","=""""","=""""","=""                                                ""","=""L17996"""
