Configuration,Term,J,Prefix,Level (eV),Suffix,Uncertainty (eV),Splitting,Lande,Leading percentages,Reference
"=""3d3.4s2""","=""a 4F""","=""3/2""","=""""","=""0.00000000""","=""""","=""0.00000025""","=""""","=""0.39848""","=""  92         :     5  3d3.(4F).4p2.(1S)     4F   ""","=""L20010,L193"""
"=""3d3.4s2""","=""a 4F""","=""5/2""","=""""","=""0.01703332""","=""""","=""0.00000017""","=""0.0170333""","=""1.02839""","=""  94         :     5  3d3.(4F).4p2.(1S)     4F   ""","=""L15916,L20010,L193"""
"=""3d3.4s2""","=""a 4F""","=""7/2""","=""""","=""0.04010046""","=""""","=""0.00000016""","=""0.0230671""","=""1.23821""","=""  92         :     5  3d3.(4F).4p2.(1S)     4F   ""","=""L15916,L20010,L193"""
"=""3d3.4s2""","=""a 4F""","=""9/2""","=""""","=""0.06855768""","=""""","=""0.00000025""","=""0.0284572""","=""1.33360""","=""  94         :     5  3d3.(4F).4p2.(1S)     4F   ""","=""L15916,L20010,L193"""
"=""3d4.(5D).4s""","=""a 6D""","=""1/2""","=""""","=""0.26188959""","=""""","=""0.00000025""","=""0.1933319""","=""3.33847""","=""  98                                             ""","=""L15916,L20010,L193"""
"=""3d4.(5D).4s""","=""a 6D""","=""3/2""","=""""","=""0.26696538""","=""""","=""0.00000025""","=""0.0050758""","=""1.86829""","=""  98                                             ""","=""L15916,L20010,L193"""
"=""3d4.(5D).4s""","=""a 6D""","=""5/2""","=""""","=""0.27526426""","=""""","=""0.00000025""","=""0.0082989""","=""1.65831""","=""  10                                             ""","=""L15916,L20010,L193"""
"=""3d4.(5D).4s""","=""a 6D""","=""7/2""","=""""","=""0.28657323""","=""""","=""0.00000025""","=""0.0113090""","=""1.58833""","=""  10                                             ""","=""L15916,L20010,L193"""
"=""3d4.(5D).4s""","=""a 6D""","=""9/2""","=""""","=""0.30063800""","=""""","=""0.00000025""","=""0.0140648""","=""1.55647""","=""  98                                             ""","=""L15916,L20010,L193"""
"=""3d4.(5D).4s""","=""a 4D""","=""1/2""","=""""","=""1.04308018""","=""""","=""0.00000025""","=""0.7424422""","=""0.00""","=""  94                                             ""","=""L15916,L20010,L14162"""
"=""3d4.(5D).4s""","=""a 4D""","=""3/2""","=""""","=""1.05091908""","=""""","=""0.00000016""","=""0.0078389""","=""1.19""","=""  94                                             ""","=""L15916,L20010,L14162"""
"=""3d4.(5D).4s""","=""a 4D""","=""5/2""","=""""","=""1.06360365""","=""""","=""0.00000017""","=""0.0126846""","=""1.35""","=""  94                                             ""","=""L15916,L20010,L14162"""
"=""3d4.(5D).4s""","=""a 4D""","=""7/2""","=""""","=""1.08061491""","=""""","=""0.00000025""","=""0.0170113""","=""1.39""","=""  94                                             ""","=""L15916,L20010,L14162"""
"=""3d3.4s2""","=""a 4P""","=""1/2""","=""""","=""1.18338392""","=""""","=""0.00000025""","=""0.1027690""","=""2.59""","=""  77         :    16  3d4.(3P2).4s          4P   ""","=""L15916,L20010,L14162"""
"=""3d3.4s2""","=""a 4P""","=""3/2""","=""""","=""1.19484056""","=""""","=""0.00000025""","=""0.0114566""","=""1.70""","=""  76         :    16  3d4.(3P2).4s          4P   ""","=""L15916,L20010,L14162"""
"=""3d3.4s2""","=""a 4P""","=""5/2""","=""""","=""1.21809838""","=""""","=""0.00000025""","=""0.0232578""","=""1.55""","=""  79         :    15  3d4.(3P2).4s          4P   ""","=""L15916,L20010,L14162"""
"=""3d3.4s2""","=""a 2G""","=""7/2""","=""""","=""1.3505004""","=""""","=""0.0000004""","=""0.1324020""","=""0.88""","=""  92         :     5  3d3.(2G).4p2.(1S)     2G   ""","=""L15916,L20010,L14162"""
"=""3d3.4s2""","=""a 2G""","=""9/2""","=""""","=""1.37629850""","=""""","=""0.00000025""","=""0.0257981""","=""1.13""","=""  90         :     5  3d3.(2G).4p2.(1S)     2G   ""","=""L15916,L20010,L14162"""
"=""3d3.4s2""","=""a 2P""","=""3/2""","=""""","=""1.7111742""","=""""","=""0.0000006""","=""0.3348757""","=""1.20""","=""  58         :    24  3d3.4s2               2D2  ""","=""L15916,L20010,L14162"""
"=""3d3.4s2""","=""a 2P""","=""1/2""","=""""","=""1.7123346""","=""""","=""0.0000004""","=""0.0011604""","=""0.64""","=""  79         :    13  3d4.(3P2).4s          2P   ""","=""L15916,L20010,L14162"""
"=""3d3.4s2""","=""2D2""","=""3/2""","=""""","=""1.7996004""","=""""","=""0.0000005""","=""0.0872658""","=""0.97""","=""  63         :    21  3d3.4s2               2P   ""","=""L15916,L20010,L14162"""
"=""3d3.4s2""","=""2D2""","=""5/2""","=""""","=""1.8038233""","=""""","=""0.0000004""","=""0.0042229""","=""1.17""","=""  86         :     3  3d4.(3D).4s           2D   ""","=""L15916,L20010,L14162"""
"=""3d4.(3H).4s""","=""a 4H""","=""7/2""","=""""","=""1.84859919""","=""""","=""0.00000025""","=""0.0447759""","=""0.65""","=""  96                                             ""","=""L15916,L20010,L14162"""
"=""3d4.(3H).4s""","=""a 4H""","=""9/2""","=""""","=""1.85348429""","=""""","=""0.00000025""","=""0.0048851""","=""0.94""","=""  94         :     1  3d3.4s2               2H   ""","=""L15916,L20010,L14162"""
"=""3d4.(3H).4s""","=""a 4H""","=""11/2""","=""""","=""1.85987915""","=""""","=""0.00000019""","=""0.0063949""","=""1.10""","=""  90         :     4  3d3.4s2               2H   ""","=""L15916,L20010,L14162"""
"=""3d4.(3H).4s""","=""a 4H""","=""13/2""","=""""","=""1.86756890""","=""""","=""0.00000025""","=""0.0076897""","=""1.18""","=""  96                                             ""","=""L15916,L20010,L14162"""
"=""3d4.(3P2).4s""","=""b 4P""","=""1/2""","=""""","=""1.86948173""","=""""","=""0.00000025""","=""0.0019128""","=""2.60""","=""  80         :    16  3d3.4s2               4P   ""","=""L15916,L20010,L14162"""
"=""3d4.(3P2).4s""","=""b 4P""","=""3/2""","=""""","=""1.89331087""","=""""","=""0.00000019""","=""0.0238291""","=""1.68""","=""  80         :    15  3d3.4s2               4P   ""","=""L15916,L20010,L14162"""
"=""3d4.(3P2).4s""","=""b 4P""","=""5/2""","=""""","=""1.93068628""","=""""","=""0.00000025""","=""0.0373754""","=""1.54""","=""  81         :    14  3d3.4s2               4P   ""","=""L15916,L20010,L14162"""
"=""3d3.4s2""","=""a 2H""","=""9/2""","=""""","=""1.8726306""","=""""","=""0.0000004""","=""-0.0580557""","=""0.90""","=""  86         :     5  3d4.(3H).4s           2H   ""","=""L15916,L20010,L14162"""
"=""3d3.4s2""","=""a 2H""","=""11/2""","=""""","=""1.8925980""","=""""","=""0.0000004""","=""0.0199674""","=""1.07""","=""  81         :     6  3d4.(3H).4s           2H   ""","=""L15916,L20010,L14162"""
"=""3d4.(3F2).4s""","=""b 4F""","=""3/2""","=""""","=""1.94218780""","=""""","=""0.00000016""","=""0.0495898""","=""0.39""","=""  96                                             ""","=""L15916,L20010,L14162"""
"=""3d4.(3F2).4s""","=""b 4F""","=""5/2""","=""""","=""1.94517098""","=""""","=""0.00000025""","=""0.0029832""","=""1.05""","=""  95                                             ""","=""L15916,L20010,L14162"""
"=""3d4.(3F2).4s""","=""b 4F""","=""7/2""","=""""","=""1.94955593""","=""""","=""0.00000014""","=""0.0043849""","=""1.22""","=""  95         :     1  3d4.(3G).4s           4G   ""","=""L15916,L20010,L14162"""
"=""3d4.(3F2).4s""","=""b 4F""","=""9/2""","=""""","=""1.95532863""","=""""","=""0.00000019""","=""0.0057727""","=""1.31""","=""  94         :     1  3d4.(3G).4s           4G   ""","=""L15916,L20010,L14162"""
"=""3d3.(4F).4s.4p.(3P*)""","=""z 6G*""","=""3/2""","=""""","=""2.0285661""","=""""","=""0.0000005""","=""0.0732375""","=""0.00""","="" 100                                             ""","=""L15916,L20010,L14162"""
"=""3d3.(4F).4s.4p.(3P*)""","=""z 6G*""","=""5/2""","=""""","=""2.0395246""","=""""","=""0.0000009""","=""0.010959""","=""0.78""","=""  98                                             ""","=""L15916,L20010,L14162"""
"=""3d3.(4F).4s.4p.(3P*)""","=""z 6G*""","=""7/2""","=""""","=""2.0547452""","=""""","=""0.0000004""","=""0.0152206""","=""1.10""","="" 100                                             ""","=""L15916,L20010,L14162"""
"=""3d3.(4F).4s.4p.(3P*)""","=""z 6G*""","=""9/2""","=""""","=""2.0741072""","=""""","=""0.0000005""","=""0.0193620""","=""1.22""","="" 100                                             ""","=""L15916,L20010,L14162"""
"=""3d3.(4F).4s.4p.(3P*)""","=""z 6G*""","=""11/2""","=""""","=""2.09746672""","=""""","=""0.00000025""","=""0.0233595""","=""1.26""","=""  98                                             ""","=""L15916,L20010,L14162"""
"=""3d3.(4F).4s.4p.(3P*)""","=""z 6G*""","=""13/2""","=""""","=""2.12465993""","=""""","=""0.00000025""","=""0.0271932""","=""1.43""","="" 100                                             ""","=""L15916,L20010,L14162"""
"=""3d4.(3G).4s""","=""a 4G""","=""5/2""","=""""","=""2.11454108""","=""""","=""0.00000025""","=""-0.0101189""","=""0.59""","=""  96                                             ""","=""L15916,L20010,L14162"""
"=""3d4.(3G).4s""","=""a 4G""","=""7/2""","=""""","=""2.12223095""","=""""","=""0.00000025""","=""0.0076899""","=""0.96""","=""  92                                             ""","=""L15916,L20010,L14162"""
"=""3d4.(3G).4s""","=""a 4G""","=""9/2""","=""""","=""2.13030555""","=""""","=""0.00000025""","=""0.0080746""","=""1.14""","=""  92                                             ""","=""L15916,L20010,L14162"""
"=""3d4.(3G).4s""","=""a 4G""","=""11/2""","=""""","=""2.13774423""","=""""","=""0.00000012""","=""0.0074387""","=""1.27""","=""  94                                             ""","=""L15916,L20010,L14162"""
"=""3d3.(4F).4s.4p.(3P*)""","=""z 6D*""","=""1/2""","=""""","=""2.24237226""","=""""","=""0.00000025""","=""0.1046280""","=""3.20""","=""  90         :     6  3d4.(5D).4p           6D*  ""","=""L15916,L20010,L14162"""
"=""3d3.(4F).4s.4p.(3P*)""","=""z 6D*""","=""3/2""","=""""","=""2.2473686""","=""""","=""0.0000004""","=""0.0049963""","=""1.76""","=""  88         :     6  3d4.(5D).4p           6D*  ""","=""L15916,L20010,L14162"""
"=""3d3.(4F).4s.4p.(3P*)""","=""z 6D*""","=""5/2""","=""""","=""2.25627573""","=""""","=""0.00000025""","=""0.0089071""","=""1.58""","=""  86         :     6  3d4.(5D).4p           6D*  ""","=""L15916,L20010,L14162"""
"=""3d3.(4F).4s.4p.(3P*)""","=""z 6D*""","=""7/2""","=""""","=""2.26919352""","=""""","=""0.00000025""","=""0.0129178""","=""1.56""","=""  85         :     6  3d4.(5D).4p           6D*  ""","=""L15916,L20010,L14162"""
"=""3d3.(4F).4s.4p.(3P*)""","=""z 6D*""","=""9/2""","=""""","=""2.28602611""","=""""","=""0.00000025""","=""0.0168326""","=""1.55""","=""  88         :     6  3d4.(5D).4p           6D*  ""","=""L15916,L20010,L14162"""
"=""3d3.(4F).4s.4p.(3P*)""","=""z 6F*""","=""1/2""","=""""","=""2.24660657""","=""""","=""0.00000025""","=""-0.0394195""","=""-0.44""","=""  96         :     3  3d4.(5D).4p           6F*  ""","=""L15916,L20010,L14162"""
"=""3d3.(4F).4s.4p.(3P*)""","=""z 6F*""","=""3/2""","=""""","=""2.2532980""","=""""","=""0.0000004""","=""0.0066914""","=""1.14""","=""  94         :     3  3d4.(5D).4p           6F*  ""","=""L15916,L20010,L14162"""
"=""3d3.(4F).4s.4p.(3P*)""","=""z 6F*""","=""5/2""","=""""","=""2.2638095""","=""""","=""0.0000005""","=""0.0105115""","=""1.28""","=""  92         :     4  3d3.(4F).4s.4p.(3P*)  6D*  ""","=""L15916,L20010,L14162"""
"=""3d3.(4F).4s.4p.(3P*)""","=""z 6F*""","=""7/2""","=""""","=""2.27789497""","=""""","=""0.00000025""","=""0.0140855""","=""1.28""","=""  92         :     4  3d3.(4F).4s.4p.(3P*)  6D*  ""","=""L15916,L20010,L14162"""
"=""3d3.(4F).4s.4p.(3P*)""","=""z 6F*""","=""9/2""","=""""","=""2.29536943""","=""""","=""0.00000025""","=""0.0174745""","=""1.38""","=""  92         :     3  3d4.(5D).4p           6F*  ""","=""L15916,L20010,L14162"""
"=""3d3.(4F).4s.4p.(3P*)""","=""z 6F*""","=""11/2""","=""""","=""2.3160335""","=""""","=""0.0000004""","=""0.0206641""","=""1.42""","=""  96         :     4  3d4.(5D).4p           6F*  ""","=""L15916,L20010,L14162"""
"=""3d4.(3P2).4s""","=""b 2P""","=""1/2""","=""""","=""2.33152880""","=""""","=""0.00000025""","=""0.0154953""","=""0.67""","=""  82         :    12  3d3.4s2               2P   ""","=""L15916,L20010,L14162"""
"=""3d4.(3P2).4s""","=""b 2P""","=""3/2""","=""""","=""2.3791679""","=""""","=""0.0000004""","=""0.0476391""","=""1.37""","=""  82         :    11  3d3.4s2               2P   ""","=""L15916,L20010,L14162"""
"=""3d4.(3H).4s""","=""b 2H""","=""9/2""","=""""","=""2.35861724""","=""""","=""0.00000017""","=""-0.0205507""","=""0.91""","=""  88         :     5  3d3.4s2               2H   ""","=""L15916,L20010,L14162"""
"=""3d4.(3H).4s""","=""b 2H""","=""11/2""","=""""","=""2.37369583""","=""""","=""0.00000016""","=""0.0150786""","=""1.08""","=""  88         :     5  3d3.4s2               2H   ""","=""L15916,L20010,L14162"""
"=""3d4.(3F2).4s""","=""a 2F""","=""5/2""","=""""","=""2.3589638""","=""""","=""0.0000004""","=""-0.0147320""","=""0.86""","=""  86         :     7  3d3.4s2               2F   ""","=""L15916,L20010,L14162"""
"=""3d4.(3F2).4s""","=""a 2F""","=""7/2""","=""""","=""2.36538442""","=""""","=""0.00000025""","=""0.0064206""","=""1.14""","=""  84         :     7  3d3.4s2               2F   ""","=""L15916,L20010,L14162"""
"=""3d5""","=""a 6S""","=""5/2""","=""""","=""2.50479709""","=""""","=""0.00000017""","=""0.1394127""","=""""","=""  96         :     1  3d4.(5D).4d           6S   ""","=""L15916,L20010"""
"=""3d3.(4F).4s.4p.(3P*)""","=""z 4D*""","=""1/2""","=""""","=""2.55487629""","=""""","=""0.00000025""","=""0.0500792""","=""-0.04""","=""  87         :     3  3d3.(4P).4s.4p.(3P*)  4D*  ""","=""L15916,L20010,L14162"""
"=""3d3.(4F).4s.4p.(3P*)""","=""z 4D*""","=""3/2""","=""""","=""2.56495646""","=""""","=""0.00000014""","=""0.0100802""","=""1.21""","=""  90         :     3  3d3.(4P).4s.4p.(3P*)  4D*  ""","=""L15916,L20010,L14162"""
"=""3d3.(4F).4s.4p.(3P*)""","=""z 4D*""","=""5/2""","=""""","=""2.58240252""","=""""","=""0.00000025""","=""0.0174461""","=""1.35""","=""  88         :     3  3d3.(4P).4s.4p.(3P*)  4D*  ""","=""L15916,L20010,L14162"""
"=""3d3.(4F).4s.4p.(3P*)""","=""z 4D*""","=""7/2""","=""""","=""2.60769803""","=""""","=""0.00000016""","=""0.0252955""","=""1.45""","=""  89         :     3  3d3.(4P).4s.4p.(3P*)  4D*  ""","=""L15916,L20010,L14162"""
"=""3d4.(3D).4s""","=""b 4D""","=""7/2""","=""""","=""2.57485536""","=""""","=""0.00000025""","=""-0.0328427""","=""1.45""","=""  94         :     1  3d5                   4D   ""","=""L15916,L20010,L14162"""
"=""3d4.(3D).4s""","=""b 4D""","=""5/2""","=""""","=""2.57752139""","=""""","=""0.00000025""","=""0.0026660""","=""1.25""","=""  94         :     1  3d5                   4D   ""","=""L15916,L20010,L14162"""
"=""3d4.(3D).4s""","=""b 4D""","=""3/2""","=""""","=""2.58049651""","=""""","=""0.00000025""","=""0.0029751""","=""1.20""","=""  94         :     1  3d5                   4D   ""","=""L15916,L20010,L14162"""
"=""3d4.(3D).4s""","=""b 4D""","=""1/2""","=""""","=""2.5826335""","=""""","=""0.0000007""","=""0.0021370""","=""0.10""","=""  94         :     1  3d5                   4D   ""","=""L15916,L20010,L14162"""
"=""3d4.(3G).4s""","=""2G""","=""7/2""","=""""","=""2.61626360""","=""""","=""0.00000016""","=""0.0336301""","=""0.892(2)""","=""  67         :    27  3d4.(1G2).4s          2G   ""","=""L15916,L20010,L21158"""
"=""3d4.(3G).4s""","=""2G""","=""9/2""","=""""","=""2.63784466""","=""""","=""0.00000025""","=""0.0215811""","=""1.098(4)""","=""  58         :    33  3d4.(1G2).4s          2G   ""","=""L15916,L20010,L21158"""
"=""3d4.(1G2).4s""","=""b 2G""","=""9/2""","=""""","=""2.67846275""","=""""","=""0.00000025""","=""0.0406181""","=""1.11""","=""  60         :    32  3d4.(3G).4s           2G   ""","=""L15916,L20010,L14162"""
"=""3d4.(1G2).4s""","=""b 2G""","=""7/2""","=""""","=""2.6838140""","=""""","=""0.0000005""","=""0.0053512""","=""0.86""","=""  64         :    26  3d4.(3G).4s           2G   ""","=""L15916,L20010,L14162"""
"=""3d3.(4F).4s.4p.(3P*)""","=""z 4G*""","=""5/2""","=""""","=""2.70799108""","=""""","=""0.00000019""","=""0.0241771""","=""0.55""","=""  92         :     4  3d3.(2G).4s.4p.(3P*)  4G*  ""","=""L15916,L20010,L14162"""
"=""3d3.(4F).4s.4p.(3P*)""","=""z 4G*""","=""7/2""","=""""","=""2.72311913""","=""""","=""0.00000025""","=""0.0151280""","=""0.96""","=""  90         :     3  3d3.(2G).4s.4p.(3P*)  4G*  ""","=""L15916,L20010,L14162"""
"=""3d3.(4F).4s.4p.(3P*)""","=""z 4G*""","=""9/2""","=""""","=""2.74266425""","=""""","=""0.00000025""","=""0.0195451""","=""1.16""","=""  89         :     3  3d3.(2G).4s.4p.(3P*)  4G*  ""","=""L15916,L20010,L14162"""
"=""3d3.(4F).4s.4p.(3P*)""","=""z 4G*""","=""11/2""","=""""","=""2.76656257""","=""""","=""0.00000025""","=""0.0238983""","=""1.24""","=""  93         :     4  3d3.(2G).4s.4p.(3P*)  4G*  ""","=""L15916,L20010,L14162"""
"=""3d4.(1I).4s""","=""2I""","=""13/2""","=""""","=""2.78709076""","=""""","=""0.00000025""","=""0.0205282""","=""1.066(5)""","=""  96                                             ""","=""L15916,L20010,L21158"""
"=""3d4.(1I).4s""","=""2I""","=""11/2""","=""""","=""2.7892162""","=""""","=""0.0000004""","=""0.0021254""","=""0.912(3)""","=""  96                                             ""","=""L15916,L20010,L21158"""
"=""3d3.(4F).4s.4p.(3P*)""","=""z 4F*""","=""3/2""","=""""","=""2.86255635""","=""""","=""0.00000016""","=""0.0733402""","=""0.39?""","=""  90         :     1  3d3.(4F).4s.4p.(3P*)  2D*  ""","=""L15916,L20010,L14162"""
"=""3d3.(4F).4s.4p.(3P*)""","=""z 4F*""","=""5/2""","=""""","=""2.87774268""","=""""","=""0.00000025""","=""0.0151863""","=""1.032(7)""","=""  91                                             ""","=""L15916,L20010,L14162,L21158"""
"=""3d3.(4F).4s.4p.(3P*)""","=""z 4F*""","=""7/2""","=""""","=""2.89541972""","=""""","=""0.00000012""","=""0.0176770""","=""1.23""","=""  95                                             ""","=""L15916,L20010,L14162"""
"=""3d3.(4F).4s.4p.(3P*)""","=""z 4F*""","=""9/2""","=""""","=""2.91609248""","=""""","=""0.00000014""","=""0.0206728""","=""1.31""","=""  95         :     1                             ""","=""L15916,L20010,L14162"""
"=""3d3.(4F).4s.4p.(3P*)""","=""z 2D*""","=""3/2""","=""""","=""2.92711380""","=""""","=""0.00000025""","=""0.0110213""","=""0.76""","=""  88         :     5  3d3.(4P).4s.4p.(3P*)  2D*  ""","=""L15916,L20010,L14162"""
"=""3d3.(4F).4s.4p.(3P*)""","=""z 2D*""","=""5/2""","=""""","=""2.96757568""","=""""","=""0.00000025""","=""0.0404619""","=""1.32?""","=""  86         :     5  3d3.(4P).4s.4p.(3P*)  2D*  ""","=""L15916,L20010,L14162"""
"=""3d4.(3D).4s""","=""2D""","=""5/2""","=""""","=""3.05380111""","=""""","=""0.00000025""","=""0.0862254""","=""1.073(5)""","=""  86         :     3  3d3.4s2               2D2  ""","=""L15916,L20010,L21158"""
"=""3d4.(3D).4s""","=""2D""","=""3/2""","=""""","=""3.0554081""","=""""","=""0.0000005""","=""0.0016070""","=""0.750(11)""","=""  85         :     6  3d4.(1D2).4s          2D   ""","=""L15916,L20010,L21158"""
"=""3d4.(5D).4p""","=""z 6P*""","=""3/2""","=""""","=""3.05597666""","=""""","=""0.00000025""","=""0.0005686""","=""2.34""","=""  71         :    25  3d3.(4P).4s.4p.(3P*)  6P*  ""","=""L15916,L20010,L14162"""
"=""3d4.(5D).4p""","=""z 6P*""","=""5/2""","=""""","=""3.06586155""","=""""","=""0.00000025""","=""0.0098849""","=""1.86""","=""  72         :    26  3d3.(4P).4s.4p.(3P*)  6P*  ""","=""L15916,L20010,L14162"""
"=""3d4.(5D).4p""","=""z 6P*""","=""7/2""","=""""","=""3.07959118""","=""""","=""0.00000012""","=""0.0137296""","=""1.67""","=""  72         :    27  3d3.(4P).4s.4p.(3P*)  6P*  ""","=""L15916,L20010,L14162"""
"=""3d4.(5D).4p""","=""z 4P*""","=""1/2""","=""""","=""3.07117204""","=""""","=""0.00000025""","=""-0.0084191""","=""2.54""","=""  85         :     5  3d3.(4P).4s.4p.(1P*)  4P*  ""","=""L15916,L20010,L14162"""
"=""3d4.(5D).4p""","=""z 4P*""","=""3/2""","=""""","=""3.08908503""","=""""","=""0.00000019""","=""0.0179130""","=""1.71""","=""  85         :     5  3d3.(4P).4s.4p.(1P*)  4P*  ""","=""L15916,L20010,L14162"""
"=""3d4.(5D).4p""","=""z 4P*""","=""5/2""","=""""","=""3.11584714""","=""""","=""0.00000025""","=""0.0267621""","=""1.59""","=""  85         :     5  3d3.(4P).4s.4p.(1P*)  4P*  ""","=""L15916,L20010,L14162"""
"=""3d3.4s2""","=""2F""","=""7/2""","=""""","=""3.0721203""","=""""","=""0.0000005""","=""-0.0437268""","=""1.091(4)""","=""  71         :    14  3d4.(1F).4s           2F   ""","=""L15916,L20010,L21158"""
"=""3d3.4s2""","=""2F""","=""5/2""","=""""","=""3.0822349""","=""""","=""0.0000006""","=""0.0101146""","=""0.859(6)""","=""  69         :    14  3d4.(1F).4s           2F   ""","=""L15916,L20010,L21158"""
"=""3d4.(5D).4p""","=""y 6F*""","=""1/2""","=""""","=""3.0734940""","=""""","=""0.0000004""","=""-0.0087409""","=""-0.58""","=""  94         :     4  3d3.(4F).4s.4p.(3P*)  6F*  ""","=""L15916,L20010,L14162"""
"=""3d4.(5D).4p""","=""y 6F*""","=""3/2""","=""""","=""3.0785550""","=""""","=""0.0000005""","=""0.0050610""","=""1.02""","=""  94         :     4  3d3.(4F).4s.4p.(3P*)  6F*  ""","=""L15916,L20010,L14162"""
"=""3d4.(5D).4p""","=""y 6F*""","=""5/2""","=""""","=""3.0870583""","=""""","=""0.0000004""","=""0.0085033""","=""1.23""","=""  96         :     3  3d3.(4F).4s.4p.(3P*)  6F*  ""","=""L15916,L20010,L14162"""
"=""3d4.(5D).4p""","=""y 6F*""","=""7/2""","=""""","=""3.09872579""","=""""","=""0.00000025""","=""0.0116675""","=""1.37""","=""  94         :     4  3d3.(4F).4s.4p.(3P*)  6F*  ""","=""L15916,L20010,L14162"""
"=""3d4.(5D).4p""","=""y 6F*""","=""9/2""","=""""","=""3.1134259""","=""""","=""0.0000005""","=""0.0147001""","=""1.41""","=""  96         :     3  3d3.(4F).4s.4p.(3P*)  6F*  ""","=""L15916,L20010,L14162"""
"=""3d4.(5D).4p""","=""y 6F*""","=""11/2""","=""""","=""3.13102962""","=""""","=""0.00000025""","=""0.0176037""","=""1.41""","=""  94         :     4  3d3.(4F).4s.4p.(3P*)  6F*  ""","=""L15916,L20010,L14162"""
"=""3d4.(5D).4p""","=""y 4F*""","=""3/2""","=""""","=""3.21497771""","=""""","=""0.00000025""","=""0.0839481""","=""0.42""","=""  74         :    18  3d3.(4F).4s.4p.(1P*)  4F*  ""","=""L15916,L20010,L14162"""
"=""3d4.(5D).4p""","=""y 4F*""","=""5/2""","=""""","=""3.22411411""","=""""","=""0.00000012""","=""0.0091364""","=""0.98""","=""  71         :    18  3d3.(4F).4s.4p.(1P*)  4F*  ""","=""L15916,L20010,L14162"""
"=""3d4.(5D).4p""","=""y 4F*""","=""7/2""","=""""","=""3.23872689""","=""o""","=""0.00000015""","=""0.0146128""","=""1.15""","=""  62         :    10  3d3.(4F).4s.4p.(1P*)  4F*  ""","=""L15916,L20010,L14162"""
"=""3d4.(5D).4p""","=""y 4F*""","=""9/2""","=""""","=""3.24490427""","=""""","=""0.00000012""","=""0.0061774""","=""1.23""","=""  59         :    10  3d3.(4F).4s.4p.(3P*)  2G*  ""","=""L15916,L20010,L14162"""
"=""3d3.(4F).4s.4p.(3P*)""","=""z 2G*""","=""7/2""","=""""","=""3.22630528""","=""""","=""0.00000025""","=""-0.0185990""","=""0.92""","=""  92         :     2  3d4.(3F2).4p          2G*  ""","=""L15916,L20010,L14162"""
"=""3d3.(4F).4s.4p.(3P*)""","=""z 2G*""","=""9/2""","=""""","=""3.26635156""","=""""","=""0.00000014""","=""0.0400463""","=""1.13""","=""  83         :     7  3d4.(5D).4p           4F*  ""","=""L15916,L20010,L14162"""
"=""3d4.(5D).4p""","=""y 4D*""","=""1/2""","=""""","=""3.24623326""","=""""","=""0.00000017""","=""-0.0201183""","=""-0.06""","=""  61         :    32  3d3.(4F).4s.4p.(1P*)  4D*  ""","=""L15916,L20010,L14162"""
"=""3d4.(5D).4p""","=""y 4D*""","=""3/2""","=""""","=""3.25452024""","=""""","=""0.00000017""","=""0.0082870""","=""1.17""","=""  61         :    32  3d3.(4F).4s.4p.(1P*)  4D*  ""","=""L15916,L20010,L14162"""
"=""3d4.(5D).4p""","=""y 4D*""","=""5/2""","=""""","=""3.26731020""","=""""","=""0.00000017""","=""0.0127900""","=""1.34""","=""  61         :    31  3d3.(4F).4s.4p.(1P*)  4D*  ""","=""L15916,L20010,L14162"""
"=""3d4.(5D).4p""","=""y 4D*""","=""7/2""","=""""","=""3.28313703""","=""o""","=""0.00000025""","=""0.0158268""","=""1.39""","=""  58         :    21  3d3.(4F).4s.4p.(1P*)  4D*  ""","=""L15916,L20010,L14162"""
"=""3d4.(1D2).4s""","=""2D""","=""5/2""","=""""","=""3.2478940""","=""""","=""0.0000007""","=""-0.0352430""","=""""","=""  89         :     5  3d3.4s2               2D1  ""","=""L15916,L20010"""
"=""3d4.(1D2).4s""","=""2D""","=""3/2""","=""""","=""3.2492295""","=""""","=""0.0000007""","=""0.0013355""","=""""","=""  84         :     6  3d3.4s2               2D1  ""","=""L15916,L20010"""
"=""3d4.(5D).4p""","=""y 6D*""","=""1/2""","=""""","=""3.2728894""","=""""","=""0.0000006""","=""0.0236599""","=""3.25""","=""  83         :     7  3d3.(4F).4s.4p.(3P*)  6D*  ""","=""L15916,L20010,L14162"""
"=""3d4.(5D).4p""","=""y 6D*""","=""3/2""","=""""","=""3.27786374""","=""""","=""0.00000025""","=""0.0049743""","=""1.86""","=""  85         :     8  3d3.(4F).4s.4p.(3P*)  6D*  ""","=""L15916,L20010,L14162"""
"=""3d4.(5D).4p""","=""y 6D*""","=""5/2""","=""""","=""3.2863193""","=""""","=""0.0000005""","=""0.0084556""","=""1.59""","=""  81         :     7  3d3.(4F).4s.4p.(3P*)  6D*  ""","=""L15916,L20010,L14162"""
"=""3d4.(5D).4p""","=""y 6D*""","=""7/2""","=""""","=""3.2985757""","=""o""","=""0.0000006""","=""0.0122564""","=""1.58""","=""  81         :     8  3d3.(4F).4s.4p.(3P*)  6D*  ""","=""L15916,L20010,L14162"""
"=""3d4.(5D).4p""","=""y 6D*""","=""9/2""","=""""","=""3.31512954""","=""""","=""0.00000025""","=""0.0165538""","=""1.50""","=""  76         :     7  3d4.(5D).4p           4F*  ""","=""L15916,L20010,L14162"""
"=""3d3.(4F).4s.4p.(3P*)""","=""z 2F*""","=""5/2""","=""""","=""3.37085102""","=""""","=""0.00000025""","=""0.0557215""","=""0.856(2)""","=""  96         :     2  3d2.(3F).4s2.4p       2F*  ""","=""L15916,L20010,L14162,L21158"""
"=""3d3.(4F).4s.4p.(3P*)""","=""z 2F*""","=""7/2""","=""""","=""3.4059439""","=""""","=""0.0000004""","=""0.0350929""","=""1.01""","=""  96         :     1  3d2.(3F).4s2.4p       2F*  ""","=""L15916,L20010,L14162"""
"=""3d3.(4P).4s.4p.(3P*)""","=""x 6D*""","=""1/2""","=""""","=""3.51044222""","=""""","=""0.00000025""","=""0.1044983""","=""3.23""","=""  90         :     8  3d4.(5D).4p           6D*  ""","=""L15916,L20010,L14162"""
"=""3d3.(4P).4s.4p.(3P*)""","=""x 6D*""","=""3/2""","=""""","=""3.51727710""","=""""","=""0.00000025""","=""0.0068349""","=""1.82""","=""  88         :     8  3d4.(5D).4p           6D*  ""","=""L15916,L20010,L14162"""
"=""3d3.(4P).4s.4p.(3P*)""","=""x 6D*""","=""5/2""","=""""","=""3.5288602""","=""""","=""0.0000006""","=""0.0115831""","=""1.58""","=""  88         :     8  3d4.(5D).4p           6D*  ""","=""L15916,L20010,L14162"""
"=""3d3.(4P).4s.4p.(3P*)""","=""x 6D*""","=""7/2""","=""""","=""3.5454071""","=""""","=""0.0000005""","=""0.0165469""","=""1.52""","=""  90         :     8  3d4.(5D).4p           6D*  ""","=""L15916,L20010,L14162"""
"=""3d3.(4P).4s.4p.(3P*)""","=""x 6D*""","=""9/2""","=""""","=""3.5667950""","=""""","=""0.0000006""","=""0.0213879""","=""1.47""","=""  88         :     8  3d4.(5D).4p           6D*  ""","=""L15916,L20010,L14162"""
"=""3d3.(4P).4s.4p.(3P*)""","=""y 6P*""","=""3/2""","=""""","=""3.6206845""","=""""","=""0.0000005""","=""0.0538895""","=""2.32""","=""  72         :    26  3d4.(5D).4p           6P*  ""","=""L15916,L20010,L14162"""
"=""3d3.(4P).4s.4p.(3P*)""","=""y 6P*""","=""5/2""","=""""","=""3.63229439""","=""""","=""0.00000025""","=""0.0116099""","=""1.76""","=""  72         :    26  3d4.(5D).4p           6P*  ""","=""L15916,L20010,L14162"""
"=""3d3.(4P).4s.4p.(3P*)""","=""y 6P*""","=""7/2""","=""""","=""3.64738190""","=""""","=""0.00000025""","=""0.0150875""","=""1.62""","=""  72         :    26  3d4.(5D).4p           6P*  ""","=""L15916,L20010,L14162"""
"=""3d3.(4P).4s.4p.(3P*)""","=""y 4P*""","=""1/2""","=""""","=""3.7222074""","=""""","=""0.0000004""","=""0.0748255""","=""2.67""","=""  68         :    11  3d3.(2D2).4s.4p.(3P*) 4P*  ""","=""L15916,L20010,L14162"""
"=""3d3.(4P).4s.4p.(3P*)""","=""y 4P*""","=""3/2""","=""""","=""3.73125300""","=""""","=""0.00000025""","=""0.0090456""","=""1.74""","=""  72         :    10  3d3.(2D2).4s.4p.(3P*) 4P*  ""","=""L15916,L20010,L14162"""
"=""3d3.(4P).4s.4p.(3P*)""","=""y 4P*""","=""5/2""","=""""","=""3.7345061""","=""""","=""0.0000004""","=""0.0032531""","=""1.67""","=""  75         :     8  3d3.(2D2).4s.4p.(3P*) 4P*  ""","=""L15916,L20010,L14162"""
"=""3d3.(2G).4s.4p.(3P*)""","=""y 4G*""","=""5/2""","=""""","=""3.79832783""","=""""","=""0.00000025""","=""0.0638217""","=""0.53""","=""  46         :    46  3d3.(4F).4s.4p.(1P*)  4G*  ""","=""L15916,L20010,L14162"""
"=""3d3.(2G).4s.4p.(3P*)""","=""y 4G*""","=""7/2""","=""""","=""3.80561364""","=""""","=""0.00000025""","=""0.0072858""","=""0.93""","=""  50         :    43  3d3.(4F).4s.4p.(1P*)  4G*  ""","=""L15916,L20010,L14162"""
"=""3d3.(2G).4s.4p.(3P*)""","=""y 4G*""","=""9/2""","=""""","=""3.8152085""","=""""","=""0.0000006""","=""0.0095949""","=""1.13""","=""  56         :    36  3d3.(4F).4s.4p.(1P*)  4G*  ""","=""L15916,L20010,L14162"""
"=""3d3.(2G).4s.4p.(3P*)""","=""y 4G*""","=""11/2""","=""""","=""3.8266829""","=""""","=""0.0000005""","=""0.0114744""","=""1.21""","=""  64         :    29  3d3.(4F).4s.4p.(1P*)  4G*  ""","=""L15916,L20010,L14162"""
"=""3d3.(4P).4s.4p.(3P*)""","=""z 6S*""","=""5/2""","=""""","=""3.8227628""","=""""","=""0.0000011""","=""-0.003920""","=""""","=""  96         :     1  3d3.(4P).4s.4p.(3P*)  4P*  ""","=""L15916,L20010"""
"=""3d3.(2G).4s.4p.(3P*)""","=""x 4F*""","=""3/2""","=""""","=""3.86832584""","=""""","=""0.00000025""","=""0.0455630""","=""0.38""","=""  77         :    10  3d3.(2D2).4s.4p.(3P*) 4F*  ""","=""L15916,L20010,L14162"""
"=""3d3.(2G).4s.4p.(3P*)""","=""x 4F*""","=""5/2""","=""""","=""3.87190427""","=""""","=""0.00000025""","=""0.0035784""","=""1.01""","=""  74         :    10  3d3.(2D2).4s.4p.(3P*) 4F*  ""","=""L15916,L20010,L14162"""
"=""3d3.(2G).4s.4p.(3P*)""","=""x 4F*""","=""7/2""","=""""","=""3.8767492""","=""""","=""0.0000004""","=""0.0048449""","=""1.21""","=""  74         :     8  3d3.(2D2).4s.4p.(3P*) 4F*  ""","=""L15916,L20010,L14162"""
"=""3d3.(2G).4s.4p.(3P*)""","=""x 4F*""","=""9/2""","=""""","=""3.8828677""","=""""","=""0.0000006""","=""0.0061185""","=""1.32""","=""  81         :     8  3d3.(2D2).4s.4p.(3P*) 4F*  ""","=""L15916,L20010,L14162"""
"=""3d4.(3F1).4s""","=""4F""","=""3/2""","=""""","=""3.8849338""","=""""","=""0.0000004""","=""0.0020661""","=""""","=""  87         :     3  3d3.4s.(5F).4d        4F   ""","=""L15916,L20010"""
"=""3d4.(3F1).4s""","=""4F""","=""9/2""","=""""","=""3.8876126""","=""""","=""0.0000005""","=""0.0026788""","=""""","=""  90         :     3  3d3.4s.(5F).4d        4F   ""","=""L15916,L20010"""
"=""3d4.(3F1).4s""","=""4F""","=""5/2""","=""""","=""3.88782694""","=""""","=""0.00000025""","=""0.0002143""","=""""","=""  90         :     4  3d3.4s.(5F).4d        4F   ""","=""L15916,L20010"""
"=""3d4.(3F1).4s""","=""4F""","=""7/2""","=""""","=""3.8895191""","=""""","=""0.0000005""","=""0.0016922""","=""""","=""  89         :     3  3d3.4s.(5F).4d        4F   ""","=""L15916,L20010"""
"=""3d3.(4F).4s.4p.(1P*)""","=""x 4G*""","=""5/2""","=""""","=""3.8928338""","=""""","=""0.0000005""","=""0.0033147""","=""0.53""","=""  25         :    38  3d3.(2G).4s.4p.(3P*)  4G*  ""","=""L15916,L20010,L14162"""
"=""3d3.(4F).4s.4p.(1P*)""","=""x 4G*""","=""7/2""","=""""","=""3.91060631""","=""""","=""0.00000025""","=""0.0177725""","=""0.95""","=""  24         :    34  3d3.(2G).4s.4p.(3P*)  4G*  ""","=""L15916,L20010,L14162"""
"=""3d3.(4F).4s.4p.(1P*)""","=""x 4G*""","=""9/2""","=""""","=""3.93299947""","=""""","=""0.00000025""","=""0.0223932""","=""1.12""","=""  28         :    30  3d3.(2G).4s.4p.(3P*)  4G*  ""","=""L15916,L20010,L14162"""
"=""3d3.(4F).4s.4p.(1P*)""","=""x 4G*""","=""11/2""","=""""","=""3.95969959""","=""""","=""0.00000025""","=""0.0267001""","=""1.20""","=""  30         :    27  3d3.(4F).4s.4p.(3P*)  4G*  ""","=""L15916,L20010,L14162"""
"=""3d4.(3P1).4s""","=""4P""","=""5/2""","=""""","=""3.92097610""","=""""","=""0.00000016""","=""-0.0387235""","=""""","=""  59         :    28  3d5                   4P   ""","=""L15916,L20010"""
"=""3d4.(3P1).4s""","=""4P""","=""3/2""","=""""","=""3.93246695""","=""""","=""0.00000025""","=""0.0114908""","=""""","=""  55         :    32  3d5                   4P   ""","=""L15916,L20010"""
"=""3d4.(3P1).4s""","=""4P""","=""1/2""","=""""","=""3.93835546""","=""""","=""0.00000025""","=""0.0058885""","=""""","=""  52         :    37  3d5                   4P   ""","=""L15916,L20010"""
"=""3d3.(2P).4s.4p.(3P*)""","=""2S*""","=""1/2""","=""""","=""3.9409874""","=""o""","=""0.0000004""","=""0.0026319""","=""2.30""","=""  59         :    18  3d3.(2P).4s.4p.(3P*)  2S*  ""","=""L15916,L20010,L14162"""
"=""3d4.(3P2).4p""","=""y 2S*""","=""1/2""","=""""","=""3.96281581""","=""""","=""0.00000025""","=""0.0218284""","=""2.21""","=""  34         :    23  3d3.(4P).4s.4p.(3P*)  2P*  ""","=""L15916,L20010,L14162"""
"=""3d3.(2P).4s.4p.(3P*)""","=""x 4D*""","=""1/2""","=""""","=""4.0107632""","=""""","=""0.0000007""","=""0.0479474""","=""0.08""","=""  24         :    13  3d3.(4P).4s.4p.(3P*)  4D*  ""","=""L15916,L20010,L14162"""
"=""3d3.(2P).4s.4p.(3P*)""","=""x 4D*""","=""3/2""","=""""","=""4.02410318""","=""""","=""0.00000025""","=""0.0133400""","=""1.17""","=""  28         :    21  3d3.(4P).4s.4p.(3P*)  4D*  ""","=""L15916,L20010,L14162"""
"=""3d3.(2P).4s.4p.(3P*)""","=""x 4D*""","=""5/2""","=""""","=""4.04937550""","=""""","=""0.00000025""","=""0.0252723""","=""1.29""","=""  24         :    21  3d3.(2P).4s.4p.(3P*)  4P*  ""","=""L15916,L20010,L14162"""
"=""3d3.(2P).4s.4p.(3P*)""","=""x 4D*""","=""7/2""","=""""","=""4.07796588""","=""""","=""0.00000025""","=""0.0285904""","=""1.35""","=""  35         :    18  3d3.(4P).4s.4p.(3P*)  4D*  ""","=""L15916,L20010,L14162"""
"=""3d5""","=""4G""","=""5/2""","=""""","=""4.01117857""","=""""","=""0.00000012""","=""-0.0667873""","=""""","=""  86         :     7  3d4.(5D).4d           4G   ""","=""L15916,L20010"""
"=""3d5""","=""4G""","=""7/2""","=""""","=""4.01357457""","=""""","=""0.00000012""","=""0.0023960""","=""""","=""  86         :     6  3d4.(5D).4d           4G   ""","=""L15916,L20010"""
"=""3d5""","=""4G""","=""9/2""","=""""","=""4.01633842""","=""""","=""0.00000016""","=""0.0027639""","=""""","=""  86         :     6  3d4.(5D).4d           4G   ""","=""L15916,L20010"""
"=""3d5""","=""4G""","=""11/2""","=""""","=""4.01921671""","=""""","=""0.00000025""","=""0.0028783""","=""""","=""  86         :     6  3d4.(5D).4d           4G   ""","=""L15916,L20010"""
"=""3d3.(2H).4s.4p.(3P*)""","=""z 4H*""","=""7/2""","=""""","=""4.05329662""","=""""","=""0.00000025""","=""0.0340799""","=""0.68""","=""  62         :    19  3d4.(3H).4p           4H*  ""","=""L15916,L20010,L14162"""
"=""3d3.(2H).4s.4p.(3P*)""","=""z 4H*""","=""9/2""","=""""","=""4.0652163""","=""""","=""0.0000005""","=""0.0119197""","=""0.98""","=""  64         :    20  3d4.(3H).4p           4H*  ""","=""L15916,L20010,L14162"""
"=""3d3.(2H).4s.4p.(3P*)""","=""z 4H*""","=""11/2""","=""""","=""4.0788195""","=""""","=""0.0000005""","=""0.0136032""","=""1.11""","=""  67         :    22  3d4.(3H).4p           4H*  ""","=""L15916,L20010,L14162"""
"=""3d3.(2H).4s.4p.(3P*)""","=""z 4H*""","=""13/2""","=""""","=""4.08700569""","=""""","=""0.00000025""","=""0.0081862""","=""1.21""","=""  67         :    23  3d4.(3H).4p           4H*  ""","=""L15916,L20010,L14162"""
"=""3d3.(4P).4s.4p.(3P*)""","=""z 2P*""","=""1/2""","=""""","=""4.0573582""","=""""","=""0.0000007""","=""-0.0296475""","=""0.73?""","=""  23         :    34  3d4.(3P1).4p          2S*  ""","=""L15916,L20010,L14162"""
"=""3d3.(4P).4s.4p.(3P*)""","=""z 2P*""","=""3/2""","=""""","=""4.06270318""","=""""","=""0.00000025""","=""0.0053450""","=""1.22""","=""  52         :    24  3d4.(3P2).4p          2P*  ""","=""L15916,L20010,L14162"""
"=""3d3.(4F).4s.4p.(1P*)""","=""w 4F*""","=""3/2""","=""""","=""4.0590108""","=""""","=""0.0000004""","=""-0.0036924""","=""0.52""","=""  58         :    21  3d4.(5D).4p           4F*  ""","=""L15916,L20010,L14162"""
"=""3d3.(4F).4s.4p.(1P*)""","=""w 4F*""","=""5/2""","=""""","=""4.07248690""","=""""","=""0.00000012""","=""0.0134761""","=""1.01""","=""  58         :    22  3d4.(5D).4p           4F*  ""","=""L15916,L20010,L14162"""
"=""3d3.(4F).4s.4p.(1P*)""","=""w 4F*""","=""7/2""","=""""","=""4.09009550""","=""""","=""0.00000025""","=""0.0176086""","=""1.18""","=""  57         :    20  3d4.(5D).4p           4F*  ""","=""L15916,L20010,L14162"""
"=""3d3.(4F).4s.4p.(1P*)""","=""w 4F*""","=""9/2""","=""""","=""4.11073714""","=""""","=""0.00000025""","=""0.0206416""","=""1.30""","=""  57         :    21  3d4.(5D).4p           4F*  ""","=""L15916,L20010,L14162"""
"=""3d3.(2G).4s.4p.(3P*)""","=""y 2G*""","=""9/2""","=""""","=""4.12953463""","=""""","=""0.00000025""","=""0.0187975""","=""1.03""","=""  82         :     4  3d4.(1G2).4s          2G*  ""","=""L15916,L20010,L14162"""
"=""3d3.(2G).4s.4p.(3P*)""","=""y 2G*""","=""7/2""","=""""","=""4.1361476""","=""""","=""0.0000005""","=""0.0066130""","=""0.91""","=""  81         :     6  3d3.(2H).4s.4p.(3P*)  4H*  ""","=""L15916,L20010,L14162"""
"=""3d5""","=""4P""","=""5/2""","=""""","=""4.12999164""","=""""","=""0.00000012""","=""-0.0061560""","=""""","=""  50         :    32  3d4.(3P2).4s          4P   ""","=""L15916,L20010"""
"=""3d5""","=""4P""","=""3/2""","=""""","=""4.14263244""","=""""","=""0.00000012""","=""0.0126408""","=""""","=""  46         :    36  3d4.(3P1).4s          4P   ""","=""L15916,L20010"""
"=""3d5""","=""4P""","=""1/2""","=""""","=""4.15153253""","=""""","=""0.00000015""","=""0.0089001""","=""""","=""  46         :    37  3d4.(3P1).4s          4P   ""","=""L15916,L20010"""
"=""3d3.(2G).4s.4p.(3P*)""","=""y 2F*""","=""7/2""","=""""","=""4.1511678""","=""""","=""0.0000007""","=""-0.0003647""","=""1.11""","=""  69         :     5  3d3.(2D2).4s.4p.(3P*) 2F*  ""","=""L15916,L20010,L14162"""
"=""3d3.(2G).4s.4p.(3P*)""","=""y 2F*""","=""5/2""","=""""","=""4.1568912""","=""""","=""0.0000011""","=""0.005723""","=""0.85""","=""  71         :     5  3d3.(2D2).4s.4p.(3P*) 2F*  ""","=""L15916,L20010,L14162"""
"=""3d3.(2G).4s.4p.(3P*)""","=""z 2H*""","=""9/2""","=""""","=""4.17086315""","=""""","=""0.00000025""","=""0.0139720""","=""0.92""","=""  79         :     6  3d3.(2H).4s.4p.(3P*)  4I*  ""","=""L15916,L20010,L14162"""
"=""3d3.(2G).4s.4p.(3P*)""","=""z 2H*""","=""11/2""","=""""","=""4.17768811""","=""""","=""0.00000025""","=""0.0068250""","=""1.09""","=""  82         :     6  3d3.(2H).4s.4p.(3P*)  2H*  ""","=""L15916,L20010,L14162"""
"=""3d3.(4P).4s.4p.(3P*)""","=""w 4D*""","=""1/2""","=""""","=""4.21135069""","=""""","=""0.00000025""","=""0.0336626""","=""0.09""","=""  49         :    12  3d3.(2P).4s.4p.(3P*)  4D*  ""","=""L15916,L20010,L14162"""
"=""3d3.(4P).4s.4p.(3P*)""","=""w 4D*""","=""3/2""","=""""","=""4.21249568""","=""o""","=""0.00000025""","=""0.0011450""","=""0.80""","=""  48         :    14  3d3.(2P).4s.4p.(3P*)  4D*  ""","=""L15916,L20010,L14162"""
"=""3d3.(4P).4s.4p.(3P*)""","=""w 4D*""","=""5/2""","=""""","=""4.22361235""","=""""","=""0.00000025""","=""0.0111167""","=""1.30""","=""  45         :    15  3d3.(2P).4s.4p.(3P*)  4D*  ""","=""L15916,L20010,L14162"""
"=""3d3.(4P).4s.4p.(3P*)""","=""w 4D*""","=""7/2""","=""""","=""4.2313242""","=""""","=""0.0000009""","=""0.0077119""","=""1.35""","=""  44         :    17  3d3.(2P).4s.4p.(3P*)  4D*  ""","=""L15916,L20010,L14162"""
"=""3d3.(2P).4s.4p.(3P*)""","=""2D*""","=""3/2""","=""""","=""4.2191901""","=""o""","=""0.0000007""","=""-0.012134""","=""0.86""","=""  23         :    14  3d3.(2D2).4s.4p.(3P*) 4F*  ""","=""L15916,L20010,L14162"""
"=""3d3.(2P).4s.4p.(3P*)""","=""2D*""","=""5/2""","=""""","=""4.23627746""","=""""","=""0.00000025""","=""0.0170874""","=""1.32?""","=""  28         :    14  3d3.(2D2).4s.4p.(3P*) 2D*  ""","=""L15916,L20010,L14162"""
"=""3d5""","=""c 4D""","=""1/2""","=""""","=""4.25621425""","=""""","=""0.00000015""","=""0.0199368""","=""""","=""  77         :    10  3d4.(5D).4d           4D   ""","=""L15916,L20010"""
"=""3d5""","=""c 4D""","=""3/2""","=""""","=""4.25797532""","=""""","=""0.00000017""","=""0.0017611""","=""""","=""  76         :    10  3d4.(5D).4d           4D   ""","=""L15916,L20010"""
"=""3d5""","=""c 4D""","=""5/2""","=""""","=""4.25989968""","=""""","=""0.00000012""","=""0.0019244""","=""""","=""  76         :    10  3d4.(5D).4d           4D   ""","=""L15916,L20010"""
"=""3d5""","=""c 4D""","=""7/2""","=""""","=""4.26084815""","=""""","=""0.00000012""","=""0.0009485""","=""""","=""  79         :    10  3d4.(5D).4d           4D   ""","=""L15916,L20010"""
"=""3d3.(2D2).4s.4p.(3P*)""","=""4F*""","=""7/2""","=""""","=""4.2619410""","=""""","=""0.0000005""","=""0.0010929""","=""1.21""","=""  72         :     6  3d3.(2G).4s.4p.(3P*)  4F*  ""","=""L15916,L20010,L14162"""
"=""3d3.(2D2).4s.4p.(3P*)""","=""4F*""","=""3/2""","=""""","=""4.2686238""","=""""","=""0.0000004""","=""0.0066828""","=""0.73""","=""  55         :     7  3d3.(2G).4s.4p.(3P*)  4F*  ""","=""L15916,L20010,L14162"""
"=""3d3.(2D2).4s.4p.(3P*)""","=""4F*""","=""5/2""","=""""","=""4.2758166""","=""""","=""0.0000006""","=""0.0071928""","=""1.18""","=""  56         :     6  3d3.(2G).4s.4p.(3P*)  4F*  ""","=""L15916,L20010,L14162"""
"=""3d3.(2D2).4s.4p.(3P*)""","=""4F*""","=""9/2""","=""""","=""4.2811522""","=""""","=""0.0000004""","=""0.0053356""","=""1.41""","=""  80         :     7  3d3.(2G).4s.4p.(3P*)  4F*  ""","=""L15916,L20010,L14162"""
"=""3d3.(4F).4s.4p.(1P*)""","=""v 4D*""","=""1/2""","=""""","=""4.2746562""","=""o""","=""0.0000006""","=""-0.0064960""","=""0.00""","=""  18         :    20  3d3.(2D2).4s.4p.(3P*) 4D*  ""","=""L15916,L20010,L14162"""
"=""3d3.(4F).4s.4p.(1P*)""","=""v 4D*""","=""3/2""","=""""","=""4.28207933""","=""""","=""0.00000016""","=""0.0074231""","=""1.05""","=""  19         :    21  3d3.(2D2).4s.4p.(3P*) 4D*  ""","=""L15916,L20010,L14162"""
"=""3d3.(4F).4s.4p.(1P*)""","=""v 4D*""","=""5/2""","=""""","=""4.29228311""","=""""","=""0.00000025""","=""0.0102038""","=""1.28""","=""  19         :    21  3d3.(2D2).4s.4p.(3P*) 4D*  ""","=""L15916,L20010,L14162"""
"=""3d3.(4F).4s.4p.(1P*)""","=""v 4D*""","=""7/2""","=""""","=""4.30809481""","=""""","=""0.00000012""","=""0.0158117""","=""1.35""","=""  21         :    17  3d3.(2D2).4s.4p.(3P*) 4D*  ""","=""L15916,L20010,L14162"""
"=""3d4.(3F1).4s""","=""2F""","=""5/2""","=""""","=""4.32729997""","=""""","=""0.00000025""","=""0.0192052""","=""""","=""  80         :     7  3d5                   2F1  ""","=""L15916,L20010"""
"=""3d4.(3F1).4s""","=""2F""","=""7/2""","=""""","=""4.32771928""","=""""","=""0.00000025""","=""0.0004193""","=""""","=""  81         :     9  3d5                   2F1  ""","=""L15916,L20010"""
"=""3d3.(2D2).4s.4p.(3P*)""","=""u 4D*""","=""1/2""","=""""","=""4.34109085""","=""o""","=""0.00000025""","=""0.0133716""","=""""","=""  50         :    23  3d3.(2P).4s.4p.(3P*)  4D*  ""","=""L15916,L20010"""
"=""3d3.(2D2).4s.4p.(3P*)""","=""u 4D*""","=""3/2""","=""""","=""4.3509177""","=""""","=""0.0000007""","=""0.0098269""","=""1.12""","=""  50         :    22  3d3.(2P).4s.4p.(3P*)  4D*  ""","=""L15916,L20010,L14162"""
"=""3d3.(2D2).4s.4p.(3P*)""","=""u 4D*""","=""5/2""","=""""","=""4.3673421""","=""""","=""0.0000006""","=""0.0164244""","=""1.32""","=""  51         :    21  3d3.(2P).4s.4p.(3P*)  4D*  ""","=""L15916,L20010,L14162"""
"=""3d3.(2D2).4s.4p.(3P*)""","=""u 4D*""","=""7/2""","=""""","=""4.38647502""","=""""","=""0.00000025""","=""0.0191329""","=""1.33""","=""  57         :    18  3d3.(2P).4s.4p.(3P*)  4D*  ""","=""L15916,L20010,L14162"""
"=""3d3.(4P).4s.4p.(3P*)""","=""y 4S*""","=""3/2""","=""""","=""4.5140665""","=""""","=""0.0000004""","=""0.1275915""","=""1.85""","=""  22         :    24  3d3.(2D2).4s.4p.(3P*) 4P*  ""","=""L15916,L20010,L14162"""
"=""3d4.(3F2).4p""","=""2G*""","=""7/2""","=""""","=""4.5206228""","=""""","=""0.0000005""","=""0.0065563""","=""0.85""","=""  18         :    16  3d3.(2G).4s.4p.(1P*)  2G*  ""","=""L15916,L20010,L14162"""
"=""3d4.(3F2).4p""","=""2G*""","=""9/2""","=""""","=""4.5302052""","=""""","=""0.0000005""","=""0.0095824""","=""1.05""","=""  14         :    21  3d4.(3H).4p           2G*  ""","=""L15916,L20010,L14162"""
"=""3d4.(3P2).4p""","=""2P*""","=""1/2""","=""""","=""4.5226619""","=""o""","=""0.0000006""","=""-0.0075433""","=""0.74""","=""  24         :    24  3d3.(4P).4s.4p.(3P*)  2P*  ""","=""L15916,L20010,L14162"""
"=""3d4.(3P2).4p""","=""2P*""","=""3/2""","=""""","=""4.53539492""","=""o""","=""0.00000025""","=""0.0127330""","=""1.17""","=""  26         :    18  3d3.(4P).4s.4p.(3P*)  2P*  ""","=""L15916,L20010,L14162"""
"=""3d3.(2D2).4s.4p.(3P*)""","=""x 4P*""","=""5/2""","=""""","=""4.5392903""","=""""","=""0.0000004""","=""0.0038954""","=""1.54""","=""  66         :    14  3d3.(2P).4s.4p.(3P*)  4P*  ""","=""L15916,L20010,L14162"""
"=""3d3.(2D2).4s.4p.(3P*)""","=""x 4P*""","=""1/2""","=""""","=""4.5496760""","=""""","=""0.0000007""","=""0.0103857""","=""2.51""","=""  59         :    13  3d3.(2P).4s.4p.(3P*)  4P*  ""","=""L15916,L20010,L14162"""
"=""3d3.(2D2).4s.4p.(3P*)""","=""x 4P*""","=""3/2""","=""""","=""4.5644568""","=""""","=""0.0000006""","=""0.0147808""","=""1.77""","=""  24         :    15  3d3.(2P).4s.4p.(3P*)  4S*  ""","=""L15916,L20010,L14162"""
"=""3d3.(4P).4s.4p.(3P*)""","=""x 2D*""","=""5/2""","=""""","=""4.5503153""","=""""","=""0.0000015""","=""-0.014142""","=""1.13""","=""  44         :    12  3d4.(3P2).4p          2D*  ""","=""L15916,L20010,L14162"""
"=""3d3.(4P).4s.4p.(3P*)""","=""x 2D*""","=""3/2""","=""""","=""4.5601501""","=""""","=""0.0000005""","=""0.009835""","=""""","=""  41         :    12  3d4.(3P2).4p          2D*  ""","=""L15916,L20010"""
"=""3d4.(3F2).4p""","=""x 2F*""","=""5/2""","=""""","=""4.5584081""","=""""","=""0.0000007""","=""-0.0017420""","=""0.89""","=""  23         :    14  3d3.(2G).4s.4p.(1P*)  2F*  ""","=""L15916,L20010,L14162"""
"=""3d4.(3F2).4p""","=""x 2F*""","=""7/2""","=""""","=""4.5782272""","=""o""","=""0.0000005""","=""0.0198191""","=""1.05""","=""  14         :     8  3d3.(2G).4s.4p.(1P*)  2F*  ""","=""L15916,L20010,L14162"""
"=""3d3.(2H).4s.4p.(3P*)""","=""w 4G*""","=""7/2""","=""""","=""4.56545501""","=""""","=""0.00000016""","=""-0.0127722""","=""1.06""","=""  59         :    12  3d4.(3F2).4p          4G*  ""","=""L15916,L20010,L14162"""
"=""3d3.(2H).4s.4p.(3P*)""","=""w 4G*""","=""5/2""","=""""","=""4.57052535""","=""""","=""0.00000025""","=""0.0050703""","=""""","=""  56         :    12  3d4.(3F2).4p          4G*  ""","=""L15916,L20010"""
"=""3d3.(2H).4s.4p.(3P*)""","=""w 4G*""","=""9/2""","=""""","=""4.57476412""","=""""","=""0.00000025""","=""0.0042388""","=""1.17""","=""  61         :    12  3d4.(3F2).4p          4G*  ""","=""L15916,L20010,L14162"""
"=""3d3.(2H).4s.4p.(3P*)""","=""w 4G*""","=""11/2""","=""""","=""4.5797832""","=""""","=""0.0000007""","=""0.0050191""","=""1.26""","=""  64         :    12  3d4.(3F2).4p          4G*  ""","=""L15916,L20010,L14162"""
"=""3d5""","=""e 4F""","=""3/2""","=""""","=""4.5853824""","=""""","=""0.0000006""","=""0.0055992""","=""""","=""  61         :    21  3d4.(5D).4d           4F   ""","=""L15916,L20010"""
"=""3d5""","=""e 4F""","=""5/2""","=""""","=""4.58607445""","=""""","=""0.00000014""","=""0.0006920""","=""""","=""  62         :    21  3d4.(5D).4d           4F   ""","=""L15916,L20010"""
"=""3d5""","=""e 4F""","=""7/2""","=""""","=""4.59058673""","=""""","=""0.00000015""","=""0.0045123""","=""""","=""  62         :    21  3d4.(5D).4d           4F   ""","=""L15916,L20010"""
"=""3d5""","=""e 4F""","=""9/2""","=""""","=""4.59678396""","=""""","=""0.00000016""","=""0.0061972""","=""""","=""  58         :    19  3d4.(5D).4d           4F   ""","=""L15916,L20010"""
"=""3d4.(5D).5s""","=""e 6D""","=""1/2""","=""""","=""4.6018929""","=""""","=""0.0000006""","=""0.0051089""","=""3.08""","=""  98         :     2  3d3.4s.(5F).4d        6D   ""","=""L15916,L20010,L14162"""
"=""3d4.(5D).5s""","=""e 6D""","=""3/2""","=""""","=""4.6070770""","=""""","=""0.0000005""","=""0.0051841""","=""1.87""","=""  98         :     2  3d3.4s.(5F).4d        6D   ""","=""L15916,L20010,L14162"""
"=""3d4.(5D).5s""","=""e 6D""","=""5/2""","=""""","=""4.61562038""","=""""","=""0.00000012""","=""0.0085434""","=""1.61""","=""  98         :     2  3d3.4s.(5F).4d        6D   ""","=""L15916,L20010,L14162"""
"=""3d4.(5D).5s""","=""e 6D""","=""7/2""","=""""","=""4.62735933""","=""""","=""0.00000016""","=""0.0117389""","=""1.64""","=""  98         :     2  3d3.4s.(5F).4d        6D   ""","=""L15916,L20010,L14162"""
"=""3d4.(5D).5s""","=""e 6D""","=""9/2""","=""""","=""4.64206473""","=""""","=""0.00000019""","=""0.0147054""","=""1.48""","=""  96         :     1  3d3.4s.(5F).4d        6D   ""","=""L15916,L20010,L14162"""
"=""3d4.(3H).4p""","=""v 2G*""","=""7/2""","=""""","=""4.60907427""","=""""","=""0.00000025""","=""-0.0329905""","=""0.99""","=""  41         :    13  3d3.(2H).4s.4p.(1P*)  2G*  ""","=""L15916,L20010,L14162"""
"=""3d4.(3H).4p""","=""v 2G*""","=""9/2""","=""""","=""4.63229155""","=""""","=""0.00000025""","=""0.0232173""","=""1.05""","=""  26         :    16  3d4.(3G).4p           2G*  ""","=""L15916,L20010,L14162"""
"=""3d3.(2H).4s.4p.(3P*)""","=""y 2H*""","=""9/2""","=""""","=""4.6098498""","=""""","=""0.0000004""","=""-0.0224417""","=""0.73""","=""  55         :    14  3d4.(3H).4p           2G*  ""","=""L15916,L20010,L14162"""
"=""3d3.(2H).4s.4p.(3P*)""","=""y 2H*""","=""11/2""","=""""","=""4.6135534""","=""""","=""0.0000004""","=""0.0037036""","=""1.08""","=""  75         :     9  3d4.(3H).4p           2H*  ""","=""L15916,L20010,L14162"""
"=""3d4.(3H).4p""","=""z 4I*""","=""9/2""","=""""","=""4.62275791""","=""""","=""0.00000025""","=""0.0092045""","=""0.87""","=""  92         :     1  3d3.(2H).4s.4p.(3P*)  4I*  ""","=""L15916,L20010,L14162"""
"=""3d4.(3H).4p""","=""z 4I*""","=""11/2""","=""""","=""4.6265859""","=""""","=""0.0000005""","=""0.0038280""","=""0.96""","=""  92         :     1  3d3.(2H).4s.4p.(3P*)  4I*  ""","=""L15916,L20010,L14162"""
"=""3d4.(3H).4p""","=""z 4I*""","=""13/2""","=""""","=""4.63754575""","=""""","=""0.00000025""","=""0.0109598""","=""1.08""","=""  92         :     1  3d3.(2H).4s.4p.(3P*)  2I*  ""","=""L15916,L20010,L14162"""
"=""3d4.(3H).4p""","=""z 4I*""","=""15/2""","=""""","=""4.6516943""","=""""","=""0.0000005""","=""0.0141485""","=""1.15""","=""  96         :     1  3d3.(2H).4s.4p.(3P*)  4I*  ""","=""L15916,L20010,L14162"""
"=""3d3.(2D2).4s.4p.(3P*)""","=""w 2F*""","=""5/2""","=""""","=""4.6298867""","=""""","=""0.0000004""","=""-0.0218076""","=""0.84""","=""  24         :    21  3d3.(2G).4s.4p.(1P*)  2F*  ""","=""L15916,L20010,L14162"""
"=""3d3.(2D2).4s.4p.(3P*)""","=""w 2F*""","=""7/2""","=""""","=""4.6463205""","=""o""","=""0.0000005""","=""0.0164338""","=""1.12""","=""  19         :    17  3d4.(3H).4p           2G*  ""","=""L15916,L20010,L14162"""
"=""3d3.4s.(5F).5s""","=""e 6F""","=""1/2""","=""""","=""4.63393074""","=""""","=""0.00000025""","=""-0.0123898""","=""-0.72""","="" 100                                             ""","=""L15916,L20010,L14162"""
"=""3d3.4s.(5F).5s""","=""e 6F""","=""3/2""","=""""","=""4.63988694""","=""""","=""0.00000025""","=""0.0059562""","=""1.05""","=""  96                                             ""","=""L15916,L20010,L14162"""
"=""3d3.4s.(5F).5s""","=""e 6F""","=""5/2""","=""""","=""4.64980915""","=""""","=""0.00000025""","=""0.0099222""","=""1.30""","=""  96                                             ""","=""L15916,L20010,L14162"""
"=""3d3.4s.(5F).5s""","=""e 6F""","=""7/2""","=""""","=""4.66367269""","=""""","=""0.00000015""","=""0.0138635""","=""1.33""","=""  98                                             ""","=""L15916,L20010,L14162"""
"=""3d3.4s.(5F).5s""","=""e 6F""","=""9/2""","=""""","=""4.68141347""","=""""","=""0.00000012""","=""0.0177408""","=""1.43""","=""  96                                             ""","=""L15916,L20010,L14162"""
"=""3d3.4s.(5F).5s""","=""e 6F""","=""11/2""","=""""","=""4.70290166""","=""""","=""0.00000025""","=""0.0214882""","=""1.52""","=""  10                                             ""","=""L15916,L20010,L14162"""
"=""3d4.(3F2).4p""","=""w 2D*""","=""3/2""","=""""","=""4.6441475""","=""""","=""0.0000005""","=""-0.0587542""","=""0.80""","=""  55         :    23  3d3.(2P).4s.4p.(3P*)  2D*  ""","=""L15916,L20010,L14162"""
"=""3d4.(3F2).4p""","=""w 2D*""","=""5/2""","=""""","=""4.6807252""","=""""","=""0.0000004""","=""0.0365777""","=""1.18""","=""  55         :    20  3d3.(2P).4s.4p.(3P*)  2D*  ""","=""L15916,L20010,L14162"""
"=""3d4.(3F2).4p""","=""v 4G*""","=""5/2""","=""""","=""4.6492597""","=""""","=""0.0000004""","=""-0.0314655""","=""0.60""","=""  64         :    26  3d3.(2H).4s.4p.(3P*)  4G*  ""","=""L15916,L20010,L14162"""
"=""3d4.(3F2).4p""","=""v 4G*""","=""7/2""","=""""","=""4.6563548""","=""""","=""0.0000005""","=""0.0070951""","=""1.02""","=""  55         :    21  3d3.(2H).4s.4p.(3P*)  4G*  ""","=""L15916,L20010,L14162"""
"=""3d4.(3F2).4p""","=""v 4G*""","=""9/2""","=""""","=""4.6673215""","=""""","=""0.0000005""","=""0.0109667""","=""1.15""","=""  53         :    19  3d3.(2H).4s.4p.(3P*)  4G*  ""","=""L15916,L20010,L14162"""
"=""3d4.(3F2).4p""","=""v 4G*""","=""11/2""","=""""","=""4.68225371""","=""""","=""0.00000025""","=""0.0149322""","=""1.22""","=""  49         :    18  3d3.(2H).4s.4p.(3P*)  4G*  ""","=""L15916,L20010,L14162"""
"=""3d4.(3H).4p""","=""z 2I*""","=""11/2""","=""""","=""4.65316590""","=""""","=""0.00000025""","=""-0.0290878""","=""0.94""","=""  32         :    52  3d3.(2H).4s.4p.(1P*)  2I*  ""","=""L15916,L20010,L14162"""
"=""3d4.(3H).4p""","=""z 2I*""","=""13/2""","=""""","=""4.6625950""","=""""","=""0.0000009""","=""0.0094291""","=""1.06""","=""  30         :    53  3d3.(2H).4s.4p.(1P*)  2I*  ""","=""L15916,L20010,L14162"""
"=""3d4.(3P2).4p""","=""t 4D*""","=""1/2""","=""""","=""4.6813097""","=""""","=""0.0000012""","=""0.018715""","=""0.01""","=""  34         :    11  3d3.(4F).4s.4p.(1P*)  4D*  ""","=""L15916,L20010,L14162"""
"=""3d4.(3P2).4p""","=""t 4D*""","=""3/2""","=""""","=""4.69095021""","=""""","=""0.00000025""","=""0.0096405""","=""1.18""","=""  33         :    12  3d3.(4F).4s.4p.(1P*)  4D*  ""","=""L15916,L20010,L14162"""
"=""3d4.(3P2).4p""","=""t 4D*""","=""5/2""","=""""","=""4.70640236""","=""""","=""0.00000025""","=""0.0154522""","=""1.33""","=""  28         :    10  3d3.(4F).4s.4p.(1P*)  4D*  ""","=""L15916,L20010,L14162"""
"=""3d4.(3P2).4p""","=""t 4D*""","=""7/2""","=""""","=""4.72574253""","=""o""","=""0.00000025""","=""0.0193402""","=""1.35""","=""  17         :    15  3d4.(3F2).4p          2F*  ""","=""L15916,L20010,L14162"""
"=""3d4.(5D).5s""","=""e 4D""","=""1/2""","=""""","=""4.7039866""","=""""","=""0.0000006""","=""-0.0217559""","=""""","=""  92         :     2  3d3.4s.(5F).4d        4D   ""","=""L15916,L20010"""
"=""3d4.(5D).5s""","=""e 4D""","=""3/2""","=""""","=""4.71190056""","=""""","=""0.00000014""","=""0.0079140""","=""""","=""  92         :     2  3d3.4s.(5F).4d        4D   ""","=""L15916,L20010"""
"=""3d4.(5D).5s""","=""e 4D""","=""5/2""","=""""","=""4.72458960""","=""""","=""0.00000014""","=""0.0126890""","=""""","=""  90         :     3  3d3.4s.(5F).4d        4D   ""","=""L15916,L20010"""
"=""3d4.(5D).5s""","=""e 4D""","=""7/2""","=""""","=""4.74147005""","=""""","=""0.00000012""","=""0.0168805""","=""""","=""  92         :     2  3d3.4s.(5F).4d        4D   ""","=""L15916,L20010"""
"=""3d4.(3H).4p""","=""x 2H*""","=""9/2""","=""""","=""4.7267482""","=""""","=""0.0000004""","=""-0.0147218""","=""0.88""","=""  46         :    16  3d3.(2H).4s.4p.(1P*)  2H*  ""","=""L15916,L20010,L14162"""
"=""3d4.(3H).4p""","=""x 2H*""","=""11/2""","=""""","=""4.73875827""","=""""","=""0.00000025""","=""0.0120101""","=""1.10""","=""  40         :    14  3d3.(2H).4s.4p.(1P*)  2H*  ""","=""L15916,L20010,L14162"""
"=""3d4.(3H).4p""","=""x 4H*""","=""7/2""","=""""","=""4.74187845""","=""""","=""0.00000025""","=""0.0031202""","=""0.67""","=""  45         :    20  3d4.(3G).4p           4H*  ""","=""L15916,L20010,L14162"""
"=""3d4.(3H).4p""","=""x 4H*""","=""9/2""","=""""","=""4.75156100""","=""""","=""0.00000025""","=""0.0096825""","=""0.93""","=""  41         :    16  3d4.(3G).4p           4H*  ""","=""L15916,L20010,L14162"""
"=""3d4.(3H).4p""","=""x 4H*""","=""11/2""","=""""","=""4.7616214""","=""""","=""0.0000004""","=""0.0100604""","=""1.11""","=""  40         :    15  3d4.(3G).4p           4H*  ""","=""L15916,L20010,L14162"""
"=""3d4.(3H).4p""","=""x 4H*""","=""13/2""","=""""","=""4.77128949""","=""""","=""0.00000025""","=""0.0096681""","=""1.22""","=""  55         :    22  3d4.(3G).4p           4H*  ""","=""L15916,L20010,L14162"""
"=""3d3.(2H).4s.4p.(3P*)""","=""u 2G*""","=""9/2""","=""""","=""4.7770901""","=""""","=""0.0000005""","=""0.0058006""","=""0.99""","=""  75         :     8  3d4.(3H).4p           2G*  ""","=""L15916,L20010,L14162"""
"=""3d3.(2H).4s.4p.(3P*)""","=""u 2G*""","=""7/2""","=""""","=""4.7871414""","=""""","=""0.0000007""","=""0.0100513""","=""0.88?""","=""  76         :     7  3d3.(2F).4s.4p.(3P*)  2G*  ""","=""L15916,L20010,L14162"""
"=""3d3.(2H).4s.4p.(3P*)""","=""y 2I*""","=""11/2""","=""""","=""4.8364586""","=""""","=""0.0000005""","=""0.0493172""","=""0.92""","=""  48         :    52  3d4.(3H).4p           2I*  ""","=""L15916,L20010,L14162"""
"=""3d3.(2H).4s.4p.(3P*)""","=""y 2I*""","=""13/2""","=""""","=""4.8454599""","=""""","=""0.0000006""","=""0.0090013""","=""1.06""","=""  43         :    53  3d4.(3H).4p           2I*  ""","=""L15916,L20010,L14162"""
"=""3d3.4s.(5F).5s""","=""f 4F""","=""3/2""","=""""","=""4.85115800""","=""""","=""0.00000025""","=""0.0056981""","=""0.46?""","=""  93         :     3  3d4.(5D).4d           4F   ""","=""L15916,L20010,L14162"""
"=""3d3.4s.(5F).5s""","=""f 4F""","=""5/2""","=""""","=""4.86531154""","=""""","=""0.00000015""","=""0.0141535""","=""1.03""","=""  91         :     3  3d4.(5D).4d           4F   ""","=""L15916,L20010,L14162"""
"=""3d3.4s.(5F).5s""","=""f 4F""","=""7/2""","=""""","=""4.88484017""","=""""","=""0.00000025""","=""0.0195286""","=""1.22?""","=""  91         :     3  3d4.(5D).4d           4F   ""","=""L15916,L20010,L14162"""
"=""3d3.4s.(5F).5s""","=""f 4F""","=""9/2""","=""""","=""4.90940082""","=""""","=""0.00000012""","=""0.0245606""","=""1.33?""","=""  94         :     3  3d4.(5D).4d           4F   ""","=""L15916,L20010,L14162"""
"=""3d4.(3P2).4p""","=""w 4P*""","=""1/2""","=""""","=""4.86479304""","=""""","=""0.00000015""","=""-0.0446078""","=""2.57""","=""  47         :    20  3d3.(2P).4s.4p.(3P*)  4P*  ""","=""L15916,L20010,L14162"""
"=""3d4.(3P2).4p""","=""w 4P*""","=""3/2""","=""""","=""4.86624688""","=""""","=""0.00000015""","=""0.0014538""","=""1.60""","=""  25         :    10  3d3.(2P).4s.4p.(3P*)  4P*  ""","=""L15916,L20010,L14162"""
"=""3d4.(3P2).4p""","=""w 4P*""","=""5/2""","=""""","=""4.88779744""","=""""","=""0.00000015""","=""0.0215506""","=""1.52""","=""  41         :    16  3d3.(2P).4s.4p.(3P*)  4P*  ""","=""L15916,L20010,L14162"""
"=""3d4.(3F2).4p""","=""u 4F*""","=""3/2""","=""""","=""4.8684478""","=""""","=""0.0000004""","=""-0.0193496""","=""0.54""","=""  64         :    11  3d3.(2F).4s.4p.(3P*)  4F*  ""","=""L15916,L20010,L14162"""
"=""3d4.(3F2).4p""","=""u 4F*""","=""5/2""","=""""","=""4.87264558""","=""""","=""0.00000012""","=""0.0041978""","=""1.00""","=""  62         :    10  3d3.(2F).4s.4p.(3P*)  4F*  ""","=""L15916,L20010,L14162"""
"=""3d4.(3F2).4p""","=""u 4F*""","=""7/2""","=""""","=""4.87775955""","=""""","=""0.00000025""","=""0.0051140""","=""1.21""","=""  62         :    10  3d3.(2F).4s.4p.(3P*)  4F*  ""","=""L15916,L20010,L14162"""
"=""3d4.(3F2).4p""","=""u 4F*""","=""9/2""","=""""","=""4.88387136""","=""""","=""0.00000025""","=""0.0061118""","=""1.30""","=""  63         :    12  3d3.(2F).4s.4p.(3P*)  4F*  ""","=""L15916,L20010,L14162"""
"=""3d4.(3P2).4p""","=""x 4S*""","=""3/2""","=""""","=""4.94044101""","=""""","=""0.00000019""","=""0.0565697""","=""2.00""","=""  43         :    28  3d3.(4P).4s.4p.(1P*)  4S*  ""","=""L15916,L20010,L14162"""
"=""3d4.(3F2).4p""","=""s 4D*""","=""1/2""","=""""","=""4.9442153""","=""""","=""0.0000005""","=""0.0037743""","=""0.01""","=""  56         :    10  3d3.(4P).4s.4p.(3P*)  4D*  ""","=""L15916,L20010,L14162"""
"=""3d4.(3F2).4p""","=""s 4D*""","=""3/2""","=""""","=""4.9513308""","=""""","=""0.0000006""","=""0.0071155""","=""1.10""","=""  51         :    10  3d4.(3P2).4p          4D*  ""","=""L15916,L20010,L14162"""
"=""3d4.(3F2).4p""","=""s 4D*""","=""5/2""","=""""","=""4.9593637""","=""""","=""0.0000005""","=""0.0080329""","=""1.33""","=""  29         :     6  3d3.(2P).4s.4p.(3P*)  2D*  ""","=""L15916,L20010,L14162"""
"=""3d4.(3F2).4p""","=""s 4D*""","=""7/2""","=""""","=""4.97497494""","=""""","=""0.00000025""","=""0.0156112""","=""1.38""","=""  54         :    23  3d4.(3P2).4p          4D*  ""","=""L15916,L20010,L14162"""
"=""3d4.(3P2).4p""","=""v 2D*""","=""3/2""","=""""","=""4.94505272""","=""""","=""0.00000025""","=""-0.0299222""","=""0.92""","=""  29         :     8  3d4.(3F2).4p          2D*  ""","=""L15916,L20010,L14162"""
"=""3d4.(3P2).4p""","=""v 2D*""","=""5/2""","=""""","=""4.9741491""","=""o""","=""0.0000005""","=""0.0290964""","=""1.14""","=""   7         :    12  3d4.(3F2).4p          4D*  ""","=""L15916,L20010,L14162"""
"=""3d4.(3H).4p""","=""u 4G*""","=""5/2""","=""""","=""4.9546751""","=""""","=""0.0000005""","=""-0.0194740""","=""0.53""","=""  44         :    15  3d4.(3G).4p           4G*  ""","=""L15916,L20010,L14162"""
"=""3d4.(3H).4p""","=""u 4G*""","=""7/2""","=""""","=""4.95951548""","=""""","=""0.00000012""","=""0.0048404""","=""0.99""","=""  52         :    18  3d4.(3G).4p           4G*  ""","=""L15916,L20010,L14162"""
"=""3d4.(3H).4p""","=""u 4G*""","=""9/2""","=""""","=""4.9641996""","=""""","=""0.0000004""","=""0.0046841""","=""1.19""","=""  56         :    20  3d4.(3G).4p           4G*  ""","=""L15916,L20010,L14162"""
"=""3d4.(3H).4p""","=""u 4G*""","=""11/2""","=""""","=""4.96728730""","=""""","=""0.00000025""","=""0.0030877""","=""1.23""","=""  53         :    23  3d4.(3G).4p           4G*  ""","=""L15916,L20010,L14162"""
"=""3d4.(3G).4p""","=""w 4H*""","=""7/2""","=""""","=""4.99840833""","=""""","=""0.00000025""","=""0.0311210""","=""0.65""","=""  69         :    23  3d4.(3H).4p           4H*  ""","=""L15916,L20010,L14162"""
"=""3d4.(3G).4p""","=""w 4H*""","=""9/2""","=""""","=""5.00633464""","=""""","=""0.00000025""","=""0.0079263""","=""0.92""","=""  71         :    21  3d4.(3H).4p           4H*  ""","=""L15916,L20010,L14162"""
"=""3d4.(3G).4p""","=""w 4H*""","=""11/2""","=""""","=""5.01546657""","=""""","=""0.00000025""","=""0.0091319""","=""1.08""","=""  71         :    20  3d4.(3H).4p           4H*  ""","=""L15916,L20010,L14162"""
"=""3d4.(3G).4p""","=""w 4H*""","=""13/2""","=""""","=""5.0257899""","=""""","=""0.0000004""","=""0.0103233""","=""1.22""","=""  72         :    20  3d4.(3H).4p           4H*  ""","=""L15916,L20010,L14162"""
"=""3d4.(3G).4p""","=""2F*""","=""5/2""","=""""","=""4.9997607""","=""""","=""0.0000012""","=""-0.026029""","=""1.12""","=""  42         :     8  3d3.(2D2).4s.4p.(1P*) 2F*  ""","=""L15916,L20010,L14162"""
"=""3d4.(3G).4p""","=""2F*""","=""7/2""","=""""","=""5.0321908""","=""""","=""0.0000005""","=""0.032430""","=""1.106(10)""","=""  67         :    11  3d3.(2D2).4s.4p.(1P*) 2F*  ""","=""L15916,L20010,L14162,L21158"""
"=""3d3.(2D2).4s.4p.(3P*)""","=""2D*""","=""3/2""","=""""","=""5.0075905""","=""""","=""0.0000007""","=""-0.0246003""","=""""","=""  21         :    29  3d3.(2P).4s.4p.(3P*)  2D*  ""","=""L15916,L20010"""
"=""3d3.(2D2).4s.4p.(3P*)""","=""2D*""","=""5/2""","=""""","=""5.0279587""","=""o""","=""0.0000004""","=""0.0203682""","=""""","=""  12         :    18  3d4.(3G).4p           2F*  ""","=""L15916,L20010"""
"=""3d3.(2P).4s.4p.(3P*)""","=""w 2P*""","=""1/2""","=""""","=""5.0218682""","=""""","=""0.0000007""","=""-0.0060905""","=""""","=""  56         :    11  3d3.(2D2).4s.4p.(3P*) 2P*  ""","=""L15916,L20010"""
"=""3d3.(2P).4s.4p.(3P*)""","=""w 2P*""","=""3/2""","=""""","=""5.0453866""","=""""","=""0.0000007""","=""0.0235184""","=""""","=""  53         :    10  3d3.(2D2).4s.4p.(3P*) 2P*  ""","=""L15916,L20010"""
"=""3d4.(3G).4p""","=""t 4F*""","=""3/2""","=""""","=""5.1316618""","=""""","=""0.0000004""","=""0.0862752""","=""0.42""","=""  48         :    15  3d3.4s.(5F).5p        4F*  ""","=""L15916,L20010,L14162"""
"=""3d4.(3G).4p""","=""t 4F*""","=""5/2""","=""""","=""5.1365466""","=""""","=""0.0000004""","=""0.0048848""","=""0.89""","=""  41         :    14  3d3.4s.(5F).5p        4F*  ""","=""L15916,L20010,L14162"""
"=""3d4.(3G).4p""","=""t 4F*""","=""7/2""","=""""","=""5.14440010""","=""o""","=""0.00000025""","=""0.0078535""","=""1.15""","=""  32         :    10  3d3.4s.(5F).5p        4F*  ""","=""L15916,L20010,L14162"""
"=""3d4.(3G).4p""","=""t 4F*""","=""9/2""","=""""","=""5.15767273""","=""""","=""0.00000025""","=""0.0132726""","=""1.23""","=""  37         :    12  3d3.4s.(5F).5p        4F*  ""","=""L15916,L20010,L14162"""
"=""3d4.(3G).4p""","=""t 2G*""","=""7/2""","=""""","=""5.1374849""","=""o""","=""0.0000005""","=""-0.0201878""","=""0.90""","=""  30         :    31  3d4.(3F2).4p          2G*  ""","=""L15916,L20010,L14162"""
"=""3d4.(3G).4p""","=""t 2G*""","=""9/2""","=""""","=""5.1502026""","=""""","=""0.0000005""","=""0.0127177""","=""1.04""","=""  24         :    26  3d4.(3F2).4p          2G*  ""","=""L15916,L20010,L14162"""
"=""3d4.(3G).4p""","=""v 2H*""","=""9/2""","=""""","=""5.1455239""","=""""","=""0.0000005""","=""-0.0046787""","=""0.87""","=""  62         :     8  3d4.(1I).4p           2H*  ""","=""L15916,L20010,L14162"""
"=""3d4.(3G).4p""","=""v 2H*""","=""11/2""","=""""","=""5.1651410""","=""""","=""0.0000005""","=""0.0196171""","=""1.05""","=""  69         :     7  3d4.(1I).4p           2H*  ""","=""L15916,L20010,L14162"""
"=""3d4.(3G).4p""","=""t 4G*""","=""5/2""","=""""","=""5.16452781""","=""""","=""0.00000015""","=""-0.0006132""","=""0.58""","=""  53         :    18  3d3.4s.(5F).5p        4G*  ""","=""L15916,L20010,L14162"""
"=""3d4.(3G).4p""","=""t 4G*""","=""7/2""","=""""","=""5.17737642""","=""""","=""0.00000025""","=""0.0128486""","=""1.03""","=""  52         :    17  3d3.4s.(5F).5p        4G*  ""","=""L15916,L20010,L14162"""
"=""3d4.(3G).4p""","=""t 4G*""","=""9/2""","=""""","=""5.19005876""","=""""","=""0.00000025""","=""0.0126823""","=""1.20""","=""  49         :    16  3d3.4s.(5F).5p        4G*  ""","=""L15916,L20010,L14162"""
"=""3d4.(3G).4p""","=""t 4G*""","=""11/2""","=""""","=""5.1972012""","=""""","=""0.0000004""","=""0.0071424""","=""1.20""","=""  52         :    18  3d3.4s.(5F).5p        4G*  ""","=""L15916,L20010,L14162"""
"=""3d3.(4P).4s.4p.(1P*)""","=""v 4P*""","=""1/2""","=""""","=""5.1765797""","=""""","=""0.0000010""","=""-0.020622""","=""2.56""","=""  22         :    34  3d4.(5D).5p           4P*  ""","=""L15916,L20010,L14162"""
"=""3d3.(4P).4s.4p.(1P*)""","=""v 4P*""","=""3/2""","=""""","=""5.18857852""","=""""","=""0.00000025""","=""0.0119988""","=""1.62""","=""  22         :    31  3d4.(5D).5p           4P*  ""","=""L15916,L20010,L14162"""
"=""3d3.(4P).4s.4p.(1P*)""","=""v 4P*""","=""5/2""","=""""","=""5.20856527""","=""""","=""0.00000025""","=""0.0199868""","=""1.48""","=""  21         :    28  3d4.(5D).5p           4P*  ""","=""L15916,L20010,L14162"""
"=""3d3.(4P).4s.4p.(1P*)""","=""r 4D*""","=""1/2""","=""""","=""5.19846812""","=""""","=""0.00000025""","=""-0.0100971""","=""0.04""","=""  11         :    30  3d4.(5D).5p           4D*  ""","=""L15916,L20010,L14162"""
"=""3d3.(4P).4s.4p.(1P*)""","=""r 4D*""","=""3/2""","=""""","=""5.20724471""","=""""","=""0.00000025""","=""0.0087766""","=""1.20""","=""  12         :    29  3d4.(5D).5p           4D*  ""","=""L15916,L20010,L14162"""
"=""3d3.(4P).4s.4p.(1P*)""","=""r 4D*""","=""5/2""","=""""","=""5.22445384""","=""""","=""0.00000025""","=""0.0172091""","=""1.33""","=""  13         :    35  3d4.(5D).5p           4D*  ""","=""L15916,L20010,L14162"""
"=""3d3.(4P).4s.4p.(1P*)""","=""r 4D*""","=""7/2""","=""""","=""5.23777309""","=""o""","=""0.00000012""","=""0.0133193""","=""1.36""","=""  12         :    29  3d4.(5D).5p           4D*  ""","=""L15916,L20010,L14162"""
"=""3d4.(3D).4p""","=""u 2F*""","=""5/2""","=""""","=""5.2011859""","=""""","=""0.0000004""","=""-0.0365872""","=""0.84""","=""  41         :     9  3d3.(2D2).4s.4p.(1P*) 2F*  ""","=""L15916,L20010,L14162"""
"=""3d4.(3D).4p""","=""u 2F*""","=""7/2""","=""""","=""5.2099280""","=""""","=""0.0000004""","=""0.0087421""","=""1.11""","=""  37         :     7  3d3.(2D2).4s.4p.(1P*) 2F*  ""","=""L15916,L20010,L14162"""
"=""3d4.(5D).4d""","=""e 6G""","=""3/2""","=""""","=""5.211559""","=""""","=""0.000004""","=""0.001631""","=""""","=""  94         :     2  3d3.4s.(5F).4d        6G   ""","=""L15916,L20010"""
"=""3d4.(5D).4d""","=""e 6G""","=""5/2""","=""""","=""5.2156786""","=""""","=""0.0000005""","=""0.004120""","=""""","=""  92         :     1  3d4.(5D).4d           6F   ""","=""L15916,L20010"""
"=""3d4.(5D).4d""","=""e 6G""","=""7/2""","=""""","=""5.2215118""","=""""","=""0.0000009""","=""0.005833""","=""1.08""","=""  90         :     2  3d4.(5D).4d           6F   ""","=""L15916,L20010,L14162"""
"=""3d4.(5D).4d""","=""e 6G""","=""9/2""","=""""","=""5.2293665""","=""""","=""0.0000005""","=""0.007855""","=""1.23""","=""  90         :     3  3d4.(5D).4d           6F   ""","=""L15916,L20010,L14162"""
"=""3d4.(5D).4d""","=""e 6G""","=""11/2""","=""""","=""5.2392491""","=""""","=""0.0000004""","=""0.0098826""","=""1.32""","=""  92         :     2  3d4.(5D).4d           6F   ""","=""L15916,L20010,L14162"""
"=""3d4.(5D).4d""","=""e 6G""","=""13/2""","=""""","=""5.2511887""","=""""","=""0.0000005""","=""0.0119396""","=""1.35""","=""  94         :     1  3d4.(5D).5d           6G   ""","=""L15916,L20010,L14162"""
"=""3d4.(5D).4d""","=""e 6P""","=""3/2""","=""""","=""5.2139645""","=""""","=""0.0000009""","=""-0.037224""","=""""","=""  83         :     8  3d4.(5D).4d           4S   ""","=""L15916,L20010"""
"=""3d4.(5D).4d""","=""e 6P""","=""5/2""","=""""","=""5.2209205""","=""""","=""0.0000011""","=""0.006956""","=""""","=""  86         :     5  3d4.(5D).4d           6D   ""","=""L15916,L20010"""
"=""3d4.(5D).4d""","=""e 6P""","=""7/2""","=""""","=""5.2277762""","=""""","=""0.0000005""","=""0.006856""","=""1.44?""","=""  88         :     6  3d4.(5D).4d           6D   ""","=""L15916,L20010,L14162"""
"=""3d4.(1I).4p""","=""u 2H*""","=""9/2""","=""""","=""5.21715154""","=""""","=""0.00000025""","=""-0.0106247""","=""0.85""","=""  16         :    26  3d3.(2G).4s.4p.(1P*)  2H*  ""","=""L15916,L20010,L14162"""
"=""3d4.(1I).4p""","=""u 2H*""","=""11/2""","=""""","=""5.23469828""","=""""","=""0.00000025""","=""0.0175467""","=""1.06""","=""  21         :    29  3d3.(2G).4s.4p.(1P*)  2H*  ""","=""L15916,L20010,L14162"""
"=""3d4.(5D).5p""","=""6F*""","=""1/2""","=""""","=""5.2185867""","=""""","=""0.0000005""","=""-0.0161116""","=""""","=""  98                                             ""","=""L15916,L20010"""
"=""3d4.(5D).5p""","=""6F*""","=""3/2""","=""""","=""5.22230073""","=""""","=""0.00000025""","=""0.0037140""","=""""","=""  96                                             ""","=""L15916,L20010"""
"=""3d4.(5D).5p""","=""6F*""","=""5/2""","=""""","=""5.2286769""","=""""","=""0.0000004""","=""0.0063762""","=""""","=""  96         :     1  3d4.(5D).5p           6D*  ""","=""L15916,L20010"""
"=""3d4.(5D).5p""","=""6F*""","=""7/2""","=""""","=""5.23667360""","=""o""","=""0.00000025""","=""0.0079967""","=""""","=""  98         :     1  3d4.(5D).5p           6D*  ""","=""L15916,L20010"""
"=""3d4.(5D).5p""","=""6F*""","=""9/2""","=""""","=""5.24834163""","=""""","=""0.00000016""","=""0.0116680""","=""""","=""  96         :     1  3d4.(5D).5p           6D*  ""","=""L15916,L20010"""
"=""3d4.(5D).5p""","=""6F*""","=""11/2""","=""""","=""5.26196786""","=""""","=""0.00000025""","=""0.0136262""","=""""","="" 100                                             ""","=""L15916,L20010"""
"=""3d4.(5D).4d""","=""f 6F""","=""1/2""","=""""","=""5.2399429""","=""""","=""0.0000011""","=""-0.0220250""","=""""","=""  86         :    12  3d4.(5D).4d           6D   ""","=""L15916,L20010"""
"=""3d4.(5D).4d""","=""f 6F""","=""3/2""","=""""","=""5.2428843""","=""""","=""0.0000006""","=""0.002941""","=""""","=""  75         :    20  3d4.(5D).4d           6D   ""","=""L15916,L20010"""
"=""3d4.(5D).4d""","=""f 6F""","=""5/2""","=""""","=""5.2468133""","=""""","=""0.0000006""","=""0.0039290""","=""""","=""  69         :    22  3d4.(5D).4d           6D   ""","=""L15916,L20010"""
"=""3d4.(5D).4d""","=""f 6F""","=""7/2""","=""""","=""5.2524405""","=""""","=""0.0000004""","=""0.0056272""","=""""","=""  66         :    25  3d4.(5D).4d           6D   ""","=""L15916,L20010"""
"=""3d4.(5D).4d""","=""f 6F""","=""9/2""","=""""","=""5.2701347""","=""""","=""0.0000007""","=""0.0176942""","=""""","=""  62         :    32  3d4.(5D).4d           6D   ""","=""L15916,L20010"""
"=""3d4.(5D).4d""","=""f 6F""","=""11/2""","=""""","=""5.27901073""","=""""","=""0.00000025""","=""0.0088760""","=""1.39""","=""  95         :     2  3d4.(5D).4d           6G   ""","=""L15916,L20010,L14162"""
"=""3d4.(5D).4d""","=""f 6D""","=""1/2""","=""""","=""5.2408284""","=""""","=""0.0000007""","=""-0.0381823""","=""""","=""  84         :    12  3d4.(5D).4d           6F   ""","=""L15916,L20010"""
"=""3d4.(5D).4d""","=""f 6D""","=""3/2""","=""""","=""5.2492457""","=""""","=""0.0000007""","=""0.0084173""","=""""","=""  72         :    21  3d4.(5D).4d           6F   ""","=""L15916,L20010"""
"=""3d4.(5D).4d""","=""f 6D""","=""5/2""","=""""","=""5.2553099""","=""""","=""0.0000007""","=""0.0060642""","=""""","=""  69         :    24  3d4.(5D).4d           6F   ""","=""L15916,L20010"""
"=""3d4.(5D).4d""","=""f 6D""","=""7/2""","=""""","=""5.2626991""","=""""","=""0.0000020""","=""0.007389""","=""""","=""  64         :    27  3d4.(5D).4d           6F   ""","=""L15916,L20010"""
"=""3d4.(5D).4d""","=""f 6D""","=""9/2""","=""""","=""5.2759941""","=""""","=""0.0000006""","=""0.013295""","=""1.61""","=""  62         :    32  3d4.(5D).4d           6F   ""","=""L15916,L20010,L14162"""
"=""3d4.(3D).4p""","=""v 2P*""","=""3/2""","=""""","=""5.2468211""","=""""","=""0.0000005""","=""-0.0291730""","=""1.34""","=""  40         :    25  3d3.(2P).4s.4p.(1P*)  2P*  ""","=""L15916,L20010,L14162"""
"=""3d4.(3D).4p""","=""v 2P*""","=""1/2""","=""""","=""5.2669250""","=""""","=""0.0000006""","=""0.0201039""","=""1.14""","=""  36         :    21  3d3.(2P).4s.4p.(1P*)  2P*  ""","=""L15916,L20010,L14162"""
"=""3d3.(4P).4s.4p.(3P*)""","=""w 2S*""","=""1/2""","=""""","=""5.2522275""","=""""","=""0.0000005""","=""-0.0146975""","=""1.50?""","=""  79         :     9  3d4.(3P2).4p          2S*  ""","=""L15916,L20010,L14162"""
"=""3d4.(5D).5p""","=""6D*""","=""3/2""","=""""","=""5.2574618""","=""""","=""0.0000006""","=""0.0052343""","=""""","=""  67         :    10  3d4.(5D).5p           6P*  ""","=""L15916,L20010"""
"=""3d4.(5D).5p""","=""6D*""","=""1/2""","=""""","=""5.2622019""","=""""","=""0.0000006""","=""0.0047401""","=""""","=""  92         :     1  3d4.(5D).5p           4D*  ""","=""L15916,L20010"""
"=""3d4.(5D).5p""","=""6D*""","=""5/2""","=""""","=""5.2668490""","=""""","=""0.0000004""","=""0.0046471""","=""""","=""  61         :    32  3d4.(5D).5p           6P*  ""","=""L15916,L20010"""
"=""3d4.(5D).5p""","=""6D*""","=""7/2""","=""""","=""5.28012014""","=""""","=""0.00000025""","=""0.0132711""","=""""","=""  52         :    37  3d4.(5D).5p           6P*  ""","=""L15916,L20010"""
"=""3d4.(5D).5p""","=""6D*""","=""9/2""","=""""","=""5.29721360""","=""""","=""0.00000025""","=""0.0170935""","=""""","=""  96         :     1  3d4.(5D).5p           6F*  ""","=""L15916,L20010"""
"=""3d4.(5D).5p""","=""6P*""","=""3/2""","=""""","=""5.2688005""","=""""","=""0.0000005""","=""-0.0284131""","=""""","=""  81         :    17  3d4.(5D).5p           6D*  ""","=""L15916,L20010"""
"=""3d4.(5D).5p""","=""6P*""","=""5/2""","=""""","=""5.2789187""","=""""","=""0.0000006""","=""0.0101182""","=""""","=""  58         :    34  3d4.(5D).5p           6D*  ""","=""L15916,L20010"""
"=""3d4.(5D).5p""","=""6P*""","=""7/2""","=""""","=""5.29169506""","=""""","=""0.00000025""","=""0.0127764""","=""""","=""  61         :    26  3d4.(5D).5p           6D*  ""","=""L15916,L20010"""
"=""3d3.(4P).4s.4p.(1P*)""","=""w 4S*""","=""3/2""","=""""","=""5.3274939""","=""""","=""0.0000007""","=""0.0357988""","=""1.94""","=""  49         :    22  3d4.(3P1).4p          4S*  ""","=""L15916,L20010,L14162"""
"=""3d4.(5D).5p""","=""s 4F*""","=""3/2""","=""""","=""5.3290511""","=""""","=""0.0000004""","=""0.0015572""","=""""","=""  71         :    17  3d3.4s.(5F).5p        4F*  ""","=""L15916,L20010"""
"=""3d4.(5D).5p""","=""s 4F*""","=""5/2""","=""""","=""5.33771527""","=""""","=""0.00000025""","=""0.0086642""","=""""","=""  71         :    17  3d3.4s.(5F).5p        4F*  ""","=""L15916,L20010"""
"=""3d4.(5D).5p""","=""s 4F*""","=""7/2""","=""""","=""5.3495841""","=""""","=""0.0000004""","=""0.0118688""","=""""","=""  71         :    17  3d3.4s.(5F).5p        4F*  ""","=""L15916,L20010"""
"=""3d4.(5D).5p""","=""s 4F*""","=""9/2""","=""""","=""5.36434199""","=""""","=""0.00000025""","=""0.0147579""","=""""","=""  69         :    17  3d3.4s.(5F).5p        4F*  ""","=""L15916,L20010"""
"=""3d4.(5D).5p""","=""q 4D*""","=""1/2""","=""""","=""5.3622579""","=""""","=""0.0000004""","=""-0.0020841""","=""""","=""  21         :    45  3d3.4s.(5F).5p        4D*  ""","=""L15916,L20010"""
"=""3d4.(5D).5p""","=""q 4D*""","=""3/2""","=""""","=""5.36964169""","=""""","=""0.00000025""","=""0.0073838""","=""""","=""  20         :    44  3d3.4s.(5F).5p        4D*  ""","=""L15916,L20010"""
"=""3d4.(5D).5p""","=""q 4D*""","=""5/2""","=""""","=""5.38227593""","=""""","=""0.00000025""","=""0.0126342""","=""""","=""  20         :    42  3d3.4s.(5F).5p        4D*  ""","=""L15916,L20010"""
"=""3d4.(5D).5p""","=""q 4D*""","=""7/2""","=""""","=""5.40017280""","=""""","=""0.00000025""","=""0.0178969""","=""1.46""","=""  20         :    40  3d3.4s.(5F).5p        4D*  ""","=""L15916,L20010,L14162"""
"=""3d3.4s.(5F).5p""","=""6G*""","=""3/2""","=""""","=""5.37245651""","=""o""","=""0.00000025""","=""-0.0277163""","=""""","=""  96         :     1  3d3.4s.(5F).5p        6F*  ""","=""L15916,L20010"""
"=""3d3.4s.(5F).5p""","=""6G*""","=""5/2""","=""""","=""5.38016473""","=""""","=""0.00000025""","=""0.0077082""","=""""","=""  96         :     1  3d3.4s.(5F).5p        6F*  ""","=""L15916,L20010"""
"=""3d3.4s.(5F).5p""","=""6G*""","=""7/2""","=""""","=""5.39125772""","=""""","=""0.00000025""","=""0.0110930""","=""""","=""  94         :     2  3d3.4s.(5F).5p        6F*  ""","=""L15916,L20010"""
"=""3d3.4s.(5F).5p""","=""6G*""","=""9/2""","=""""","=""5.40552879""","=""""","=""0.00000025""","=""0.0142711""","=""""","=""  94         :     2  3d3.4s.(5F).5p        6F*  ""","=""L15916,L20010"""
"=""3d3.4s.(5F).5p""","=""6G*""","=""11/2""","=""""","=""5.42303698""","=""""","=""0.00000025""","=""0.0175082""","=""""","=""  96         :     1  3d3.4s.(5F).5p        6F*  ""","=""L15916,L20010"""
"=""3d3.4s.(5F).5p""","=""6G*""","=""13/2""","=""""","=""5.44374593""","=""""","=""0.00000025""","=""0.0207090""","=""""","="" 100                                             ""","=""L15916,L20010"""
"=""3d4.(5D).5p""","=""u 4P*""","=""1/2""","=""""","=""5.3863152""","=""""","=""0.0000006""","=""-0.0574307""","=""""","=""  48         :    35  3d4.(3D).4p           4P*  ""","=""L15916,L20010"""
"=""3d4.(5D).5p""","=""u 4P*""","=""3/2""","=""""","=""5.39383981""","=""o""","=""0.00000025""","=""0.0075246""","=""""","=""  48         :    35  3d4.(3D).4p           4P*  ""","=""L15916,L20010"""
"=""3d4.(5D).5p""","=""u 4P*""","=""5/2""","=""""","=""5.40394874""","=""""","=""0.00000025""","=""0.0101089""","=""""","=""  50         :    36  3d4.(3D).4p           4P*  ""","=""L15916,L20010"""
"=""3d3.4s.(5F).4d""","=""4D""","=""1/2""","=""""","=""5.3969248""","=""""","=""0.0000004""","=""-0.0070239""","=""""","=""  62         :    19  3d3.4s.(5F).4d        6F   ""","=""L15916,L20010"""
"=""3d3.4s.(5F).4d""","=""4D""","=""3/2""","=""""","=""5.4160510""","=""o""","=""0.0000024""","=""0.019126""","=""""","=""  50         :    19  3d3.4s.(5F).4d        6F   ""","=""L15916,L20010"""
"=""3d3.4s.(5F).4d""","=""4D""","=""5/2""","=""""","=""5.4268144""","=""""","=""0.0000012""","=""0.010763""","=""""","=""  64         :     7  3d3.4s.(5F).4d        6P   ""","=""L15916,L20010"""
"=""3d3.4s.(5F).4d""","=""4D""","=""7/2""","=""""","=""5.4389296""","=""""","=""0.0000021""","=""0.012115""","=""""","=""  61         :    17  3d3.4s.(5F).4d        6P   ""","=""L15916,L20010"""
"=""3d3.4s.(5F).5p""","=""6F*""","=""1/2""","=""""","=""5.41039170""","=""""","=""0.00000025""","=""-0.0285379""","=""""","=""  86         :     9  3d3.4s.(5F).5p        6D*  ""","=""L15916,L20010"""
"=""3d3.4s.(5F).5p""","=""6F*""","=""3/2""","=""""","=""5.41492147""","=""""","=""0.00000025""","=""0.0045298""","=""""","=""  83         :    15  3d3.4s.(5F).5p        6D*  ""","=""L15916,L20010"""
"=""3d3.4s.(5F).5p""","=""6F*""","=""5/2""","=""""","=""5.42361995""","=""""","=""0.00000025""","=""0.0086985""","=""""","=""  81         :    13  3d3.4s.(5F).5p        6D*  ""","=""L15916,L20010"""
"=""3d3.4s.(5F).5p""","=""6F*""","=""7/2""","=""""","=""5.43661312""","=""""","=""0.00000025""","=""0.0129932""","=""""","=""  83         :     7  3d3.4s.(5F).5p        6D*  ""","=""L15916,L20010"""
"=""3d3.4s.(5F).5p""","=""6F*""","=""9/2""","=""""","=""5.45386155""","=""""","=""0.00000025""","=""0.0172484""","=""""","=""  86         :     6  3d3.4s.(5F).5p        6D*  ""","=""L15916,L20010"""
"=""3d3.4s.(5F).5p""","=""6F*""","=""11/2""","=""""","=""5.47567992""","=""""","=""0.00000025""","=""0.0218184""","=""""","=""  98         :     1  3d3.4s.(5F).5p        6G*  ""","=""L15916,L20010"""
"=""3d3.4s.(5F).4d""","=""e 6H""","=""5/2""","=""""","=""5.4118279""","=""""","=""0.0000005""","=""-0.0638520""","=""0.38""","=""  96         :     2  3d3.4s.(5F).4d        6G   ""","=""L15916,L20010,L14162"""
"=""3d3.4s.(5F).4d""","=""e 6H""","=""7/2""","=""""","=""5.4189617""","=""""","=""0.0000009""","=""0.007134""","=""0.88""","=""  94         :     4  3d3.4s.(5F).4d        6G   ""","=""L15916,L20010,L14162"""
"=""3d3.4s.(5F).4d""","=""e 6H""","=""9/2""","=""""","=""5.4289710""","=""""","=""0.0000004""","=""0.0100093""","=""1.11""","=""  90         :     5  3d3.4s.(5F).4d        6G   ""","=""L15916,L20010,L14162"""
"=""3d3.4s.(5F).4d""","=""e 6H""","=""11/2""","=""""","=""5.4421809""","=""""","=""0.0000006""","=""0.0132099""","=""1.18""","=""  90         :     5  3d3.4s.(5F).4d        6G   ""","=""L15916,L20010,L14162"""
"=""3d3.4s.(5F).4d""","=""e 6H""","=""13/2""","=""""","=""5.4588090""","=""""","=""0.0000005""","=""0.0166281""","=""1.30""","=""  94         :     4  3d3.4s.(5F).4d        6G   ""","=""L15916,L20010,L14162"""
"=""3d3.4s.(5F).4d""","=""e 6H""","=""15/2""","=""""","=""5.4788560""","=""""","=""0.0000004""","=""0.0200470""","=""1.38""","=""  98         :     1  3d3.4s.(5F).5d        6H   ""","=""L15916,L20010,L14162"""
"=""3d3.4s.(5F).5p""","=""6D*""","=""1/2""","=""""","=""5.41915230""","=""""","=""0.00000025""","=""-0.0597037""","=""""","=""  88         :     8  3d3.4s.(5F).5p        6F*  ""","=""L15916,L20010"""
"=""3d3.4s.(5F).5p""","=""6D*""","=""3/2""","=""""","=""5.42793237""","=""""","=""0.00000025""","=""0.0087801""","=""""","=""  79         :    14  3d3.4s.(5F).5p        6F*  ""","=""L15916,L20010"""
"=""3d3.4s.(5F).5p""","=""6D*""","=""5/2""","=""""","=""5.4412470""","=""""","=""0.0000004""","=""0.0133146""","=""""","=""  81         :    12  3d3.4s.(5F).5p        6F*  ""","=""L15916,L20010"""
"=""3d3.4s.(5F).5p""","=""6D*""","=""7/2""","=""""","=""5.45859874""","=""""","=""0.00000025""","=""0.0173517""","=""""","=""  64         :    12  3d3.4s.(5F).5p        6F*  ""","=""L15916,L20010"""
"=""3d3.4s.(5F).5p""","=""6D*""","=""9/2""","=""""","=""5.4804436""","=""""","=""0.0000004""","=""0.0218449""","=""""","=""  92         :     6  3d3.4s.(5F).5p        6F*  ""","=""L15916,L20010"""
"=""3d3.4s.(5F).4d""","=""f 6P""","=""3/2""","=""""","=""5.4219762""","=""""","=""0.0000011""","=""-0.058467""","=""""","=""  92         :     3  3d4.(5D).4d           6P   ""","=""L15916,L20010"""
"=""3d3.4s.(5F).4d""","=""f 6P""","=""5/2""","=""""","=""5.4406262""","=""""","=""0.0000005""","=""0.018650""","=""""","=""  86         :     5  3d3.4s.(5F).4d        4D   ""","=""L15916,L20010"""
"=""3d3.4s.(5F).4d""","=""f 6P""","=""7/2""","=""""","=""5.4656260""","=""""","=""0.0000007""","=""0.0249998""","=""""","=""  79         :    14  3d3.4s.(5F).4d        4D   ""","=""L15916,L20010"""
"=""3d3.4s.(5F).4d""","=""f 6G""","=""3/2""","=""""","=""5.4327293""","=""o""","=""0.0000006""","=""-0.0328967""","=""0.38?""","=""  69         :    17  3d3.4s.(5F).4d        4D   ""","=""L15916,L20010,L14162"""
"=""3d3.4s.(5F).4d""","=""f 6G""","=""5/2""","=""""","=""5.4363479""","=""""","=""0.0000007""","=""0.0036186""","=""0.78""","=""  66         :    23  3d3.4s.(5F).4d        6F   ""","=""L15916,L20010,L14162"""
"=""3d3.4s.(5F).4d""","=""f 6G""","=""7/2""","=""""","=""5.4443785""","=""""","=""0.0000005""","=""0.0080306""","=""1.12""","=""  61         :    34  3d3.4s.(5F).4d        6F   ""","=""L15916,L20010,L14162"""
"=""3d3.4s.(5F).4d""","=""f 6G""","=""9/2""","=""""","=""5.4559375""","=""""","=""0.0000010""","=""0.011559""","=""1.26""","=""  56         :    37  3d3.4s.(5F).4d        6F   ""","=""L15916,L20010,L14162"""
"=""3d3.4s.(5F).4d""","=""f 6G""","=""11/2""","=""""","=""5.4726118""","=""""","=""0.0000005""","=""0.016674""","=""1.34""","=""  55         :    40  3d3.4s.(5F).4d        6F   ""","=""L15916,L20010,L14162"""
"=""3d3.4s.(5F).4d""","=""f 6G""","=""13/2""","=""""","=""5.49587410""","=""""","=""0.00000025""","=""0.0232623""","=""1.35""","=""  92         :     4  3d3.4s.(5F).4d        6H   ""","=""L15916,L20010,L14162"""
"=""3d3.4s.(5F).4d""","=""6F""","=""1/2""","=""""","=""5.4365914""","=""""","=""0.0000006""","=""-0.0592827""","=""""","=""  77         :    17  3d3.4s.(5F).4d        4D   ""","=""L15916,L20010"""
"=""3d3.4s.(5F).4d""","=""6F""","=""3/2""","=""""","=""5.4446199""","=""o""","=""0.0000005""","=""0.0080285""","=""""","=""  71         :    17  3d3.4s.(5F).4d        6G   ""","=""L15916,L20010"""
"=""3d3.4s.(5F).4d""","=""6F""","=""5/2""","=""""","=""5.454704""","=""""","=""0.000004""","=""0.010084""","=""""","=""  66         :    26  3d3.4s.(5F).4d        6G   ""","=""L15916,L20010"""
"=""3d3.4s.(5F).4d""","=""6F""","=""7/2""","=""""","=""5.4677127""","=""""","=""0.0000004""","=""0.013009""","=""""","=""  62         :    30  3d3.4s.(5F).4d        6G   ""","=""L15916,L20010"""
"=""3d3.4s.(5F).4d""","=""6F""","=""9/2""","=""""","=""5.4807966""","=""""","=""0.0000005""","=""0.0130839""","=""""","=""  59         :    34  3d3.4s.(5F).4d        6G   ""","=""L15916,L20010"""
"=""3d3.4s.(5F).4d""","=""6F""","=""11/2""","=""""","=""5.4958043""","=""""","=""0.0000005""","=""0.0150077""","=""""","=""  56         :    37  3d3.4s.(5F).4d        6G   ""","=""L15916,L20010"""
"=""3d4.(1G2).4p""","=""t 2F*""","=""7/2""","=""""","=""5.4396510""","=""""","=""0.0000006""","=""-0.0561533""","=""1.04?""","=""  45         :    21  3d4.(3F2).4p          2F*  ""","=""L15916,L20010,L14162"""
"=""3d4.(1G2).4p""","=""t 2F*""","=""5/2""","=""""","=""5.43984750""","=""""","=""0.00000025""","=""0.0001965""","=""0.86""","=""  47         :    22  3d4.(3F2).4p          2F*  ""","=""L15916,L20010,L14162"""
"=""3d3.4s.(5F).4d""","=""4H""","=""7/2""","=""""","=""5.4418193""","=""""","=""0.0000009""","=""0.0019718""","=""""","=""  79         :    10  3d3.(4F).4p2.(1D)     4H   ""","=""L15916,L20010"""
"=""3d3.4s.(5F).4d""","=""4H""","=""9/2""","=""""","=""5.4588395""","=""""","=""0.0000004""","=""0.0170202""","=""""","=""  75         :    11  3d3.(4F).4p2.(1D)     4H   ""","=""L15916,L20010"""
"=""3d3.4s.(5F).4d""","=""4H""","=""11/2""","=""""","=""5.47928662""","=""""","=""0.00000025""","=""0.0204471""","=""""","=""  75         :    11  3d3.(4F).4p2.(1D)     4H   ""","=""L15916,L20010"""
"=""3d3.4s.(5F).4d""","=""4H""","=""13/2""","=""""","=""5.5039752""","=""""","=""0.0000005""","=""0.0246886""","=""""","=""  82         :    11  3d3.(4F).4p2.(1D)     4H   ""","=""L15916,L20010"""
"=""3d3.4s.(5F).4d""","=""4P""","=""1/2""","=""""","=""5.4438841""","=""""","=""0.0000009""","=""-0.060091""","=""""","=""  64         :    17  3d4.(5D).4d           4P   ""","=""L15916,L20010"""
"=""3d3.4s.(5F).4d""","=""4P""","=""3/2""","=""""","=""5.46589844""","=""""","=""0.00000025""","=""0.0220143""","=""""","=""  55         :    24  3d4.(5D).4d           4P   ""","=""L15916,L20010"""
"=""3d3.4s.(5F).4d""","=""4P""","=""5/2""","=""""","=""5.4911951""","=""""","=""0.0000004""","=""0.0252967""","=""""","=""  34         :    26  3d4.(5D).4d           4P   ""","=""L15916,L20010"""
"=""3d3.(4F).4s.(3F).5s""","=""e 2F""","=""5/2""","=""""","=""5.4452091""","=""""","=""0.0000004""","=""-0.0459860""","=""0.89""","=""  96         :     3  3d3.(4F).4s.(3F).5s   4F   ""","=""L15916,L20010,L14162"""
"=""3d3.(4F).4s.(3F).5s""","=""e 2F""","=""7/2""","=""""","=""5.4634852""","=""""","=""0.0000004""","=""0.0182761""","=""1.18""","=""  88         :     8  3d3.(4F).4s.(3F).5s   4F   ""","=""L15916,L20010,L14162"""
"=""3d4.(3D).4p""","=""4F*""","=""3/2""","=""""","=""5.4552751""","=""""","=""0.0000004""","=""-0.0082101""","=""""","=""  69         :    11  3d3.4s.(5F).5p        4F*  ""","=""L15916,L20010"""
"=""3d4.(3D).4p""","=""4F*""","=""5/2""","=""""","=""5.46068416""","=""""","=""0.00000025""","=""0.0054091""","=""""","=""  69         :    10  3d3.4s.(5F).5p        4F*  ""","=""L15916,L20010"""
"=""3d4.(3D).4p""","=""4F*""","=""7/2""","=""""","=""5.46826877""","=""""","=""0.00000025""","=""0.0075846""","=""""","=""  56         :    17  3d3.4s.(5F).5p        6D*  ""","=""L15916,L20010"""
"=""3d4.(3D).4p""","=""4F*""","=""9/2""","=""""","=""5.4774405""","=""""","=""0.0000006""","=""0.0091717""","=""""","=""  67         :    10  3d3.4s.(5F).5p        4F*  ""","=""L15916,L20010"""
"=""3d4.(1G2).4p""","=""t 2H*""","=""9/2""","=""""","=""5.4733715""","=""""","=""0.0000005""","=""-0.0040690""","=""0.90""","=""  65         :    14  3d4.(3H).4p           2H*  ""","=""L15916,L20010,L14162"""
"=""3d4.(1G2).4p""","=""t 2H*""","=""11/2""","=""""","=""5.4781316""","=""""","=""0.0000006""","=""0.0047601""","=""1.06?""","=""  53         :    15  3d4.(1I).4p           2I*  ""","=""L15916,L20010,L14162"""
"=""3d3.4s.(5F).4d""","=""4F""","=""5/2""","=""""","=""5.47953000""","=""""","=""0.00000025""","=""0.0013984""","=""""","=""  68         :     7  3d3.(4F).4p2.(1D)     4F   ""","=""L15916,L20010"""
"=""3d3.4s.(5F).4d""","=""4F""","=""3/2""","=""""","=""5.4922673""","=""""","=""0.0000017""","=""0.0127373""","=""""","=""  76         :     8  3d3.(4F).4p2.(1D)     4F   ""","=""L15916,L20010"""
"=""3d3.4s.(5F).4d""","=""4F""","=""7/2""","=""""","=""5.4958208""","=""""","=""0.0000004""","=""0.003553""","=""""","=""  58         :    12  3d4.(5D).4d           4D   ""","=""L15916,L20010"""
"=""3d3.4s.(5F).4d""","=""4F""","=""9/2""","=""""","=""5.51721426""","=""""","=""0.00000025""","=""0.0213935""","=""""","=""  69         :     7  3d3.(4F).4p2.(1D)     4F   ""","=""L15916,L20010"""
"=""3d3.4s.(5F).4d""","=""4G""","=""5/2""","=""""","=""5.4922673""","=""""","=""0.0000004""","=""-0.0249470""","=""""","=""  49         :    29  3d4.(5D).4d           4G   ""","=""L15916,L20010"""
"=""3d3.4s.(5F).4d""","=""4G""","=""7/2""","=""""","=""5.5059235""","=""""","=""0.0000004""","=""0.0136562""","=""""","=""  52         :    24  3d4.(5D).4d           4G   ""","=""L15916,L20010"""
"=""3d3.4s.(5F).4d""","=""4G""","=""9/2""","=""""","=""5.52401851""","=""""","=""0.00000025""","=""0.0180950""","=""""","=""  58         :    19  3d4.(5D).4d           4G   ""","=""L15916,L20010"""
"=""3d3.4s.(5F).4d""","=""4G""","=""11/2""","=""""","=""5.5478855""","=""""","=""0.0000004""","=""0.0238670""","=""""","=""  68         :    14  3d4.(5D).4d           4G   ""","=""L15916,L20010"""
"=""3d4.(1I).4p""","=""2I*""","=""13/2""","=""""","=""5.5114687""","=""""","=""0.0000006""","=""-0.0364168""","=""""","=""  74         :    11  3d3.(2H).4s.4p.(1P*)  2I*  ""","=""L15916,L20010"""
"=""3d4.(1I).4p""","=""2I*""","=""11/2""","=""""","=""5.5115546""","=""""","=""0.0000005""","=""0.0000859""","=""""","=""  56         :     9  3d3.(2H).4s.4p.(1P*)  2I*  ""","=""L15916,L20010"""
"=""3d4.(1G2).4p""","=""s 2G*""","=""9/2""","=""""","=""5.5127423""","=""""","=""0.0000004""","=""0.0011877""","=""1.09""","=""  52         :     7  3d4.(3F2).4p          2G*  ""","=""L15916,L20010,L14162"""
"=""3d4.(1G2).4p""","=""s 2G*""","=""7/2""","=""""","=""5.51674597""","=""""","=""0.00000025""","=""0.0040037""","=""0.91""","=""  52         :     8  3d4.(3G).4p           2G*  ""","=""L15916,L20010,L14162"""
"=""3d4.(3D).4p""","=""p 4D*""","=""1/2""","=""""","=""5.5191018""","=""""","=""0.0000007""","=""0.0023558""","=""""","=""  37         :    25  3d3.(4P).4s.4p.(1P*)  4D*  ""","=""L15916,L20010"""
"=""3d4.(3D).4p""","=""p 4D*""","=""3/2""","=""""","=""5.52406724""","=""""","=""0.00000025""","=""0.0049654""","=""1.22""","=""  37         :    24  3d3.(4P).4s.4p.(1P*)  4D*  ""","=""L15916,L20010,L14162"""
"=""3d4.(3D).4p""","=""p 4D*""","=""5/2""","=""""","=""5.53179629""","=""""","=""0.00000025""","=""0.0077291""","=""1.37?""","=""  34         :    22  3d3.(4P).4s.4p.(1P*)  4D*  ""","=""L15916,L20010,L14162"""
"=""3d4.(3D).4p""","=""p 4D*""","=""7/2""","=""""","=""5.5422341""","=""""","=""0.0000011""","=""0.0104378""","=""1.32?""","=""  38         :    27  3d3.(4P).4s.4p.(1P*)  4D*  ""","=""L15916,L20010,L14162"""
"=""3d3.(4F).4s.(3F).5s""","=""4F""","=""3/2""","=""""","=""5.5241532""","=""""","=""0.0000017""","=""-0.018081""","=""""","=""  88         :     5  3d4.(5D).4d           4F   ""","=""L15916,L20010"""
"=""3d3.(4F).4s.(3F).5s""","=""4F""","=""5/2""","=""""","=""5.5362270""","=""""","=""0.0000010""","=""0.012074""","=""""","=""  83         :     5  3d4.(5D).4d           4F   ""","=""L15916,L20010"""
"=""3d3.(4F).4s.(3F).5s""","=""4F""","=""7/2""","=""""","=""5.5494384""","=""""","=""0.0000016""","=""0.013211""","=""""","=""  77         :    10  3d3.(4F).4s.(3F).5s   2F   ""","=""L15916,L20010"""
"=""3d3.(4F).4s.(3F).5s""","=""4F""","=""9/2""","=""""","=""5.5631020""","=""""","=""0.0000005""","=""0.013664""","=""""","=""  84         :     7  3d4.(5D).4d           4F   ""","=""L15916,L20010"""
"=""3d3.4s.(5F).4d""","=""g 6D""","=""1/2""","=""""","=""5.5518006""","=""""","=""0.0000009""","=""-0.011301""","=""""","=""                                                 ""","=""L15916,L20010"""
"=""3d3.4s.(5F).4d""","=""g 6D""","=""3/2""","=""""","=""5.5586971""","=""""","=""0.0000005""","=""0.006896""","=""""","=""                                                 ""","=""L15916,L20010"""
"=""3d3.4s.(5F).4d""","=""g 6D""","=""5/2""","=""""","=""5.5694809""","=""""","=""0.0000005""","=""0.0107838""","=""1.55?""","=""                                                 ""","=""L15916,L20010,L14162"""
"=""3d3.4s.(5F).4d""","=""g 6D""","=""7/2""","=""""","=""5.5831407""","=""""","=""0.0000004""","=""0.0136598""","=""""","=""                                                 ""","=""L15916,L20010"""
"=""3d3.4s.(5F).4d""","=""g 6D""","=""9/2""","=""""","=""5.59883566""","=""""","=""0.00000025""","=""0.0156950""","=""""","=""                                                 ""","=""L15916,L20010"""
"=""3d3.4s.(5F).5p""","=""4G*""","=""5/2""","=""""","=""5.57600000""","=""""","=""0.00000025""","=""-0.0228357""","=""""","=""  23         :    29  3d3.(2F).4s.4p.(3P*)  4G*  ""","=""L15916,L20010"""
"=""3d3.4s.(5F).5p""","=""4G*""","=""7/2""","=""""","=""5.5865468""","=""""","=""0.0000005""","=""0.0105468""","=""0.97""","=""  20         :    25  3d3.(2F).4s.4p.(3P*)  4G*  ""","=""L15916,L20010,L14162"""
"=""3d3.4s.(5F).5p""","=""4G*""","=""9/2""","=""""","=""5.59727866""","=""""","=""0.00000025""","=""0.0107319""","=""1.26""","=""  22         :    38  3d3.(2F).4s.4p.(3P*)  4G*  ""","=""L15916,L20010,L14162"""
"=""3d3.4s.(5F).5p""","=""4G*""","=""11/2""","=""""","=""5.6231253""","=""""","=""0.0000004""","=""0.0258466""","=""""","=""  19         :    58  3d3.(2F).4s.4p.(3P*)  4G*  ""","=""L15916,L20010"""
"=""3d3.4s.(5F).5p""","=""q 4F*""","=""3/2""","=""""","=""5.5875323""","=""""","=""0.0000022""","=""-0.035593""","=""0.59""","=""                                                 ""","=""L15916,L20010,L14162"""
"=""3d3.(4F).4s.5p""","=""q 4F*""","=""5/2""","=""""","=""5.5925818""","=""""","=""0.0000005""","=""0.005049""","=""0.93""","=""                                                 ""","=""L15916,L20010,L14162"""
"=""3d3.(4F).4s.5p""","=""q 4F*""","=""7/2""","=""""","=""5.5988495""","=""""","=""0.0000004""","=""0.0062677""","=""1.05""","=""                                                 ""","=""L15916,L20010,L14162"""
"=""3d3.(4F).4s.5p""","=""q 4F*""","=""9/2""","=""""","=""5.6086941""","=""""","=""0.0000004""","=""0.0098446""","=""1.22""","=""  29         :    22  3d2.(3F).4s2.4p       4F*  ""","=""L15916,L20010,L14162"""
"=""45159o""","=""2P*""","=""1/2""","=""""","=""5.5990272""","=""""","=""0.0000016""","=""-0.009667""","=""""","=""                                                 ""","=""L15916,L20010"""
"=""45175o""","=""r 2G*""","=""7/2""","=""""","=""5.6010893""","=""""","=""0.0000004""","=""0.002062""","=""0.98""","=""                                                 ""","=""L15916,L20010,L14162"""
"=""45204o""","=""2D*""","=""5/2""","=""""","=""5.60466812""","=""""","=""0.00000025""","=""0.0035788""","=""""","=""                                                 ""","=""L15916,L20010"""
"=""45233o""","=""2D*""","=""3/2""","=""""","=""5.608245""","=""""","=""0.000004""","=""0.003577""","=""""","=""                                                 ""","=""L15916,L20010"""
"=""45248o""","=""2P*""","=""3/2""","=""""","=""5.6100380""","=""""","=""0.0000012""","=""0.001793""","=""""","=""                                                 ""","=""L15916,L20010"""
"=""45361o""","=""r 2G*""","=""9/2""","=""""","=""5.6240963""","=""""","=""0.0000005""","=""0.014058""","=""1.14""","=""                                                 ""","=""L15916,L20010,L14162"""
"=""45575o""","=""2D*""","=""3/2""","=""""","=""5.6506411""","=""""","=""0.0000009""","=""0.026545""","=""""","=""                                                 ""","=""L15916,L20010"""
"=""3d3.(2F).4s.4p.(3P*)""","=""p 4F*""","=""3/2""","=""""","=""5.6597487""","=""""","=""0.0000006""","=""0.009108""","=""0.60""","=""  14         :    12  3d3.(2F).4s.4p.(3P*)  2D*  ""","=""L15916,L20010,L14162"""
"=""3d3.(2F).4s.4p.(3P*)""","=""p 4F*""","=""5/2""","=""""","=""5.6646284""","=""""","=""0.0000004""","=""0.0048797""","=""""","=""  46         :    14  3d3.4s.(5F).5p        4F*  ""","=""L15916,L20010"""
"=""3d3.(2F).4s.4p.(3P*)""","=""p 4F*""","=""7/2""","=""""","=""5.6735226""","=""""","=""0.0000004""","=""0.0088942""","=""1.02""","=""  27         :    21  3d3.4s.(5F).5p        4F*  ""","=""L15916,L20010,L14162"""
"=""3d3.(2F).4s.4p.(3P*)""","=""p 4F*""","=""9/2""","=""""","=""5.68983113""","=""""","=""0.00000025""","=""0.0163085""","=""1.32""","=""  58         :     8  3d4.(3G).4p           4F*  ""","=""L15916,L20010,L14162"""
"=""45654o""","=""2D*""","=""5/2""","=""""","=""5.6604202""","=""""","=""0.0000004""","=""-0.0294109""","=""""","=""                                                 ""","=""L15916,L20010"""
"=""3d3.4s.(5F).5p""","=""o 4D*""","=""1/2""","=""""","=""5.6663699""","=""""","=""0.0000005""","=""0.0059497""","=""""","=""  22         :    24  3d4.(3D).4p           4D*  ""","=""L15916,L20010"""
"=""3d3.4s.(5F).5p""","=""o 4D*""","=""3/2""","=""""","=""5.6738032""","=""""","=""0.0000004""","=""0.0074333""","=""0.96?""","=""  23         :    22  3d4.(3D).4p           4D*  ""","=""L15916,L20010,L14162"""
"=""3d3.4s.(5F).5p""","=""o 4D*""","=""5/2""","=""""","=""5.6831979""","=""""","=""0.0000012""","=""0.009395""","=""""","=""  26         :    18  3d4.(3D).4p           4D*  ""","=""L15916,L20010"""
"=""3d3.4s.(5F).5p""","=""o 4D*""","=""7/2""","=""""","=""5.6954696""","=""""","=""0.0000004""","=""0.012272""","=""1.45""","=""  28         :    18  3d4.(5D).5p           4D*  ""","=""L15916,L20010,L14162"""
"=""3d4.(5D).6s""","=""6D""","=""1/2""","=""""","=""5.6719343""","=""""","=""0.0000020""","=""-0.023535""","=""""","=""  64         :    32  3d3.4s.(5F).4d        6D   ""","=""L15916,L20010"""
"=""3d4.(5D).6s""","=""6D""","=""3/2""","=""""","=""5.6770742""","=""""","=""0.0000006""","=""0.005140""","=""""","=""  62         :    31  3d3.4s.(5F).4d        6D   ""","=""L15916,L20010"""
"=""3d4.(5D).6s""","=""6D""","=""5/2""","=""""","=""5.6857476""","=""""","=""0.0000004""","=""0.0086734""","=""""","=""  64         :    30  3d3.4s.(5F).4d        6D   ""","=""L15916,L20010"""
"=""3d4.(5D).6s""","=""6D""","=""7/2""","=""""","=""5.6978393""","=""""","=""0.0000004""","=""0.0120917""","=""""","=""  64         :    30  3d3.4s.(5F).4d        6D   ""","=""L15916,L20010"""
"=""3d4.(5D).6s""","=""6D""","=""9/2""","=""""","=""5.7130463""","=""""","=""0.0000005""","=""0.0152070""","=""""","=""  66         :    29  3d3.4s.(5F).4d        6D   ""","=""L15916,L20010"""
"=""3d4.(5D).6s""","=""4D""","=""3/2""","=""""","=""5.7020624""","=""""","=""0.0000005""","=""-0.0109839""","=""""","=""  88         :     8  3d3.4s.(5F).4d        4D   ""","=""L15916,L20010"""
"=""3d4.(5D).6s""","=""4D""","=""5/2""","=""""","=""5.7149322""","=""""","=""0.0000006""","=""0.0128698""","=""""","=""  88         :     8  3d3.4s.(5F).4d        4D   ""","=""L15916,L20010"""
"=""3d4.(5D).6s""","=""4D""","=""7/2""","=""""","=""5.73180561""","=""""","=""0.00000025""","=""0.0168734""","=""""","=""  88         :     8  3d3.4s.(5F).4d        4D   ""","=""L15916,L20010"""
"=""3d3.(2F).4s.4p.(3P*)""","=""r 4G*""","=""5/2""","=""""","=""5.70980747""","=""""","=""0.00000025""","=""-0.0219981""","=""0.56""","=""  58         :    18  3d3.4s.(5F).5p        4G*  ""","=""L15916,L20010,L14162"""
"=""3d3.(2F).4s.4p.(3P*)""","=""r 4G*""","=""7/2""","=""""","=""5.7205185""","=""o""","=""0.0000004""","=""0.0107110""","=""0.96""","=""  50         :    22  3d3.4s.(5F).5p        4G*  ""","=""L15916,L20010,L14162"""
"=""3d3.(2F).4s.4p.(3P*)""","=""r 4G*""","=""9/2""","=""""","=""5.7334927""","=""o""","=""0.0000005""","=""0.0129742""","=""""","=""  38         :    22  3d3.4s.(5F).5p        4G*  ""","=""L15916,L20010"""
"=""3d3.(2F).4s.4p.(3P*)""","=""r 4G*""","=""11/2""","=""""","=""5.7483363""","=""o""","=""0.0000005""","=""0.0148436""","=""1.19""","=""  58         :    19  3d3.4s.(5F).5p        4G*  ""","=""L15916,L20010,L14162"""
"=""3d3.(2F).4s.4p.(3P*)""","=""4D*""","=""7/2""","=""""","=""5.7730853""","=""""","=""0.0000007""","=""0.0247490""","=""""","=""  67         :     8  3d4.(3D).4p           4D*  ""","=""L15916,L20010"""
"=""3d3.(2F).4s.4p.(3P*)""","=""4D*""","=""5/2""","=""""","=""5.7833326""","=""""","=""0.0000010""","=""0.010247""","=""""","=""  50         :     4  3d4.(3D).4p           4P*  ""","=""L15916,L20010"""
"=""3d3.(2F).4s.4p.(3P*)""","=""4D*""","=""3/2""","=""""","=""5.7909943""","=""""","=""0.0000010""","=""0.007662""","=""""","=""  61         :     6  3d4.(3D).4p           4P*  ""","=""L15916,L20010"""
"=""3d4.(3D).4p""","=""t 4P*""","=""1/2""","=""""","=""5.8088048""","=""""","=""0.0000015""","=""0.017810""","=""""","=""  37         :    32  3d3.(4P).4s.4p.(1P*)  4P*  ""","=""L15916,L20010"""
"=""3d4.(3D).4p""","=""t 4P*""","=""3/2""","=""""","=""5.8102450""","=""""","=""0.0000009""","=""0.001440""","=""""","=""  20         :    17  3d3.(2F).4s.4p.(3P*)  4D*  ""","=""L15916,L20010"""
"=""3d4.(3D).4p""","=""t 4P*""","=""5/2""","=""""","=""5.8109012""","=""""","=""0.0000005""","=""0.000656""","=""""","=""  20         :    25  3d4.(5D).4f           4P*  ""","=""L15916,L20010"""
"=""3d3.(2F).4s.4p.(3P*)""","=""s 2F*""","=""5/2""","=""""","=""5.8268665""","=""o""","=""0.0000025""","=""0.015965""","=""""","=""  27         :    23  3d4.(1D2).4s          2F*  ""","=""L15916,L20010"""
"=""3d3.(2F).4s.4p.(3P*)""","=""s 2F*""","=""7/2""","=""""","=""5.8450112""","=""o""","=""0.0000006""","=""0.018145""","=""1.02""","=""  20         :    19  3d4.(1D2).4s          2F*  ""","=""L15916,L20010,L14162"""
"=""3d3.(2P).4s.4p.(1P*)""","=""2P*""","=""1/2""","=""""","=""5.8394183""","=""""","=""0.0000007""","=""-0.0055929""","=""""","=""  29         :     9  3d3.(2D2).4s.4p.(1P*) 2P*  ""","=""L15916,L20010"""
"=""3d3.(2P).4s.4p.(1P*)""","=""2P*""","=""3/2""","=""""","=""5.8785811""","=""o""","=""0.0000007""","=""0.0391628""","=""""","=""  28         :     9  3d4.(3D).4p           2P*  ""","=""L15916,L20010"""
"=""47394e""","=""4F""","=""3/2""","=""""","=""5.8761103""","=""""","=""0.0000005""","=""-0.0024708""","=""""","=""                                                 ""","=""L15916,L20010"""
"=""47531e""","=""4F""","=""5/2""","=""""","=""5.8931434""","=""""","=""0.0000004""","=""0.0170331""","=""""","=""                                                 ""","=""L15916,L20010"""
"=""3d3.(2G).4s.4p.(1P*)""","=""2H*""","=""9/2""","=""""","=""5.9031181""","=""""","=""0.0000004""","=""0.0099747""","=""1.01?""","=""  23         :    17  3d4.(1I).4p           2H*  ""","=""L15916,L20010,L14162"""
"=""3d3.(2G).4s.4p.(1P*)""","=""2H*""","=""11/2""","=""""","=""5.91427030""","=""""","=""0.00000025""","=""0.0111522""","=""0.94""","=""  25         :    18  3d4.(1I).4p           2H*  ""","=""L15916,L20010,L14162"""
"=""47717e""","=""4F""","=""7/2""","=""""","=""5.9162104""","=""""","=""0.0000004""","=""0.0019401""","=""""","=""                                                 ""","=""L15916,L20010"""
"=""3d2.(3F).4s2.4p""","=""o 4F*""","=""3/2""","=""""","=""5.9267048""","=""""","=""0.0000011""","=""0.010494""","=""""","=""  38         :    43  3d3.(4F).4s.(3F).5p   4F*  ""","=""L15916,L20010"""
"=""3d2.(3F).4s2.4p""","=""o 4F*""","=""5/2""","=""""","=""5.9408622""","=""o""","=""0.0000006""","=""0.014157""","=""""","=""  38         :    43  3d3.(4F).4s.(3F).5p   4F*  ""","=""L15916,L20010"""
"=""3d2.(3F).4s2.4p""","=""o 4F*""","=""7/2""","=""""","=""5.9686293""","=""""","=""0.0000005""","=""0.0277671""","=""""","=""  37         :    41  3d3.(4F).4s.(3F).5p   4F*  ""","=""L15916,L20010"""
"=""3d2.(3F).4s2.4p""","=""o 4F*""","=""9/2""","=""""","=""5.99196265""","=""""","=""0.00000025""","=""0.0233333""","=""""","=""  38         :    44  3d3.(4F).4s.(3F).5p   4F*  ""","=""L15916,L20010"""
"=""47946e""","=""4F""","=""9/2""","=""""","=""5.9446671""","=""""","=""0.0000004""","=""-0.0472955""","=""""","=""                                                 ""","=""L15916,L20010"""
"=""3d3.(2F).4s.4p.(3P*)""","=""q 2G*""","=""7/2""","=""""","=""5.94626579""","=""""","=""0.00000025""","=""0.0015987""","=""0.89""","=""  43         :    14  3d3.(2H).4s.4p.(3P*)  2G*  ""","=""L15916,L20010,L14162"""
"=""3d3.(2F).4s.4p.(3P*)""","=""q 2G*""","=""9/2""","=""""","=""5.9707874""","=""""","=""0.0000015""","=""0.0245216""","=""1.08""","=""  42         :    16  3d3.(2H).4s.4p.(3P*)  2G*  ""","=""L15916,L20010,L14162"""
"=""3d3.(2P).4s.4p.(1P*)""","=""v 2S*""","=""1/2""","=""""","=""6.0559630""","=""""","=""0.0000005""","=""0.085176""","=""2.03""","=""  59         :    14  3d4.(3P2).4p          2S*  ""","=""L15916,L20010,L14162"""
"=""3d2.(3F).4s2.4p""","=""n 4D*""","=""1/2""","=""""","=""6.0987826""","=""o""","=""0.0000021""","=""0.042820""","=""""","=""  41         :    21  3d3.4s.(3F).5p        4D*  ""","=""L15916,L20010"""
"=""3d2.(3F).4s2.4p""","=""n 4D*""","=""3/2""","=""""","=""6.1104129""","=""o""","=""0.0000006""","=""0.011630""","=""""","=""  40         :    20  3d3.4s.(3F).5p        4D*  ""","=""L15916,L20010"""
"=""3d2.(3F).4s2.4p""","=""n 4D*""","=""5/2""","=""""","=""6.1297742""","=""o""","=""0.0000021""","=""0.019361""","=""""","=""  40         :    20  3d3.4s.(3F).5p        4D*  ""","=""L15916,L20010"""
"=""3d2.(3F).4s2.4p""","=""n 4D*""","=""7/2""","=""""","=""6.1476130""","=""""","=""0.0000007""","=""0.017839""","=""""","=""  44         :    22  3d3.(4F).4s.(3F).5p   4D*  ""","=""L15916,L20010"""
"=""49506e""","=""6D""","=""1/2""","=""""","=""6.1379995""","=""""","=""0.0000012""","=""-0.009613""","=""""","=""                                                 ""","=""L15916,L20010"""
"=""49547e""","=""6D""","=""3/2""","=""""","=""6.14307583""","=""""","=""0.00000025""","=""0.0050763""","=""""","=""                                                 ""","=""L15916,L20010"""
"=""49614e""","=""6D""","=""5/2""","=""""","=""6.1513745""","=""""","=""0.0000005""","=""0.0082987""","=""""","=""                                                 ""","=""L15916,L20010"""
"=""3d3.(2P).4s.4p.(1P*)""","=""t 2D*""","=""5/2""","=""""","=""6.1606299""","=""""","=""0.0000019""","=""0.009255""","=""1.25""","=""  23         :    25  3d3.4s.(3F).5p        2D*  ""","=""L15916,L20010,L14162"""
"=""3d3.(2P).4s.4p.(1P*)""","=""t 2D*""","=""3/2""","=""""","=""6.1648302""","=""""","=""0.0000016""","=""0.004200""","=""""","=""  21         :    44  3d3.4s.(3F).5p        2D*  ""","=""L15916,L20010"""
"=""49705e""","=""6D""","=""7/2""","=""""","=""6.1626833""","=""""","=""0.0000006""","=""-0.002147""","=""""","=""                                                 ""","=""L15916,L20010"""
"=""3d3.4s.(5F).5d""","=""f 6H""","=""7/2""","=""""","=""6.1740219""","=""""","=""0.0000005""","=""0.0113386""","=""""","=""  74         :    19  3d3.4s.(5F).5d        6G   ""","=""L15916,L20010"""
"=""3d3.4s.(5F).5d""","=""f 6H""","=""9/2""","=""""","=""6.1837562""","=""""","=""0.0000004""","=""0.0097343""","=""""","=""  72         :    21  3d3.4s.(5F).5d        6G   ""","=""L15916,L20010"""
"=""3d3.4s.(5F).5d""","=""f 6H""","=""11/2""","=""""","=""6.1932226""","=""""","=""0.0000005""","=""0.0094664""","=""""","=""  76         :    18  3d3.4s.(5F).5d        6G   ""","=""L15916,L20010"""
"=""3d3.4s.(5F).5d""","=""f 6H""","=""13/2""","=""""","=""6.2093785""","=""""","=""0.0000019""","=""0.016156""","=""""","=""  85         :    11  3d3.4s.(5F).5d        6G   ""","=""L15916,L20010"""
"=""3d3.4s.(5F).5d""","=""f 6H""","=""15/2""","=""""","=""6.2365702""","=""""","=""0.0000004""","=""0.027192""","=""""","=""  98         :     1  3d3.4s.(5F).4d        6H   ""","=""L15916,L20010"""
"=""49818e""","=""6D""","=""9/2""","=""""","=""6.1767477""","=""""","=""0.0000004""","=""-0.0598225""","=""""","=""                                                 ""","=""L15916,L20010"""
"=""3d3.4s.(5F).4d?""","=""g 6G?""","=""9/2""","=""""","=""6.1907920""","=""""","=""0.0000006""","=""0.0140443""","=""""","=""                                                 ""","=""L7185c178"""
"=""3d3.4s.(5F).4d?""","=""g 6G?""","=""11/2""","=""""","=""6.213400""","=""""","=""0.000003""","=""0.022608""","=""""","=""                                                 ""","=""L7185c178"""
"=""3d3.(2H).4s.4p.(1P*)""","=""x 2I*""","=""11/2""","=""""","=""6.1965043""","=""""","=""0.0000005""","=""-0.016896""","=""0.91""","=""  74         :    14  3d4.(1I).4p           2I*  ""","=""L15916,L20010,L14162"""
"=""3d3.(2H).4s.4p.(1P*)""","=""x 2I*""","=""13/2""","=""""","=""6.2141976""","=""o""","=""0.0000004""","=""0.0176933""","=""1.06""","=""  74         :    13  3d4.(1I).4p           2I*  ""","=""L15916,L20010,L14162"""
"=""50223o""","=""2G*""","=""7/2""","=""""","=""6.2269190""","=""""","=""0.0000004""","=""0.0127214""","=""""","=""                                                 ""","=""L15916,L20010"""
"=""50370o""","=""2G*""","=""9/2""","=""""","=""6.245195""","=""""","=""0.000003""","=""0.018276""","=""""","=""                                                 ""","=""L15916,L20010"""
"=""50403o""","=""r 2F*""","=""5/2""","=""""","=""6.2492844""","=""""","=""0.0000010""","=""0.004089""","=""""","=""                                                 ""","=""L15916,L20010"""
"=""50555o""","=""r 2F*""","=""7/2""","=""""","=""6.268049""","=""""","=""0.000003""","=""0.018765""","=""""","=""                                                 ""","=""L15916,L20010"""
"=""3d3.4p2?""","=""h 6G?""","=""3/2""","=""""","=""6.271696""","=""""","=""0.000005""","=""0.003647""","=""""","=""                                                 ""","=""L7185c178"""
"=""3d3.4p2?""","=""h 6G?""","=""9/2""","=""""","=""6.307839""","=""""","=""0.000004""","=""0.036143""","=""""","=""                                                 ""","=""L7185c178"""
"=""52774o""","=""p 2G*""","=""7/2""","=""""","=""6.5431511""","=""""","=""0.0000004""","=""0.235312""","=""""","=""                                                 ""","=""L15916,L20010"""
"=""52947o""","=""p 2G*""","=""9/2""","=""""","=""6.5647099""","=""""","=""0.0000005""","=""0.0215588""","=""""","=""                                                 ""","=""L15916,L20010"""
"=""V II (3d4 5D<0>)""","=""Limit""","=""---""","=""""","=""6.746187""","=""""","=""0.000021""","=""""","=""""","=""                                                 ""","=""L17712,L20010"""
"=""""","=""s 2P*?""","=""3/2""","=""""","=""7.13670""","=""""","=""0.00005""","=""0.39051""","=""""","=""                                                 ""","=""L7185c178"""
