Configuration,Term,J,Prefix,Level (eV),Suffix,Uncertainty (eV),Splitting,Lande,Leading percentages,Reference
"=""4f10.6s2""","=""5I""","=""8""","=""""","=""0.0000000""","=""""","=""0""","=""""","=""1.24159""","=""  94                                           ""","=""L3974"""
"=""4f10.6s2""","=""5I""","=""7""","=""""","=""0.5125782""","=""""","=""""","=""0.5125782""","=""1.17346""","=""  97                                           ""","=""L11757"""
"=""4f10.6s2""","=""5I""","=""6""","=""""","=""0.8741634""","=""""","=""""","=""0.361585""","=""1.07155""","=""  96                                           ""","=""L11757"""
"=""4f10.6s2""","=""5I""","=""5""","=""""","=""1.1420917""","=""""","=""""","=""0.267928""","=""0.911""","=""  93                                           ""","=""L11757"""
"=""4f10.6s2""","=""5I""","=""4""","=""""","=""1.3545617""","=""""","=""""","=""0.212470""","=""0.618""","=""  91                                           ""","=""L11757"""
"=""4f9.(6H*).5d.6s2""","=""7H*""","=""2""","=""""","=""""","=""""","=""""","=""""","=""""","=""  82                                           ""","=""L3974"""
"=""4f9.(6H*).5d.6s2""","=""7H*""","=""8""","=""""","=""0.9380161""","=""""","=""""","=""""","=""1.35246""","=""  81                                           ""","=""L11757"""
"=""4f9.(6H*).5d.6s2""","=""7H*""","=""7""","=""""","=""1.0562474""","=""""","=""""","=""0.118231""","=""1.336""","=""  60                                           ""","=""L11757"""
"=""4f9.(6H*).5d.6s2""","=""7H*""","=""6""","=""""","=""1.2508520""","=""""","=""""","=""0.194605""","=""1.36""","=""  33                                           ""","=""L11757"""
"=""4f9.(6H*).5d.6s2""","=""7H*""","=""5""","=""""","=""1.5248260""","=""""","=""""","=""0.273974""","=""1.24""","=""  56                                           ""","=""L11757"""
"=""4f9.(6H*).5d.6s2""","=""7H*""","=""4""","=""""","=""1.7298277""","=""""","=""""","=""0.205002""","=""1.082""","=""  66                                           ""","=""L11757"""
"=""4f9.(6H*).5d.6s2""","=""7H*""","=""3""","=""""","=""1.8913710""","=""""","=""""","=""0.161543""","=""0.77""","=""  75                                           ""","=""L11757"""
"=""4f9.(6H*).5d.6s2""","=""7I*""","=""3""","=""""","=""""","=""""","=""""","=""""","=""""","=""  76                                           ""","=""L3974"""
"=""4f9.(6H*).5d.6s2""","=""7I*""","=""4""","=""""","=""""","=""""","=""""","=""""","=""""","=""  79                                           ""","=""L3974"""
"=""4f9.(6H*).5d.6s2""","=""7I*""","=""9""","=""""","=""1.2387229""","=""""","=""""","=""""","=""1.32""","=""  89                                           ""","=""L11757"""
"=""4f9.(6H*).5d.6s2""","=""7I*""","=""8""","=""""","=""1.4886933""","=""""","=""""","=""0.249970""","=""1.28""","=""  50                                           ""","=""L11757"""
"=""4f9.(6H*).5d.6s2""","=""7I*""","=""7""","=""""","=""1.7813809""","=""""","=""""","=""0.292688""","=""1.27""","=""  50                                           ""","=""L11757"""
"=""4f9.(6H*).5d.6s2""","=""7I*""","=""6""","=""""","=""1.8561304""","=""""","=""""","=""0.074750""","=""1.24""","=""  39                                           ""","=""L11757"""
"=""4f9.(6H*).5d.6s2""","=""7I*""","=""5""","=""""","=""2.0686430""","=""""","=""""","=""0.212513""","=""1.082""","=""  67                                           ""","=""L11757"""
"=""4f9.(6H*).5d.6s2""","=""7F*""","=""6""","=""""","=""1.447328""","=""""","=""""","=""-0.621315""","=""1.392""","=""  47                                           ""","=""L3974"""
"=""4f9.(6H*).5d.6s2""","=""7G*""","=""7""","=""""","=""1.569036""","=""""","=""""","=""0.12171""","=""1.36""","=""  64                                           ""","=""L3974"""
"=""4f9.(6H*).5d.6s2""","=""7K*""","=""5""","=""""","=""""","=""""","=""""","=""""","=""""","=""  81                                           ""","=""L3974"""
"=""4f9.(6H*).5d.6s2""","=""7K*""","=""4""","=""""","=""""","=""""","=""""","=""""","=""""","=""  89                                           ""","=""L3974"""
"=""4f9.(6H*).5d.6s2""","=""7K*""","=""10""","=""""","=""1.598499""","=""""","=""""","=""""","=""1.29""","=""  99                                           ""","=""L3974"""
"=""4f9.(6H*).5d.6s2""","=""7K*""","=""8""","=""""","=""2.019545""","=""""","=""""","=""0.42105""","=""1.19""","=""  46                                           ""","=""L3974"""
"=""4f9.(6H*).5d.6s2""","=""7K*""","=""9""","=""""","=""2.072742""","=""""","=""""","=""0.05320""","=""1.24""","=""  64                                           ""","=""L3974"""
"=""4f9.(6H*).5d.6s2""","=""7K*""","=""7""","=""""","=""2.193020""","=""""","=""""","=""0.12028""","=""1.16""","=""  44                                           ""","=""L3974"""
"=""4f9.(6H*).5d.6s2""","=""7K*""","=""6""","=""""","=""2.378347""","=""""","=""""","=""0.18533""","=""1.036""","=""  72                                           ""","=""L3974"""
"=""4f9.(6H*).5d.6s2""","=""5K*""","=""9""","=""""","=""1.6732823""","=""""","=""""","=""-0.705065""","=""1.23""","=""  65                                           ""","=""L11757"""
"=""4f9.(6H*).5d.6s2""","=""5K*""","=""8""","=""""","=""2.4410747""","=""""","=""""","=""0.767792""","=""1.22""","=""  57                                           ""","=""L11757"""
"=""4f9.(6H*).5d.6s2""","=""5K*""","=""7""","=""""","=""2.7007983""","=""""","=""""","=""0.259724""","=""1.15""","=""  70                                           ""","=""L11757"""
"=""4f9.(6H*).5d.6s2""","=""5K*""","=""6""","=""""","=""2.9091676""","=""""","=""""","=""0.208369""","=""0.96""","=""  52                                           ""","=""L11757"""
"=""4f9.(6H*).5d.6s2""","=""5K*""","=""5""","=""""","=""3.0849583""","=""""","=""""","=""0.175791""","=""0.72""","=""  67                                           ""","=""L11757"""
"=""4f9.(6H*).5d.6s2""","=""7F*""","=""5""","=""""","=""1.754809""","=""""","=""""","=""-1.330149""","=""1.42""","=""  51                                           ""","=""L3974"""
"=""4f9.(6H*).5d.6s2""","=""5I*""","=""8""","=""""","=""1.813348""","=""""","=""""","=""0.05854""","=""1.25""","=""  67                                           ""","=""L3974"""
"=""4f9.(6H*).5d.6s2""","=""5I*""","=""7""","=""""","=""2.273845""","=""o""","=""""","=""0.46050""","=""1.21""","=""  26                                           ""","=""L3974"""
"=""4f9.(6H*).5d.6s2""","=""5I*""","=""6""","=""""","=""2.548462""","=""""","=""""","=""0.27462""","=""1.11""","=""  45                                           ""","=""L3974"""
"=""4f9.(6H*).5d.6s2""","=""5I*""","=""5""","=""""","=""2.764213""","=""""","=""""","=""0.21575""","=""1.02""","=""  39                                           ""","=""L3974"""
"=""4f9.(6H*).5d.6s2""","=""5I*""","=""4""","=""""","=""2.936790""","=""""","=""""","=""0.17258""","=""0.767""","=""  70                                           ""","=""L3974"""
"=""4f9.(6H*).5d.6s2""","=""5H*""","=""7""","=""""","=""1.883919""","=""""","=""""","=""-1.05287""","=""1.26""","=""  78                                           ""","=""L3974"""
"=""4f10.(5I<8>).6s.6p.(3P*<0>)""","=""(8,0)*""","=""8""","=""""","=""1.930109""","=""""","=""""","=""0.04619""","=""1.31""","=""                   or  :    58   (5I)(3P*) 7H* ""","=""L3974"""
"=""4f9.(6H*).5d.6s2""","=""*""","=""6""","=""""","=""1.966717""","=""""","=""""","=""0.03661""","=""1.257""","=""  43  5G*                                      ""","=""L3974"""
"=""4f10.(5I<8>).6s.6p.(3P*<1>)""","=""(8,1)*""","=""9""","=""""","=""1.980319""","=""""","=""""","=""0.01360""","=""1.29""","=""                   or  :    64   (5I)(3P*) 7I* ""","=""L3974"""
"=""4f10.(5I<8>).6s.6p.(3P*<1>)""","=""(8,1)*""","=""7""","=""""","=""2.069776""","=""""","=""""","=""0.08946""","=""1.22""","=""                   or  :    29   (5I)(3P*) 5H* ""","=""L3974"""
"=""4f10.(5I<8>).6s.6p.(3P*<1>)""","=""(8,1)*""","=""8""","=""""","=""2.074652""","=""""","=""""","=""0.00488""","=""1.20""","=""                   or  :    32   (5I)(3P*) 3K* ""","=""L3974"""
"=""4f9.(6F*).5d.6s2""","=""7P*""","=""4""","=""""","=""1.992424""","=""""","=""""","=""-0.08223""","=""1.62""","=""  47                                           ""","=""L3974"""
"=""4f9.(6F*).5d.6s2""","=""*""","=""4""","=""""","=""2.034928""","=""""","=""""","=""0.04250""","=""1.51""","=""  35  7P*                                      ""","=""L3974"""
"=""4f9.(6H*).5d.6s2""","=""*""","=""6""","=""""","=""2.057069""","=""""","=""""","=""0.02214""","=""1.348""","=""  42  7G*                                      ""","=""L3974"""
"=""4f9.(6F*).5d.6s2""","=""*""","=""5""","=""""","=""2.170082""","=""""","=""""","=""0.11301""","=""1.45""","=""  24  7D*                                      ""","=""L3974"""
"=""4f10.(5I<8>).6s.6p.(3P*<2>)""","=""(8,2)*""","=""10""","=""""","=""2.171376""","=""""","=""""","=""0.00129""","=""1.30""","=""                   or  :    99   (5I)(3P*) 7K* ""","=""L3974"""
"=""4f10.(5I<8>).6s.6p.(3P*<2>)""","=""(8,2)*""","=""9""","=""""","=""2.197886""","=""""","=""""","=""0.02651""","=""1.25""","=""                   or  :    51   (5I)(3P*) 5K* ""","=""L3974"""
"=""4f10.(5I<8>).6s.6p.(3P*<2>)""","=""(8,2)*""","=""8""","=""""","=""2.234430""","=""""","=""""","=""0.03654""","=""1.23""","=""                   or  :    39   (5I)(3P*) 5I* ""","=""L3974"""
"=""4f10.(5I<8>).6s.6p.(3P*<2>)""","=""(8,2)*""","=""7""","=""""","=""2.285495""","=""o""","=""""","=""0.05106""","=""1.20""","=""                   or  :    35   (5I)(3P*) 3I* ""","=""L3974"""
"=""4f10.(5I<8>).6s.6p.(3P*<2>)""","=""(8,2)*""","=""6""","=""""","=""2.319984""","=""""","=""""","=""0.03449""","=""1.172""","=""                   or  :    33   (5I)(3P*) 3H* ""","=""L3974"""
"=""4f10.(5I<8>).5d.6s.(3D)""","=""3[8]""","=""9""","=""""","=""2.171521""","=""""","=""""","=""-0.14846""","=""1.316""","=""  90                                           ""","=""L3974"""
"=""4f10.(5I<8>).5d.6s.(3D)""","=""3[8]""","=""8""","=""""","=""2.343699""","=""""","=""""","=""0.17218""","=""1.22""","=""  39                                           ""","=""L3974"""
"=""4f10.(5I<8>).5d.6s.(3D)""","=""3[8]""","=""7""","=""""","=""2.612868""","=""o""","=""""","=""0.26917""","=""1.24""","=""  38                                           ""","=""L3974"""
"=""4f10.(5I<8>).5d.6s.(3D)""","=""3[7]""","=""8""","=""""","=""2.183778""","=""""","=""""","=""-0.42909""","=""1.33""","=""  61                                           ""","=""L3974"""
"=""4f10.(5I<8>).5d.6s.(3D)""","=""3[7]""","=""7""","=""""","=""2.347985""","=""""","=""""","=""0.16421""","=""1.28""","=""  47                                           ""","=""L3974"""
"=""4f10.(5I<8>).5d.6s.(3D)""","=""3[7]""","=""6""","=""""","=""2.623480""","=""""","=""""","=""0.27549""","=""1.24""","=""  58                                           ""","=""L3974"""
"=""4f9.(6H*).5d.6s2""","=""5F*""","=""5""","=""""","=""2.207444""","=""""","=""""","=""-0.41604""","=""1.322""","=""  54                                           ""","=""L3974"""
"=""4f10.(5I<8>).5d.6s.(3D)""","=""3[6]""","=""6""","=""""","=""""","=""""","=""""","=""""","=""""","=""  69                                           ""","=""L3974"""
"=""4f10.(5I<8>).5d.6s.(3D)""","=""3[6]""","=""5""","=""""","=""""","=""""","=""""","=""""","=""""","=""  67                                           ""","=""L3974"""
"=""4f10.(5I<8>).5d.6s.(3D)""","=""3[6]""","=""7""","=""""","=""2.243435""","=""""","=""""","=""""","=""1.38""","=""  84                                           ""","=""L3974"""
"=""4f9.(6H*).5d.6s2""","=""*""","=""6""","=""""","=""2.253149""","=""""","=""""","=""0.00971""","=""1.34""","=""  39  5H*                                      ""","=""L3974"""
"=""4f10.(5I<8>).5d.6s.(3D)""","=""3[9]""","=""10""","=""""","=""2.289077""","=""""","=""""","=""0.03593""","=""1.282""","=""  90                                           ""","=""L3974"""
"=""4f10.(5I<8>).5d.6s.(3D)""","=""3[9]""","=""9""","=""""","=""2.385558""","=""""","=""""","=""0.09648""","=""1.217""","=""  69                                           ""","=""L3974"""
"=""4f10.(5I<8>).5d.6s.(3D)""","=""3[9]""","=""8""","=""""","=""2.503687""","=""""","=""""","=""0.11813""","=""1.16""","=""  63                                           ""","=""L3974"""
"=""4f9.(6H*).5d2.(3F) (8G*).6s""","=""9G*""","=""8""","=""""","=""2.290324""","=""""","=""""","=""-0.21336""","=""1.46""","=""  48                                           ""","=""L3974"""
"=""4f9.(6H*).5d2.(3F) (8G*).6s""","=""*""","=""7""","=""""","=""2.297247""","=""""","=""""","=""0.00692""","=""1.467""","=""  25  9G*                                      ""","=""L3974"""
"=""4f9.(6F*).5d.6s2""","=""*""","=""6""","=""""","=""2.301296""","=""""","=""""","=""0.00405""","=""1.27""","=""  18  7G*                                      ""","=""L3974"""
"=""4f9.(6F*).5d.6s2""","=""*""","=""7""","=""""","=""2.337975""","=""""","=""""","=""0.03668""","=""1.335""","=""  22  7H*                                      ""","=""L3974"""
"=""4f10.6s2""","=""3K2""","=""8""","=""""","=""2.358074""","=""""","=""""","=""0.02010""","=""1.14""","=""  57                                           ""","=""L3974"""
"=""4f9.(6F*).5d.6s2""","=""7H*""","=""8""","=""""","=""2.367144""","=""""","=""""","=""0.00907""","=""1.33""","=""  91                                           ""","=""L3974"""
"=""4f9.(6H*).5d2.(3F) (8F*).6s""","=""*""","=""6""","=""""","=""2.393423""","=""""","=""""","=""0.02628""","=""1.54""","=""  36  3F*                                      ""","=""L3974"""
"=""4f10.(5I<8>).5d.6s.(3D)""","=""3[10]""","=""11""","=""""","=""2.398936""","=""""","=""""","=""0.00551""","=""1.27""","="" 100                                           ""","=""L3974"""
"=""4f10.(5I<8>).5d.6s.(3D)""","=""3[10]""","=""10""","=""""","=""2.454634""","=""""","=""""","=""0.05570""","=""1.21""","=""  86                                           ""","=""L3974"""
"=""4f10.(5I<8>).5d.6s.(3D)""","=""3[10]""","=""9""","=""""","=""2.505597""","=""""","=""""","=""0.05096""","=""1.14""","=""  77                                           ""","=""L3974"""
"=""4f9.(6F*).5d.6s2""","=""*""","=""5""","=""""","=""2.415320""","=""""","=""""","=""-0.09028""","=""1.35""","=""  29  7G*                                      ""","=""L3974"""
"=""4f9.(6H*).5d2.(3F) (8I*).6s""","=""*""","=""9""","=""""","=""2.424862""","=""""","=""""","=""0.00954""","=""1.39""","=""  36  9I*                                      ""","=""L3974"""
"=""4f9.(6H*).5d2.(3F) (8K*).6s""","=""*""","=""10""","=""""","=""2.454634""","=""""","=""""","=""0.02977""","=""1.367""","=""  40  9K*                                      ""","=""L3974"""
"=""4f9.(6H*).5d.6s2""","=""*""","=""5""","=""""","=""2.456620""","=""""","=""""","=""0.00199""","=""1.270""","=""  33  5H*                                      ""","=""L3974"""
"=""4f9.(6F*).5d.6s2""","=""*""","=""6""","=""""","=""2.461939""","=""""","=""""","=""0.00532""","=""1.35""","=""  40  7H*                                      ""","=""L3974"""
"=""4f10.(5I<7>).6s.6p.(3P*<0>)""","=""(7,0)*""","=""7""","=""""","=""2.468217""","=""""","=""""","=""0.00628""","=""1.23""","=""                   or  :    26   (5I)(3P*) 7I* ""","=""L3974"""
"=""4f10.(5I<7>).6s.6p.(3P*<1>)""","=""(7,1)*""","=""8""","=""""","=""2.522002""","=""""","=""""","=""0.05378""","=""1.23""","=""                   or  :    30   (5I)(3P*) 7K* ""","=""L3974"""
"=""4f10.(5I<7>).6s.6p.(3P*<1>)""","=""(7,1)*""","=""7""","=""""","=""2.574692""","=""""","=""""","=""0.05269""","=""1.16""","=""                   or  :    30   (5I)(3P*) 5K* ""","=""L3974"""
"=""4f10.(5I<7>).6s.6p.(3P*<1>)""","=""(7,1)*""","=""6""","=""""","=""2.581055""","=""""","=""""","=""0.00636""","=""1.13""","=""                   or  :    21   (5I)(3P*) 7I* ""","=""L3974"""
"=""4f9.(6H*).5d.6s2""","=""*""","=""4""","=""""","=""2.533011""","=""""","=""""","=""-0.04804""","=""1.28""","=""  33  7F*                                      ""","=""L3974"""
"=""4f9.(6H*).5d2.(3F) (8K*).6s""","=""9K*""","=""11""","=""""","=""2.535283""","=""""","=""""","=""0.00227""","=""1.354""","=""  87                                           ""","=""L3974"""
"=""4f9.(6H*).5d.6s2""","=""*""","=""4""","=""""","=""2.538575""","=""""","=""""","=""0.00329""","=""1.30""","=""  31  5G*                                      ""","=""L3974"""
"=""4f9.(6F*).5d.6s2""","=""7G*""","=""7""","=""""","=""2.539866""","=""""","=""""","=""0.00129""","=""1.375""","=""  63                                           ""","=""L3974"""
"=""4f9.(6H*<15/2>).6s2.6p<1/2>""","=""(15/2,1/2)""","=""7""","=""""","=""2.555850""","=""o""","=""""","=""0.01598""","=""1.32""","=""  55                                           ""","=""L3974"""
"=""4f9.(6H*<15/2>).6s2.6p<1/2>""","=""(15/2,1/2)""","=""8""","=""""","=""2.577613""","=""""","=""""","=""0.02176""","=""1.32""","=""  54                                           ""","=""L3974"""
"=""4f9.(6H*).5d2.(3F) (8I*).6s""","=""*""","=""8""","=""""","=""2.589394""","=""""","=""""","=""0.01178""","=""1.36""","=""  29  9I*                                      ""","=""L3974"""
"=""4f9.(6H*).5d2.(3F) (8G*).6s""","=""*""","=""5""","=""""","=""2.590233""","=""""","=""""","=""0.00084""","=""1.32""","=""  31  9G*                                      ""","=""L3974"""
"=""4f9.(6H*).5d.6s2""","=""*""","=""5""","=""""","=""2.593942""","=""""","=""""","=""0.00371""","=""1.30""","=""  35  5H*                                      ""","=""L3974"""
"=""4f9.(6H*).5d2.(3F) (8F*).6s""","=""*""","=""7""","=""""","=""2.597987""","=""""","=""""","=""0.00404""","=""1.41""","=""  30  9F*                                      ""","=""L3974"""
"=""4f9.(6H*).5d2.(3F) (8D*).6s""","=""*""","=""6""","=""""","=""2.652320""","=""""","=""""","=""0.05433""","=""1.46""","=""  29  9D*                                      ""","=""L3974"""
"=""4f9.(6H*).5d2.(3F) (8H*).6s""","=""*""","=""9""","=""""","=""2.670704""","=""""","=""""","=""0.01838""","=""1.34""","=""  39  9H*                                      ""","=""L3974"""
"=""4f10.(5I<7>).5d.6s.(3D)""","=""3[7]""","=""8""","=""""","=""2.678436""","=""""","=""""","=""0.00773""","=""1.26""","=""  47                                           ""","=""L3974"""
"=""4f9.(6F*).5d.6s2""","=""5H*""","=""7""","=""""","=""2.687392""","=""""","=""""","=""0.00896""","=""1.22""","=""  62                                           ""","=""L3974"""
"=""4f9.(6F*).5d.6s2""","=""5H*""","=""6""","=""""","=""2.980653""","=""""","=""""","=""0.29326""","=""1.26""","=""  44                                           ""","=""L3974"""
"=""4f9.(6F*).5d.6s2""","=""5H*""","=""4""","=""""","=""3.278193""","=""""","=""""","=""0.29754""","=""1.046""","=""  53                                           ""","=""L3974"""
"=""4f9.(6F*).5d.6s2""","=""5H*""","=""3""","=""""","=""3.422129""","=""""","=""""","=""0.14394""","=""0.84""","=""  68                                           ""","=""L3974"""
"=""4f10.(5I<7>).5d.6s.(3D)""","=""3[6]""","=""7""","=""""","=""2.700181""","=""""","=""""","=""-0.72195""","=""1.26""","=""  49                                           ""","=""L3974"""
"=""4f9.(6H*).5d2.(3F) (8K*).6s""","=""*""","=""10""","=""""","=""2.701483""","=""""","=""""","=""0.00130""","=""1.34""","=""  33  9K*                                      ""","=""L3974"""
"=""4f10.(5I<7>).6s.6p.(3P*<2>)""","=""(7,2)*""","=""9""","=""""","=""2.707635""","=""""","=""""","=""0.00615""","=""1.25""","=""                   or  :    62   (5I)(3P*) 7K* ""","=""L3974"""
"=""4f10.(5I<7>).6s.6p.(3P*<2>)""","=""(7,2)*""","=""8""","=""""","=""2.715157""","=""""","=""""","=""0.00752""","=""1.20""","=""                   or  :    33   (5I)(3P*) 7I* ""","=""L3974"""
"=""4f10.(5I<7>).6s.6p.(3P*<2>)""","=""(7,2)*""","=""7""","=""""","=""2.735251""","=""""","=""""","=""0.02009""","=""1.18""","=""                   or  :    28   (5I)(3P*) 7I* ""","=""L3974"""
"=""4f10.(5I<7>).6s.6p.(3P*<2>)""","=""(7,2)*""","=""6""","=""""","=""2.763220""","=""""","=""""","=""0.02797""","=""1.15""","=""                   or  :    38   (5I)(3P*) 7H* ""","=""L3974"""
"=""4f10.(5I<7>).6s.6p.(3P*<2>)""","=""(7,2)*""","=""5""","=""""","=""2.792646""","=""""","=""""","=""0.02943""","=""1.04""","=""                                               ""","=""L3974"""
"=""4f10.(5I<8>).5d.6s.(1D)""","=""1[9]""","=""9""","=""""","=""2.733330""","=""""","=""""","=""-0.05932""","=""1.22""","=""  49                                           ""","=""L3974"""
"=""4f9.(6H*).5d.6s2""","=""*""","=""4""","=""""","=""2.739934""","=""""","=""""","=""0.00660""","=""1.059""","=""  41  5H*                                      ""","=""L3974"""
"=""4f10.(5I<8>).5d.6s.(1D)""","=""1[10]""","=""10""","=""""","=""2.788050""","=""""","=""""","=""0.04812""","=""1.197""","=""  68                                           ""","=""L3974"""
"=""4f9.(6H*).5d2.(3F) (8L*).6s""","=""9L*""","=""8""","=""""","=""""","=""""","=""""","=""""","=""""","=""  33                                           ""","=""L3974"""
"=""4f9.(6H*).5d2.(3F) (8L*).6s""","=""9L*""","=""6""","=""""","=""""","=""""","=""""","=""""","=""""","=""  40                                           ""","=""L3974"""
"=""4f9.(6H*).5d2.(3F) (8L*).6s""","=""9L*""","=""12""","=""""","=""2.794750""","=""""","=""""","=""""","=""1.333""","=""  99                                           ""","=""L3974"""
"=""4f9.(6H*).5d2.(3F) (8L*).6s""","=""9L*""","=""11""","=""""","=""2.935621""","=""""","=""""","=""0.14087""","=""1.288""","=""  78                                           ""","=""L3974"""
"=""4f9.(6H*).5d2.(3F) (8L*).6s""","=""9L*""","=""10""","=""""","=""3.082091""","=""""","=""""","=""0.14647""","=""1.26""","=""  49                                           ""","=""L3974"""
"=""4f9.(6H*).5d2.(3F) (8L*).6s""","=""9L*""","=""9""","=""""","=""3.218022""","=""""","=""""","=""0.13593""","=""1.27""","=""  34                                           ""","=""L3974"""
"=""4f9.(6H*).5d2.(3F) (8L*).6s""","=""9L*""","=""7""","=""""","=""3.416551""","=""""","=""""","=""0.19853""","=""1.24""","=""  28                                           ""","=""L3974"""
"=""4f9.(6F*).5d.6s2""","=""5G*""","=""6""","=""""","=""2.806163""","=""""","=""""","=""-0.61039""","=""1.29""","=""  50                                           ""","=""L3974"""
"=""4f9.(6H*).5d2.(3F) (8K*).6s""","=""*""","=""7""","=""""","=""2.807987""","=""""","=""""","=""0.00182""","=""1.34""","=""  22  9K*                                      ""","=""L3974"""
"=""4f9.(6H*).5d2.(3F) (8G*).6s""","=""*""","=""4""","=""""","=""2.814047""","=""""","=""""","=""0.00606""","=""1.487""","=""  35  9G*                                      ""","=""L3974"""
"=""4f9.(6H*).5d2.(3P) (8G*).6s""","=""*""","=""8""","=""""","=""2.822851""","=""""","=""""","=""0.00880""","=""1.34""","=""  43  9G*                                      ""","=""L3974"""
"=""4f9.(6H*).5d.6s2""","=""*""","=""4""","=""""","=""2.843953""","=""""","=""""","=""0.02110""","=""1.07""","=""  24  5H*                                      ""","=""L3974"""
"=""4f10.(5I<6>).6s.6p.(3P*<0>)""","=""(6,0)*""","=""6""","=""""","=""2.846285""","=""""","=""""","=""0.00233""","=""1.06""","=""                   or  :    24   (5I)(3P*) 7K* ""","=""L3974"""
"=""4f9.(6H*).5d (7H*<8>).6s.6p.(3P*<0>)""","=""(8,0)?""","=""8""","=""""","=""2.855537""","=""""","=""""","=""0.00925""","=""1.37""","=""                                               ""","=""L3974"""
"=""4f9.5d.6s.6p?""","=""""","=""9""","=""""","=""2.878738""","=""""","=""""","=""0.02320""","=""1.37""","=""                                               ""","=""L3974"""
"=""4f9.(6H*).5d2.(3P) (8I*).6s""","=""*""","=""9""","=""""","=""2.885328""","=""""","=""""","=""0.00659""","=""1.33""","=""  41  9I*                                      ""","=""L3974"""
"=""4f10.(5I<7>).5d.6s.(3D)""","=""""","=""8""","=""""","=""2.886409""","=""""","=""""","=""0.00108""","=""1.176""","=""  37  3[9]                                     ""","=""L3974"""
"=""4f10.(5I<7>).5d.6s.(3D)?""","=""""","=""6""","=""""","=""2.893037""","=""""","=""""","=""0.00663""","=""1.16""","=""  19  3[7]                                     ""","=""L3974"""
"=""4f9.(6H*).5d2.(3F) (8G*).6s""","=""*""","=""7""","=""""","=""2.893806""","=""""","=""""","=""0.00077""","=""1.39""","=""  28  7G*                                      ""","=""L3974"""
"=""4f9.(6H*).5d2.(3F) (8F*).6s""","=""*""","=""6""","=""""","=""2.896249""","=""""","=""""","=""0.00244""","=""1.35""","=""  30  7F*                                      ""","=""L3974"""
"=""4f10.(5I<7>).5d.6s.(3D)""","=""""","=""7""","=""""","=""2.896353""","=""""","=""""","=""0.00010""","=""1.222""","=""  26  3[7]                                     ""","=""L3974"""
"=""4f10.5d.6s?""","=""""","=""8""","=""""","=""2.899860""","=""""","=""""","=""0.00351""","=""1.22""","=""                                               ""","=""L3974"""
"=""4f9.(6H*).5d2.(3F) (8F*).6s""","=""*""","=""5""","=""""","=""2.906247""","=""""","=""""","=""0.00639""","=""1.36""","=""  17  9F*                                      ""","=""L3974"""
"=""4f10.(5I<6>).6s.6p.(3P*<1>)""","=""(6,1)*""","=""7""","=""""","=""2.911120""","=""""","=""""","=""0.00487""","=""1.13""","=""                   or  :    35   (5I)(3P*) 7K* ""","=""L3974"""
"=""4f10.(5I<6>).6s.6p.(3P*<1>)""","=""(6,1)*""","=""5""","=""""","=""2.920156""","=""""","=""""","=""0.00904""","=""1.07""","=""                   or  :    32   (5I)(3P*) 7I* ""","=""L3974"""
"=""4f10.(5I<6>).6s.6p.(3P*<1>)""","=""(6,1)*""","=""6""","=""""","=""2.936922""","=""""","=""""","=""0.01677""","=""1.076""","=""                   or  :    29   (5I)(3P*) 7K* ""","=""L3974"""
"=""4f9.(6H*).5d2.(3F) (8D*).6s""","=""*""","=""6""","=""""","=""2.917225""","=""""","=""""","=""-0.01970""","=""1.41""","=""  20  9D*                                      ""","=""L3974"""
"=""4f9.(6H*<15/2>).6s2.6p<3/2>""","=""(15/2,3/2)""","=""6""","=""""","=""""","=""""","=""""","=""""","=""""","=""  34                                           ""","=""L3974"""
"=""4f9.(6H*<15/2>).6s2.6p<3/2>""","=""(15/2,3/2)""","=""8""","=""""","=""2.917906""","=""""","=""""","=""""","=""1.31""","=""  56                                           ""","=""L3974"""
"=""4f9.(6H*<15/2>).6s2.6p<3/2>""","=""(15/2,3/2)""","=""7""","=""""","=""2.924945""","=""""","=""""","=""0.00704""","=""1.26""","=""  30                                           ""","=""L3974"""
"=""4f9.(6H*<15/2>).6s2.6p<3/2>""","=""(15/2,3/2)""","=""9""","=""""","=""2.948376""","=""""","=""""","=""0.02343""","=""1.34""","=""  84                                           ""","=""L3974"""
"=""4f10.(5I<7>).5d.6s.(3D)""","=""3[8]""","=""7""","=""""","=""2.932891""","=""""","=""""","=""-0.01548""","=""1.174""","=""  55                                           ""","=""L3974"""
"=""4f9.(6H*<13/2>).6s2.6p<1/2>?""","=""""","=""6""","=""""","=""2.936426""","=""""","=""""","=""0.00353""","=""1.30""","=""  28  (13/2,1/2)                               ""","=""L3974"""
"=""4f10.(5I<8>).6s.6p.(1P*<1>)""","=""(8,1)*""","=""9""","=""""","=""2.9429646""","=""""","=""""","=""0.006539""","=""1.22""","=""                   or  :    97   (5I)(3P*) 5K* ""","=""L11757"""
"=""4f10.(5I<8>).6s.6p.(1P*<1>)""","=""(8,1)*""","=""8""","=""""","=""2.9604623""","=""""","=""""","=""0.017498""","=""1.29""","=""                   or  :    93   (5I)(3P*) 5I* ""","=""L11757"""
"=""4f10.(5I<8>).6s.6p.(1P*<1>)""","=""(8,1)*""","=""7""","=""""","=""3.0635220""","=""""","=""""","=""0.103060""","=""1.26""","=""                   or  :    83   (5I)(3P*) 5H* ""","=""L11757"""
"=""4f9.5d.6s.6p?""","=""""","=""7""","=""""","=""2.950751""","=""""","=""""","=""-0.112771""","=""1.38""","=""                                               ""","=""L3974"""
"=""4f9.(6H*).5d.6s2""","=""5H*""","=""3""","=""""","=""2.953884""","=""""","=""""","=""0.00313""","=""0.68""","=""  56                                           ""","=""L3974"""
"=""4f9.(6H*).5d2.(3F) (8K*).6s""","=""*""","=""8""","=""""","=""2.9547989""","=""""","=""""","=""0.000915""","=""1.32""","=""  24  9K*                                      ""","=""L11757"""
"=""4f10.(5I<7>).5d.6s.(3D)""","=""""","=""9""","=""""","=""2.956019""","=""""","=""""","=""0.001220""","=""1.16""","=""  44  3[9]                                     ""","=""L3974"""
"=""4f9.(6H*).5d2.(3F) (8K*).6s""","=""*""","=""10""","=""""","=""2.969831""","=""""","=""""","=""0.01381""","=""1.30""","=""  29  7K*                                      ""","=""L3974"""
"=""4f10.5d.6s?""","=""""","=""7""","=""""","=""2.972191""","=""""","=""""","=""0.00236""","=""1.24""","=""                                               ""","=""L3974"""
"=""4f10.6s2""","=""""","=""6""","=""""","=""2.983417""","=""""","=""""","=""0.01123""","=""1.217""","=""  44  3H4                                      ""","=""L3974"""
"=""4f9.(6H*).5d2.(3F) (8I*).6s""","=""*""","=""8""","=""""","=""3.000937""","=""""","=""""","=""0.01752""","=""1.30""","=""  25  7I*                                      ""","=""L3974"""
"=""4f9.(6H*).5d2.(3F) (8K*).6s""","=""*""","=""9""","=""""","=""3.004040""","=""""","=""""","=""0.00310""","=""1.287""","=""  33  7K*                                      ""","=""L3974"""
"=""4f10.(5I<7>).5d.6s.(3D)""","=""""","=""6""","=""""","=""3.013066""","=""""","=""""","=""0.00903""","=""1.20""","=""  35  3[6]                                     ""","=""L3974"""
"=""4f9.(6H*).5d2.(3P) (8G*).6s""","=""*""","=""7""","=""""","=""3.019459""","=""""","=""""","=""0.00639""","=""1.33""","=""  41  9G*                                      ""","=""L3974"""
"=""4f10.(5I<7>).5d.6s.(3D)""","=""""","=""7""","=""""","=""3.028967""","=""""","=""""","=""0.00951""","=""1.26""","=""  30  3[7]                                     ""","=""L3974"""
"=""4f9.(6F*).5d.6s2""","=""*""","=""5""","=""""","=""3.054235""","=""""","=""""","=""0.02527""","=""1.21""","=""  42  5F*                                      ""","=""L3974"""
"=""4f9.(6F*).5d.6s2?""","=""*""","=""3""","=""""","=""3.058515""","=""""","=""""","=""0.00428""","=""1.20""","=""  36  7F*                                      ""","=""L3974"""
"=""4f10.(5I<6>).6s.6p.(3P*<2>)""","=""(6,2)*""","=""4""","=""""","=""3.079896""","=""""","=""""","=""0.02138""","=""0.90""","=""                   or  :    38   (5I)(3P*) 7H* ""","=""L3974"""
"=""4f10.(5I<6>).6s.6p.(3P*<2>)""","=""(6,2)*""","=""7""","=""""","=""3.088057""","=""""","=""""","=""0.00816""","=""1.14""","=""                   or  :    27   (5I)(3P*) 7I* ""","=""L3974"""
"=""4f10.(5I<6>).6s.6p.(3P*<2>)""","=""(6,2)*""","=""6""","=""""","=""3.091128""","=""""","=""""","=""0.00307""","=""1.128""","=""                   or  :    31   (5I)(3P*) 7I* ""","=""L3974"""
"=""4f10.(5I<6>).6s.6p.(3P*<2>)""","=""(6,2)*""","=""8""","=""""","=""3.099553""","=""""","=""""","=""0.00842""","=""1.19""","=""                   or  :    44   (5I)(3P*) 5K* ""","=""L3974"""
"=""4f10.(5I<6>).6s.6p.(3P*<2>)""","=""(6,2)*""","=""5""","=""""","=""3.109774""","=""o""","=""""","=""0.01022""","=""1.064""","=""                   or  :    33   (5I)(3P*) 7H* ""","=""L3974"""
"=""4f9.(6H*<13/2>).6s2.6p<1/2>""","=""""","=""6""","=""""","=""3.083136""","=""""","=""""","=""-0.02664""","=""1.33""","=""  27  (13/2,1/2)                               ""","=""L3974"""
"=""4f9.6s2.6p?""","=""""","=""6""","=""""","=""3.087090""","=""""","=""""","=""0.00395""","=""1.35""","=""                                               ""","=""L3974"""
"=""4f9.5d.6s.6p?""","=""""","=""10""","=""""","=""3.096999""","=""""","=""""","=""0.00991""","=""1.38""","=""                                               ""","=""L3974"""
"=""4f9.(6H*).5d2.(3F) (8K*).6s?""","=""*""","=""5""","=""""","=""3.098795""","=""""","=""""","=""0.00180""","=""1.03""","=""  23  9K*                                      ""","=""L3974"""
"=""4f9.(6H*).5d2.(3P) (8I*).6s""","=""*""","=""8""","=""""","=""3.101119""","=""""","=""""","=""0.00232""","=""1.34""","=""  28  9I*                                      ""","=""L3974"""
"=""4f9.(6H*).5d2.(3P) (8H*).6s""","=""*""","=""9""","=""""","=""3.110119""","=""""","=""""","=""0.00900""","=""1.277""","=""  33  9H*                                      ""","=""L3974"""
"=""4f9.5d.6s.6p?""","=""""","=""8""","=""""","=""3.111465""","=""""","=""""","=""0.00135""","=""1.408""","=""                                               ""","=""L3974"""
"=""4f10.(5I<5>).6s.6p.(3P*<0>)""","=""(5,0)*""","=""5""","=""""","=""3.115415""","=""""","=""""","=""0.00395""","=""1.04""","=""                   or  :    35   (5I)(3P*) 7K* ""","=""L3974"""
"=""4f9.(6F*).5d.6s2""","=""*""","=""4""","=""""","=""3.124888""","=""""","=""""","=""0.00947""","=""1.242""","=""  40  5G*                                      ""","=""L3974"""
"=""4f9.(6H*).5d2.(3P) (8I*).6s""","=""*""","=""7""","=""""","=""3.132941""","=""""","=""""","=""0.00805""","=""1.28""","=""  19  9I*                                      ""","=""L3974"""
"=""4f10.(5I<6>).5d.6s.(3D)""","=""""","=""7""","=""""","=""3.161947""","=""""","=""""","=""0.02901""","=""1.16""","=""  34  3[6]                                     ""","=""L3974"""
"=""4f10.(5I<6>).5d.6s.(3D)""","=""""","=""6""","=""""","=""3.162388""","=""""","=""""","=""0.00044""","=""""","=""  19  3[6]                                     ""","=""L3974"""
"=""4f9.(6H*).5d2.(3F) (8I*).6s""","=""*""","=""7""","=""""","=""3.169970""","=""""","=""""","=""0.00758""","=""1.288""","=""  22  7I*                                      ""","=""L3974"""
"=""4f9.(6H*).5d2.(3P) (8G*).6s""","=""*""","=""6""","=""""","=""3.182730""","=""""","=""""","=""0.01276""","=""1.33""","=""  38  9G*                                      ""","=""L3974"""
"=""4f10.(5I<5>).6s.6p.(3P*<1>)""","=""(5,1)*""","=""4""","=""""","=""3.184807""","=""""","=""""","=""0.00208""","=""0.94""","=""                   or  :    47   (5I)(3P*) 5H* ""","=""L3974"""
"=""4f10.(5I<5>).6s.6p.(3P*<1>)""","=""(5,1)*""","=""6""","=""""","=""3.201995""","=""""","=""""","=""0.01719""","=""1.00""","=""                   or  :    31   (5I)(3P*) 7K* ""","=""L3974"""
"=""4f10.(5I<5>).6s.6p.(3P*<1>)""","=""(5,1)*""","=""5""","=""""","=""3.212757""","=""""","=""""","=""0.01076""","=""0.98""","=""                   or  :    39   (5I)(3P*) 3H* ""","=""L3974"""
"=""4f10.(5I<6>).5d.6s.(3D)""","=""""","=""5""","=""""","=""3.191893""","=""""","=""""","=""-0.02086""","=""1.08""","=""  37  3[6]                                     ""","=""L3974"""
"=""4f9.(6H*).5d2.(3F) (8K*).6s?""","=""*""","=""8""","=""""","=""3.193881""","=""""","=""""","=""0.00199""","=""1.263""","=""  23  7K*                                      ""","=""L3974"""
"=""4f9.(6H*).5d2.(3F) (8F*).6s""","=""*""","=""4""","=""""","=""3.194052""","=""""","=""""","=""0.00017""","=""1.35""","=""  28  7F*                                      ""","=""L3974"""
"=""4f9.(6H*).5d2.(3F) (8I*).6s""","=""*""","=""10""","=""""","=""3.195617""","=""""","=""""","=""0.00156""","=""1.33""","=""  34  9I*                                      ""","=""L3974"""
"=""""","=""*""","=""6""","=""""","=""3.207223""","=""""","=""""","=""0.01161""","=""1.30""","=""                                               ""","=""L3974"""
"=""4f9.5d.6s.6p?""","=""""","=""7""","=""""","=""3.208606""","=""""","=""""","=""0.00138""","=""1.35""","=""                                               ""","=""L3974"""
"=""4f9.(6H*).5d2.(3F) (8F*).6s""","=""*""","=""6""","=""""","=""3.213780""","=""""","=""""","=""0.00517""","=""1.33""","=""  17  7F*                                      ""","=""L3974"""
"=""""","=""""","=""5""","=""""","=""3.222792""","=""""","=""""","=""0.00901""","=""1.18""","=""                                               ""","=""L3974"""
"=""4f9.(6F*).5d.6s2""","=""*""","=""5""","=""""","=""3.240353""","=""""","=""""","=""0.01756""","=""1.22""","=""  34  5H*                                      ""","=""L3974"""
"=""""","=""""","=""7""","=""""","=""3.248392""","=""?""","=""""","=""0.00804""","=""""","=""                                               ""","=""L3974"""
"=""4f9.5d.6s.6p?""","=""""","=""9""","=""""","=""3.253916""","=""""","=""""","=""0.00552""","=""1.37""","=""                                               ""","=""L3974"""
"=""""","=""""","=""5""","=""""","=""3.258886""","=""""","=""""","=""0.00497""","=""1.20""","=""                                               ""","=""L3974"""
"=""4f9.5d.6s.6p?""","=""""","=""8""","=""""","=""3.266920""","=""""","=""""","=""0.00803""","=""1.34""","=""                                               ""","=""L3974"""
"=""4f9.5d.6s.6p?""","=""""","=""6""","=""""","=""3.271671""","=""""","=""""","=""0.00475""","=""1.48""","=""                                               ""","=""L3974"""
"=""4f9.5d.6s.6p?""","=""""","=""7""","=""""","=""3.276301""","=""""","=""""","=""0.00463""","=""1.24""","=""                                               ""","=""L3974"""
"=""4f10.(5I<6>).5d.6s.(3D)""","=""3[7]""","=""8""","=""""","=""""","=""""","=""""","=""""","=""""","=""  41                                           ""","=""L3974"""
"=""4f10.(5I<6>).5d.6s.(3D)""","=""3[7]""","=""6""","=""""","=""""","=""""","=""""","=""""","=""""","=""  70                                           ""","=""L3974"""
"=""4f10.(5I<6>).5d.6s.(3D)""","=""3[7]""","=""7""","=""""","=""3.277610""","=""""","=""""","=""""","=""1.14""","=""  46                                           ""","=""L3974"""
"=""""","=""""","=""5""","=""""","=""3.286388""","=""""","=""""","=""0.00878""","=""1.32""","=""                                               ""","=""L3974"""
"=""""","=""""","=""6""","=""""","=""3.289782""","=""""","=""""","=""0.00339""","=""1.14""","=""                                               ""","=""L3974"""
"=""4f10.(5I<5>).6s.6p.(3P*<2>)""","=""(5,2)*""","=""3""","=""""","=""3.298867""","=""""","=""""","=""0.00908""","=""0.58""","=""                   or  :    59   (5I)(3P*) 7I* ""","=""L3974"""
"=""4f10.(5I<5>).6s.6p.(3P*<2>)""","=""(5,2)*""","=""4""","=""""","=""3.347359""","=""""","=""""","=""0.04849""","=""0.86""","=""                   or  :    44   (5I)(3P*) 7H* ""","=""L3974"""
"=""4f10.(5I<5>).6s.6p.(3P*<2>)""","=""(5,2)*""","=""5""","=""""","=""3.361203""","=""""","=""""","=""0.01384""","=""1.01""","=""                   or  :    21   (5I)(3P*) 7I* ""","=""L3974"""
"=""4f10.(5I<5>).6s.6p.(3P*<2>)""","=""(5,2)*""","=""6""","=""""","=""3.372271""","=""""","=""""","=""0.01107""","=""1.16""","=""                   or  :    30   (5I)(3P*) 5I* ""","=""L3974"""
"=""4f10.(5I<5>).6s.6p.(3P*<2>)""","=""(5,2)*""","=""7""","=""""","=""3.400525""","=""""","=""""","=""0.02825""","=""1.06""","=""                   or  :    48   (5I)(3P*) 5K* ""","=""L3974"""
"=""4f10.(5I<4>).6s.6p.(3P*<0>)""","=""(4,0)*""","=""4""","=""""","=""3.305718""","=""""","=""""","=""-0.09481""","=""0.59""","=""                   or  :    64   (5I)(3P*) 7K* ""","=""L3974"""
"=""4f9.5d.6s.6p?""","=""""","=""10""","=""""","=""3.316861""","=""""","=""""","=""0.01114""","=""1.36""","=""                                               ""","=""L3974"""
"=""4f10.(5I<6>).5d.6s.(3D)""","=""3[8]""","=""7""","=""""","=""""","=""""","=""""","=""""","=""""","=""  85                                           ""","=""L3974"""
"=""4f10.(5I<6>).5d.6s.(3D)""","=""3[8]""","=""9""","=""""","=""""","=""""","=""""","=""""","=""""","=""  49                                           ""","=""L3974"""
"=""4f10.(5I<6>).5d.6s.(3D)""","=""3[8]""","=""8""","=""""","=""3.317794""","=""""","=""""","=""""","=""""","=""  64                                           ""","=""L3974"""
"=""4f9.(6H*<13/2>).6s2.6p<3/2>""","=""(13/2,3/2)""","=""5""","=""""","=""""","=""""","=""""","=""""","=""""","=""                                               ""","=""L3974"""
"=""4f9.(6H*<13/2>).6s2.6p<3/2>""","=""(13/2,3/2)""","=""6""","=""""","=""3.320973""","=""""","=""""","=""""","=""1.28""","=""  51                                           ""","=""L3974"""
"=""4f9.(6H*<13/2>).6s2.6p<3/2>""","=""(13/2,3/2)""","=""7""","=""""","=""3.328785""","=""""","=""""","=""0.00781""","=""1.28""","=""  69                                           ""","=""L3974"""
"=""4f9.(6H*<13/2>).6s2.6p<3/2>""","=""(13/2,3/2)""","=""8""","=""""","=""3.354999""","=""""","=""""","=""0.02621""","=""1.29""","=""  89                                           ""","=""L3974"""
"=""""","=""*""","=""8""","=""""","=""3.331216""","=""""","=""""","=""-0.02378""","=""1.24""","=""                                               ""","=""L3974"""
"=""""","=""*""","=""3""","=""""","=""3.333440""","=""""","=""""","=""0.00222""","=""1.02""","=""                                               ""","=""L3974"""
"=""""","=""""","=""9""","=""""","=""3.341994""","=""""","=""""","=""0.00855""","=""1.37""","=""                                               ""","=""L3974"""
"=""""","=""*""","=""9""","=""""","=""3.349312""","=""""","=""""","=""0.00732""","=""1.23""","=""                                               ""","=""L3974"""
"=""4f9.(6H*<13/2>).6s2.6p<3/2>""","=""""","=""6""","=""""","=""3.356121""","=""""","=""""","=""0.00681""","=""1.22""","=""  29  (13/2,3/2)                               ""","=""L3974"""
"=""4f9.(6F*).5d2.(3F) (8F*).6s""","=""*""","=""6""","=""""","=""3.371222""","=""""","=""""","=""0.01510""","=""1.263""","=""  33  9F*                                      ""","=""L3974"""
"=""4f9.(6H*).5d2.(3P) (8G*).6s""","=""*""","=""7""","=""""","=""3.386813""","=""""","=""""","=""0.01559""","=""1.32""","=""  35  7G*                                      ""","=""L3974"""
"=""""","=""*""","=""8""","=""""","=""3.387134""","=""""","=""""","=""0.00032""","=""1.22""","=""                                               ""","=""L3974"""
"=""4f10.(5I<4>).6s.6p.(3P*<1>)""","=""(4,1)*""","=""3""","=""""","=""3.387405""","=""""","=""""","=""0.00027""","=""0.58""","=""                   or  :    25   (5I)(3P*) 5H* ""","=""L3974"""
"=""4f10.(5I<4>).6s.6p.(3P*<1>)""","=""(4,1)*""","=""5""","=""""","=""3.432610""","=""""","=""""","=""0.04520""","=""0.77""","=""                   or  :    44   (5I)(3P*) 5K* ""","=""L3974"""
"=""4f10.(5I<4>).6s.6p.(3P*<1>)""","=""(4,1)*""","=""4""","=""""","=""3.440743""","=""""","=""""","=""0.00813""","=""0.81""","=""                   or  :    47   (5I)(3P*) 3H* ""","=""L3974"""
"=""""","=""""","=""9""","=""""","=""3.396047""","=""""","=""""","=""-0.04470""","=""1.35""","=""                                               ""","=""L3974"""
"=""""","=""""","=""8""","=""""","=""3.402858""","=""""","=""""","=""0.00681""","=""1.34""","=""                                               ""","=""L3974"""
"=""""","=""""","=""7""","=""""","=""3.404905""","=""""","=""""","=""0.00205""","=""1.413""","=""                                               ""","=""L3974"""
"=""""","=""""","=""6""","=""""","=""3.406421""","=""""","=""""","=""0.00152""","=""1.35""","=""                                               ""","=""L3974"""
"=""4f10.(5I<5>).5d.6s.(3D)""","=""""","=""4""","=""""","=""3.419239""","=""""","=""""","=""0.01282""","=""0.98""","=""  42  3[5]                                     ""","=""L3974"""
"=""""","=""*""","=""3""","=""""","=""3.427366""","=""""","=""""","=""0.00813""","=""1.17""","=""                                               ""","=""L3974"""
"=""4f9.(6F*).5d.6s2""","=""*""","=""4""","=""""","=""3.429281""","=""""","=""""","=""0.00191""","=""1.17""","=""  32  5G*                                      ""","=""L3974"""
"=""4f9.6s2.6p?""","=""""","=""5""","=""""","=""3.431897""","=""""","=""""","=""0.00262""","=""1.317""","=""                                               ""","=""L3974"""
"=""""","=""*""","=""4""","=""""","=""3.436139""","=""""","=""""","=""0.00424""","=""1.032""","=""                                               ""","=""L3974"""
"=""4f10.(5I<7>).6s.6p.(1P*<1>)""","=""(7,1)*""","=""8""","=""""","=""3.4489924""","=""""","=""""","=""0.012853""","=""1.21""","=""                   or  :    94   (5I)(3P*) 5K* ""","=""L11757"""
"=""4f10.(5I<7>).6s.6p.(1P*<1>)""","=""(7,1)*""","=""7""","=""""","=""3.4510920""","=""""","=""""","=""0.002100""","=""1.22""","=""                   or  :    85   (5I)(3P*) 5I* ""","=""L11757"""
"=""4f10.(5I<7>).6s.6p.(1P*<1>)""","=""(7,1)*""","=""6""","=""""","=""3.4864271""","=""""","=""""","=""0.035335""","=""1.198""","=""                   or  :    73   (5I)(3P*) 5H* ""","=""L11757"""
"=""""","=""*""","=""7""","=""""","=""3.451415""","=""""","=""""","=""-0.035012""","=""1.26""","=""                                               ""","=""L3974"""
"=""4f9.(6H*).5d2.(3P) (8I*).6s""","=""*""","=""8""","=""""","=""3.4531378""","=""""","=""""","=""0.001723""","=""1.24""","=""  28  7I*                                      ""","=""L11757"""
"=""""","=""""","=""8""","=""""","=""3.458762""","=""""","=""""","=""0.005624""","=""1.33""","=""                                               ""","=""L3974"""
"=""""","=""""","=""7""","=""""","=""3.466596""","=""""","=""""","=""0.00783""","=""1.36""","=""                                               ""","=""L3974"""
"=""4f9.(6H*).5d2.(3F) (8L*).6s""","=""*""","=""7""","=""""","=""3.4696374""","=""""","=""""","=""0.003041""","=""1.24""","=""  27  9L*                                      ""","=""L11757"""
"=""""","=""""","=""6""","=""""","=""3.470057""","=""""","=""""","=""0.000420""","=""1.32""","=""                                               ""","=""L3974"""
"=""""","=""*""","=""8""","=""""","=""3.475237""","=""""","=""""","=""0.00518""","=""1.09""","=""                                               ""","=""L3974"""
"=""""","=""""","=""4""","=""""","=""3.481783""","=""""","=""""","=""0.00655""","=""1.12""","=""                                               ""","=""L3974"""
"=""""","=""""","=""9""","=""""","=""3.491210""","=""""","=""""","=""0.00943""","=""1.33""","=""                                               ""","=""L3974"""
"=""""","=""*""","=""8""","=""""","=""3.493520""","=""""","=""""","=""0.00231""","=""1.27""","=""                                               ""","=""L3974"""
"=""""","=""*""","=""6""","=""""","=""3.496064""","=""""","=""""","=""0.00254""","=""1.10""","=""                                               ""","=""L3974"""
"=""""","=""""","=""4""","=""""","=""3.500786""","=""""","=""""","=""0.00472""","=""1.12""","=""                                               ""","=""L3974"""
"=""""","=""""","=""5""","=""""","=""3.504510""","=""""","=""""","=""0.00372""","=""1.32""","=""                                               ""","=""L3974"""
"=""4f9.6s2.6p?""","=""""","=""5""","=""""","=""3.509891""","=""""","=""""","=""0.00538""","=""1.20""","=""                                               ""","=""L3974"""
"=""""","=""""","=""6""","=""""","=""3.512036""","=""""","=""""","=""0.00215""","=""1.33""","=""                                               ""","=""L3974"""
"=""""","=""""","=""7""","=""""","=""3.516031""","=""""","=""""","=""0.00399""","=""1.35""","=""                                               ""","=""L3974"""
"=""4f9.(6F*<11/2>).6s2.6p<3/2>""","=""(11/2,3/2)""","=""5""","=""""","=""3.518649""","=""""","=""""","=""0.00262""","=""1.40""","=""  50                                           ""","=""L3974"""
"=""4f10.(5I<4>).6s.6p.(3P*<2>)""","=""(4,2)*""","=""2""","=""""","=""3.522020""","=""""","=""""","=""0.00337""","=""0.06""","=""                                               ""","=""L3974"""
"=""4f10.(5I<4>).6s.6p.(3P*<2>)""","=""(4,2)*""","=""3""","=""""","=""3.557666""","=""""","=""""","=""0.03565""","=""0.55""","=""                   or  :    52   (5I)(3P*) 5H* ""","=""L3974"""
"=""4f10.(5I<4>).6s.6p.(3P*<2>)""","=""(4,2)*""","=""4""","=""""","=""3.586001""","=""""","=""""","=""0.02833""","=""0.78""","=""                   or  :    27   (5I)(3P*) 3H* ""","=""L3974"""
"=""4f10.(5I<4>).6s.6p.(3P*<2>)""","=""(4,2)*""","=""5""","=""""","=""3.602282""","=""""","=""""","=""0.01628""","=""0.84""","=""                   or  :    39   (5I)(3P*) 3I* ""","=""L3974"""
"=""4f10.(5I<4>).6s.6p.(3P*<2>)""","=""(4,2)*""","=""6""","=""""","=""3.650976""","=""""","=""""","=""0.04869""","=""0.90""","=""                   or  :    62   (5I)(3P*) 3K* ""","=""L3974"""
"=""""","=""""","=""10""","=""""","=""3.525294""","=""""","=""""","=""-0.12568""","=""1.33""","=""                                               ""","=""L3974"""
"=""""","=""*""","=""8""","=""""","=""3.535819""","=""""","=""""","=""0.01052""","=""1.26""","=""                                               ""","=""L3974"""
"=""""","=""""","=""8""","=""""","=""3.538456""","=""""","=""""","=""0.00264""","=""1.32""","=""                                               ""","=""L3974"""
"=""""","=""""","=""5""","=""""","=""3.554169""","=""""","=""""","=""0.01571""","=""1.30""","=""                                               ""","=""L3974"""
"=""""","=""*""","=""8""","=""""","=""3.570157""","=""""","=""""","=""0.01599""","=""1.22""","=""                                               ""","=""L3974"""
"=""""","=""*""","=""7""","=""""","=""3.573535""","=""""","=""""","=""0.00338""","=""1.34""","=""                                               ""","=""L3974"""
"=""4f9.(6F*<11/2>).6s2.6p<1/2>""","=""(11/2,1/2)""","=""6""","=""""","=""3.576828""","=""""","=""""","=""0.00329""","=""1.36""","=""  69                                           ""","=""L3974"""
"=""""","=""""","=""6""","=""""","=""3.584308""","=""""","=""""","=""0.00748""","=""1.38""","=""                                               ""","=""L3974"""
"=""""","=""""","=""8""","=""""","=""3.591998""","=""""","=""""","=""0.00769""","=""1.35""","=""                                               ""","=""L3974"""
"=""""","=""""","=""5""","=""""","=""3.593932""","=""""","=""""","=""0.00193""","=""1.317""","=""                                               ""","=""L3974"""
"=""""","=""*""","=""9""","=""""","=""3.610310""","=""""","=""""","=""0.01638""","=""1.20""","=""                                               ""","=""L3974"""
"=""""","=""""","=""6""","=""""","=""3.615371""","=""""","=""""","=""0.00506""","=""1.20""","=""                                               ""","=""L3974"""
"=""""","=""*""","=""7""","=""""","=""3.615550""","=""""","=""""","=""0.00018""","=""1.24""","=""                                               ""","=""L3974"""
"=""""","=""""","=""7""","=""""","=""3.616617""","=""""","=""""","=""0.00107""","=""1.313""","=""                                               ""","=""L3974"""
"=""""","=""""","=""8""","=""""","=""3.631661""","=""""","=""""","=""0.01504""","=""1.36""","=""                                               ""","=""L3974"""
"=""""","=""""","=""9""","=""""","=""3.653199""","=""""","=""""","=""0.02154""","=""1.32""","=""                                               ""","=""L3974"""
"=""""","=""""","=""5""","=""""","=""3.657079""","=""""","=""""","=""0.00388""","=""1.18""","=""                                               ""","=""L3974"""
"=""""","=""""","=""7""","=""""","=""3.659055""","=""""","=""""","=""0.00198""","=""1.36""","=""                                               ""","=""L3974"""
"=""4f9.6s2.6p?""","=""""","=""7""","=""""","=""3.661553""","=""""","=""""","=""0.00250""","=""1.24""","=""                                               ""","=""L3974"""
"=""""","=""""","=""3""","=""""","=""3.673181""","=""""","=""""","=""0.01163""","=""0.82""","=""                                               ""","=""L3974"""
"=""""","=""""","=""6""","=""""","=""3.680119""","=""""","=""""","=""0.00694""","=""1.36""","=""                                               ""","=""L3974"""
"=""""","=""""","=""10""","=""""","=""3.683164""","=""""","=""""","=""0.00305""","=""1.32""","=""                                               ""","=""L3974"""
"=""""","=""""","=""9""","=""""","=""3.684156""","=""""","=""""","=""0.00099""","=""1.31""","=""                                               ""","=""L3974"""
"=""""","=""""","=""11""","=""""","=""3.687599""","=""""","=""""","=""0.00344""","=""1.34""","=""                                               ""","=""L3974"""
"=""""","=""""","=""8""","=""""","=""3.699898""","=""""","=""""","=""0.01230""","=""1.32""","=""                                               ""","=""L3974"""
"=""""","=""""","=""7""","=""""","=""3.704322""","=""""","=""""","=""0.00442""","=""1.38""","=""                                               ""","=""L3974"""
"=""""","=""*""","=""7""","=""""","=""3.704485""","=""""","=""""","=""0.00016""","=""1.32""","=""                                               ""","=""L3974"""
"=""""","=""""","=""6""","=""""","=""3.721440""","=""""","=""""","=""0.01695""","=""1.287""","=""                                               ""","=""L3974"""
"=""""","=""""","=""5""","=""""","=""3.723625""","=""""","=""""","=""0.00219""","=""1.34""","=""                                               ""","=""L3974"""
"=""""","=""""","=""6""","=""""","=""3.732245""","=""""","=""""","=""0.00862""","=""1.29""","=""                                               ""","=""L3974"""
"=""""","=""""","=""10""","=""""","=""3.732749""","=""""","=""""","=""0.00050""","=""1.28""","=""                                               ""","=""L3974"""
"=""""","=""""","=""7""","=""""","=""3.739776""","=""""","=""""","=""0.00703""","=""1.36""","=""                                               ""","=""L3974"""
"=""""","=""*""","=""6""","=""""","=""3.772416""","=""""","=""""","=""0.03264""","=""1.227""","=""                                               ""","=""L3974"""
"=""""","=""""","=""7""","=""""","=""3.774684""","=""""","=""""","=""0.00227""","=""1.30""","=""                                               ""","=""L3974"""
"=""""","=""""","=""9""","=""""","=""3.776514""","=""""","=""""","=""0.00183""","=""1.26""","=""                                               ""","=""L3974"""
"=""""","=""""","=""6""","=""""","=""3.778536""","=""""","=""""","=""0.00202""","=""1.34""","=""                                               ""","=""L3974"""
"=""""","=""""","=""5""","=""""","=""3.783096""","=""""","=""""","=""0.00456""","=""1.29""","=""                                               ""","=""L3974"""
"=""""","=""*""","=""7""","=""""","=""3.785034""","=""""","=""""","=""0.00194""","=""1.22""","=""                                               ""","=""L3974"""
"=""""","=""*""","=""8""","=""""","=""3.787044""","=""""","=""""","=""0.00201""","=""1.22""","=""                                               ""","=""L3974"""
"=""4f10.(5I<8>).6s.7s.(3S<1>)""","=""(8,1)""","=""9""","=""""","=""3.789027""","=""""","=""""","=""0.00198""","=""1.32""","=""  99                                           ""","=""L3974"""
"=""4f10.(5I<8>).6s.7s.(3S<1>)""","=""(8,1)""","=""8""","=""""","=""3.840972""","=""""","=""""","=""0.05194""","=""1.26""","=""  92                                           ""","=""L3974"""
"=""4f10.(5I<8>).6s.7s.(3S<1>)""","=""(8,1)""","=""7""","=""""","=""3.906633""","=""""","=""""","=""0.06566""","=""1.18""","=""  99                                           ""","=""L3974"""
"=""""","=""*""","=""7""","=""""","=""3.789710""","=""""","=""""","=""-0.11692""","=""1.39""","=""                                               ""","=""L3974"""
"=""""","=""""","=""8""","=""""","=""3.793935""","=""""","=""""","=""0.00422""","=""1.31""","=""                                               ""","=""L3974"""
"=""""","=""""","=""7""","=""""","=""3.796628""","=""""","=""""","=""0.00269""","=""1.27""","=""                                               ""","=""L3974"""
"=""""","=""""","=""4""","=""""","=""3.801701""","=""""","=""""","=""0.00507""","=""1.25""","=""                                               ""","=""L3974"""
"=""4f10.(5I<6>).6s.6p.(1P*<1>)""","=""(6,1)*""","=""5""","=""""","=""""","=""""","=""""","=""""","=""""","=""                                               ""","=""L3974"""
"=""4f10.(5I<6>).6s.6p.(1P*<1>)""","=""(6,1)*""","=""7""","=""""","=""3.8077676""","=""""","=""""","=""""","=""1.09""","=""                                               ""","=""L11757"""
"=""4f10.(5I<6>).6s.6p.(1P*<1>)""","=""(6,1)*""","=""6""","=""""","=""3.8161044""","=""""","=""""","=""0.008337""","=""1.17""","=""                   or  :    82   (5I)(3P*) 5I* ""","=""L11757"""
"=""""","=""""","=""9""","=""""","=""3.808306""","=""""","=""""","=""-0.007798""","=""1.26""","=""                                               ""","=""L3974"""
"=""""","=""""","=""8""","=""""","=""3.811248""","=""""","=""""","=""0.00294""","=""1.32""","=""                                               ""","=""L3974"""
"=""4f9.(6F*).5d2.(3F) (8H*).6s""","=""*""","=""6""","=""""","=""3.823763""","=""""","=""""","=""0.01252""","=""1.269""","=""  11  7H*                                      ""","=""L3974"""
"=""""","=""""","=""4""","=""""","=""3.830686""","=""""","=""""","=""0.00692""","=""1.48""","=""                                               ""","=""L3974"""
"=""""","=""*""","=""5""","=""""","=""3.831718""","=""""","=""""","=""0.00103""","=""1.286""","=""                                               ""","=""L3974"""
"=""""","=""*""","=""5""","=""""","=""3.836906""","=""""","=""""","=""0.00519""","=""1.267""","=""                                               ""","=""L3974"""
"=""""","=""""","=""6""","=""""","=""3.842053""","=""""","=""""","=""0.00515""","=""1.332""","=""                                               ""","=""L3974"""
"=""""","=""""","=""8""","=""""","=""3.851096""","=""""","=""""","=""0.00904""","=""1.306""","=""                                               ""","=""L3974"""
"=""""","=""""","=""5""","=""""","=""3.853369""","=""""","=""""","=""0.00227""","=""1.223""","=""                                               ""","=""L3974"""
"=""""","=""""","=""7""","=""""","=""3.858983""","=""""","=""""","=""0.00561""","=""1.34""","=""                                               ""","=""L3974"""
"=""""","=""*""","=""7""","=""""","=""3.859913""","=""""","=""""","=""0.00093""","=""1.289""","=""                                               ""","=""L3974"""
"=""""","=""""","=""6""","=""""","=""3.865829""","=""""","=""""","=""0.00592""","=""1.26""","=""                                               ""","=""L3974"""
"=""""","=""*""","=""5""","=""""","=""3.868426""","=""""","=""""","=""0.00260""","=""1.31""","=""                                               ""","=""L3974"""
"=""""","=""*""","=""7""","=""""","=""3.871938""","=""""","=""""","=""0.00351""","=""1.207""","=""                                               ""","=""L3974"""
"=""""","=""""","=""8""","=""""","=""3.872469""","=""""","=""""","=""0.00053""","=""1.34""","=""                                               ""","=""L3974"""
"=""""","=""""","=""9""","=""""","=""3.879099""","=""""","=""""","=""0.00663""","=""1.35""","=""                                               ""","=""L3974"""
"=""""","=""*""","=""6""","=""""","=""3.885837""","=""""","=""""","=""0.00674""","=""1.145""","=""                                               ""","=""L3974"""
"=""""","=""""","=""7""","=""""","=""3.888469""","=""""","=""""","=""0.00263""","=""1.26""","=""                                               ""","=""L3974"""
"=""""","=""*""","=""6""","=""""","=""3.893041""","=""""","=""""","=""0.00457""","=""1.255""","=""                                               ""","=""L3974"""
"=""""","=""*""","=""5""","=""""","=""3.894461""","=""""","=""""","=""0.00142""","=""1.242""","=""                                               ""","=""L3974"""
"=""""","=""*""","=""7""","=""""","=""3.895958""","=""""","=""""","=""0.00150""","=""1.18""","=""                                               ""","=""L3974"""
"=""""","=""""","=""7""","=""""","=""3.895960""","=""""","=""""","=""0.00000""","=""1.32""","=""                                               ""","=""L3974"""
"=""""","=""""","=""8""","=""""","=""3.901659""","=""""","=""""","=""0.00570""","=""1.42""","=""                                               ""","=""L3974"""
"=""""","=""""","=""10""","=""""","=""3.904218""","=""""","=""""","=""0.00256""","=""1.276""","=""                                               ""","=""L3974"""
"=""""","=""*""","=""7""","=""""","=""3.907929""","=""""","=""""","=""0.00371""","=""1.22""","=""                                               ""","=""L3974"""
"=""""","=""*""","=""5""","=""""","=""3.908320""","=""""","=""""","=""0.00039""","=""1.268""","=""                                               ""","=""L3974"""
"=""""","=""""","=""6""","=""""","=""3.909182""","=""""","=""""","=""0.00086""","=""1.42""","=""                                               ""","=""L3974"""
"=""""","=""""","=""5""","=""""","=""3.911204""","=""""","=""""","=""0.00202""","=""1.38""","=""                                               ""","=""L3974"""
"=""""","=""*""","=""8""","=""""","=""3.911331""","=""""","=""""","=""0.00013""","=""""","=""                                               ""","=""L3974"""
"=""""","=""*""","=""6""","=""""","=""3.912442""","=""""","=""""","=""0.00111""","=""1.26""","=""                                               ""","=""L3974"""
"=""""","=""*""","=""7""","=""""","=""3.915456""","=""""","=""""","=""0.00301""","=""1.19""","=""                                               ""","=""L3974"""
"=""""","=""""","=""7""","=""""","=""3.927085""","=""""","=""""","=""0.01163""","=""1.31""","=""                                               ""","=""L3974"""
"=""""","=""*""","=""7""","=""""","=""3.930091""","=""""","=""""","=""0.00301""","=""1.131""","=""                                               ""","=""L3974"""
"=""""","=""""","=""5""","=""""","=""3.935524""","=""""","=""""","=""0.00543""","=""1.393""","=""                                               ""","=""L3974"""
"=""""","=""*""","=""5""","=""""","=""3.938215""","=""""","=""""","=""0.00269""","=""1.32""","=""                                               ""","=""L3974"""
"=""""","=""""","=""9""","=""""","=""3.939678""","=""""","=""""","=""0.00146""","=""1.27""","=""                                               ""","=""L3974"""
"=""""","=""""","=""8""","=""""","=""3.945212""","=""""","=""""","=""0.00553""","=""1.204""","=""                                               ""","=""L3974"""
"=""""","=""""","=""10""","=""""","=""3.947439""","=""""","=""""","=""0.00223""","=""1.307""","=""                                               ""","=""L3974"""
"=""""","=""*""","=""7""","=""""","=""3.952420""","=""""","=""""","=""0.00498""","=""1.208""","=""                                               ""","=""L3974"""
"=""""","=""*""","=""9""","=""""","=""3.955188""","=""""","=""""","=""0.00277""","=""1.24""","=""                                               ""","=""L3974"""
"=""""","=""*""","=""7""","=""""","=""3.960888""","=""""","=""""","=""0.00570""","=""1.25""","=""                                               ""","=""L3974"""
"=""""","=""*""","=""7""","=""""","=""3.969581""","=""""","=""""","=""0.00869""","=""1.30""","=""                                               ""","=""L3974"""
"=""""","=""""","=""7""","=""""","=""3.972021""","=""""","=""""","=""0.00244""","=""1.32""","=""                                               ""","=""L3974"""
"=""""","=""*""","=""6""","=""""","=""3.977661""","=""""","=""""","=""0.00564""","=""1.284""","=""                                               ""","=""L3974"""
"=""""","=""*""","=""6""","=""""","=""3.981311""","=""""","=""""","=""0.00365""","=""1.119""","=""                                               ""","=""L3974"""
"=""""","=""*""","=""6""","=""""","=""3.983136""","=""""","=""""","=""0.00183""","=""1.23""","=""                                               ""","=""L3974"""
"=""""","=""""","=""9""","=""""","=""3.993069""","=""""","=""""","=""0.00993""","=""1.24""","=""                                               ""","=""L3974"""
"=""""","=""*""","=""5""","=""""","=""4.000122""","=""""","=""""","=""0.00705""","=""1.26""","=""                                               ""","=""L3974"""
"=""""","=""*""","=""5""","=""""","=""4.012007""","=""""","=""""","=""0.01188""","=""1.223""","=""                                               ""","=""L3974"""
"=""""","=""""","=""7""","=""""","=""4.014892""","=""""","=""""","=""0.00289""","=""1.37""","=""                                               ""","=""L3974"""
"=""""","=""""","=""6""","=""""","=""4.016169""","=""""","=""""","=""0.00128""","=""1.32""","=""                                               ""","=""L3974"""
"=""""","=""""","=""7""","=""""","=""4.018483""","=""""","=""""","=""0.00231""","=""1.32""","=""                                               ""","=""L3974"""
"=""""","=""""","=""10""","=""""","=""4.020570""","=""""","=""""","=""0.00209""","=""1.35""","=""                                               ""","=""L3974"""
"=""""","=""""","=""8""","=""""","=""4.020641""","=""""","=""""","=""0.00007""","=""1.32""","=""                                               ""","=""L3974"""
"=""""","=""*""","=""6""","=""""","=""4.021007""","=""""","=""""","=""0.00037""","=""1.121""","=""                                               ""","=""L3974"""
"=""""","=""""","=""7""","=""""","=""4.025867""","=""""","=""""","=""0.00486""","=""1.32""","=""                                               ""","=""L3974"""
"=""""","=""""","=""8""","=""""","=""4.036288""","=""""","=""""","=""0.01042""","=""1.27""","=""                                               ""","=""L3974"""
"=""""","=""*""","=""7""","=""""","=""4.037542""","=""""","=""""","=""0.00125""","=""""","=""                                               ""","=""L3974"""
"=""""","=""*""","=""6""","=""""","=""4.042862""","=""""","=""""","=""0.00532""","=""1.227""","=""                                               ""","=""L3974"""
"=""""","=""""","=""8""","=""""","=""4.051248""","=""""","=""""","=""0.00839""","=""1.27""","=""                                               ""","=""L3974"""
"=""""","=""*""","=""9""","=""""","=""4.055759""","=""""","=""""","=""0.00451""","=""1.203""","=""                                               ""","=""L3974"""
"=""""","=""""","=""3""","=""""","=""4.055838""","=""""","=""""","=""0.00008""","=""1.26""","=""                                               ""","=""L3974"""
"=""""","=""""","=""7""","=""""","=""4.057119""","=""""","=""""","=""0.00128""","=""1.33""","=""                                               ""","=""L3974"""
"=""""","=""""","=""9""","=""""","=""4.062120""","=""""","=""""","=""0.00500""","=""1.29""","=""                                               ""","=""L3974"""
"=""""","=""*""","=""6""","=""""","=""4.065524""","=""""","=""""","=""0.00340""","=""1.175""","=""                                               ""","=""L3974"""
"=""""","=""*""","=""6""","=""""","=""4.070933""","=""""","=""""","=""0.00541""","=""1.195""","=""                                               ""","=""L3974"""
"=""""","=""*""","=""5""","=""""","=""4.077740""","=""""","=""""","=""0.00681""","=""1.138""","=""                                               ""","=""L3974"""
"=""""","=""*""","=""7""","=""""","=""4.081585""","=""""","=""""","=""0.00384""","=""1.235""","=""                                               ""","=""L3974"""
"=""""","=""*""","=""9""","=""""","=""4.082522""","=""""","=""""","=""0.00094""","=""1.187""","=""                                               ""","=""L3974"""
"=""""","=""""","=""8""","=""""","=""4.084098""","=""""","=""""","=""0.00158""","=""1.35""","=""                                               ""","=""L3974"""
"=""""","=""""","=""6""","=""""","=""4.084697""","=""""","=""""","=""0.00060""","=""1.33""","=""                                               ""","=""L3974"""
"=""""","=""*""","=""6""","=""""","=""4.087867""","=""""","=""""","=""0.00317""","=""1.177""","=""                                               ""","=""L3974"""
"=""4f10.(5I<5>).6s.6p.(1P*<1>)""","=""(5,1)*""","=""6""","=""""","=""""","=""""","=""""","=""""","=""""","=""                                               ""","=""L3974"""
"=""4f10.(5I<5>).6s.6p.(1P*<1>)""","=""(5,1)*""","=""5""","=""""","=""4.094658""","=""""","=""""","=""""","=""1.01""","=""                                               ""","=""L3974"""
"=""4f10.(5I<5>).6s.6p.(1P*<1>)""","=""(5,1)*""","=""4""","=""""","=""4.131657""","=""""","=""""","=""0.03700""","=""0.89""","=""                                               ""","=""L3974"""
"=""""","=""""","=""9""","=""""","=""4.102173""","=""""","=""""","=""-0.02948""","=""1.29""","=""                                               ""","=""L3974"""
"=""""","=""""","=""7""","=""""","=""4.105137""","=""""","=""""","=""0.00296""","=""1.28""","=""                                               ""","=""L3974"""
"=""""","=""*""","=""5""","=""""","=""4.108742""","=""""","=""""","=""0.00361""","=""0.89""","=""                                               ""","=""L3974"""
"=""""","=""*""","=""8""","=""""","=""4.112031""","=""""","=""""","=""0.00329""","=""1.25""","=""                                               ""","=""L3974"""
"=""""","=""""","=""6""","=""""","=""4.117531""","=""""","=""""","=""0.00550""","=""1.32""","=""                                               ""","=""L3974"""
"=""""","=""""","=""8""","=""""","=""4.121995""","=""""","=""""","=""0.00446""","=""1.24""","=""                                               ""","=""L3974"""
"=""""","=""""","=""9""","=""""","=""4.122757""","=""""","=""""","=""0.00076""","=""1.31""","=""                                               ""","=""L3974"""
"=""""","=""*""","=""7""","=""""","=""4.130102""","=""""","=""""","=""0.00734""","=""1.296""","=""                                               ""","=""L3974"""
"=""""","=""""","=""4""","=""""","=""4.135963""","=""""","=""""","=""0.00586""","=""1.07""","=""                                               ""","=""L3974"""
"=""""","=""*""","=""8""","=""""","=""4.135968""","=""?""","=""""","=""0.00000""","=""""","=""                                               ""","=""L3974"""
"=""""","=""""","=""5""","=""""","=""4.138736""","=""""","=""""","=""0.00277""","=""1.382""","=""                                               ""","=""L3974"""
"=""""","=""""","=""8""","=""""","=""4.141824""","=""""","=""""","=""0.00309""","=""1.31""","=""                                               ""","=""L3974"""
"=""""","=""""","=""6""","=""""","=""4.150284""","=""""","=""""","=""0.00846""","=""1.37""","=""                                               ""","=""L3974"""
"=""""","=""""","=""7""","=""""","=""4.150460""","=""""","=""""","=""0.00018""","=""1.33""","=""                                               ""","=""L3974"""
"=""""","=""""","=""7""","=""""","=""4.159966""","=""""","=""""","=""0.00951""","=""1.28""","=""                                               ""","=""L3974"""
"=""""","=""*""","=""5""","=""""","=""4.172345""","=""""","=""""","=""0.01238""","=""1.16""","=""                                               ""","=""L3974"""
"=""""","=""""","=""6""","=""""","=""4.172931""","=""""","=""""","=""0.00059""","=""1.28""","=""                                               ""","=""L3974"""
"=""""","=""*""","=""8""","=""""","=""4.180936""","=""""","=""""","=""0.00800""","=""1.25""","=""                                               ""","=""L3974"""
"=""""","=""""","=""7""","=""""","=""4.184072""","=""""","=""""","=""0.00314""","=""1.27""","=""                                               ""","=""L3974"""
"=""""","=""""","=""8""","=""""","=""4.184852""","=""""","=""""","=""0.00078""","=""1.31""","=""                                               ""","=""L3974"""
"=""""","=""*""","=""5""","=""""","=""4.189276""","=""""","=""""","=""0.00442""","=""1.31""","=""                                               ""","=""L3974"""
"=""""","=""""","=""7""","=""""","=""4.191425""","=""""","=""""","=""0.00215""","=""1.204""","=""                                               ""","=""L3974"""
"=""""","=""*""","=""5""","=""""","=""4.199556""","=""""","=""""","=""0.00813""","=""1.17""","=""                                               ""","=""L3974"""
"=""""","=""""","=""6""","=""""","=""4.204431""","=""""","=""""","=""0.00487""","=""1.30""","=""                                               ""","=""L3974"""
"=""""","=""*""","=""5""","=""""","=""4.208908""","=""""","=""""","=""0.00448""","=""1.307""","=""                                               ""","=""L3974"""
"=""""","=""*""","=""4""","=""""","=""4.209552""","=""""","=""""","=""0.00064""","=""1.30""","=""                                               ""","=""L3974"""
"=""""","=""""","=""7""","=""""","=""4.218897""","=""""","=""""","=""0.00934""","=""1.26""","=""                                               ""","=""L3974"""
"=""""","=""*""","=""4""","=""""","=""4.220231""","=""""","=""""","=""0.00133""","=""1.30""","=""                                               ""","=""L3974"""
"=""""","=""""","=""7""","=""""","=""4.222922""","=""""","=""""","=""0.00269""","=""1.13""","=""                                               ""","=""L3974"""
"=""""","=""""","=""7""","=""""","=""4.231720""","=""""","=""""","=""0.00880""","=""1.29""","=""                                               ""","=""L3974"""
"=""""","=""*""","=""4""","=""""","=""4.232502""","=""""","=""""","=""0.00078""","=""1.18""","=""                                               ""","=""L3974"""
"=""""","=""""","=""9""","=""""","=""4.237118""","=""""","=""""","=""0.00462""","=""1.31""","=""                                               ""","=""L3974"""
"=""""","=""""","=""6""","=""""","=""4.237740""","=""""","=""""","=""0.00062""","=""1.190""","=""                                               ""","=""L3974"""
"=""""","=""""","=""7""","=""""","=""4.239832""","=""""","=""""","=""0.00209""","=""1.32""","=""                                               ""","=""L3974"""
"=""""","=""*""","=""7""","=""""","=""4.241952""","=""""","=""""","=""0.00212""","=""""","=""                                               ""","=""L3974"""
"=""""","=""""","=""6""","=""""","=""4.252248""","=""""","=""""","=""0.01030""","=""1.36""","=""                                               ""","=""L3974"""
"=""""","=""""","=""7""","=""""","=""4.255715""","=""""","=""""","=""0.00347""","=""1.35""","=""                                               ""","=""L3974"""
"=""""","=""*""","=""6""","=""""","=""4.260043""","=""""","=""""","=""0.00433""","=""1.26""","=""                                               ""","=""L3974"""
"=""""","=""*""","=""4""","=""""","=""4.260072""","=""""","=""""","=""0.00003""","=""1.14""","=""                                               ""","=""L3974"""
"=""""","=""*""","=""5""","=""""","=""4.265139""","=""""","=""""","=""0.00507""","=""1.123""","=""                                               ""","=""L3974"""
"=""4f10.(5I<4>).6s.6p.(1P*<1>)""","=""(4,1)*""","=""3""","=""""","=""""","=""""","=""""","=""""","=""""","=""                                               ""","=""L3974"""
"=""4f10.(5I<4>).6s.6p.(1P*<1>)""","=""(4,1)*""","=""4""","=""""","=""""","=""""","=""""","=""""","=""""","=""                                               ""","=""L3974"""
"=""4f10.(5I<4>).6s.6p.(1P*<1>)""","=""(4,1)*""","=""5""","=""""","=""4.273822""","=""""","=""""","=""""","=""0.915""","=""                                               ""","=""L3974"""
"=""""","=""*""","=""4""","=""""","=""4.275829""","=""""","=""""","=""0.00201""","=""1.213""","=""                                               ""","=""L3974"""
"=""""","=""*""","=""5""","=""""","=""4.276019""","=""""","=""""","=""0.00019""","=""1.20""","=""                                               ""","=""L3974"""
"=""""","=""""","=""6""","=""""","=""4.283339""","=""""","=""""","=""0.00732""","=""1.31""","=""                                               ""","=""L3974"""
"=""""","=""""","=""5""","=""""","=""4.286514""","=""""","=""""","=""0.00318""","=""1.30""","=""                                               ""","=""L3974"""
"=""""","=""*""","=""5""","=""""","=""4.297554""","=""""","=""""","=""0.01104""","=""1.16""","=""                                               ""","=""L3974"""
"=""""","=""""","=""8""","=""""","=""4.299394""","=""""","=""""","=""0.00184""","=""1.24""","=""                                               ""","=""L3974"""
"=""""","=""""","=""6""","=""""","=""4.299741""","=""""","=""""","=""0.00035""","=""1.488""","=""                                               ""","=""L3974"""
"=""""","=""""","=""9""","=""""","=""4.300911""","=""""","=""""","=""0.00117""","=""1.28""","=""                                               ""","=""L3974"""
"=""4f10.(5I).5d.6p?""","=""*""","=""7""","=""""","=""4.301684""","=""""","=""""","=""0.00077""","=""1.32""","=""                                               ""","=""L3974"""
"=""""","=""*""","=""4""","=""""","=""4.304816""","=""""","=""""","=""0.00313""","=""0.761""","=""                                               ""","=""L3974"""
"=""""","=""""","=""5""","=""""","=""4.307547""","=""""","=""""","=""0.00273""","=""1.24""","=""                                               ""","=""L3974"""
"=""""","=""""","=""7""","=""""","=""4.307563""","=""""","=""""","=""0.00002""","=""1.34""","=""                                               ""","=""L3974"""
"=""4f10.(5I).5d.6p?""","=""*""","=""8""","=""""","=""4.309079""","=""""","=""""","=""0.00152""","=""0.18""","=""                                               ""","=""L3974"""
"=""""","=""*""","=""6""","=""""","=""4.310968""","=""""","=""""","=""0.00189""","=""1.195""","=""                                               ""","=""L3974"""
"=""""","=""""","=""10""","=""""","=""4.311679""","=""""","=""""","=""0.00071""","=""1.278""","=""                                               ""","=""L3974"""
"=""""","=""*""","=""6""","=""""","=""4.313843""","=""""","=""""","=""0.00216""","=""""","=""                                               ""","=""L3974"""
"=""""","=""*""","=""8""","=""""","=""4.315130""","=""""","=""""","=""0.00129""","=""1.174""","=""                                               ""","=""L3974"""
"=""""","=""""","=""9""","=""""","=""4.318283""","=""""","=""""","=""0.00315""","=""1.27""","=""                                               ""","=""L3974"""
"=""""","=""""","=""5""","=""""","=""4.319793""","=""""","=""""","=""0.00151""","=""1.36""","=""                                               ""","=""L3974"""
"=""""","=""""","=""7""","=""""","=""4.319995""","=""""","=""""","=""0.00020""","=""1.29""","=""                                               ""","=""L3974"""
"=""""","=""*""","=""7""","=""""","=""4.329760""","=""""","=""""","=""0.00977""","=""1.198""","=""                                               ""","=""L3974"""
"=""4f10.(5I<7>).6s.7s.(3S<1>)""","=""(7,1)""","=""8""","=""""","=""4.329786""","=""""","=""""","=""0.00003""","=""1.27""","=""  97                                           ""","=""L3974"""
"=""4f10.(5I<7>).6s.7s.(3S<1>)""","=""(7,1)""","=""7""","=""""","=""4.356226""","=""""","=""""","=""0.02644""","=""1.20""","=""  96                                           ""","=""L3974"""
"=""4f10.(5I<7>).6s.7s.(3S<1>)""","=""(7,1)""","=""6""","=""""","=""4.391665""","=""""","=""""","=""0.03544""","=""1.10""","=""  97                                           ""","=""L3974"""
"=""""","=""*""","=""6""","=""""","=""4.331801""","=""""","=""""","=""-0.05986""","=""1.22""","=""                                               ""","=""L3974"""
"=""4f10.(5I).5d.6p?""","=""*""","=""7""","=""""","=""4.336347""","=""""","=""""","=""0.00455""","=""1.28""","=""                                               ""","=""L3974"""
"=""""","=""""","=""7""","=""""","=""4.339912""","=""""","=""""","=""0.00357""","=""1.31""","=""                                               ""","=""L3974"""
"=""4f10.(5I).5d.6p?""","=""*""","=""8""","=""""","=""4.343104""","=""""","=""""","=""0.00319""","=""1.29""","=""                                               ""","=""L3974"""
"=""""","=""""","=""8""","=""""","=""4.346088""","=""""","=""""","=""0.00298""","=""1.32""","=""                                               ""","=""L3974"""
"=""4f10.(5I).5d.6p?""","=""*""","=""8""","=""""","=""4.349735""","=""""","=""""","=""0.00365""","=""1.28""","=""                                               ""","=""L3974"""
"=""""","=""*""","=""3""","=""""","=""4.352742""","=""""","=""""","=""0.00301""","=""1.033""","=""                                               ""","=""L3974"""
"=""4f10.(5I).5d.6p?""","=""*""","=""7""","=""""","=""4.352748""","=""""","=""""","=""0.00001""","=""1.30""","=""                                               ""","=""L3974"""
"=""""","=""*""","=""3""","=""""","=""4.356392""","=""""","=""""","=""0.00364""","=""1.06""","=""                                               ""","=""L3974"""
"=""""","=""""","=""3""","=""""","=""4.356982""","=""""","=""""","=""0.00059""","=""0.98""","=""                                               ""","=""L3974"""
"=""""","=""""","=""5""","=""""","=""4.362329""","=""""","=""""","=""0.00535""","=""1.30""","=""                                               ""","=""L3974"""
"=""""","=""""","=""9""","=""""","=""4.366705""","=""""","=""""","=""0.00438""","=""1.28""","=""                                               ""","=""L3974"""
"=""4f10.(5I).5d.6p?""","=""*""","=""9""","=""""","=""4.366881""","=""""","=""""","=""0.00018""","=""1.236""","=""                                               ""","=""L3974"""
"=""""","=""""","=""7""","=""""","=""4.366969""","=""""","=""""","=""0.00009""","=""1.32""","=""                                               ""","=""L3974"""
"=""""","=""*""","=""3""","=""""","=""4.368116""","=""""","=""""","=""0.00115""","=""0.958""","=""                                               ""","=""L3974"""
"=""""","=""""","=""8""","=""""","=""4.370335""","=""""","=""""","=""0.00222""","=""1.32""","=""                                               ""","=""L3974"""
"=""""","=""*""","=""4""","=""""","=""4.378664""","=""""","=""""","=""0.00833""","=""1.272""","=""                                               ""","=""L3974"""
"=""""","=""""","=""5""","=""""","=""4.383371""","=""""","=""""","=""0.00471""","=""1.38""","=""                                               ""","=""L3974"""
"=""""","=""""","=""8""","=""""","=""4.386252""","=""""","=""""","=""0.00288""","=""1.28""","=""                                               ""","=""L3974"""
"=""""","=""""","=""10""","=""""","=""4.387278""","=""""","=""""","=""0.00103""","=""1.27""","=""                                               ""","=""L3974"""
"=""4f10.(5I).5d.6p?""","=""*""","=""8""","=""""","=""4.395261""","=""?""","=""""","=""0.00798""","=""""","=""                                               ""","=""L3974"""
"=""4f10.(5I).6s.7p""","=""*""","=""8""","=""""","=""4.403704""","=""""","=""""","=""0.00844""","=""1.277""","=""                                               ""","=""L3974"""
"=""""","=""""","=""5""","=""""","=""4.404334""","=""""","=""""","=""0.00063""","=""1.16""","=""                                               ""","=""L3974"""
"=""""","=""""","=""5""","=""""","=""4.411168""","=""""","=""""","=""0.00683""","=""1.21""","=""                                               ""","=""L3974"""
"=""4f10.(5I).6s.7p""","=""*""","=""9""","=""""","=""4.411462""","=""?""","=""""","=""0.00029""","=""""","=""                                               ""","=""L3974"""
"=""""","=""""","=""7""","=""""","=""4.425711""","=""""","=""""","=""0.01425""","=""1.34""","=""                                               ""","=""L3974"""
"=""""","=""""","=""7""","=""""","=""4.430919""","=""""","=""""","=""0.00521""","=""1.20""","=""                                               ""","=""L3974"""
"=""""","=""""","=""6""","=""""","=""4.431769""","=""""","=""""","=""0.00085""","=""1.32""","=""                                               ""","=""L3974"""
"=""""","=""""","=""9""","=""""","=""4.433991""","=""""","=""""","=""0.00222""","=""1.32""","=""                                               ""","=""L3974"""
"=""""","=""*""","=""8""","=""""","=""4.435881""","=""""","=""""","=""0.00189""","=""1.21""","=""                                               ""","=""L3974"""
"=""4f10.(5I).5d.6p?""","=""*""","=""7""","=""""","=""4.438973""","=""""","=""""","=""0.00309""","=""1.23""","=""                                               ""","=""L3974"""
"=""""","=""""","=""7""","=""""","=""4.446892""","=""""","=""""","=""0.00792""","=""1.24""","=""                                               ""","=""L3974"""
"=""""","=""*""","=""8""","=""""","=""4.450333""","=""""","=""""","=""0.00344""","=""1.22""","=""                                               ""","=""L3974"""
"=""""","=""*""","=""8""","=""""","=""4.451025""","=""""","=""""","=""0.00069""","=""1.23""","=""                                               ""","=""L3974"""
"=""""","=""""","=""8""","=""""","=""4.455836""","=""""","=""""","=""0.00481""","=""1.35""","=""                                               ""","=""L3974"""
"=""""","=""""","=""9""","=""""","=""4.456035""","=""""","=""""","=""0.00020""","=""1.32""","=""                                               ""","=""L3974"""
"=""4f10.(5I).5d.6p?""","=""*""","=""10""","=""""","=""4.456614""","=""""","=""""","=""0.00058""","=""1.22""","=""                                               ""","=""L3974"""
"=""""","=""""","=""6""","=""""","=""4.459724""","=""""","=""""","=""0.00311""","=""1.40""","=""                                               ""","=""L3974"""
"=""""","=""""","=""6""","=""""","=""4.475029""","=""""","=""""","=""0.01531""","=""1.27""","=""                                               ""","=""L3974"""
"=""4f10.(5I).6s.7p""","=""*""","=""10""","=""""","=""4.475138""","=""""","=""""","=""0.00011""","=""1.288""","=""                                               ""","=""L3974"""
"=""""","=""""","=""7""","=""""","=""4.478242""","=""""","=""""","=""0.00310""","=""1.25""","=""                                               ""","=""L3974"""
"=""""","=""*""","=""7""","=""""","=""4.494182""","=""""","=""""","=""0.01594""","=""1.30""","=""                                               ""","=""L3974"""
"=""4f10.(5I).5d.6p?""","=""*""","=""9""","=""""","=""4.495688""","=""""","=""""","=""0.00151""","=""1.183""","=""                                               ""","=""L3974"""
"=""4f10.(5I).5d.6p?""","=""*""","=""8""","=""""","=""4.499198""","=""""","=""""","=""0.00351""","=""1.25""","=""                                               ""","=""L3974"""
"=""""","=""""","=""8""","=""""","=""4.501628""","=""""","=""""","=""0.00243""","=""1.27""","=""                                               ""","=""L3974"""
"=""4f10.(5I).5d.6p?""","=""*""","=""7""","=""""","=""4.502662""","=""""","=""""","=""0.00103""","=""1.23""","=""                                               ""","=""L3974"""
"=""""","=""*""","=""9""","=""""","=""4.505775""","=""""","=""""","=""0.00311""","=""1.282""","=""                                               ""","=""L3974"""
"=""""","=""""","=""6""","=""""","=""4.508697""","=""""","=""""","=""0.00292""","=""""","=""                                               ""","=""L3974"""
"=""""","=""""","=""8""","=""""","=""4.512047""","=""""","=""""","=""0.00335""","=""1.33""","=""                                               ""","=""L3974"""
"=""""","=""""","=""7""","=""""","=""4.515164""","=""""","=""""","=""0.00312""","=""1.29""","=""                                               ""","=""L3974"""
"=""4f10.(5I).6s.7p""","=""*""","=""9""","=""""","=""4.518010""","=""""","=""""","=""0.00285""","=""""","=""                                               ""","=""L3974"""
"=""""","=""*""","=""7""","=""""","=""4.518231""","=""""","=""""","=""0.00022""","=""1.174""","=""                                               ""","=""L3974"""
"=""""","=""*""","=""6""","=""""","=""4.520723""","=""""","=""""","=""0.00249""","=""1.09""","=""                                               ""","=""L3974"""
"=""""","=""""","=""9""","=""""","=""4.523836""","=""""","=""""","=""0.00311""","=""1.31""","=""                                               ""","=""L3974"""
"=""""","=""""","=""10""","=""""","=""4.524192""","=""""","=""""","=""0.00036""","=""1.25""","=""                                               ""","=""L3974"""
"=""""","=""""","=""7""","=""""","=""4.524314""","=""""","=""""","=""0.00012""","=""""","=""                                               ""","=""L3974"""
"=""""","=""""","=""7""","=""""","=""4.526513""","=""""","=""""","=""0.00220""","=""1.34""","=""                                               ""","=""L3974"""
"=""""","=""*""","=""8""","=""""","=""4.529644""","=""""","=""""","=""0.00313""","=""1.24""","=""                                               ""","=""L3974"""
"=""4f10.(5I).6s.7p""","=""*""","=""8""","=""""","=""4.531223""","=""""","=""""","=""0.00158""","=""1.267""","=""                                               ""","=""L3974"""
"=""""","=""""","=""8""","=""""","=""4.532099""","=""""","=""""","=""0.00088""","=""1.38""","=""                                               ""","=""L3974"""
"=""""","=""""","=""8""","=""""","=""4.537752""","=""""","=""""","=""0.00565""","=""1.29""","=""                                               ""","=""L3974"""
"=""""","=""""","=""7""","=""""","=""4.538848""","=""""","=""""","=""0.00110""","=""1.18""","=""                                               ""","=""L3974"""
"=""""","=""""","=""6""","=""""","=""4.539414""","=""""","=""""","=""0.00057""","=""1.262""","=""                                               ""","=""L3974"""
"=""""","=""*""","=""8""","=""""","=""4.540096""","=""?""","=""""","=""0.00068""","=""""","=""                                               ""","=""L3974"""
"=""4f10.(5I).5d.6p?""","=""*""","=""10""","=""""","=""4.542893""","=""""","=""""","=""0.00280""","=""1.17""","=""                                               ""","=""L3974"""
"=""4f10.(5I<7>).6s.7s.(1S<0>)""","=""(7,0)""","=""7""","=""""","=""4.546225""","=""""","=""""","=""0.00333""","=""""","=""  91                                           ""","=""L3974"""
"=""""","=""""","=""9""","=""""","=""4.551231""","=""""","=""""","=""0.00501""","=""1.32""","=""                                               ""","=""L3974"""
"=""""","=""""","=""9""","=""""","=""4.552398""","=""""","=""""","=""0.00117""","=""1.29""","=""                                               ""","=""L3974"""
"=""4f10.6s.6d?""","=""""","=""8""","=""""","=""4.557738""","=""""","=""""","=""0.00534""","=""1.24""","=""                                               ""","=""L3974"""
"=""""","=""""","=""8""","=""""","=""4.563535""","=""""","=""""","=""0.00580""","=""1.34""","=""                                               ""","=""L3974"""
"=""""","=""""","=""9""","=""""","=""4.565380""","=""""","=""""","=""0.00185""","=""1.25""","=""                                               ""","=""L3974"""
"=""""","=""""","=""7""","=""""","=""4.570727""","=""""","=""""","=""0.00535""","=""1.31""","=""                                               ""","=""L3974"""
"=""4f10.(5I).5d.6p?""","=""*""","=""10""","=""""","=""4.571140""","=""""","=""""","=""0.00041""","=""1.178""","=""                                               ""","=""L3974"""
"=""""","=""*""","=""8""","=""""","=""4.574037""","=""""","=""""","=""0.00290""","=""1.188""","=""                                               ""","=""L3974"""
"=""4f10.6s.6d?""","=""""","=""10""","=""""","=""4.575691""","=""""","=""""","=""0.00165""","=""1.25""","=""                                               ""","=""L3974"""
"=""""","=""""","=""7""","=""""","=""4.578059""","=""""","=""""","=""0.00237""","=""1.22""","=""                                               ""","=""L3974"""
"=""""","=""""","=""8""","=""""","=""4.581755""","=""""","=""""","=""0.00370""","=""1.30""","=""                                               ""","=""L3974"""
"=""4f10.6s.6d?""","=""""","=""9""","=""""","=""4.582992""","=""""","=""""","=""0.00124""","=""1.21""","=""                                               ""","=""L3974"""
"=""4f10.6s.6d?""","=""""","=""10""","=""""","=""4.588355""","=""""","=""""","=""0.00536""","=""1.22""","=""                                               ""","=""L3974"""
"=""""","=""""","=""7""","=""""","=""4.589302""","=""""","=""""","=""0.00095""","=""1.27""","=""                                               ""","=""L3974"""
"=""4f10.(5I<8>).6s.6d.(3D)?""","=""""","=""11""","=""""","=""4.592251""","=""""","=""""","=""0.00295""","=""1.28""","=""                                               ""","=""L3974"""
"=""""","=""*""","=""8""","=""""","=""4.592501""","=""""","=""""","=""0.00025""","=""1.19""","=""                                               ""","=""L3974"""
"=""""","=""""","=""6""","=""""","=""4.594681""","=""""","=""""","=""0.00218""","=""1.31""","=""                                               ""","=""L3974"""
"=""4f10.(5I).5d.6p?""","=""*""","=""7""","=""""","=""4.596573""","=""""","=""""","=""0.00189""","=""1.288""","=""                                               ""","=""L3974"""
"=""""","=""""","=""8""","=""""","=""4.598260""","=""""","=""""","=""0.00169""","=""1.33""","=""                                               ""","=""L3974"""
"=""4f10.(5I).5d.6p?""","=""*""","=""9""","=""""","=""4.598631""","=""""","=""""","=""0.00037""","=""1.208""","=""                                               ""","=""L3974"""
"=""""","=""""","=""9""","=""""","=""4.602538""","=""""","=""""","=""0.00391""","=""1.27""","=""                                               ""","=""L3974"""
"=""""","=""""","=""6""","=""""","=""4.602969""","=""""","=""""","=""0.00043""","=""1.33""","=""                                               ""","=""L3974"""
"=""""","=""""","=""7""","=""""","=""4.604194""","=""""","=""""","=""0.00122""","=""1.20""","=""                                               ""","=""L3974"""
"=""4f10.(5I).5d.6p?""","=""*""","=""8""","=""""","=""4.605584""","=""""","=""""","=""0.00139""","=""1.233""","=""                                               ""","=""L3974"""
"=""""","=""""","=""6""","=""""","=""4.607645""","=""""","=""""","=""0.00206""","=""1.29""","=""                                               ""","=""L3974"""
"=""""","=""""","=""5""","=""""","=""4.610004""","=""""","=""""","=""0.00236""","=""1.26""","=""                                               ""","=""L3974"""
"=""4f10.(5I).5d.6p?""","=""*""","=""11""","=""""","=""4.610102""","=""""","=""""","=""0.00010""","=""1.23""","=""                                               ""","=""L3974"""
"=""""","=""""","=""7""","=""""","=""4.613707""","=""""","=""""","=""0.00360""","=""1.30""","=""                                               ""","=""L3974"""
"=""""","=""""","=""5""","=""""","=""4.616088""","=""""","=""""","=""0.00238""","=""1.26""","=""                                               ""","=""L3974"""
"=""""","=""""","=""7""","=""""","=""4.624111""","=""""","=""""","=""0.00802""","=""1.28""","=""                                               ""","=""L3974"""
"=""""","=""""","=""11""","=""""","=""4.624531""","=""""","=""""","=""0.00042""","=""1.26""","=""                                               ""","=""L3974"""
"=""""","=""""","=""6""","=""""","=""4.627663""","=""""","=""""","=""0.00313""","=""1.24""","=""                                               ""","=""L3974"""
"=""4f10.6s.6d?""","=""""","=""8""","=""""","=""4.629556""","=""""","=""""","=""0.00189""","=""1.25""","=""                                               ""","=""L3974"""
"=""4f10.(5I).5d.6p?""","=""*""","=""8""","=""""","=""4.631430""","=""""","=""""","=""0.00187""","=""1.12""","=""                                               ""","=""L3974"""
"=""""","=""*""","=""7""","=""""","=""4.632051""","=""""","=""""","=""0.00062""","=""1.185""","=""                                               ""","=""L3974"""
"=""""","=""""","=""7""","=""""","=""4.632805""","=""""","=""""","=""0.00075""","=""1.32""","=""                                               ""","=""L3974"""
"=""""","=""*""","=""7""","=""""","=""4.632909""","=""""","=""""","=""0.00010""","=""""","=""                                               ""","=""L3974"""
"=""""","=""""","=""8""","=""""","=""4.636818""","=""""","=""""","=""0.00391""","=""1.25""","=""                                               ""","=""L3974"""
"=""4f10.(5I).5d.6p?""","=""*""","=""7""","=""""","=""4.645823""","=""?""","=""""","=""0.00901""","=""""","=""                                               ""","=""L3974"""
"=""""","=""""","=""5""","=""""","=""4.646020""","=""""","=""""","=""0.00020""","=""1.34""","=""                                               ""","=""L3974"""
"=""""","=""""","=""7""","=""""","=""4.649603""","=""""","=""""","=""0.00358""","=""1.243""","=""                                               ""","=""L3974"""
"=""""","=""""","=""8""","=""""","=""4.652774""","=""""","=""""","=""0.00317""","=""1.24""","=""                                               ""","=""L3974"""
"=""""","=""""","=""7""","=""""","=""4.655754""","=""""","=""""","=""0.00298""","=""1.30""","=""                                               ""","=""L3974"""
"=""""","=""""","=""5""","=""""","=""4.656744""","=""""","=""""","=""0.00099""","=""1.27""","=""                                               ""","=""L3974"""
"=""""","=""*""","=""7""","=""""","=""4.660266""","=""""","=""""","=""0.00352""","=""1.23""","=""                                               ""","=""L3974"""
"=""4f10.6s.6d?""","=""""","=""9""","=""""","=""4.660793""","=""""","=""""","=""0.00053""","=""1.212""","=""                                               ""","=""L3974"""
"=""""","=""""","=""7""","=""""","=""4.662784""","=""""","=""""","=""0.00199""","=""1.29""","=""                                               ""","=""L3974"""
"=""4f10.(5I).5d.6p?""","=""*""","=""8""","=""""","=""4.666178""","=""?""","=""""","=""0.00339""","=""""","=""                                               ""","=""L3974"""
"=""""","=""*""","=""8""","=""""","=""4.667544""","=""""","=""""","=""0.00137""","=""1.09""","=""                                               ""","=""L3974"""
"=""""","=""""","=""5""","=""""","=""4.667586""","=""""","=""""","=""0.00004""","=""1.20""","=""                                               ""","=""L3974"""
"=""""","=""""","=""6""","=""""","=""4.668127""","=""""","=""""","=""0.00054""","=""1.4""","=""                                               ""","=""L3974"""
"=""""","=""""","=""8""","=""""","=""4.671339""","=""""","=""""","=""0.00321""","=""1.32""","=""                                               ""","=""L3974"""
"=""""","=""""","=""7""","=""""","=""4.673491""","=""""","=""""","=""0.00215""","=""1.26""","=""                                               ""","=""L3974"""
"=""4f10.6s.6d?""","=""""","=""10""","=""""","=""4.674963""","=""""","=""""","=""0.00147""","=""1.203""","=""                                               ""","=""L3974"""
"=""4f10.(5I).5d.6p?""","=""*""","=""8""","=""""","=""4.676815""","=""""","=""""","=""0.00185""","=""1.199""","=""                                               ""","=""L3974"""
"=""""","=""""","=""9""","=""""","=""4.680531""","=""""","=""""","=""0.00372""","=""1.29""","=""                                               ""","=""L3974"""
"=""""","=""""","=""7""","=""""","=""4.680570""","=""""","=""""","=""0.00004""","=""""","=""                                               ""","=""L3974"""
"=""4f10.6s.6d?""","=""""","=""8""","=""""","=""4.689110""","=""""","=""""","=""0.00854""","=""1.14""","=""                                               ""","=""L3974"""
"=""4f10.(5I).5d.6p?""","=""*""","=""9""","=""""","=""4.691128""","=""""","=""""","=""0.00202""","=""1.18""","=""                                               ""","=""L3974"""
"=""""","=""""","=""8""","=""""","=""4.691790""","=""""","=""""","=""0.00066""","=""1.29""","=""                                               ""","=""L3974"""
"=""4f10.(5I).5d.6p?""","=""*""","=""8""","=""""","=""4.691981""","=""""","=""""","=""0.00019""","=""1.265""","=""                                               ""","=""L3974"""
"=""""","=""""","=""6""","=""""","=""4.693598""","=""""","=""""","=""0.00162""","=""1.247""","=""                                               ""","=""L3974"""
"=""""","=""""","=""9""","=""""","=""4.703171""","=""""","=""""","=""0.00957""","=""1.377""","=""                                               ""","=""L3974"""
"=""""","=""""","=""7""","=""""","=""4.708924""","=""""","=""""","=""0.00575""","=""1.191""","=""                                               ""","=""L3974"""
"=""""","=""""","=""8""","=""""","=""4.710504""","=""""","=""""","=""0.00158""","=""1.187""","=""                                               ""","=""L3974"""
"=""""","=""*""","=""10""","=""""","=""4.713770""","=""""","=""""","=""0.00327""","=""1.152""","=""                                               ""","=""L3974"""
"=""""","=""""","=""7""","=""""","=""4.718170""","=""""","=""""","=""0.00440""","=""1.333""","=""                                               ""","=""L3974"""
"=""4f10.(5I<6>).6s.7s.(3S<1>)""","=""(6,1)""","=""6""","=""""","=""4.720082""","=""""","=""""","=""0.00191""","=""1.11""","=""  95                                           ""","=""L3974"""
"=""4f10.(5I<6>).6s.7s.(3S<1>)""","=""(6,1)""","=""5""","=""""","=""4.723035""","=""""","=""""","=""0.00295""","=""1.08""","=""  96                                           ""","=""L3974"""
"=""4f10.(5I<6>).6s.7s.(3S<1>)""","=""(6,1)""","=""7""","=""""","=""4.726687""","=""""","=""""","=""0.00365""","=""1.20""","=""  91                                           ""","=""L3974"""
"=""""","=""""","=""8""","=""""","=""4.721085""","=""""","=""""","=""-0.00560""","=""1.19""","=""                                               ""","=""L3974"""
"=""""","=""""","=""5""","=""""","=""4.724032""","=""""","=""""","=""0.00295""","=""1.20""","=""                                               ""","=""L3974"""
"=""4f10.(5I).5d.6p?""","=""*""","=""9""","=""""","=""4.724160""","=""""","=""""","=""0.00013""","=""1.19""","=""                                               ""","=""L3974"""
"=""""","=""""","=""8""","=""""","=""4.730062""","=""""","=""""","=""0.00590""","=""1.38""","=""                                               ""","=""L3974"""
"=""""","=""""","=""5""","=""""","=""4.731836""","=""""","=""""","=""0.00177""","=""1.257""","=""                                               ""","=""L3974"""
"=""4f10.(5I).5d.6p?""","=""*""","=""8""","=""""","=""4.736504""","=""""","=""""","=""0.00467""","=""1.313""","=""                                               ""","=""L3974"""
"=""""","=""""","=""6""","=""""","=""4.738033""","=""""","=""""","=""0.00153""","=""1.22""","=""                                               ""","=""L3974"""
"=""4f10.(5I).5d.6p?""","=""*""","=""10""","=""""","=""4.742071""","=""""","=""""","=""0.00404""","=""1.22""","=""                                               ""","=""L3974"""
"=""""","=""*""","=""7""","=""""","=""4.742588""","=""""","=""""","=""0.00052""","=""""","=""                                               ""","=""L3974"""
"=""""","=""""","=""8""","=""""","=""4.743012""","=""""","=""""","=""0.00042""","=""1.29""","=""                                               ""","=""L3974"""
"=""""","=""""","=""7""","=""""","=""4.744166""","=""""","=""""","=""0.00115""","=""1.34""","=""                                               ""","=""L3974"""
"=""""","=""""","=""9""","=""""","=""4.746780""","=""""","=""""","=""0.00261""","=""1.25""","=""                                               ""","=""L3974"""
"=""4f10.(5I).5d.6p?""","=""*""","=""10""","=""""","=""4.748287""","=""""","=""""","=""0.00151""","=""1.244""","=""                                               ""","=""L3974"""
"=""""","=""""","=""10""","=""""","=""4.752303""","=""""","=""""","=""0.00402""","=""1.30""","=""                                               ""","=""L3974"""
"=""""","=""""","=""5""","=""""","=""4.752835""","=""""","=""""","=""0.00053""","=""""","=""                                               ""","=""L3974"""
"=""4f10.(5I).5d.6p?""","=""*""","=""7""","=""""","=""4.753862""","=""""","=""""","=""0.00103""","=""1.323""","=""                                               ""","=""L3974"""
"=""""","=""""","=""8""","=""""","=""4.755571""","=""""","=""""","=""0.00171""","=""1.36""","=""                                               ""","=""L3974"""
"=""""","=""*""","=""8""","=""""","=""4.755895""","=""""","=""""","=""0.00032""","=""1.095""","=""                                               ""","=""L3974"""
"=""4f10.(5I).5d.6p?""","=""*""","=""7""","=""""","=""4.756362""","=""""","=""""","=""0.00047""","=""""","=""                                               ""","=""L3974"""
"=""""","=""""","=""7""","=""""","=""4.756816""","=""""","=""""","=""0.00045""","=""1.333""","=""                                               ""","=""L3974"""
"=""4f10.(5I).5d.6p?""","=""*""","=""7""","=""""","=""4.763633""","=""""","=""""","=""0.00682""","=""1.33""","=""                                               ""","=""L3974"""
"=""""","=""""","=""4""","=""""","=""4.764937""","=""""","=""""","=""0.00130""","=""1.26""","=""                                               ""","=""L3974"""
"=""""","=""*""","=""8""","=""""","=""4.765812""","=""""","=""""","=""0.00088""","=""1.27""","=""                                               ""","=""L3974"""
"=""""","=""""","=""9""","=""""","=""4.766492""","=""""","=""""","=""0.00068""","=""1.28""","=""                                               ""","=""L3974"""
"=""""","=""""","=""7""","=""""","=""4.767497""","=""""","=""""","=""0.00100""","=""1.238""","=""                                               ""","=""L3974"""
"=""""","=""""","=""7""","=""""","=""4.775290""","=""""","=""""","=""0.00779""","=""1.298""","=""                                               ""","=""L3974"""
"=""""","=""""","=""8""","=""""","=""4.775482""","=""""","=""""","=""0.00019""","=""1.222""","=""                                               ""","=""L3974"""
"=""""","=""""","=""7""","=""""","=""4.776432""","=""""","=""""","=""0.00095""","=""1.34""","=""                                               ""","=""L3974"""
"=""""","=""""","=""8""","=""""","=""4.779771""","=""""","=""""","=""0.00334""","=""1.25""","=""                                               ""","=""L3974"""
"=""4f10.(5I).5d.6p?""","=""*""","=""9""","=""""","=""4.781244""","=""""","=""""","=""0.00147""","=""1.254""","=""                                               ""","=""L3974"""
"=""""","=""""","=""5""","=""""","=""4.794903""","=""""","=""""","=""0.01366""","=""1.30""","=""                                               ""","=""L3974"""
"=""""","=""""","=""9""","=""""","=""4.795078""","=""""","=""""","=""0.00018""","=""1.28""","=""                                               ""","=""L3974"""
"=""""","=""""","=""6""","=""""","=""4.800053""","=""""","=""""","=""0.00497""","=""1.26""","=""                                               ""","=""L3974"""
"=""""","=""""","=""7""","=""""","=""4.802858""","=""""","=""""","=""0.00280""","=""1.29""","=""                                               ""","=""L3974"""
"=""""","=""*""","=""7""","=""""","=""4.808079""","=""""","=""""","=""0.00522""","=""""","=""                                               ""","=""L3974"""
"=""""","=""*""","=""8""","=""""","=""4.812380""","=""?""","=""""","=""0.00430""","=""""","=""                                               ""","=""L3974"""
"=""""","=""""","=""6""","=""""","=""4.817108""","=""""","=""""","=""0.00473""","=""1.19""","=""                                               ""","=""L3974"""
"=""""","=""""","=""7""","=""""","=""4.818218""","=""""","=""""","=""0.00111""","=""""","=""                                               ""","=""L3974"""
"=""""","=""""","=""8""","=""""","=""4.819267""","=""""","=""""","=""0.00105""","=""1.25""","=""                                               ""","=""L3974"""
"=""""","=""""","=""5""","=""""","=""4.821860""","=""""","=""""","=""0.00259""","=""""","=""                                               ""","=""L3974"""
"=""""","=""""","=""7""","=""""","=""4.829682""","=""""","=""""","=""0.00782""","=""1.31""","=""                                               ""","=""L3974"""
"=""""","=""""","=""5""","=""""","=""4.831005""","=""""","=""""","=""0.00132""","=""1.28""","=""                                               ""","=""L3974"""
"=""""","=""""","=""8""","=""""","=""4.832092""","=""""","=""""","=""0.00109""","=""1.24""","=""                                               ""","=""L3974"""
"=""""","=""""","=""9""","=""""","=""4.839829""","=""""","=""""","=""0.00774""","=""1.24""","=""                                               ""","=""L3974"""
"=""""","=""""","=""5""","=""""","=""4.841357""","=""""","=""""","=""0.00153""","=""1.38""","=""                                               ""","=""L3974"""
"=""""","=""""","=""7""","=""""","=""4.845072""","=""""","=""""","=""0.00371""","=""1.28""","=""                                               ""","=""L3974"""
"=""""","=""""","=""4""","=""""","=""4.845919""","=""""","=""""","=""0.00085""","=""1.33""","=""                                               ""","=""L3974"""
"=""""","=""""","=""8""","=""""","=""4.847294""","=""""","=""""","=""0.00137""","=""""","=""                                               ""","=""L3974"""
"=""""","=""""","=""7""","=""""","=""4.847502""","=""""","=""""","=""0.00021""","=""1.21""","=""                                               ""","=""L3974"""
"=""""","=""""","=""9""","=""""","=""4.850337""","=""""","=""""","=""0.00283""","=""1.34""","=""                                               ""","=""L3974"""
"=""4f10.(5I).5d.6p?""","=""*""","=""8""","=""""","=""4.852161""","=""""","=""""","=""0.00182""","=""1194""","=""                                               ""","=""L3974"""
"=""""","=""""","=""10""","=""""","=""4.857277""","=""""","=""""","=""0.00512""","=""1.26""","=""                                               ""","=""L3974"""
"=""4f10.(5I).5d.6p?""","=""*""","=""10""","=""""","=""4.857998""","=""""","=""""","=""0.00072""","=""1.28""","=""                                               ""","=""L3974"""
"=""""","=""*""","=""6""","=""""","=""4.858721""","=""""","=""""","=""0.00072""","=""""","=""                                               ""","=""L3974"""
"=""""","=""""","=""5""","=""""","=""4.860321""","=""""","=""""","=""0.00160""","=""1.10""","=""                                               ""","=""L3974"""
"=""""","=""*""","=""7""","=""""","=""4.875713""","=""""","=""""","=""0.01539""","=""""","=""                                               ""","=""L3974"""
"=""""","=""""","=""9""","=""""","=""4.876648""","=""""","=""""","=""0.00094""","=""1.28""","=""                                               ""","=""L3974"""
"=""""","=""""","=""7""","=""""","=""4.876667""","=""""","=""""","=""0.00002""","=""1.29""","=""                                               ""","=""L3974"""
"=""""","=""""","=""8""","=""""","=""4.882117""","=""""","=""""","=""0.00545""","=""1.33""","=""                                               ""","=""L3974"""
"=""""","=""""","=""4""","=""""","=""4.882338""","=""""","=""""","=""0.00022""","=""0.98""","=""                                               ""","=""L3974"""
"=""4f10.(5I).5d.6p?""","=""*""","=""8""","=""""","=""4.884742""","=""""","=""""","=""0.00240""","=""1.228""","=""                                               ""","=""L3974"""
"=""""","=""""","=""5""","=""""","=""4.886344""","=""""","=""""","=""0.00160""","=""1.272""","=""                                               ""","=""L3974"""
"=""""","=""""","=""4""","=""""","=""4.887556""","=""""","=""""","=""0.00121""","=""1.20""","=""                                               ""","=""L3974"""
"=""""","=""""","=""4""","=""""","=""4.888813""","=""""","=""""","=""0.00126""","=""1.14""","=""                                               ""","=""L3974"""
"=""""","=""""","=""9""","=""""","=""4.899072""","=""""","=""""","=""0.01026""","=""1.30""","=""                                               ""","=""L3974"""
"=""""","=""""","=""7""","=""""","=""4.899469""","=""""","=""""","=""0.00040""","=""1.288""","=""                                               ""","=""L3974"""
"=""4f10.(5I<6>).6s.7s.(1S<0>)""","=""(6,0)""","=""6""","=""""","=""4.903067""","=""""","=""""","=""0.00360""","=""""","=""  84                                           ""","=""L3974"""
"=""""","=""""","=""10""","=""""","=""4.906432""","=""""","=""""","=""0.00336""","=""1.28""","=""                                               ""","=""L3974"""
"=""4f10.(5I).5d.6p?""","=""*""","=""9""","=""""","=""4.910080""","=""""","=""""","=""0.00365""","=""1.28""","=""                                               ""","=""L3974"""
"=""""","=""""","=""11""","=""""","=""4.913225""","=""""","=""""","=""0.00314""","=""1.27""","=""                                               ""","=""L3974"""
"=""""","=""""","=""7""","=""""","=""4.919934""","=""""","=""""","=""0.00671""","=""1.32""","=""                                               ""","=""L3974"""
"=""""","=""""","=""9""","=""""","=""4.921242""","=""""","=""""","=""0.00131""","=""1.25""","=""                                               ""","=""L3974"""
"=""4f10.(5I).5d.6p?""","=""*""","=""8""","=""""","=""4.923933""","=""""","=""""","=""0.00269""","=""1.184""","=""                                               ""","=""L3974"""
"=""""","=""""","=""5""","=""""","=""4.928156""","=""""","=""""","=""0.00422""","=""1.25""","=""                                               ""","=""L3974"""
"=""""","=""""","=""10""","=""""","=""4.928382""","=""""","=""""","=""0.00023""","=""1.29""","=""                                               ""","=""L3974"""
"=""""","=""""","=""7""","=""""","=""4.931796""","=""""","=""""","=""0.00341""","=""1.253""","=""                                               ""","=""L3974"""
"=""""","=""""","=""5""","=""""","=""4.932094""","=""""","=""""","=""0.00030""","=""1.29""","=""                                               ""","=""L3974"""
"=""""","=""""","=""6""","=""""","=""4.932873""","=""""","=""""","=""0.00078""","=""1.25""","=""                                               ""","=""L3974"""
"=""""","=""""","=""6""","=""""","=""4.940747""","=""""","=""""","=""0.00787""","=""1.33""","=""                                               ""","=""L3974"""
"=""""","=""""","=""4""","=""""","=""4.941264""","=""""","=""""","=""0.00052""","=""1.39""","=""                                               ""","=""L3974"""
"=""""","=""""","=""9""","=""""","=""4.946444""","=""""","=""""","=""0.00518""","=""1.24""","=""                                               ""","=""L3974"""
"=""4f10.(5I).5d.6p?""","=""*""","=""9""","=""""","=""4.947384""","=""""","=""""","=""0.00094""","=""1.28""","=""                                               ""","=""L3974"""
"=""""","=""""","=""8""","=""""","=""4.948154""","=""""","=""""","=""0.00077""","=""1.28""","=""                                               ""","=""L3974"""
"=""""","=""""","=""10""","=""""","=""4.960090""","=""""","=""""","=""0.01194""","=""1.23""","=""                                               ""","=""L3974"""
"=""4f10.(5I<5>).6s.7s.(3S<1>)""","=""(5,1)""","=""4""","=""""","=""4.962225""","=""""","=""""","=""0.00213""","=""0.82""","=""  96                                           ""","=""L3974"""
"=""4f10.(5I<5>).6s.7s.(3S<1>)""","=""(5,1)""","=""5""","=""""","=""4.985803""","=""""","=""""","=""0.02358""","=""0.968""","=""  92                                           ""","=""L3974"""
"=""4f10.(5I<5>).6s.7s.(3S<1>)""","=""(5,1)""","=""6""","=""""","=""5.023899""","=""""","=""""","=""0.03810""","=""1.18""","=""  83                                           ""","=""L3974"""
"=""4f10.(5I).5d.6p?""","=""*""","=""9""","=""""","=""4.963147""","=""""","=""""","=""-0.06075""","=""1.192""","=""                                               ""","=""L3974"""
"=""""","=""""","=""7""","=""""","=""4.989841""","=""""","=""""","=""0.02669""","=""1.28""","=""                                               ""","=""L3974"""
"=""""","=""""","=""3""","=""""","=""4.995953""","=""""","=""""","=""0.00611""","=""1.28""","=""                                               ""","=""L3974"""
"=""""","=""""","=""7""","=""""","=""5.008472""","=""""","=""""","=""0.01252""","=""1.31""","=""                                               ""","=""L3974"""
"=""""","=""""","=""6""","=""""","=""5.010225""","=""""","=""""","=""0.00175""","=""1.31""","=""                                               ""","=""L3974"""
"=""""","=""""","=""8""","=""""","=""5.018008""","=""""","=""""","=""0.00778""","=""1.25""","=""                                               ""","=""L3974"""
"=""""","=""""","=""6""","=""""","=""5.020310""","=""""","=""""","=""0.00230""","=""""","=""                                               ""","=""L3974"""
"=""4f9.(6H*).5d.6s.7s""","=""*""","=""9""","=""""","=""5.033018""","=""""","=""""","=""0.01271""","=""1.41""","=""                                               ""","=""L3974"""
"=""""","=""*""","=""8""","=""""","=""5.034500""","=""""","=""""","=""0.00148""","=""1.11""","=""                                               ""","=""L3974"""
"=""""","=""""","=""3""","=""""","=""5.036389""","=""""","=""""","=""0.00189""","=""1.03""","=""                                               ""","=""L3974"""
"=""""","=""""","=""4""","=""""","=""5.036970""","=""""","=""""","=""0.00058""","=""1.26""","=""                                               ""","=""L3974"""
"=""""","=""""","=""8""","=""""","=""5.038635""","=""""","=""""","=""0.00167""","=""1.268""","=""                                               ""","=""L3974"""
"=""""","=""""","=""9""","=""""","=""5.044122""","=""""","=""""","=""0.00549""","=""1.29""","=""                                               ""","=""L3974"""
"=""""","=""""","=""3""","=""""","=""5.056329""","=""""","=""""","=""0.01221""","=""1.30""","=""                                               ""","=""L3974"""
"=""""","=""""","=""5""","=""""","=""5.058111""","=""""","=""""","=""0.00178""","=""1.30""","=""                                               ""","=""L3974"""
"=""""","=""""","=""8""","=""""","=""5.062685""","=""""","=""""","=""0.00457""","=""1.26""","=""                                               ""","=""L3974"""
"=""""","=""""","=""4""","=""""","=""5.062969""","=""""","=""""","=""0.00028""","=""1.34""","=""                                               ""","=""L3974"""
"=""""","=""""","=""8""","=""""","=""5.067407""","=""""","=""""","=""0.00444""","=""1.24""","=""                                               ""","=""L3974"""
"=""""","=""""","=""4""","=""""","=""5.074029""","=""""","=""""","=""0.00662""","=""1.24""","=""                                               ""","=""L3974"""
"=""""","=""""","=""5""","=""""","=""5.074869""","=""""","=""""","=""0.00084""","=""1.30""","=""                                               ""","=""L3974"""
"=""""","=""""","=""4""","=""""","=""5.080050""","=""""","=""""","=""0.00518""","=""1.14""","=""                                               ""","=""L3974"""
"=""""","=""""","=""3""","=""""","=""5.081319""","=""""","=""""","=""0.00127""","=""1.20""","=""                                               ""","=""L3974"""
"=""""","=""""","=""9""","=""""","=""5.087021""","=""""","=""""","=""0.00570""","=""1.222""","=""                                               ""","=""L3974"""
"=""""","=""""","=""8""","=""""","=""5.087968""","=""""","=""""","=""0.00095""","=""""","=""                                               ""","=""L3974"""
"=""""","=""""","=""7""","=""""","=""5.089933""","=""""","=""""","=""0.00197""","=""""","=""                                               ""","=""L3974"""
"=""""","=""""","=""8""","=""""","=""5.095591""","=""""","=""""","=""0.00566""","=""1.25""","=""                                               ""","=""L3974"""
"=""""","=""""","=""9""","=""""","=""5.100106""","=""""","=""""","=""0.00452""","=""1.316""","=""                                               ""","=""L3974"""
"=""4f9.(6H*).5d.6s.7s""","=""*""","=""8""","=""""","=""5.100287""","=""""","=""""","=""0.00018""","=""1.35""","=""                                               ""","=""L3974"""
"=""""","=""""","=""8""","=""""","=""5.108633""","=""""","=""""","=""0.00835""","=""1.26""","=""                                               ""","=""L3974"""
"=""""","=""""","=""9""","=""""","=""5.109426""","=""""","=""""","=""0.00079""","=""1.25""","=""                                               ""","=""L3974"""
"=""""","=""""","=""9""","=""""","=""5.112607""","=""""","=""""","=""0.00318""","=""1.222""","=""                                               ""","=""L3974"""
"=""""","=""""","=""7""","=""""","=""5.129396""","=""""","=""""","=""0.01679""","=""1.23""","=""                                               ""","=""L3974"""
"=""""","=""""","=""8""","=""""","=""5.130838""","=""""","=""""","=""0.00144""","=""""","=""                                               ""","=""L3974"""
"=""""","=""""","=""4""","=""""","=""5.140164""","=""""","=""""","=""0.00933""","=""1.22""","=""                                               ""","=""L3974"""
"=""4f10.(5I<4>).6s.7s.(3S<1>)""","=""(4,1)""","=""3""","=""""","=""5.144403""","=""""","=""""","=""0.00424""","=""0.44""","=""  99                                           ""","=""L3974"""
"=""4f10.(5I<4>).6s.7s.(3S<1>)""","=""(4,1)""","=""4""","=""""","=""5.189909""","=""""","=""""","=""0.04551""","=""0.80""","=""  92                                           ""","=""L3974"""
"=""4f10.(5I<4>).6s.7s.(3S<1>)""","=""(4,1)""","=""5""","=""""","=""5.268151""","=""""","=""""","=""0.07824""","=""1.00""","=""  81                                           ""","=""L3974"""
"=""""","=""""","=""7""","=""""","=""5.145820""","=""""","=""""","=""-0.12233""","=""1.27""","=""                                               ""","=""L3974"""
"=""""","=""*""","=""6""","=""""","=""5.154913""","=""""","=""""","=""0.00909""","=""""","=""                                               ""","=""L3974"""
"=""""","=""""","=""8""","=""""","=""5.162522""","=""""","=""""","=""0.00761""","=""""","=""                                               ""","=""L3974"""
"=""""","=""*""","=""7""","=""""","=""5.163048""","=""""","=""""","=""0.00053""","=""""","=""                                               ""","=""L3974"""
"=""4f10.(5I).5d.6p?""","=""*""","=""6""","=""""","=""5.164743""","=""""","=""""","=""0.00169""","=""1.21""","=""                                               ""","=""L3974"""
"=""""","=""""","=""4""","=""""","=""5.202027""","=""""","=""""","=""0.03728""","=""1.22""","=""                                               ""","=""L3974"""
"=""""","=""""","=""4""","=""""","=""5.225441""","=""""","=""""","=""0.02341""","=""1.22""","=""                                               ""","=""L3974"""
"=""""","=""""","=""3""","=""""","=""5.234628""","=""""","=""""","=""0.00919""","=""1.26""","=""                                               ""","=""L3974"""
"=""""","=""""","=""4""","=""""","=""5.236603""","=""""","=""""","=""0.00197""","=""1.22""","=""                                               ""","=""L3974"""
"=""""","=""*""","=""6""","=""""","=""5.253834""","=""""","=""""","=""0.01723""","=""1.28""","=""                                               ""","=""L3974"""
"=""""","=""*""","=""5""","=""""","=""5.266828""","=""""","=""""","=""0.01299""","=""1.07""","=""                                               ""","=""L3974"""
"=""""","=""""","=""10""","=""""","=""5.290170""","=""""","=""""","=""0.02334""","=""1.35""","=""                                               ""","=""L3974"""
"=""""","=""""","=""4""","=""""","=""5.318047""","=""""","=""""","=""0.02788""","=""1.12""","=""                                               ""","=""L3974"""
"=""""","=""""","=""8""","=""""","=""5.321574""","=""""","=""""","=""0.00353""","=""""","=""                                               ""","=""L3974"""
"=""""","=""""","=""4""","=""""","=""5.324001""","=""""","=""""","=""0.00243""","=""1.23""","=""                                               ""","=""L3974"""
"=""""","=""""","=""7""","=""""","=""5.329425""","=""""","=""""","=""0.00542""","=""1.21""","=""                                               ""","=""L3974"""
"=""""","=""""","=""5""","=""""","=""5.333904""","=""""","=""""","=""0.00448""","=""1.30""","=""                                               ""","=""L3974"""
"=""""","=""""","=""7""","=""""","=""5.358857""","=""""","=""""","=""0.02495""","=""""","=""                                               ""","=""L3974"""
"=""""","=""""","=""8""","=""""","=""5.421652""","=""""","=""""","=""0.06279""","=""""","=""                                               ""","=""L3974"""
"=""""","=""""","=""8""","=""""","=""5.515766""","=""""","=""""","=""0.09411""","=""""","=""                                               ""","=""L3974"""
"=""""","=""""","=""6""","=""""","=""5.666529""","=""""","=""""","=""0.15076""","=""""","=""                                               ""","=""L3974"""
"=""""","=""""","=""7""","=""""","=""5.751807""","=""""","=""""","=""0.08528""","=""""","=""                                               ""","=""L3974"""
"=""""","=""""","=""8""","=""""","=""5.871153""","=""""","=""""","=""0.11935""","=""""","=""                                               ""","=""L3974"""
"=""Dy II (4f10.(5I<8>).6s<1/2> (8,1/2)<17/2>)""","=""Limit""","=""---""","=""""","=""5.939061""","=""""","=""0.000006""","=""""","=""""","=""                                               ""","=""L22122"""
