Configuration,Term,J,Prefix,Level (eV),Suffix,Uncertainty (eV),Splitting,Lande,Leading percentages,Reference
"=""3d6.4s2""","=""a 5D""","=""4""","=""""","=""0.0000000""","=""""","=""0.0000000""","=""""","=""1.50020""","="" 100                                                 ""","=""L11631"""
"=""3d6.4s2""","=""a 5D""","=""3""","=""""","=""0.05156912""","=""""","=""0.00000012""","=""0.05156912""","=""1.50034""","="" 100                                                 ""","="""""
"=""3d6.4s2""","=""a 5D""","=""2""","=""""","=""0.08728574""","=""""","=""0.00000012""","=""0.0357166""","=""1.50041""","="" 100                                                 ""","="""""
"=""3d6.4s2""","=""a 5D""","=""1""","=""""","=""0.11011433""","=""""","=""0.00000012""","=""0.0228286""","=""1.50022""","="" 100                                                 ""","="""""
"=""3d6.4s2""","=""a 5D""","=""0""","=""""","=""0.12126572""","=""""","=""0.00000012""","=""0.0111514""","=""""","="" 100                                                 ""","="""""
"=""3d7.(4F).4s""","=""a 5F""","=""5""","=""""","=""0.85899575""","=""""","=""0.00000012""","=""0.7377300""","=""1.40021""","="" 100                                                 ""","="""""
"=""3d7.(4F).4s""","=""a 5F""","=""4""","=""""","=""0.91460217""","=""""","=""0.00000012""","=""0.0556064""","=""1.35004""","="" 100                                                 ""","="""""
"=""3d7.(4F).4s""","=""a 5F""","=""3""","=""""","=""0.95815732""","=""""","=""0.00000012""","=""0.0435551""","=""1.24988""","="" 100                                                 ""","="""""
"=""3d7.(4F).4s""","=""a 5F""","=""2""","=""""","=""0.99011115""","=""""","=""0.00000012""","=""0.0319538""","=""0.99953""","="" 100                                                 ""","="""""
"=""3d7.(4F).4s""","=""a 5F""","=""1""","=""""","=""1.01105568""","=""""","=""0.00000012""","=""0.0209445""","=""-0.014""","="" 100                                                 ""","="""""
"=""3d7.(4F).4s""","=""a 3F""","=""4""","=""""","=""1.48486439""","=""""","=""0.00000012""","=""0.4738087""","=""1.254""","=""  98             :     1  3d6.4s2               3F2  ""","="""""
"=""3d7.(4F).4s""","=""a 3F""","=""3""","=""""","=""1.55735733""","=""""","=""0.00000012""","=""0.0724929""","=""1.086""","=""  98             :     1  3d6.4s2               3F2  ""","="""""
"=""3d7.(4F).4s""","=""a 3F""","=""2""","=""""","=""1.60789577""","=""""","=""0.00000012""","=""0.0505384""","=""0.670""","=""  98             :     1  3d6.4s2               3F2  ""","="""""
"=""3d7.(4P).4s""","=""a 5P""","=""3""","=""""","=""2.17594512""","=""""","=""0.00000012""","=""0.5680494""","=""1.666""","=""  99                                                 ""","="""""
"=""3d7.(4P).4s""","=""a 5P""","=""2""","=""""","=""2.19786640""","=""""","=""0.00000012""","=""0.0219213""","=""1.820""","=""  99                                                 ""","="""""
"=""3d7.(4P).4s""","=""a 5P""","=""1""","=""""","=""2.22271209""","=""""","=""0.00000012""","=""0.0248457""","=""2.499""","=""  99                                                 ""","="""""
"=""3d6.4s2""","=""a 3P2""","=""2""","=""""","=""2.27860466""","=""""","=""0.00000012""","=""0.0558926""","=""1.506""","=""  55             :    32  3d6.4s2               3P1  ""","="""""
"=""3d6.4s2""","=""a 3P2""","=""1""","=""""","=""2.42419831""","=""""","=""0.00000012""","=""0.1455936""","=""1.500""","=""  55             :    32  3d6.4s2               3P1  ""","="""""
"=""3d6.4s2""","=""a 3P2""","=""0""","=""""","=""2.48437256""","=""""","=""0.00000025""","=""0.0601743""","=""""","=""  55             :    32  3d6.4s2               3P1  ""","="""""
"=""3d6.(5D).4s.4p.(3P*)""","=""z 7D*""","=""5""","=""""","=""2.39920471""","=""""","=""0.00000012""","=""-0.0851679""","=""1.597""","=""  99                                                 ""","="""""
"=""3d6.(5D).4s.4p.(3P*)""","=""z 7D*""","=""4""","=""""","=""2.42543332""","=""""","=""0.00000012""","=""0.0262286""","=""1.642""","=""  98                                                 ""","="""""
"=""3d6.(5D).4s.4p.(3P*)""","=""z 7D*""","=""3""","=""""","=""2.44955978""","=""""","=""0.00000012""","=""0.0241265""","=""1.746""","=""  99                                                 ""","="""""
"=""3d6.(5D).4s.4p.(3P*)""","=""z 7D*""","=""2""","=""""","=""2.46883473""","=""""","=""0.00000012""","=""0.0192750""","=""2.008""","=""  99                                                 ""","="""""
"=""3d6.(5D).4s.4p.(3P*)""","=""z 7D*""","=""1""","=""""","=""2.48211840""","=""""","=""0.00000012""","=""0.0132837""","=""2.999""","="" 100                                                 ""","="""""
"=""3d6.4s2""","=""a 3H""","=""6""","=""""","=""2.40407444""","=""""","=""0.00000012""","=""-0.0780440""","=""1.163""","="" 100                                                 ""","="""""
"=""3d6.4s2""","=""a 3H""","=""5""","=""""","=""2.43269470""","=""""","=""0.00000012""","=""0.0286203""","=""1.038""","="" 100                                                 ""","="""""
"=""3d6.4s2""","=""a 3H""","=""4""","=""""","=""2.45343044""","=""""","=""0.00000012""","=""0.0207357""","=""0.811""","="" 100                                                 ""","="""""
"=""3d6.4s2""","=""b 3F2""","=""4""","=""""","=""2.55917148""","=""""","=""0.00000012""","=""0.1057410""","=""1.235""","=""  71             :    21  3d6.4s2               3F1  ""","="""""
"=""3d6.4s2""","=""b 3F2""","=""3""","=""""","=""2.58810592""","=""""","=""0.00000012""","=""0.0289344""","=""1.073""","=""  71             :    21  3d6.4s2               3F1  ""","="""""
"=""3d6.4s2""","=""b 3F2""","=""2""","=""""","=""2.60850194""","=""""","=""0.00000012""","=""0.0203960""","=""0.663""","=""  71             :    21  3d6.4s2               3F1  ""","="""""
"=""3d7.(2G).4s""","=""a 3G""","=""5""","=""""","=""2.69240763""","=""""","=""0.00000012""","=""0.0839057""","=""1.197""","=""  88             :    10  3d6.4s2               3G   ""","="""""
"=""3d7.(2G).4s""","=""a 3G""","=""4""","=""""","=""2.72754450""","=""""","=""0.00000012""","=""0.0351369""","=""1.051""","=""  88             :    10  3d6.4s2               3G   ""","="""""
"=""3d7.(2G).4s""","=""a 3G""","=""3""","=""""","=""2.75857762""","=""""","=""0.00000012""","=""0.0310331""","=""0.756""","=""  88             :    10  3d6.4s2               3G   ""","="""""
"=""3d6.(5D).4s.4p.(3P*)""","=""z 7F*""","=""6""","=""""","=""2.80829367""","=""""","=""0.00000012""","=""0.0497160""","=""1.498""","="" 100                                                 ""","="""""
"=""3d6.(5D).4s.4p.(3P*)""","=""z 7F*""","=""5""","=""""","=""2.83252676""","=""""","=""0.00000012""","=""0.0242331""","=""1.498""","=""  99                                                 ""","="""""
"=""3d6.(5D).4s.4p.(3P*)""","=""z 7F*""","=""4""","=""""","=""2.85122419""","=""""","=""0.00000012""","=""0.0186974""","=""1.493""","=""  99                                                 ""","="""""
"=""3d6.(5D).4s.4p.(3P*)""","=""z 7F*""","=""3""","=""""","=""2.86539125""","=""""","=""0.00000012""","=""0.0141671""","=""1.513""","=""  99                                                 ""","="""""
"=""3d6.(5D).4s.4p.(3P*)""","=""z 7F*""","=""2""","=""""","=""2.87550352""","=""""","=""0.00000012""","=""0.0101123""","=""1.504""","=""  99                                                 ""","="""""
"=""3d6.(5D).4s.4p.(3P*)""","=""z 7F*""","=""1""","=""""","=""2.88199261""","=""""","=""0.00000012""","=""0.0064891""","=""1.549""","="" 100                                                 ""","="""""
"=""3d6.(5D).4s.4p.(3P*)""","=""z 7F*""","=""0""","=""""","=""2.88515991""","=""""","=""0.00000025""","=""0.0031673""","=""""","="" 100                                                 ""","="""""
"=""3d7.(4P).4s""","=""b 3P""","=""2""","=""""","=""2.83159117""","=""""","=""0.00000012""","=""-0.0535687""","=""1.498""","=""  92             :     4  3d6.4s2               3P1  ""","="""""
"=""3d7.(4P).4s""","=""b 3P""","=""1""","=""""","=""2.84504259""","=""""","=""0.00000012""","=""0.0134514""","=""1.489""","=""  79             :    10  3d7.(2P).4s           3P   ""","="""""
"=""3d7.(4P).4s""","=""b 3P""","=""0""","=""""","=""2.85805275""","=""""","=""0.00000012""","=""0.0130102""","=""""","=""  79             :    12  3d7.(2P).4s           3P   ""","="""""
"=""3d6.(5D).4s.4p.(3P*)""","=""z 7P*""","=""4""","=""""","=""2.93984587""","=""""","=""0.00000012""","=""0.0817931""","=""1.747""","=""  98                                                 ""","="""""
"=""3d6.(5D).4s.4p.(3P*)""","=""z 7P*""","=""3""","=""""","=""2.99804479""","=""""","=""0.00000012""","=""0.0581989""","=""1.908""","=""  99                                                 ""","="""""
"=""3d6.(5D).4s.4p.(3P*)""","=""z 7P*""","=""2""","=""""","=""3.03847046""","=""""","=""0.00000012""","=""0.0404257""","=""2.333""","=""  98                                                 ""","="""""
"=""3d6.4s2""","=""b 3G""","=""5""","=""""","=""2.94879294""","=""""","=""0.00000012""","=""-0.0896775""","=""1.200""","=""  88             :    10  3d7.(2G).4s           3G   ""","="""""
"=""3d6.4s2""","=""b 3G""","=""4""","=""""","=""2.99035244""","=""""","=""0.00000012""","=""0.0415595""","=""1.048""","=""  88             :    10  3d7.(2G).4s           3G   ""","="""""
"=""3d6.4s2""","=""b 3G""","=""3""","=""""","=""3.01762252""","=""""","=""0.00000012""","=""0.0272701""","=""0.761""","=""  88             :    10  3d7.(2G).4s           3G   ""","="""""
"=""3d7.(2P).4s""","=""c 3P""","=""2""","=""""","=""3.01725044""","=""""","=""0.00000012""","=""-0.0003721""","=""1.484""","=""  90             :     4  3d7.(2D2).4s          3D   ""","="""""
"=""3d7.(2P).4s""","=""c 3P""","=""1""","=""""","=""3.07133880""","=""""","=""0.00000012""","=""0.0540884""","=""1.466""","=""  81             :     7  3d7.(4P).4s           3P   ""","="""""
"=""3d7.(2P).4s""","=""c 3P""","=""0""","=""""","=""3.11096179""","=""""","=""0.00000025""","=""0.0396230""","=""""","=""  79             :    12  3d7.(4P).4s           3P   ""","="""""
"=""3d7.(2G).4s""","=""a 1G""","=""4""","=""""","=""3.04686890""","=""""","=""0.00000012""","=""-0.0640929""","=""1.001""","=""  90             :     3  3d7.(2H).4s           3H   ""","="""""
"=""3d6.(5D).4s.4p.(3P*)""","=""z 5D*""","=""4""","=""""","=""3.21118938""","=""""","=""0.00000012""","=""0.1643205""","=""1.502""","=""  91             :     6  3d7.(4F).4p           5D*  ""","="""""
"=""3d6.(5D).4s.4p.(3P*)""","=""z 5D*""","=""3""","=""""","=""3.24096914""","=""""","=""0.00000012""","=""0.0297798""","=""1.500""","=""  91             :     6  3d7.(4F).4p           5D*  ""","="""""
"=""3d6.(5D).4s.4p.(3P*)""","=""z 5D*""","=""2""","=""""","=""3.26570610""","=""""","=""0.00000012""","=""0.0247370""","=""1.503""","=""  92             :     6  3d7.(4F).4p           5D*  ""","="""""
"=""3d6.(5D).4s.4p.(3P*)""","=""z 5D*""","=""1""","=""""","=""3.28302483""","=""""","=""0.00000012""","=""0.0173187""","=""1.495""","=""  92             :     6  3d7.(4F).4p           5D*  ""","="""""
"=""3d6.(5D).4s.4p.(3P*)""","=""z 5D*""","=""0""","=""""","=""3.29183986""","=""""","=""0.00000012""","=""0.0088150""","=""""","=""  93             :     5  3d7.(4F).4p           5D*  ""","="""""
"=""3d7.(2H).4s""","=""b 3H""","=""6""","=""""","=""3.23672008""","=""""","=""0.00000012""","=""-0.0551198""","=""1.165""","="" 100                                                 ""","="""""
"=""3d7.(2H).4s""","=""b 3H""","=""5""","=""""","=""3.26711257""","=""""","=""0.00000012""","=""0.0303925""","=""1.032""","=""  98             :     2  3d7.(2H).4s           1H   ""","="""""
"=""3d7.(2H).4s""","=""b 3H""","=""4""","=""""","=""3.30140276""","=""""","=""0.00000012""","=""0.0342902""","=""0.811""","=""  98             :     2  3d7.(2G).4s           1G   ""","="""""
"=""3d7.(2D2).4s""","=""a 3D""","=""3""","=""""","=""3.25148176""","=""""","=""0.00000012""","=""-0.0499210""","=""1.335""","=""  74             :     3  3d7.(2D1).4s          3D   ""","="""""
"=""3d7.(2D2).4s""","=""a 3D""","=""1""","=""""","=""3.27398440""","=""""","=""0.00000012""","=""0.0225026""","=""0.731""","=""  45             :    35  3d7.(2P).4s           1P   ""","="""""
"=""3d7.(2D2).4s""","=""a 3D""","=""2""","=""""","=""3.30092244""","=""""","=""0.00000012""","=""0.0269380""","=""1.178""","=""  67             :    18  3d7.(2D1).4s          3D   ""","="""""
"=""3d6.(5D).4s.4p.(3P*)""","=""z 5F*""","=""5""","=""""","=""3.33201954""","=""""","=""0.00000012""","=""0.0310971""","=""1.399""","=""  95             :     4  3d7.(4F).4p           5F*  ""","="""""
"=""3d6.(5D).4s.4p.(3P*)""","=""z 5F*""","=""4""","=""""","=""3.36825640""","=""""","=""0.00000012""","=""0.0362369""","=""1.355""","=""  94             :     4  3d7.(4F).4p           5F*  ""","="""""
"=""3d6.(5D).4s.4p.(3P*)""","=""z 5F*""","=""3""","=""""","=""3.39650880""","=""""","=""0.00000012""","=""0.0282524""","=""1.250""","=""  94             :     4  3d7.(4F).4p           5F*  ""","="""""
"=""3d6.(5D).4s.4p.(3P*)""","=""z 5F*""","=""2""","=""""","=""3.41695281""","=""""","=""0.00000012""","=""0.0204440""","=""1.004""","=""  95             :     4  3d7.(4F).4p           5F*  ""","="""""
"=""3d6.(5D).4s.4p.(3P*)""","=""z 5F*""","=""1""","=""""","=""3.43018998""","=""""","=""0.00000012""","=""0.0132372""","=""-0.012""","=""  95             :     4  3d7.(4F).4p           5F*  ""","="""""
"=""3d7.(2P).4s""","=""a 1P""","=""1""","=""""","=""3.41489715""","=""""","=""0.00000012""","=""-0.0152928""","=""0.817""","=""  62             :    23  3d7.(2D2).4s          3D   ""","="""""
"=""3d7.(2D2).4s""","=""a 1D""","=""2""","=""""","=""3.54652001""","=""""","=""0.00000012""","=""0.1316229""","=""1.028""","=""  64             :    16  3d7.(2D1).4s          1D   ""","="""""
"=""3d7.(2H).4s""","=""a 1H""","=""5""","=""""","=""3.57321890""","=""""","=""0.00000012""","=""0.0266989""","=""1.000""","=""  98                                                 ""","="""""
"=""3d6.(5D).4s.4p.(3P*)""","=""z 5P*""","=""3""","=""""","=""3.60252504""","=""""","=""0.00000012""","=""0.0293061""","=""1.657""","=""  98                                                 ""","="""""
"=""3d6.(5D).4s.4p.(3P*)""","=""z 5P*""","=""2""","=""""","=""3.65369332""","=""""","=""0.00000012""","=""0.0511683""","=""1.835""","=""  97                                                 ""","="""""
"=""3d6.(5D).4s.4p.(3P*)""","=""z 5P*""","=""1""","=""""","=""3.68638944""","=""""","=""0.00000012""","=""0.0326961""","=""2.487""","=""  97                                                 ""","="""""
"=""3d6.4s2""","=""a 1I""","=""6""","=""""","=""3.63434980""","=""""","=""0.00000012""","=""-0.0520396""","=""1.014""","="" 100                                                 ""","="""""
"=""3d6.4s2""","=""b 3D""","=""1""","=""""","=""3.63521992""","=""""","=""0.00000012""","=""0.0008701""","=""""","=""  88             :     8  3d7.(2D2).4s          3D   ""","="""""
"=""3d6.4s2""","=""b 3D""","=""2""","=""""","=""3.63977237""","=""""","=""0.00000012""","=""0.0045525""","=""""","=""  81             :     7  3d7.(2D2).4s          3D   ""","="""""
"=""3d6.4s2""","=""b 3D""","=""3""","=""""","=""3.64164057""","=""""","=""0.00000012""","=""0.0018682""","=""1.326""","=""  94             :     4  3d7.(2D2).4s          3D   ""","="""""
"=""3d6.4s2""","=""b 1G2""","=""4""","=""""","=""3.69459719""","=""""","=""0.00000012""","=""0.0529566""","=""0.979""","=""  62             :    35  3d6.4s2               1G1  ""","="""""
"=""3d6.(5D).4s.4p.(3P*)""","=""z 3F*""","=""4""","=""""","=""3.88160368""","=""""","=""0.00000012""","=""0.1870065""","=""1.250""","=""  94             :     5  3d7.(4F).4p           3F*  ""","="""""
"=""3d6.(5D).4s.4p.(3P*)""","=""z 3F*""","=""3""","=""""","=""3.94332623""","=""""","=""0.00000012""","=""0.0617225""","=""1.086""","=""  97                                                 ""","="""""
"=""3d6.(5D).4s.4p.(3P*)""","=""z 3F*""","=""2""","=""""","=""3.98410712""","=""""","=""0.00000012""","=""0.0407809""","=""0.682""","=""  93             :     5  3d7.(4F).4p           3F*  ""","="""""
"=""3d6.(5D).4s.4p.(3P*)""","=""z 3D*""","=""3""","=""""","=""3.88350907""","=""""","=""0.00000012""","=""-0.1005980""","=""1.321""","=""  90             :     8  3d7.(4F).4p           3D*  ""","="""""
"=""3d6.(5D).4s.4p.(3P*)""","=""z 3D*""","=""2""","=""""","=""3.92860683""","=""""","=""0.00000012""","=""0.0450978""","=""1.168""","=""  90             :     8  3d7.(4F).4p           3D*  ""","="""""
"=""3d6.(5D).4s.4p.(3P*)""","=""z 3D*""","=""1""","=""""","=""3.95972364""","=""""","=""0.00000012""","=""0.0311168""","=""0.513""","=""  91             :     8  3d7.(4F).4p           3D*  ""","="""""
"=""3d8""","=""c 3F""","=""4""","=""""","=""4.07581091""","=""""","=""0.00000012""","=""0.1160873""","=""1.264""","=""  92             :     3  3d7.(2F).4s           3F   ""","="""""
"=""3d8""","=""c 3F""","=""3""","=""""","=""4.14264893""","=""""","=""0.00000012""","=""0.0668380""","=""1.066""","=""  92             :     5  3d7.(2F).4s           3F   ""","="""""
"=""3d8""","=""c 3F""","=""2""","=""""","=""4.18636440""","=""""","=""0.00000012""","=""0.0437155""","=""0.677""","=""  86             :     6  3d7.(2F).4s           3F   ""","="""""
"=""3d7.(4F).4p""","=""y 5D*""","=""4""","=""""","=""4.10337372""","=""""","=""0.00000012""","=""-0.0829907""","=""1.496""","=""  61             :    34  3d6.(5D).4s.4p.(1P*)  5D*  ""","="""""
"=""3d7.(4F).4p""","=""y 5D*""","=""3""","=""""","=""4.15435379""","=""""","=""0.00000012""","=""0.0509801""","=""1.492""","=""  60             :    34  3d6.(5D).4s.4p.(1P*)  5D*  ""","="""""
"=""3d7.(4F).4p""","=""y 5D*""","=""2""","=""""","=""4.19086081""","=""""","=""0.00000012""","=""0.0365070""","=""1.495""","=""  56             :    34  3d6.(5D).4s.4p.(1P*)  5D*  ""","="""""
"=""3d7.(4F).4p""","=""y 5D*""","=""1""","=""""","=""4.21758325""","=""""","=""0.00000012""","=""0.0267224""","=""1.492""","=""  47             :    30  3d6.(5D).4s.4p.(3P*)  3P*  ""","="""""
"=""3d7.(4F).4p""","=""y 5D*""","=""0""","=""""","=""4.23053960""","=""""","=""0.00000012""","=""0.0129564""","=""""","=""  42             :    28  3d6.(5D).4s.4p.(3P*)  3P*  ""","="""""
"=""3d7.(4F).4p""","=""y 5F*""","=""5""","=""""","=""4.17769679""","=""""","=""0.00000012""","=""-0.0528428""","=""1.417""","=""  84             :    11  3d6.(5D).4s.4p.(1P*)  5F*  ""","="""""
"=""3d7.(4F).4p""","=""y 5F*""","=""4""","=""""","=""4.22036211""","=""""","=""0.00000012""","=""0.0426653""","=""1.344""","=""  81             :    12  3d6.(5D).4s.4p.(1P*)  5F*  ""","="""""
"=""3d7.(4F).4p""","=""y 5F*""","=""3""","=""""","=""4.25622280""","=""""","=""0.00000012""","=""0.0358607""","=""1.244""","=""  81             :    11  3d6.(5D).4s.4p.(1P*)  5F*  ""","="""""
"=""3d7.(4F).4p""","=""y 5F*""","=""2""","=""""","=""4.28330826""","=""""","=""0.00000012""","=""0.0270855""","=""0.998""","=""  82             :    13  3d6.(5D).4s.4p.(1P*)  5F*  ""","="""""
"=""3d7.(4F).4p""","=""y 5F*""","=""1""","=""""","=""4.30127816""","=""""","=""0.00000012""","=""0.0179699""","=""-0.016""","=""  84             :    12  3d6.(5D).4s.4p.(1P*)  5F*  ""","="""""
"=""3d6.(5D).4s.4p.(3P*)""","=""z 3P*""","=""2""","=""""","=""4.20888328""","=""""","=""0.00000012""","=""-0.0923949""","=""1.493""","=""  91             :     4  3d7.(4F).4p           5D*  ""","="""""
"=""3d6.(5D).4s.4p.(3P*)""","=""z 3P*""","=""1""","=""""","=""4.26045326""","=""""","=""0.00000012""","=""0.0515700""","=""1.496""","=""  50             :    30  3d7.(4F).4p           5D*  ""","="""""
"=""3d6.(5D).4s.4p.(3P*)""","=""z 3P*""","=""0""","=""""","=""4.28434800""","=""""","=""0.00000012""","=""0.0238947""","=""""","=""  69             :    18  3d7.(4F).4p           5D*  ""","="""""
"=""3d6.4s2""","=""b 1D2""","=""2""","=""""","=""4.29441489""","=""""","=""0.00000012""","=""0.0100669""","=""""","=""  67             :    20  3d6.4s2               1D1  ""","="""""
"=""3d7.(4F).4p""","=""z 5G*""","=""5""","=""""","=""4.31247059""","=""""","=""0.00000012""","=""0.0180557""","=""1.218""","=""  58             :    35  3d7.(4F).4p           3G*  ""","="""""
"=""3d7.(4F).4p""","=""z 5G*""","=""6""","=""""","=""4.32010008""","=""""","=""0.00000025""","=""0.0076295""","=""1.332""","=""  94             :     4  3d6.(3H).4s.4p.(3P*)  5G*  ""","="""""
"=""3d7.(4F).4p""","=""z 5G*""","=""4""","=""""","=""4.37135106""","=""""","=""0.00000012""","=""0.0512510""","=""1.103""","=""  75             :    16  3d7.(4F).4p           3G*  ""","="""""
"=""3d7.(4F).4p""","=""z 5G*""","=""3""","=""""","=""4.41527878""","=""""","=""0.00000012""","=""0.0439277""","=""0.887""","=""  86             :     6  3d7.(4F).4p           3G*  ""","="""""
"=""3d7.(4F).4p""","=""z 5G*""","=""2""","=""""","=""4.44562726""","=""""","=""0.00000012""","=""0.0303485""","=""0.335""","=""  92             :     5  3d6.(3H).4s.4p.(3P*)  5G*  ""","="""""
"=""3d7.(4F).4p""","=""z 3G*""","=""5""","=""""","=""4.38646275""","=""""","=""0.00000012""","=""-0.0591645""","=""1.248""","=""  61             :    33  3d7.(4F).4p           5G*  ""","="""""
"=""3d7.(4F).4p""","=""z 3G*""","=""4""","=""""","=""4.43461275""","=""""","=""0.00000012""","=""0.0481500""","=""1.100""","=""  78             :    16  3d7.(4F).4p           5G*  ""","="""""
"=""3d7.(4F).4p""","=""z 3G*""","=""3""","=""""","=""4.47327202""","=""""","=""0.00000012""","=""0.0386593""","=""0.791""","=""  89             :     6  3d7.(4F).4p           5G*  ""","="""""
"=""3d7.(4F).4p""","=""y 3F*""","=""4""","=""""","=""4.54850612""","=""""","=""0.00000012""","=""0.0752341""","=""1.246""","=""  86             :     5  3d6.(5D).4s.4p.(3P*)  3F*  ""","="""""
"=""3d7.(4F).4p""","=""y 3F*""","=""3""","=""""","=""4.60759327""","=""""","=""0.00000012""","=""0.0590871""","=""1.086""","=""  84             :     5  3d6.(5D).4s.4p.(3P*)  3F*  ""","="""""
"=""3d7.(4F).4p""","=""y 3F*""","=""2""","=""""","=""4.65203107""","=""""","=""0.00000012""","=""0.0444378""","=""0.688""","=""  87             :     5  3d6.(5D).4s.4p.(3P*)  3F*  ""","="""""
"=""3d6.(5D).4s.4p.(1P*)""","=""y 5P*""","=""3""","=""""","=""4.55852281""","=""""","=""0.00000012""","=""-0.0935083""","=""1.661""","=""  60             :    34  3d5.(6S).4s2.4p       5P*  ""","="""""
"=""3d6.(5D).4s.4p.(1P*)""","=""y 5P*""","=""2""","=""""","=""4.60695104""","=""""","=""0.00000012""","=""0.0484282""","=""1.836""","=""  60             :    35  3d5.(6S).4s2.4p       5P*  ""","="""""
"=""3d6.(5D).4s.4p.(1P*)""","=""y 5P*""","=""1""","=""""","=""4.63819369""","=""""","=""0.00000012""","=""0.0312426""","=""2.502""","=""  59             :    36  3d5.(6S).4s2.4p       5P*  ""","="""""
"=""3d7.(2F).4s""","=""d 3F""","=""2""","=""""","=""4.58004944""","=""""","=""0.00000012""","=""-0.0581442""","=""""","=""  92             :     6  3d8                   3F   ""","="""""
"=""3d7.(2F).4s""","=""d 3F""","=""3""","=""""","=""4.58438864""","=""""","=""0.00000012""","=""0.0043392""","=""""","=""  94             :     5  3d8                   3F   ""","="""""
"=""3d7.(2F).4s""","=""d 3F""","=""4""","=""""","=""4.59311043""","=""""","=""0.00000012""","=""0.0087218""","=""""","=""  96             :     3  3d8                   3F   ""","="""""
"=""3d7.(4F).4p""","=""y 3D*""","=""3""","=""""","=""4.73314079""","=""""","=""0.00000012""","=""0.1400304""","=""1.324""","=""  84             :     8  3d6.(5D).4s.4p.(3P*)  3D*  ""","="""""
"=""3d7.(4F).4p""","=""y 3D*""","=""2""","=""""","=""4.79546566""","=""""","=""0.00000012""","=""0.0623249""","=""1.151""","=""  85             :     7  3d6.(5D).4s.4p.(3P*)  3D*  ""","="""""
"=""3d7.(4F).4p""","=""y 3D*""","=""1""","=""""","=""4.83485507""","=""""","=""0.00000012""","=""0.0393894""","=""0.493""","=""  86             :     7  3d6.(5D).4s.4p.(3P*)  3D*  ""","="""""
"=""3d6.(5D).4s.4p.(1P*)""","=""x 5D*""","=""4""","=""""","=""4.91297355""","=""""","=""0.00000012""","=""0.0781185""","=""1.489""","=""  55             :    18  3d7.(4F).4p           5D*  ""","="""""
"=""3d6.(5D).4s.4p.(1P*)""","=""x 5D*""","=""3""","=""""","=""4.95563019""","=""""","=""0.00000012""","=""0.0426566""","=""1.504""","=""  54             :    19  3d7.(4F).4p           5D*  ""","="""""
"=""3d6.(5D).4s.4p.(1P*)""","=""x 5D*""","=""2""","=""""","=""4.98804995""","=""""","=""0.00000012""","=""0.0324198""","=""1.501""","=""  53             :    19  3d7.(4F).4p           5D*  ""","="""""
"=""3d6.(5D).4s.4p.(1P*)""","=""x 5D*""","=""1""","=""""","=""5.00952178""","=""""","=""0.00000012""","=""0.0214718""","=""1.498""","=""  53             :    20  3d7.(4F).4p           5D*  ""","="""""
"=""3d6.(5D).4s.4p.(1P*)""","=""x 5D*""","=""0""","=""""","=""5.02027939""","=""""","=""0.00000012""","=""0.0107576""","=""""","=""  53             :    20  3d7.(4F).4p           5D*  ""","="""""
"=""3d5.(6S).4s2.4p""","=""y 7P*""","=""2""","=""""","=""4.96581946""","=""""","=""0.00000012""","=""-0.0544599""","=""2.340""","=""  97                                                 ""","="""""
"=""3d5.(6S).4s2.4p""","=""y 7P*""","=""3""","=""""","=""4.98504395""","=""""","=""0.00000012""","=""0.0192245""","=""1.908""","=""  98                                                 ""","="""""
"=""3d5.(6S).4s2.4p""","=""y 7P*""","=""4""","=""""","=""5.01168158""","=""""","=""0.00000012""","=""0.0266376""","=""1.75?""","=""  91             :     7  3d6.(5D).4s.4p.(1P*)  5F*  ""","="""""
"=""3d6.(5D).4s.4p.(1P*)""","=""x 5F*""","=""5""","=""""","=""4.99127081""","=""""","=""0.00000012""","=""-0.0204108""","=""1.390""","=""  90             :     5  3d7.(4F).4p           5F*  ""","="""""
"=""3d6.(5D).4s.4p.(1P*)""","=""x 5F*""","=""4""","=""""","=""5.03306811""","=""""","=""0.00000012""","=""0.0417973""","=""1.328""","=""  82             :     5  3d7.(4F).4p           5F*  ""","="""""
"=""3d6.(5D).4s.4p.(1P*)""","=""x 5F*""","=""3""","=""""","=""5.06378173""","=""""","=""0.00000012""","=""0.0307136""","=""1.254""","=""  88             :     5  3d7.(4F).4p           5F*  ""","="""""
"=""3d6.(5D).4s.4p.(1P*)""","=""x 5F*""","=""2""","=""""","=""5.08559017""","=""""","=""0.00000012""","=""0.0218084""","=""0.998""","=""  88             :     5  3d7.(4F).4p           5F*  ""","="""""
"=""3d6.(5D).4s.4p.(1P*)""","=""x 5F*""","=""1""","=""""","=""5.09954435""","=""""","=""0.00000012""","=""0.0139542""","=""-0.006""","=""  88             :     5  3d7.(4F).4p           5F*  ""","="""""
"=""3d8""","=""3P""","=""2""","=""""","=""5.06740926""","=""""","=""0.00000012""","=""-0.0321351""","=""""","=""  85             :     6  3d6.4s2               3P2  ""","="""""
"=""3d8""","=""3P""","=""1""","=""""","=""5.10547240""","=""""","=""0.00000012""","=""0.0380631""","=""""","=""  85             :     8  3d6.4s2               3P2  ""","="""""
"=""3d8""","=""3P""","=""0""","=""""","=""5.11242705""","=""""","=""0.00000012""","=""0.0069546""","=""""","=""  83             :     8  3d6.4s2               3P2  ""","="""""
"=""3d6.(3P2).4s.4p.(3P*)""","=""z 5S*""","=""2""","=""""","=""5.07033256""","=""""","=""0.00000012""","=""-0.0420945""","=""1.985""","=""  59             :    36  3d7.(4P).4p           5S*  ""","="""""
"=""3d6.(3P2).4s.4p.(3P*)""","=""x 5P*""","=""3""","=""""","=""5.27338780""","=""""","=""0.00000012""","=""0.2030552""","=""1.650""","=""  86             :     5  3d7.(4P).4p           5P*  ""","="""""
"=""3d6.(3P2).4s.4p.(3P*)""","=""x 5P*""","=""2""","=""""","=""5.31393522""","=""""","=""0.00000025""","=""0.0405474""","=""1.822""","=""  76             :    10  3d7.(4P).4p           5S*  ""","="""""
"=""3d6.(3P2).4s.4p.(3P*)""","=""x 5P*""","=""1""","=""""","=""5.34111814""","=""""","=""0.00000025""","=""0.0271829""","=""2.464""","=""  85             :     7  3d7.(4P).4p           5P*  ""","="""""
"=""3d6.(3H).4s.4p.(3P*)""","=""y 5G*""","=""6""","=""""","=""5.30458359""","=""""","=""0.00000025""","=""-0.0365345""","=""1.342""","=""  60             :    30  3d6.(3F2).4s.4p.(3P*) 5G*  ""","="""""
"=""3d6.(3H).4s.4p.(3P*)""","=""y 5G*""","=""5""","=""""","=""5.32039963""","=""""","=""0.00000012""","=""0.0158160""","=""1.203""","=""  53             :    33  3d6.(3F2).4s.4p.(3P*) 5G*  ""","="""""
"=""3d6.(3H).4s.4p.(3P*)""","=""y 5G*""","=""4""","=""""","=""5.33417031""","=""""","=""0.00000025""","=""0.0137707""","=""1.024""","=""  44             :    37  3d6.(3F2).4s.4p.(3P*) 5G*  ""","="""""
"=""3d6.(3H).4s.4p.(3P*)""","=""y 5G*""","=""3""","=""""","=""5.34836675""","=""""","=""0.00000012""","=""0.0141964""","=""0.905""","=""  38             :    22  3d6.(3F2).4s.4p.(3P*) 5G*  ""","="""""
"=""3d6.(3H).4s.4p.(3P*)""","=""y 5G*""","=""2""","=""""","=""5.35736031""","=""""","=""0.00000025""","=""0.0089936""","=""0.331""","=""  46             :    45  3d6.(3F2).4s.4p.(3P*) 5G*  ""","="""""
"=""3d6.(5D).4s (6D).5s""","=""e 7D""","=""5""","=""""","=""5.30848946""","=""""","=""0.00000012""","=""-0.0488709""","=""1.585""","=""                                                     ""","="""""
"=""3d6.(5D).4s (6D).5s""","=""e 7D""","=""4""","=""""","=""5.35157038""","=""""","=""0.00000012""","=""0.0430809""","=""1.655""","=""                                                     ""","="""""
"=""3d6.(5D).4s (6D).5s""","=""e 7D""","=""3""","=""""","=""5.38520741""","=""""","=""0.00000012""","=""0.0336370""","=""1.755""","=""                                                     ""","="""""
"=""3d6.(5D).4s (6D).5s""","=""e 7D""","=""2""","=""""","=""5.40986861""","=""""","=""0.00000012""","=""0.0246612""","=""2.009""","=""                                                     ""","="""""
"=""3d6.(5D).4s (6D).5s""","=""e 7D""","=""1""","=""""","=""5.42604198""","=""""","=""0.00000012""","=""0.0161734""","=""3.002""","=""                                                     ""","="""""
"=""3d6.(3H).4s.4p.(3P*)""","=""z 5I*""","=""6""","=""""","=""5.31940082""","=""""","=""0.00000025""","=""-0.1066412""","=""""","=""                                                     ""","="""""
"=""3d6.(3H).4s.4p.(3P*)""","=""z 5I*""","=""4""","=""""","=""5.3862090""","=""""","=""0.0000004""","=""0.0668082""","=""""","=""                                                     ""","="""""
"=""3d6.(3H).4s.4p.(3P*)""","=""z 5I*""","=""5""","=""""","=""5.38836827""","=""""","=""0.00000025""","=""0.0021593""","=""""","=""                                                     ""","="""""
"=""3d6.(3H).4s.4p.(3P*)""","=""z 5H*""","=""5""","=""""","=""5.33029109""","=""""","=""0.00000025""","=""-0.0580772""","=""1.054""","=""  65             :    27  3d6.(3H).4s.4p.(3P*)  5I*  ""","="""""
"=""3d6.(3H).4s.4p.(3P*)""","=""z 5H*""","=""4""","=""""","=""5.34482452""","=""""","=""0.00000012""","=""0.0145334""","=""0.871""","=""  67             :    17  3d6.(3H).4s.4p.(3P*)  5I*  ""","="""""
"=""3d6.(3H).4s.4p.(3P*)""","=""z 5H*""","=""6""","=""""","=""5.3711314""","=""?""","=""0.0000006""","=""0.0263069""","=""""","=""  64             :    30  3d6.(3H).4s.4p.(3P*)  5I*  ""","="""""
"=""3d6.(3H).4s.4p.(3P*)""","=""z 5H*""","=""3""","=""""","=""5.37173492""","=""""","=""0.00000025""","=""0.0006035""","=""0.509""","=""  48             :    26  3d6.(3H).4s.4p.(3P*)  5G*  ""","="""""
"=""3d6.(3P2).4s.4p.(3P*)""","=""w 5D*""","=""4""","=""""","=""5.39325126""","=""""","=""0.00000012""","=""0.0215163""","=""1.492""","=""  51             :    34  3d6.(3F2).4s.4p.(3P*) 5D*  ""","="""""
"=""3d6.(3P2).4s.4p.(3P*)""","=""w 5D*""","=""3""","=""""","=""5.44571679""","=""""","=""0.00000012""","=""0.0524655""","=""1.481""","=""  35             :    28  3d6.(3F2).4s.4p.(3P*) 5D*  ""","="""""
"=""3d6.(3P2).4s.4p.(3P*)""","=""w 5D*""","=""2""","=""""","=""5.47807170""","=""""","=""0.00000012""","=""0.0323549""","=""1.533""","=""  44             :    22  3d6.(3F2).4s.4p.(3P*) 5D*  ""","="""""
"=""3d6.(3P2).4s.4p.(3P*)""","=""w 5D*""","=""1""","=""""","=""5.50628207""","=""""","=""0.00000012""","=""0.0282104""","=""1.315""","=""  48             :    19  3d6.(3F2).4s.4p.(3P*) 5D*  ""","="""""
"=""3d6.(3P2).4s.4p.(3P*)""","=""w 5D*""","=""0""","=""""","=""5.51220530""","=""""","=""0.00000012""","=""0.0059232""","=""""","=""  45             :    19  3d6.(3F2).4s.4p.(3P*) 5D*  ""","="""""
"=""3d6.(3F2).4s.4p.(3P*)""","=""v 5D*""","=""4""","=""""","=""5.45809748""","=""""","=""0.00000012""","=""-0.0541078""","=""1.444""","=""  42             :    23  3d6.(3P2).4s.4p.(3P*) 5D*  ""","="""""
"=""3d6.(3F2).4s.4p.(3P*)""","=""v 5D*""","=""3""","=""""","=""5.47591165""","=""""","=""0.00000012""","=""0.0178142""","=""1.351""","=""  39             :    28  3d6.(3P2).4s.4p.(3P*) 5D*  ""","="""""
"=""3d6.(3F2).4s.4p.(3P*)""","=""v 5D*""","=""2""","=""""","=""5.53763954""","=""""","=""0.00000012""","=""0.0617279""","=""1.378""","=""  41             :    29  3d6.(3P2).4s.4p.(3P*) 5D*  ""","="""""
"=""3d6.(3F2).4s.4p.(3P*)""","=""v 5D*""","=""1""","=""""","=""5.54962521""","=""""","=""0.00000012""","=""0.0119857""","=""1.389""","=""  40             :    28  3d6.(3P2).4s.4p.(3P*) 5D*  ""","="""""
"=""3d6.(3F2).4s.4p.(3P*)""","=""v 5D*""","=""0""","=""""","=""5.55782726""","=""""","=""0.00000025""","=""0.0082020""","=""""","=""  60             :    25  3d6.(3P2).4s.4p.(3P*) 5D*  ""","="""""
"=""3d6.(3F2).4s.4p.(3P*)""","=""w 5F*""","=""5""","=""""","=""5.48551782""","=""""","=""0.00000025""","=""-0.0723094""","=""1.382""","=""  84             :     4  3d6.(3D).4s.4p.(3P*)  5F*  ""","="""""
"=""3d6.(3F2).4s.4p.(3P*)""","=""w 5F*""","=""2""","=""""","=""5.49069652""","=""""","=""0.00000025""","=""0.0051787""","=""1.117""","=""  59             :    10  3d6.(3F2).4s.4p.(3P*) 5D*  ""","="""""
"=""3d6.(3F2).4s.4p.(3P*)""","=""w 5F*""","=""1""","=""""","=""5.50221316""","=""""","=""0.00000025""","=""0.0115166""","=""0.283""","=""  81             :     6  3d6.(3D).4s.4p.(3P*)  5F*  ""","="""""
"=""3d6.(3F2).4s.4p.(3P*)""","=""w 5F*""","=""4""","=""""","=""5.50676735""","=""""","=""0.00000012""","=""0.0045542""","=""1.401""","=""  62             :    18  3d6.(3F2).4s.4p.(3P*) 5D*  ""","="""""
"=""3d6.(3F2).4s.4p.(3P*)""","=""w 5F*""","=""3""","=""""","=""5.52366156""","=""""","=""0.00000025""","=""0.0168942""","=""1.386""","=""  45             :    26  3d6.(3F2).4s.4p.(3P*) 5D*  ""","="""""
"=""3d7.(4P).4p""","=""y 5S*""","=""2""","=""""","=""5.51876133""","=""""","=""0.00000012""","=""-0.0049002""","=""1.888""","=""  38             :    32  3d6.(3P2).4s.4p.(3P*) 5S*  ""","="""""
"=""3d6.(5D).4s (6D).5s""","=""e 5D""","=""4""","=""""","=""5.53924278""","=""""","=""0.00000012""","=""0.0204815""","=""1.502""","=""                                                     ""","="""""
"=""3d6.(5D).4s (6D).5s""","=""e 5D""","=""3""","=""""","=""5.58689276""","=""""","=""0.00000012""","=""0.0476500""","=""1.508""","=""                                                     ""","="""""
"=""3d6.(5D).4s (6D).5s""","=""e 5D""","=""2""","=""""","=""5.62068415""","=""""","=""0.00000012""","=""0.0337914""","=""1.503""","=""                                                     ""","="""""
"=""3d6.(5D).4s (6D).5s""","=""e 5D""","=""1""","=""""","=""5.64241573""","=""""","=""0.00000012""","=""0.0217316""","=""1.518""","=""                                                     ""","="""""
"=""3d6.(5D).4s (6D).5s""","=""e 5D""","=""0""","=""""","=""5.65307019""","=""""","=""0.00000012""","=""0.0106545""","=""""","=""                                                     ""","="""""
"=""3d6.(3P2).4s.4p.(3P*)""","=""x 3D*""","=""3""","=""""","=""5.60664989""","=""""","=""0.00000012""","=""-0.0464203""","=""1.352""","=""  29  3D*        :    29  3d6.(3P2).4s.4p.(3P*) 5D*  ""","="""""
"=""3d6.(3P2).4s.4p.(3P*)""","=""x 3D*""","=""2""","=""""","=""5.61423177""","=""""","=""0.00000012""","=""0.0075819""","=""1.200""","=""  33  5D*        :    31  3d6.(3P2).4s.4p.(3P*) 3D*  ""","="""""
"=""3d6.(3P2).4s.4p.(3P*)""","=""x 3D*""","=""1""","=""""","=""5.64769932""","=""""","=""0.00000012""","=""0.0334676""","=""0.556""","=""  32  5D*        :    30  3d6.(3P2).4s.4p.(3P*) 3D*  ""","="""""
"=""3d6.(3H).4s.4p.(3P*)""","=""y 3G*""","=""5""","=""""","=""5.61584517""","=""""","=""0.00000012""","=""-0.0318542""","=""1.207""","=""  57             :    21  3d7.(2G).4p           3G*  ""","="""""
"=""3d6.(3H).4s.4p.(3P*)""","=""y 3G*""","=""4""","=""""","=""5.63240401""","=""""","=""0.00000012""","=""0.0165588""","=""1.053""","=""  55             :    20  3d7.(2G).4p           3G*  ""","="""""
"=""3d6.(3H).4s.4p.(3P*)""","=""y 3G*""","=""3""","=""""","=""5.64908881""","=""""","=""0.00000012""","=""0.0166848""","=""0.765""","=""  54             :    19  3d7.(2G).4p           3G*  ""","="""""
"=""3d6.(3F2).4s.4p.(3P*)""","=""x 5G*""","=""6""","=""""","=""5.65471608""","=""""","=""0.00000025""","=""0.0056273""","=""1.336""","=""  65             :    30  3d6.(3H).4s.4p.(3P*)  5G*  ""","="""""
"=""3d6.(3F2).4s.4p.(3P*)""","=""x 5G*""","=""5""","=""""","=""5.66931758""","=""""","=""0.00000012""","=""0.0146015""","=""1.269""","=""  60             :    32  3d6.(3H).4s.4p.(3P*)  5G*  ""","="""""
"=""3d6.(3F2).4s.4p.(3P*)""","=""x 5G*""","=""4""","=""""","=""5.68259542""","=""""","=""0.00000025""","=""0.0132778""","=""1.158""","=""  55             :    36  3d6.(3H).4s.4p.(3P*)  5G*  ""","="""""
"=""3d6.(3F2).4s.4p.(3P*)""","=""x 5G*""","=""3""","=""""","=""5.6925481""","=""""","=""0.0000004""","=""0.0099527""","=""0.928""","=""  53             :    40  3d6.(3H).4s.4p.(3P*)  5G*  ""","="""""
"=""3d6.(3F2).4s.4p.(3P*)""","=""x 5G*""","=""2""","=""""","=""5.69892835""","=""""","=""0.00000025""","=""0.0063803""","=""0.323""","=""  52             :    45  3d6.(3H).4s.4p.(3P*)  5G*  ""","="""""
"=""3d6.(3H).4s.4p.(3P*)""","=""z 3I*""","=""7""","=""""","=""5.70054647""","=""""","=""0.00000025""","=""0.0016181""","=""1.149""","=""  93             :     3  3d7.(2H).4p           3I*  ""","="""""
"=""3d6.(3H).4s.4p.(3P*)""","=""z 3I*""","=""6""","=""""","=""5.70661711""","=""""","=""0.00000025""","=""0.0060706""","=""1.040""","=""  91             :     3  3d7.(2H).4p           3I*  ""","="""""
"=""3d6.(3H).4s.4p.(3P*)""","=""z 3I*""","=""5""","=""""","=""5.72011266""","=""""","=""0.00000025""","=""0.0134956""","=""0.833""","=""  94             :     4  3d7.(2H).4p           3I*  ""","="""""
"=""3d7.(4P).4p""","=""w 5P*""","=""3""","=""""","=""5.72027099""","=""""","=""0.00000012""","=""0.0001583""","=""1.658""","=""  45             :    35  3d5.(6S).4s2.4p       5P*  ""","="""""
"=""3d7.(4P).4p""","=""w 5P*""","=""2""","=""""","=""5.74214676""","=""""","=""0.00000012""","=""0.0218758""","=""1.822""","=""  41             :    31  3d5.(6S).4s2.4p       5P*  ""","="""""
"=""3d7.(4P).4p""","=""w 5P*""","=""1""","=""""","=""5.75415389""","=""""","=""0.00000025""","=""0.0120071""","=""2.436""","=""  38             :    20  3d5.(6S).4s2.4p       5P*  ""","="""""
"=""3d6.(3P2).4s.4p.(3P*)""","=""z 3S*""","=""1""","=""""","=""5.77776507""","=""""","=""0.00000012""","=""0.0236112""","=""1.888""","=""  49             :    14  3d7.(2P).4p           3S*  ""","="""""
"=""3d6.(3P2).4s.4p.(3P*)""","=""y 3P*""","=""0""","=""""","=""5.7866575""","=""""","=""0.0000004""","=""0.0088924""","=""""","=""  37             :    24  3d7.(4P).4p           3P*  ""","="""""
"=""3d6.(3P2).4s.4p.(3P*)""","=""y 3P*""","=""2""","=""""","=""5.79341882""","=""""","=""0.00000012""","=""0.0067613""","=""1.444""","=""  32             :    36  3d7.(4P).4p           3P*  ""","="""""
"=""3d6.(3P2).4s.4p.(3P*)""","=""y 3P*""","=""1""","=""""","=""5.81508605""","=""""","=""0.00000012""","=""0.0216672""","=""1.600""","=""  31             :    21  3d7.(4P).4p           3P*  ""","="""""
"=""3d7.(4P).4p""","=""u 5D*""","=""4""","=""""","=""5.79264615""","=""""","=""0.00000012""","=""-0.0224399""","=""1.341""","=""  50             :    17  3d6.(3F2).4s.4p.(3P*) 5D*  ""","="""""
"=""3d7.(4P).4p""","=""u 5D*""","=""3""","=""""","=""5.79564049""","=""""","=""0.00000012""","=""0.0029943""","=""1.397""","=""  54             :    14  3d6.(3F2).4s.4p.(3P*) 5D*  ""","="""""
"=""3d7.(4P).4p""","=""u 5D*""","=""2""","=""""","=""5.81343520""","=""""","=""0.00000012""","=""0.0177947""","=""1.260""","=""  51             :    15  3d6.(3F2).4s.4p.(3P*) 3D*  ""","="""""
"=""3d7.(4P).4p""","=""u 5D*""","=""0""","=""""","=""5.84852446""","=""""","=""0.00000025""","=""0.0350893""","=""""","=""  52             :    20  3d6.(3F2).4s.4p.(3P*) 5D*  ""","="""""
"=""3d7.(4P).4p""","=""u 5D*""","=""1""","=""""","=""5.84923154""","=""""","=""0.00000012""","=""0.0007071""","=""1.410""","=""  55             :    21  3d6.(3F2).4s.4p.(3P*) 5D*  ""","="""""
"=""3d6.(3F2).4s.4p.(3P*)""","=""x 3F*""","=""4""","=""""","=""5.81351269""","=""""","=""0.00000012""","=""-0.0357189""","=""1.344""","=""  38             :    17  3d7.(2G).4p           3F*  ""","="""""
"=""3d6.(3F2).4s.4p.(3P*)""","=""x 3F*""","=""3""","=""""","=""5.83875215""","=""""","=""0.00000012""","=""0.0252395""","=""1.159""","=""  51             :    25  3d7.(2G).4p           3G*  ""","="""""
"=""3d6.(3F2).4s.4p.(3P*)""","=""x 3F*""","=""2""","=""""","=""5.85168345""","=""""","=""0.00000012""","=""0.0129313""","=""0.743""","=""  41             :    24  3d6.(3G).4s.4p.(3P*)  5G*  ""","="""""
"=""3d6.(3H).4s.4p.(3P*)""","=""z 3H*""","=""6""","=""""","=""5.82506529""","=""""","=""0.00000025""","=""-0.0266182""","=""1.200""","=""  36             :    37  3d7.(2G).4p           3H*  ""","="""""
"=""3d6.(3H).4s.4p.(3P*)""","=""z 3H*""","=""5""","=""""","=""5.82829520""","=""""","=""0.00000012""","=""0.0032299""","=""1.060""","=""  34             :    36  3d7.(2G).4p           3H*  ""","="""""
"=""3d6.(3H).4s.4p.(3P*)""","=""z 3H*""","=""4""","=""""","=""5.84045966""","=""""","=""0.00000012""","=""0.0121645""","=""0.880""","=""  31             :    18  3d7.(2G).4p           3H*  ""","="""""
"=""3d7.(4F).5s""","=""e 5F""","=""5""","=""""","=""5.82793998""","=""""","=""0.00000012""","=""-0.0125197""","=""1.421""","=""                                                     ""","="""""
"=""3d7.(4F).5s""","=""e 5F""","=""4""","=""""","=""5.87411777""","=""""","=""0.00000012""","=""0.0461778""","=""1.331""","=""                                                     ""","="""""
"=""3d7.(4F).5s""","=""e 5F""","=""3""","=""""","=""5.92093198""","=""""","=""0.00000012""","=""0.0468142""","=""1.236""","=""                                                     ""","="""""
"=""3d7.(4F).5s""","=""e 5F""","=""2""","=""""","=""5.95578840""","=""""","=""0.00000012""","=""0.0348564""","=""0.991""","=""                                                     ""","="""""
"=""3d7.(4F).5s""","=""e 5F""","=""1""","=""""","=""5.97868220""","=""""","=""0.00000012""","=""0.0228938""","=""0.007""","=""                                                     ""","="""""
"=""3d7.(4P).4p""","=""w 3D*""","=""3""","=""""","=""5.82938837""","=""""","=""0.00000012""","=""-0.1492938""","=""1.346""","=""  54             :    18  3d6.(3F2).4s.4p.(3P*) 3D*  ""","="""""
"=""3d7.(4P).4p""","=""w 3D*""","=""2""","=""""","=""5.84412959""","=""""","=""0.00000012""","=""0.0147412""","=""1.216""","=""  53             :    19  3d6.(3F2).4s.4p.(3P*) 5D*  ""","="""""
"=""3d7.(4P).4p""","=""w 3D*""","=""1""","=""""","=""5.86098438""","=""""","=""0.00000012""","=""0.0168548""","=""0.767""","=""  47             :    20  3d6.(3F2).4s.4p.(3P*) 3D*  ""","="""""
"=""3d6.(3G).4s.4p.(3P*)""","=""w 5G*""","=""6""","=""""","=""5.87231021""","=""""","=""0.00000025""","=""0.0113258""","=""1.306""","=""  78             :    11  3d7.(2G).4p           3H*  ""","="""""
"=""3d6.(3G).4s.4p.(3P*)""","=""w 5G*""","=""5""","=""""","=""5.87935896""","=""""","=""0.00000012""","=""0.0070488""","=""1.305""","=""  73             :     7  3d6.(3G).4s.4p.(3P*)  5F*  ""","="""""
"=""3d6.(3G).4s.4p.(3P*)""","=""w 5G*""","=""4""","=""""","=""5.90041395""","=""""","=""0.00000012""","=""0.0210550""","=""1.145""","=""  73             :    10  3d6.(3F2).4s.4p.(1P*) 3G*  ""","="""""
"=""3d6.(3G).4s.4p.(3P*)""","=""w 5G*""","=""3""","=""""","=""5.91320801""","=""""","=""0.00000012""","=""0.0127941""","=""0.931""","=""  42             :    18  3d6.(3F2).4s.4p.(1P*) 3G*  ""","="""""
"=""3d6.(3G).4s.4p.(3P*)""","=""w 5G*""","=""2""","=""""","=""5.93030716""","=""""","=""0.00000012""","=""0.0170991""","=""0.472""","=""  65             :    16  3d7.(2G).4p           3F*  ""","="""""
"=""3d6.(3P2).4s.4p.(3P*)""","=""1D*""","=""2""","=""""","=""5.87929188""","=""""","=""0.00000012""","=""-0.0510153""","=""1.137""","=""  36             :    12  3d7.(2P).4p           1D*  ""","="""""
"=""3d7.(2G).4p""","=""z 1G*""","=""4""","=""""","=""5.88338708""","=""""","=""0.00000012""","=""0.0040952""","=""1.025""","=""  31             :    23  3d6.(3H).4s.4p.(3P*)  1G*  ""","="""""
"=""3d7.(4P).4p""","=""y 3S*""","=""1""","=""""","=""5.89614419""","=""""","=""0.00000012""","=""0.0127571""","=""1.884""","=""  60             :     9  3d7.(4P).4p           3D*  ""","="""""
"=""3d6.(3G).4s.4p.(3P*)""","=""v 5F*""","=""5""","=""""","=""5.90240588""","=""""","=""0.00000012""","=""0.0062617""","=""1.317""","=""  61             :    11  3d6.(3G).4s.4p.(3P*)  5H*  ""","="""""
"=""3d6.(3G).4s.4p.(3P*)""","=""v 5F*""","=""4""","=""""","=""5.94256226""","=""""","=""0.00000012""","=""0.0401564""","=""1.264""","=""  55             :    20  3d6.(3G).4s.4p.(3P*)  5H*  ""","="""""
"=""3d6.(3G).4s.4p.(3P*)""","=""v 5F*""","=""3""","=""""","=""5.96648265""","=""""","=""0.00000012""","=""0.0239204""","=""1.236""","=""  70             :     7  3d6.(3D).4s.4p.(3P*)  5F*  ""","="""""
"=""3d6.(3G).4s.4p.(3P*)""","=""v 5F*""","=""2""","=""""","=""5.98085478""","=""""","=""0.00000012""","=""0.0143721""","=""1.267""","=""  74             :     7  3d6.(3D).4s.4p.(3P*)  5F*  ""","="""""
"=""3d6.(3G).4s.4p.(3P*)""","=""v 5F*""","=""1""","=""""","=""5.99471113""","=""""","=""0.00000012""","=""0.0138564""","=""0.230""","=""  70             :     7  3d6.(3D).4s.4p.(3P*)  5F*  ""","="""""
"=""3d6.(3F2).4s.4p.(3P*)""","=""x 3G*""","=""4""","=""""","=""5.92794713""","=""""","=""0.00000012""","=""-0.0667640""","=""1.061""","=""  51             :    22  3d6.(3G).4s.4p.(3P*)  5H*  ""","="""""
"=""3d6.(3F2).4s.4p.(3P*)""","=""x 3G*""","=""3""","=""""","=""5.93068755""","=""""","=""0.00000025""","=""0.0027404""","=""0.668""","=""  39             :    37  3d6.(3G).4s.4p.(3P*)  5G*  ""","="""""
"=""3d6.(3F2).4s.4p.(3P*)""","=""x 3G*""","=""5""","=""""","=""5.93072834""","=""""","=""0.00000012""","=""0.0000408""","=""1.203""","=""  49             :    18  3d6.(3G).4s.4p.(3P*)  5H*  ""","="""""
"=""3d6.(3G).4s.4p.(3P*)""","=""y 5H*""","=""6""","=""""","=""5.93328155""","=""""","=""0.00000025""","=""0.0025532""","=""""","=""                                                     ""","="""""
"=""3d6.(3G).4s.4p.(3P*)""","=""y 5H*""","=""5""","=""""","=""5.97991659""","=""""","=""0.00000012""","=""0.0466350""","=""1.27?""","=""  67             :    10  3d6.(3F2).4s.4p.(3P*) 3G*  ""","="""""
"=""3d6.(3G).4s.4p.(3P*)""","=""y 5H*""","=""4""","=""""","=""5.99610917""","=""""","=""0.00000012""","=""0.0161926""","=""0.934""","=""  44             :    18  3d6.(3F2).4s.4p.(3P*) 3G*  ""","="""""
"=""3d6.(3G).4s.4p.(3P*)""","=""y 5H*""","=""3""","=""""","=""6.01021907""","=""""","=""0.00000025""","=""0.0141099""","=""0.584""","=""  54             :    31  3d6.(3F2).4s.4p.(3P*) 3G*  ""","="""""
"=""3d7.(4F).5s""","=""e 3F""","=""4""","=""""","=""5.94639870""","=""""","=""0.00000012""","=""-0.0638204""","=""1.288""","=""                                                     ""","="""""
"=""3d7.(4F).5s""","=""e 3F""","=""3""","=""""","=""6.01718438""","=""""","=""0.00000012""","=""0.0707857""","=""1.107""","=""                                                     ""","="""""
"=""3d7.(4F).5s""","=""e 3F""","=""2""","=""""","=""6.06634697""","=""""","=""0.00000012""","=""0.0491626""","=""0.622""","=""                                                     ""","="""""
"=""3d5.(6S).4s2.4p""","=""v 5P*""","=""3""","=""""","=""5.94709859""","=""""","=""0.00000012""","=""-0.1192484""","=""1.646""","=""                                                     ""","="""""
"=""3d5.(6S).4s2.4p""","=""v 5P*""","=""2""","=""""","=""5.97150625""","=""""","=""0.00000012""","=""0.0244077""","=""1.740""","=""                                                     ""","="""""
"=""3d5.(6S).4s2.4p""","=""v 5P*""","=""1""","=""""","=""5.98718095""","=""""","=""0.00000012""","=""0.0156747""","=""2.213""","=""                                                     ""","="""""
"=""3d6.(3H).4s.4p.(3P*)""","=""1I*""","=""6""","=""""","=""5.96342830""","=""""","=""0.00000012""","=""-0.0237526""","=""""","=""                                                     ""","="""""
"=""3d7.(4P).4p""","=""x 3P*""","=""2""","=""""","=""5.98901244""","=""""","=""0.00000012""","=""0.0255841""","=""1.263""","=""  36             :    21  3d7.(2P).4p           3P*  ""","="""""
"=""3d7.(4P).4p""","=""x 3P*""","=""0""","=""""","=""6.00828827""","=""""","=""0.00000025""","=""0.0192758""","=""""","=""  42             :    23  3d7.(2P).4p           3P*  ""","="""""
"=""3d7.(4P).4p""","=""x 3P*""","=""1""","=""""","=""6.01523448""","=""""","=""0.00000012""","=""0.0069462""","=""1.547""","=""  39             :    18  3d7.(2P).4p           3P*  ""","="""""
"=""3d7.(2G).4p""","=""z 1H*""","=""5""","=""""","=""5.99867825""","=""""","=""0.00000012""","=""-0.0165562""","=""1.018""","=""  68             :    10  3d6.(3H).4s.4p.(3P*)  1H*  ""","="""""
"=""3d6.(3H).4s.4p.(3P*)""","=""y 1G*""","=""4""","=""""","=""6.03834476""","=""""","=""0.00000012""","=""0.0396665""","=""1.063""","=""  36             :    20  3d7.(2G).4p           1G*  ""","="""""
"=""3d7.(2G).4p""","=""w 3F*""","=""4""","=""""","=""6.08872711""","=""""","=""0.00000012""","=""0.0503823""","=""1.181""","=""  39             :    26  3d6.(3F2).4s.4p.(3P*) 3F*  ""","="""""
"=""3d7.(2G).4p""","=""w 3F*""","=""3""","=""""","=""6.10533975""","=""""","=""0.00000012""","=""0.0166126""","=""1.165""","=""  37             :    25  3d6.(3F2).4s.4p.(3P*) 3F*  ""","="""""
"=""3d7.(2G).4p""","=""w 3F*""","=""2""","=""""","=""6.12892712""","=""""","=""0.00000025""","=""0.0235874""","=""0.677""","=""  50             :    21  3d6.(3F2).4s.4p.(3P*) 3F*  ""","="""""
"=""3d6.(3F2).4s.4p.(3P*)""","=""v 3D*""","=""3""","=""""","=""6.09196644""","=""""","=""0.00000012""","=""-0.0369607""","=""1.211""","=""  31  3D*        :    19  3d7.(2G).4p           3F*  ""","="""""
"=""3d6.(3F2).4s.4p.(3P*)""","=""v 3D*""","=""2""","=""""","=""6.10530689""","=""""","=""0.00000012""","=""0.0133404""","=""0.954""","=""  52             :    12  3d7.(2P).4p           3D*  ""","="""""
"=""3d6.(3F2).4s.4p.(3P*)""","=""v 3D*""","=""1""","=""""","=""6.11212776""","=""""","=""0.00000025""","=""0.0068209""","=""0.562""","=""  47             :    13  3d7.(2P).4p           3D*  ""","="""""
"=""3d6.(5D).4s (6D).5p""","=""n 7D*""","=""5""","=""""","=""6.11891044""","=""""","=""0.00000012""","=""0.0067827""","=""""","=""                                                     ""","="""""
"=""3d6.(5D).4s (6D).5p""","=""n 7D*""","=""4""","=""""","=""6.14449991""","=""""","=""0.00000012""","=""0.0255895""","=""""","=""                                                     ""","="""""
"=""3d6.(5D).4s (6D).5p""","=""n 7D*""","=""3""","=""""","=""6.17506487""","=""""","=""0.00000012""","=""0.0305650""","=""""","=""                                                     ""","="""""
"=""3d6.(5D).4s (6D).5p""","=""n 7D*""","=""2""","=""""","=""6.20026651""","=""""","=""0.00000012""","=""0.0252016""","=""""","=""                                                     ""","="""""
"=""3d6.(5D).4s (6D).5p""","=""n 7D*""","=""1""","=""""","=""6.21813227""","=""""","=""0.00000012""","=""0.0178658""","=""""","=""                                                     ""","="""""
"=""3d7.(2G).4p""","=""y 3H*""","=""6""","=""""","=""6.12905507""","=""""","=""0.00000025""","=""-0.0890772""","=""1.17?""","=""  43             :    43  3d6.(3H).4s.4p.(3P*)  3H*  ""","="""""
"=""3d7.(2G).4p""","=""y 3H*""","=""5""","=""""","=""6.15016512""","=""""","=""0.00000025""","=""0.0211100""","=""1.075""","=""  38             :    26  3d6.(3H).4s.4p.(3P*)  3H*  ""","="""""
"=""3d7.(2G).4p""","=""y 3H*""","=""4""","=""""","=""6.16536100""","=""""","=""0.00000025""","=""0.0151959""","=""0.929""","=""  42             :    29  3d6.(3H).4s.4p.(3P*)  3H*  ""","="""""
"=""3d7.(2G).4p""","=""v 3G*""","=""5""","=""""","=""6.13237029""","=""""","=""0.00000012""","=""-0.0329907""","=""1.163""","=""  38             :    24  3d6.(3F2).4s.4p.(3P*) 3G*  ""","="""""
"=""3d7.(2G).4p""","=""v 3G*""","=""4""","=""""","=""6.15307342""","=""""","=""0.00000012""","=""0.0207031""","=""0.914""","=""  41             :    18  3d6.(3H).4s.4p.(3P*)  3G*  ""","="""""
"=""3d7.(2G).4p""","=""v 3G*""","=""3""","=""""","=""6.18068544""","=""""","=""0.00000012""","=""0.0276120""","=""0.763""","=""  43             :    25  3d6.(3F2).4s.4p.(3P*) 3G*  ""","="""""
"=""3d6.(3F2).4s.4p.(3P*)""","=""1F*""","=""3""","=""""","=""6.13438193""","=""""","=""0.00000012""","=""-0.0463035""","=""0.92?""","=""  40             :    39  3d7.(2G).4p           1F*  ""","="""""
"=""3d6.(5D).4s (6D).5p""","=""n 7F*""","=""6""","=""""","=""6.16922335""","=""""","=""0.00000025""","=""0.0348414""","=""""","=""                                                     ""","="""""
"=""3d6.(5D).4s (6D).5p""","=""n 7F*""","=""5""","=""""","=""6.20568115""","=""""","=""0.00000012""","=""0.0364578""","=""""","=""                                                     ""","="""""
"=""3d6.(5D).4s (6D).5p""","=""n 7F*""","=""4""","=""""","=""6.23680503""","=""""","=""0.00000012""","=""0.0311239""","=""""","=""                                                     ""","="""""
"=""3d6.(5D).4s (6D).5p""","=""n 7F*""","=""3""","=""""","=""6.25289818""","=""""","=""0.00000012""","=""0.0160931""","=""""","=""                                                     ""","="""""
"=""3d6.(5D).4s (6D).5p""","=""n 7F*""","=""2""","=""""","=""6.26811563""","=""""","=""0.00000012""","=""0.0152174""","=""""","=""                                                     ""","="""""
"=""3d6.(5D).4s (6D).5p""","=""n 7F*""","=""1""","=""""","=""6.27700207""","=""""","=""0.00000025""","=""0.0088864""","=""""","=""                                                     ""","="""""
"=""3d6.(5D).4s (6D).5p""","=""n 7F*""","=""0""","=""""","=""6.28100019""","=""""","=""0.00000025""","=""0.0039981""","=""""","=""                                                     ""","="""""
"=""3d7.(2P).4p""","=""w 3P*""","=""0""","=""""","=""6.19317735""","=""""","=""0.00000025""","=""-0.0878228""","=""""","=""  52             :    24  3d6.(3P2).4s.4p.(1P*) 3P*  ""","="""""
"=""3d7.(2P).4p""","=""w 3P*""","=""1""","=""""","=""6.20456765""","=""""","=""0.00000012""","=""0.0113903""","=""1.389""","=""  50             :    11  3d5.(6S).4s2.4p       5P*  ""","="""""
"=""3d7.(2P).4p""","=""w 3P*""","=""2""","=""""","=""6.22237439""","=""""","=""0.00000012""","=""0.0178067""","=""1.469""","=""  46             :    10  3d7.(4P).4p           5P*  ""","="""""
"=""3d6.(5D).4s (6D).5p""","=""n 7P*""","=""4""","=""""","=""6.22223912""","=""""","=""0.00000012""","=""-0.0001353""","=""""","=""                                                     ""","="""""
"=""3d6.(5D).4s (6D).5p""","=""n 7P*""","=""3""","=""""","=""6.27711812""","=""""","=""0.00000012""","=""0.0548790""","=""""","=""                                                     ""","="""""
"=""3d6.(5D).4s (6D).5p""","=""n 7P*""","=""2""","=""""","=""6.31094101""","=""""","=""0.00000012""","=""0.0338229""","=""""","=""                                                     ""","="""""
"=""3d6.(5D).4s (6D).4d""","=""e 7F""","=""6""","=""""","=""6.24162851""","=""""","=""0.00000012""","=""-0.0693125""","=""1.490""","=""                                                     ""","="""""
"=""3d6.(5D).4s (6D).4d""","=""e 7F""","=""5""","=""""","=""6.30254306""","=""""","=""0.00000012""","=""0.0609145""","=""1.505""","=""                                                     ""","="""""
"=""3d6.(5D).4s (6D).4d""","=""e 7F""","=""3""","=""""","=""6.34164892""","=""""","=""0.00000012""","=""0.0391059""","=""1.499""","=""                                                     ""","="""""
"=""3d6.(5D).4s (6D).4d""","=""e 7F""","=""4""","=""""","=""6.34703293""","=""""","=""0.00000012""","=""0.0053840""","=""1.617""","=""                                                     ""","="""""
"=""3d6.(5D).4s (6D).4d""","=""e 7F""","=""1""","=""""","=""6.34898259""","=""""","=""0.00000012""","=""0.0019497""","=""2.490""","=""                                                     ""","="""""
"=""3d6.(5D).4s (6D).4d""","=""e 7F""","=""2""","=""""","=""6.36423934""","=""""","=""0.00000012""","=""0.0152567""","=""""","=""                                                     ""","="""""
"=""3d6.(5D).4s (6D).4d""","=""f 7D""","=""5""","=""""","=""6.24606454""","=""""","=""0.00000012""","=""-0.1181748""","=""1.510""","=""                                                     ""","="""""
"=""3d6.(5D).4s (6D).4d""","=""f 7D""","=""4""","=""""","=""6.29938878""","=""""","=""0.00000012""","=""0.0533242""","=""1.574""","=""                                                     ""","="""""
"=""3d6.(5D).4s (6D).4d""","=""f 7D""","=""3""","=""""","=""6.30606149""","=""""","=""0.00000012""","=""0.0066727""","=""""","=""                                                     ""","="""""
"=""3d6.(5D).4s (6D).4d""","=""f 7D""","=""2""","=""""","=""6.32302612""","=""""","=""0.00000012""","=""0.0169646""","=""1.844""","=""                                                     ""","="""""
"=""3d6.(5D).4s (6D).4d""","=""f 7D""","=""1""","=""""","=""6.32915863""","=""""","=""0.00000012""","=""0.0061325""","=""""","=""                                                     ""","="""""
"=""3d6.(5D).4s (6D).4d""","=""f 5D""","=""4""","=""""","=""6.25167222""","=""""","=""0.00000012""","=""-0.0774864""","=""1.514""","=""                                                     ""","="""""
"=""3d6.(5D).4s (6D).4d""","=""f 5D""","=""3""","=""""","=""6.26546671""","=""""","=""0.00000012""","=""0.0137945""","=""1.615""","=""                                                     ""","="""""
"=""3d6.(5D).4s (6D).4d""","=""f 5D""","=""2""","=""""","=""6.28582776""","=""""","=""0.00000012""","=""0.0203610""","=""1.614""","=""                                                     ""","="""""
"=""3d6.(5D).4s (6D).4d""","=""f 5D""","=""1""","=""""","=""6.30832866""","=""""","=""0.00000012""","=""0.0225009""","=""1.662""","=""                                                     ""","="""""
"=""3d6.(5D).4s (6D).4d""","=""f 5D""","=""0""","=""""","=""6.32083991""","=""""","=""0.00000025""","=""0.0125113""","=""""","=""                                                     ""","="""""
"=""3d6.(5D).4s (6D).4d""","=""e 7P""","=""4""","=""""","=""6.25813812""","=""""","=""0.00000012""","=""-0.0627018""","=""1.585""","=""                                                     ""","="""""
"=""3d6.(5D).4s (6D).4d""","=""e 7P""","=""3""","=""""","=""6.27499663""","=""""","=""0.00000012""","=""0.0168585""","=""1.687""","=""                                                     ""","="""""
"=""3d6.(5D).4s (6D).4d""","=""e 7P""","=""2""","=""""","=""6.30600086""","=""""","=""0.00000012""","=""0.0310042""","=""""","=""                                                     ""","="""""
"=""3d6.(5D).4s (6D).4d""","=""e 5G""","=""6""","=""""","=""6.26404671""","=""""","=""0.00000012""","=""-0.0419542""","=""1.351""","=""                                                     ""","="""""
"=""3d6.(5D).4s (6D).4d""","=""e 5G""","=""5""","=""""","=""6.28647868""","=""""","=""0.00000012""","=""0.0224320""","=""1.360""","=""                                                     ""","="""""
"=""3d6.(5D).4s (6D).4d""","=""e 5G""","=""4""","=""""","=""6.32066224""","=""""","=""0.00000012""","=""0.0341836""","=""1.238""","=""                                                     ""","="""""
"=""3d6.(5D).4s (6D).4d""","=""e 5G""","=""3""","=""""","=""6.35034852""","=""""","=""0.00000012""","=""0.0296863""","=""1.294""","=""                                                     ""","="""""
"=""3d6.(5D).4s (6D).4d""","=""e 5G""","=""2""","=""""","=""6.36908625""","=""""","=""0.00000012""","=""0.0187377""","=""0.953""","=""                                                     ""","="""""
"=""3d7.(2G).4p""","=""z 1F*""","=""3""","=""""","=""6.27197352""","=""""","=""0.00000025""","=""-0.0971127""","=""1.018""","=""  36             :    23  3d7.(2D2).4p          1F*  ""","="""""
"=""3d6.(3F2).4s.4p.(3P*)""","=""x 1G*""","=""4""","=""""","=""6.27533411""","=""""","=""0.00000025""","=""0.0033606""","=""0.978""","=""  64             :     9  3d7.(2H).4p           1G*  ""","="""""
"=""3d6.(5D).4s (6D).4d""","=""e 7G""","=""7""","=""""","=""6.28000199""","=""""","=""0.00000025""","=""0.0046679""","=""""","=""                                                     ""","="""""
"=""3d6.(5D).4s (6D).4d""","=""e 7G""","=""6""","=""""","=""6.31920567""","=""""","=""0.00000012""","=""0.0392037""","=""1.415""","=""                                                     ""","="""""
"=""3d6.(5D).4s (6D).4d""","=""e 7G""","=""5""","=""""","=""6.35153108""","=""""","=""0.00000012""","=""0.0323254""","=""1.379""","=""                                                     ""","="""""
"=""3d6.(5D).4s (6D).4d""","=""e 7G""","=""4""","=""""","=""6.36471779""","=""""","=""0.00000012""","=""0.0131867""","=""1.338""","=""                                                     ""","="""""
"=""3d6.(5D).4s (6D).4d""","=""e 7G""","=""3""","=""""","=""6.38029108""","=""""","=""0.00000012""","=""0.0155733""","=""1.244""","=""                                                     ""","="""""
"=""3d6.(5D).4s (6D).4d""","=""e 7G""","=""2""","=""""","=""6.39011087""","=""""","=""0.00000012""","=""0.0098198""","=""""","=""                                                     ""","="""""
"=""3d6.(5D).4s (6D).4d""","=""e 7G""","=""1""","=""""","=""6.39346861""","=""""","=""0.00000025""","=""0.0033577""","=""-0.374""","=""                                                     ""","="""""
"=""3d6.(5D).4s (6D).5p""","=""u 5F*""","=""5""","=""""","=""6.32525970""","=""""","=""0.00000012""","=""-0.0682089""","=""""","=""                                                     ""","="""""
"=""3d6.(5D).4s (6D).5p""","=""u 5F*""","=""4""","=""""","=""6.37048876""","=""""","=""0.00000012""","=""0.0452291""","=""""","=""                                                     ""","="""""
"=""3d6.(5D).4s (6D).5p""","=""u 5F*""","=""3""","=""""","=""6.39994976""","=""""","=""0.00000012""","=""0.0294610""","=""""","=""                                                     ""","="""""
"=""3d6.(5D).4s (6D).5p""","=""u 5F*""","=""2""","=""""","=""6.42578026""","=""""","=""0.00000012""","=""0.0258305""","=""""","=""                                                     ""","="""""
"=""3d6.(5D).4s (6D).5p""","=""u 5F*""","=""1""","=""""","=""6.44046048""","=""""","=""0.00000012""","=""0.0146802""","=""""","=""                                                     ""","="""""
"=""3d6.(3G).4s.4p.(3P*)""","=""x 3H*""","=""6""","=""""","=""6.32606584""","=""""","=""0.00000025""","=""-0.1143946""","=""1.161""","=""  80             :    15  3d6.(3H).4s.4p.(3P*)  3H*  ""","="""""
"=""3d6.(3G).4s.4p.(3P*)""","=""x 3H*""","=""5""","=""""","=""6.33171407""","=""""","=""0.00000025""","=""0.0056482""","=""1.038""","=""  74             :    13  3d6.(3H).4s.4p.(3P*)  3H*  ""","="""""
"=""3d6.(3G).4s.4p.(3P*)""","=""x 3H*""","=""4""","=""""","=""6.37391903""","=""""","=""0.00000025""","=""0.0422050""","=""0.953""","=""  67             :    15  3d6.(3F2).4s.4p.(3P*) 1G*  ""","="""""
"=""3d6.(5D).4s (6D).5p""","=""t 5D*""","=""4""","=""""","=""6.33269478""","=""""","=""0.00000012""","=""-0.0412242""","=""1.486""","=""                                                     ""","="""""
"=""3d6.(5D).4s (6D).5p""","=""t 5D*""","=""3""","=""""","=""6.36800089""","=""""","=""0.00000012""","=""0.0353061""","=""""","=""                                                     ""","="""""
"=""3d6.(5D).4s (6D).5p""","=""t 5D*""","=""2""","=""""","=""6.40130429""","=""""","=""0.00000012""","=""0.0333034""","=""""","=""                                                     ""","="""""
"=""3d6.(5D).4s (6D).5p""","=""t 5D*""","=""1""","=""""","=""6.42583493""","=""""","=""0.00000012""","=""0.0245306""","=""""","=""                                                     ""","="""""
"=""3d6.(5D).4s (6D).5p""","=""t 5D*""","=""0""","=""""","=""6.43993020""","=""""","=""0.00000012""","=""0.0140953""","=""""","=""                                                     ""","="""""
"=""3d6.(5D).4s (6D).4d""","=""f 5F""","=""5""","=""""","=""6.33598817""","=""""","=""0.00000012""","=""-0.1039420""","=""1.384""","=""                                                     ""","="""""
"=""3d6.(5D).4s (6D).4d""","=""f 5F""","=""4""","=""""","=""6.38043390""","=""""","=""0.00000012""","=""0.0444457""","=""1.355?""","=""                                                     ""","="""""
"=""3d6.(5D).4s (6D).4d""","=""f 5F""","=""3""","=""""","=""6.39809335""","=""""","=""0.00000012""","=""0.0176595""","=""""","=""                                                     ""","="""""
"=""3d6.(5D).4s (6D).4d""","=""f 5F""","=""2""","=""""","=""6.41060472""","=""""","=""0.00000012""","=""0.0125114""","=""0.967""","=""                                                     ""","="""""
"=""3d6.(5D).4s (6D).4d""","=""f 5F""","=""1""","=""""","=""6.41673983""","=""""","=""0.00000012""","=""0.0061351""","=""""","=""                                                     ""","="""""
"=""3d6.(5D).4s (6D).4d""","=""e 5S""","=""2""","=""""","=""6.34165661""","=""""","=""0.00000012""","=""-0.0750832""","=""1.952""","=""                                                     ""","="""""
"=""3d7.(2D2).4p""","=""v 3F*""","=""2""","=""""","=""6.34815078""","=""""","=""0.00000025""","=""0.0064942""","=""0.803""","=""  31             :    23  3d6.(3G).4s.4p.(3P*)  3F*  ""","="""""
"=""3d7.(2D2).4p""","=""v 3F*""","=""4""","=""""","=""6.36096020""","=""""","=""0.00000012""","=""0.0128094""","=""1.122""","=""  34             :    30  3d7.(2D2).4p          3F*  ""","="""""
"=""3d7.(2D2).4p""","=""v 3F*""","=""3""","=""""","=""6.36848691""","=""""","=""0.00000012""","=""0.0075267""","=""1.096""","=""  36             :    26  3d6.(3G).4s.4p.(3P*)  3F*  ""","="""""
"=""3d6.(5D).4s (4D).5s""","=""e 3D""","=""3""","=""""","=""6.35967275""","=""""","=""0.00000012""","=""-0.0088142""","=""1.345""","=""                                                     ""","="""""
"=""3d6.(5D).4s (4D).5s""","=""e 3D""","=""2""","=""""","=""6.41493251""","=""""","=""0.00000012""","=""0.0552598""","=""1.125""","=""                                                     ""","="""""
"=""3d6.(5D).4s (4D).5s""","=""e 3D""","=""1""","=""""","=""6.45212430""","=""""","=""0.00000012""","=""0.0371918""","=""0.801""","=""                                                     ""","="""""
"=""3d6.(5D).4s (4D).5s""","=""g 5D""","=""4""","=""""","=""6.36664959""","=""""","=""0.00000012""","=""-0.0854747""","=""1.487""","=""                                                     ""","="""""
"=""3d6.(5D).4s (4D).5s""","=""g 5D""","=""3""","=""""","=""6.41873101""","=""""","=""0.00000012""","=""0.0520814""","=""1.492""","=""                                                     ""","="""""
"=""3d6.(5D).4s (4D).5s""","=""g 5D""","=""2""","=""""","=""6.45335558""","=""""","=""0.00000012""","=""0.0346246""","=""1.57?""","=""                                                     ""","="""""
"=""3d6.(5D).4s (4D).5s""","=""g 5D""","=""1""","=""""","=""6.47375371""","=""""","=""0.00000012""","=""0.0203981""","=""""","=""                                                     ""","="""""
"=""3d6.(5D).4s (4D).5s""","=""g 5D""","=""0""","=""""","=""6.47908516""","=""""","=""0.00000012""","=""0.0053314""","=""""","=""                                                     ""","="""""
"=""3d7.(2H).4p""","=""u 3G*""","=""5""","=""""","=""6.36955305""","=""""","=""0.00000012""","=""-0.1095321""","=""1.140""","=""  30             :    17  3d6.(3G).4s.4p.(3P*)  3G*  ""","="""""
"=""3d7.(2H).4p""","=""u 3G*""","=""4""","=""""","=""6.40603863""","=""""","=""0.00000025""","=""0.0364856""","=""1.067""","=""  35             :    32  3d6.(3G).4s.4p.(3P*)  3G*  ""","="""""
"=""3d7.(2H).4p""","=""u 3G*""","=""3""","=""""","=""6.42557692""","=""""","=""0.00000012""","=""0.0195383""","=""0.801""","=""  35             :    32  3d6.(3G).4s.4p.(3P*)  3G*  ""","="""""
"=""3d6.(5D).4s (6D).4d""","=""e 7S""","=""3""","=""""","=""6.39387714""","=""""","=""0.00000012""","=""-0.0316998""","=""1.92?""","=""                                                     ""","="""""
"=""3d6.(3H).4s.4p.(3P*)""","=""1H*""","=""5""","=""""","=""6.40132623""","=""""","=""0.00000025""","=""0.0074491""","=""1.061""","=""  39             :    10  3d7.(2G).4p           1H*  ""","="""""
"=""3d6.(5D).4s (6D).5p""","=""u 5P*""","=""3""","=""""","=""6.40899243""","=""""","=""0.00000012""","=""0.0076662""","=""""","=""                                                     ""","="""""
"=""3d6.(5D).4s (6D).5p""","=""u 5P*""","=""2""","=""""","=""6.44033241""","=""""","=""0.00000012""","=""0.0313400""","=""""","=""                                                     ""","="""""
"=""3d6.(5D).4s (6D).5p""","=""u 5P*""","=""1""","=""""","=""6.46089109""","=""""","=""0.00000025""","=""0.0205587""","=""2.633""","=""                                                     ""","="""""
"=""3d7.(2P).4p""","=""y 1D*""","=""2""","=""""","=""6.41101300""","=""""","=""0.00000012""","=""-0.0498781""","=""1.025""","=""  49             :    18  3d7.(2D2).4p          1D*  ""","="""""
"=""3d6.(3H).4s.4p.(3P*)""","=""x 1D*""","=""2""","=""""","=""6.41767950""","=""""","=""0.00000012""","=""0.0066665""","=""0.883""","=""  56             :    15  3d7.(2D2).4p          1D*  ""","="""""
"=""3d6.(5D).4s (6D).4d""","=""e 5P""","=""3""","=""""","=""6.42699840""","=""""","=""0.00000012""","=""0.0093189""","=""1.664""","=""                                                     ""","="""""
"=""3d6.(5D).4s (6D).4d""","=""e 5P""","=""1""","=""""","=""6.44961696""","=""""","=""0.00000012""","=""0.0226186""","=""2.432""","=""                                                     ""","="""""
"=""3d6.(5D).4s (6D).4d""","=""e 5P""","=""2""","=""""","=""6.45554341""","=""""","=""0.00000012""","=""0.0059264""","=""""","=""                                                     ""","="""""
"=""3d7.(2P).4p""","=""u 3D*""","=""3""","=""""","=""6.44334733""","=""""","=""0.00000012""","=""-0.0121961""","=""1.306""","=""  61             :    19  3d6.(3F2).4s.4p.(1P*) 3D*  ""","="""""
"=""3d7.(2P).4p""","=""u 3D*""","=""2""","=""""","=""6.48399171""","=""""","=""0.00000025""","=""0.0406444""","=""1.156""","=""  53             :    21  3d6.(3F2).4s.4p.(1P*) 3D*  ""","="""""
"=""3d7.(2P).4p""","=""u 3D*""","=""1""","=""""","=""6.51071489""","=""""","=""0.00000025""","=""0.0267232""","=""0.700""","=""  48             :    22  3d6.(3F2).4s.4p.(1P*) 3D*  ""","="""""
"=""3d7.(2P).4p""","=""1P*""","=""1""","=""""","=""6.46959714""","=""""","=""0.00000025""","=""-0.0411177""","=""0.801""","=""  47             :    20  3d7.(2D2).4p          3D*  ""","="""""
"=""3d7.(2D2).4p""","=""t 3D*""","=""3""","=""""","=""6.47361547""","=""""","=""0.00000025""","=""0.0040183""","=""1.317""","=""  75             :    19  3d6.(3F2).4s.4p.(1P*) 3D*  ""","="""""
"=""3d7.(2D2).4p""","=""t 3D*""","=""2""","=""""","=""6.53184961""","=""""","=""0.00000012""","=""0.0582341""","=""1.145""","=""  60             :    11  3d7.(2P).4p           3D*  ""","="""""
"=""3d7.(2D2).4p""","=""t 3D*""","=""1""","=""""","=""6.55353246""","=""""","=""0.00000025""","=""0.0216828""","=""1.246""","=""  45             :    10  3d7.(2P).4p           3D*  ""","="""""
"=""3d7.(2H).4p""","=""w 3H*""","=""6""","=""""","=""6.50067093""","=""""","=""0.00000025""","=""-0.0528615""","=""1.177""","=""  63             :    17  3d6.(3H).4s.4p.(1P*)  3H*  ""","="""""
"=""3d7.(2H).4p""","=""w 3H*""","=""5""","=""""","=""6.52319179""","=""""","=""0.00000025""","=""0.0225209""","=""1.033""","=""  60             :    14  3d6.(3H).4s.4p.(1P*)  3H*  ""","="""""
"=""3d7.(2H).4p""","=""w 3H*""","=""4""","=""""","=""6.5424903""","=""""","=""0.0000004""","=""0.0192985""","=""0.810""","=""  61             :    18  3d6.(3H).4s.4p.(1P*)  3H*  ""","="""""
"=""3d7.(2H).4p""","=""y 3I*""","=""6""","=""""","=""6.51085164""","=""""","=""0.00000025""","=""-0.0316387""","=""1.019""","=""  65             :    22  3d7.(2H).4p           1I*  ""","="""""
"=""3d7.(2H).4p""","=""y 3I*""","=""7""","=""""","=""6.5283870""","=""""","=""0.0000004""","=""0.0175354""","=""1.147""","=""  88             :     8  3d6.(1I).4s.4p.(3P*)  3I*  ""","="""""
"=""3d7.(2H).4p""","=""y 3I*""","=""5""","=""""","=""6.5586399""","=""""","=""0.0000004""","=""0.0302529""","=""0.830""","=""  85             :     9  3d6.(1I).4s.4p.(3P*)  3I*  ""","="""""
"=""3d7.(4F).5p""","=""3G*""","=""5""","=""""","=""6.54723369""","=""""","=""0.00000025""","=""-0.0114062""","=""""","=""                                                     ""","="""""
"=""3d7.(4F).5p""","=""3G*""","=""4""","=""""","=""6.69732648""","=""""","=""0.00000025""","=""0.1500928""","=""""","=""                                                     ""","="""""
"=""3d7.(4F).5p""","=""3G*""","=""3""","=""""","=""6.73945929""","=""""","=""0.00000012""","=""0.0421328""","=""""","=""                                                     ""","="""""
"=""3d7.(2D2).4p""","=""v 3P*""","=""2""","=""""","=""6.56078442""","=""""","=""0.00000025""","=""-0.1786749""","=""1.495""","=""  55             :    19  3d6.(3P2).4s.4p.(1P*) 3P*  ""","="""""
"=""3d7.(2D2).4p""","=""v 3P*""","=""1""","=""""","=""6.59967157""","=""""","=""0.00000025""","=""0.0388871""","=""1.266""","=""  41             :    13  3d7.(2P).4p           1P*  ""","="""""
"=""3d6.(3G).4s.4p.(3P*)""","=""3F*""","=""4""","=""""","=""6.56541325""","=""""","=""0.00000012""","=""-0.0342583""","=""""","=""                                                     ""","="""""
"=""3d6.(3G).4s.4p.(3P*)""","=""3F*""","=""3""","=""""","=""6.61548873""","=""""","=""0.00000012""","=""0.0500755""","=""""","=""  34             :    30  3d7.(2D2).4p          3F*  ""","="""""
"=""3d6.(3G).4s.4p.(3P*)""","=""3F*""","=""2""","=""""","=""6.66407690""","=""""","=""0.00000025""","=""0.0485882""","=""""","=""                                                     ""","="""""
"=""3d7.(4F).4d""","=""g 5F""","=""5""","=""""","=""6.57876498""","=""""","=""0.00000012""","=""-0.0853119""","=""""","=""                                                     ""","="""""
"=""3d7.(4F).4d""","=""g 5F""","=""4""","=""""","=""6.61997175""","=""""","=""0.00000012""","=""0.0412068""","=""""","=""                                                     ""","="""""
"=""3d7.(4F).4d""","=""g 5F""","=""3""","=""""","=""6.67419029""","=""""","=""0.00000012""","=""0.0542185""","=""""","=""                                                     ""","="""""
"=""3d7.(4F).4d""","=""g 5F""","=""2""","=""""","=""6.72707289""","=""""","=""0.00000012""","=""0.0528826""","=""""","=""                                                     ""","="""""
"=""3d7.(4F).4d""","=""g 5F""","=""1""","=""""","=""6.74302768""","=""""","=""0.00000012""","=""0.0159548""","=""""","=""                                                     ""","="""""
"=""3d7.(4F).5p""","=""5G*""","=""6""","=""""","=""6.57976169""","=""""","=""0.00000025""","=""-0.1632660""","=""""","=""                                                     ""","="""""
"=""3d7.(4F).5p""","=""5G*""","=""5""","=""""","=""6.64388049""","=""""","=""0.00000025""","=""0.0641188""","=""""","=""                                                     ""","="""""
"=""3d7.(4F).5p""","=""5G*""","=""4""","=""""","=""6.67681119""","=""""","=""0.00000012""","=""0.0329307""","=""""","=""                                                     ""","="""""
"=""3d7.(4F).5p""","=""5G*""","=""3""","=""""","=""6.71184181""","=""""","=""0.00000025""","=""0.0350306""","=""""","=""                                                     ""","="""""
"=""3d7.(4F).5p""","=""5G*""","=""2""","=""""","=""6.72709484""","=""""","=""0.00000025""","=""0.0152530""","=""""","=""                                                     ""","="""""
"=""3d7.(4F).5p""","=""5F*""","=""5""","=""""","=""6.58167501""","=""""","=""0.00000012""","=""-0.1454198""","=""""","=""                                                     ""","="""""
"=""3d7.(4F).5p""","=""5F*""","=""4""","=""""","=""6.61934736""","=""""","=""0.00000012""","=""0.0376724""","=""""","=""                                                     ""","="""""
"=""3d7.(4F).5p""","=""5F*""","=""3""","=""""","=""6.65312587""","=""""","=""0.00000012""","=""0.0337785""","=""1.21?""","=""                                                     ""","="""""
"=""3d7.(4F).5p""","=""5F*""","=""2""","=""""","=""6.70041939""","=""""","=""0.00000025""","=""0.0472935""","=""""","=""                                                     ""","="""""
"=""3d7.(4F).5p""","=""5F*""","=""1""","=""""","=""6.72297125""","=""""","=""0.00000025""","=""0.0225519""","=""""","=""                                                     ""","="""""
"=""3d7.(2H).4p""","=""1I*""","=""6""","=""""","=""6.58275864""","=""""","=""0.00000025""","=""-0.1402126""","=""1.010""","=""  65             :    21  3d7.(2H).4p           3I*  ""","="""""
"=""3d7.(4F).4d""","=""h 5D""","=""4""","=""""","=""6.59039805""","=""""","=""0.00000012""","=""0.0076394""","=""1.435""","=""                                                     ""","="""""
"=""3d7.(4F).4d""","=""h 5D""","=""3""","=""""","=""6.63883718""","=""""","=""0.00000012""","=""0.0484391""","=""""","=""                                                     ""","="""""
"=""3d7.(4F).4d""","=""h 5D""","=""2""","=""""","=""6.69101333""","=""""","=""0.00000012""","=""0.0521761""","=""""","=""                                                     ""","="""""
"=""3d7.(4F).4d""","=""h 5D""","=""1""","=""""","=""6.71158094""","=""""","=""0.00000012""","=""0.0205676""","=""""","=""                                                     ""","="""""
"=""3d7.(4F).4d""","=""f 5P""","=""3""","=""""","=""6.59107351""","=""""","=""0.00000012""","=""-0.1205074""","=""""","=""                                                     ""","="""""
"=""3d7.(4F).4d""","=""f 5P""","=""2""","=""""","=""6.64167865""","=""""","=""0.00000012""","=""0.0506051""","=""""","=""                                                     ""","="""""
"=""3d7.(4F).4d""","=""f 5P""","=""1""","=""""","=""6.68587270""","=""""","=""0.00000012""","=""0.0441940""","=""""","=""                                                     ""","="""""
"=""3d7.(4F).4d""","=""f 5G""","=""6""","=""""","=""6.59213395""","=""""","=""0.00000012""","=""-0.0937387""","=""1.323""","=""                                                     ""","="""""
"=""3d7.(4F).4d""","=""f 5G""","=""5""","=""""","=""6.60608750""","=""""","=""0.00000012""","=""0.0139536""","=""1.221""","=""                                                     ""","="""""
"=""3d7.(4F).4d""","=""f 5G""","=""4""","=""""","=""6.66650376""","=""""","=""0.00000012""","=""0.0604163""","=""""","=""                                                     ""","="""""
"=""3d7.(4F).4d""","=""f 5G""","=""3""","=""""","=""6.71512541""","=""""","=""0.00000012""","=""0.0486216""","=""1.142""","=""                                                     ""","="""""
"=""3d7.(4F).4d""","=""f 5G""","=""2""","=""""","=""6.74172473""","=""""","=""0.00000012""","=""0.0265993""","=""""","=""                                                     ""","="""""
"=""3d7.(4F).4d""","=""e 5H""","=""7""","=""""","=""6.60528086""","=""""","=""0.00000025""","=""-0.1364439""","=""1.30?""","=""                                                     ""","="""""
"=""3d7.(4F).4d""","=""e 5H""","=""6""","=""""","=""6.61492758""","=""""","=""0.00000012""","=""0.0096467""","=""1.191""","=""                                                     ""","="""""
"=""3d7.(4F).4d""","=""e 5H""","=""5""","=""""","=""6.67955657""","=""""","=""0.00000012""","=""0.0646290""","=""1.102""","=""                                                     ""","="""""
"=""3d7.(4F).4d""","=""e 5H""","=""4""","=""""","=""6.72455738""","=""""","=""0.00000025""","=""0.0450008""","=""0.90?""","=""                                                     ""","="""""
"=""3d7.(4F).4d""","=""e 5H""","=""3""","=""""","=""6.75602283""","=""""","=""0.00000012""","=""0.0314654""","=""0.484""","=""                                                     ""","="""""
"=""3d6.(3G).4s.4p.(3P*)""","=""y 1H*""","=""5""","=""""","=""6.6100239""","=""""","=""0.0000004""","=""-0.1459989""","=""1.03?""","=""  77             :    15  3d6.(3H).4s.4p.(3P*)  1H*  ""","="""""
"=""3d7.(4F).5p""","=""3F*""","=""4""","=""""","=""6.61193286""","=""""","=""0.00000012""","=""0.0019090""","=""""","=""                                                     ""","="""""
"=""3d7.(4F).5p""","=""3F*""","=""3""","=""""","=""6.73098236""","=""""","=""0.00000012""","=""0.1190495""","=""""","=""                                                     ""","="""""
"=""3d7.(4F).5p""","=""3F*""","=""2""","=""""","=""6.78272754""","=""""","=""0.00000025""","=""0.0517452""","=""""","=""                                                     ""","="""""
"=""3d7.(4F).5p""","=""5D*""","=""4""","=""""","=""6.64684396""","=""""","=""0.00000012""","=""-0.1358836""","=""""","=""                                                     ""","="""""
"=""3d7.(4F).5p""","=""5D*""","=""3""","=""""","=""6.66845912""","=""""","=""0.00000025""","=""0.0216152""","=""""","=""                                                     ""","="""""
"=""3d7.(4F).5p""","=""5D*""","=""2""","=""""","=""6.76093930""","=""""","=""0.00000025""","=""0.0924802""","=""""","=""                                                     ""","="""""
"=""3d7.(4F).5p""","=""5D*""","=""1""","=""""","=""6.76992654""","=""""","=""0.00000012""","=""0.0089872""","=""""","=""                                                     ""","="""""
"=""3d6.(3D).4s.4p.(3P*)""","=""5F*""","=""1""","=""""","=""6.6575630""","=""""","=""0.0000005""","=""-0.1123635""","=""""","=""                                                     ""","="""""
"=""3d6.(3D).4s.4p.(3P*)""","=""5F*""","=""2""","=""""","=""6.66081289""","=""""","=""0.00000025""","=""0.0032499""","=""""","=""  84             :    11  3d6.(3G).4s.4p.(3P*)  5F*  ""","="""""
"=""3d6.(3D).4s.4p.(3P*)""","=""5F*""","=""3""","=""""","=""6.66211658""","=""""","=""0.00000025""","=""0.0013037""","=""""","=""  84             :    10  3d6.(3G).4s.4p.(3P*)  5F*  ""","="""""
"=""3d6.(3D).4s.4p.(3P*)""","=""5F*""","=""4""","=""""","=""6.68049253""","=""""","=""0.00000025""","=""0.0183760""","=""""","=""                                                     ""","="""""
"=""3d6.(3D).4s.4p.(3P*)""","=""5F*""","=""5""","=""""","=""6.69685175""","=""""","=""0.00000025""","=""0.0163592""","=""1.356""","=""  88             :     8  3d6.(3G).4s.4p.(3P*)  5F*  ""","="""""
"=""3d7.(4F).4d""","=""e 3G""","=""5""","=""""","=""6.66284114""","=""""","=""0.00000012""","=""-0.0340106""","=""1.248""","=""                                                     ""","="""""
"=""3d7.(4F).4d""","=""e 3G""","=""4""","=""""","=""6.70339390""","=""""","=""0.00000012""","=""0.0405528""","=""1.096""","=""                                                     ""","="""""
"=""3d7.(4F).4d""","=""e 3G""","=""3""","=""""","=""6.74218434""","=""""","=""0.00000012""","=""0.0387904""","=""0.842""","=""                                                     ""","="""""
"=""3d7.(4F).4d""","=""f 3D""","=""3""","=""""","=""6.66384071""","=""""","=""0.00000012""","=""-0.0783436""","=""1.258""","=""                                                     ""","="""""
"=""3d7.(4F).4d""","=""f 3D""","=""2""","=""""","=""6.70342551""","=""""","=""0.00000012""","=""0.0395848""","=""""","=""                                                     ""","="""""
"=""3d7.(4F).4d""","=""f 3D""","=""1""","=""""","=""6.75085864""","=""""","=""0.00000012""","=""0.0474331""","=""""","=""                                                     ""","="""""
"=""3d7.(2D2).4p""","=""x 1F*""","=""3""","=""""","=""6.66579718""","=""""","=""0.00000025""","=""-0.0850615""","=""1.079""","=""  30             :    13  3d7.(2G).4p           1F*  ""","="""""
"=""3d6.(5D).4s (6D).6s""","=""g 7D""","=""5""","=""""","=""6.67045638""","=""""","=""0.00000012""","=""0.0046592""","=""1.586""","=""                                                     ""","="""""
"=""3d6.(5D).4s (6D).6s""","=""g 7D""","=""4""","=""""","=""6.71061300""","=""""","=""0.00000012""","=""0.0401566""","=""1.65?""","=""                                                     ""","="""""
"=""3d6.(5D).4s (6D).6s""","=""g 7D""","=""3""","=""""","=""6.74533292""","=""""","=""0.00000025""","=""0.0347199""","=""""","=""                                                     ""","="""""
"=""3d6.(5D).4s (6D).6s""","=""g 7D""","=""2""","=""""","=""6.77098909""","=""""","=""0.00000025""","=""0.0256562""","=""""","=""                                                     ""","="""""
"=""3d6.(5D).4s (6D).6s""","=""g 7D""","=""1""","=""""","=""6.78783705""","=""""","=""0.00000012""","=""0.0168480""","=""""","=""                                                     ""","="""""
"=""3d7.(2P).4p""","=""x 3S*""","=""1""","=""""","=""6.67138589""","=""""","=""0.00000025""","=""-0.1164512""","=""1.418""","=""  30             :    21  3d6.(3D).4s.4p.(3P*)  5P*  ""","="""""
"=""3d7.(4F).5p""","=""3D*""","=""3""","=""""","=""6.67504280""","=""""","=""0.00000012""","=""0.0036569""","=""""","=""                                                     ""","="""""
"=""3d7.(4F).5p""","=""3D*""","=""2""","=""""","=""6.73764589""","=""""","=""0.00000025""","=""0.0626031""","=""""","=""                                                     ""","="""""
"=""3d7.(4F).5p""","=""3D*""","=""1""","=""""","=""6.79523296""","=""""","=""0.00000025""","=""0.0575871""","=""""","=""                                                     ""","="""""
"=""3d7.(4F).4d""","=""e 3H""","=""6""","=""""","=""6.67538611""","=""""","=""0.00000012""","=""-0.1198469""","=""1.225""","=""                                                     ""","="""""
"=""3d7.(4F).4d""","=""e 3H""","=""5""","=""""","=""6.72821528""","=""""","=""0.00000012""","=""0.0528292""","=""1.109""","=""                                                     ""","="""""
"=""3d7.(4F).4d""","=""e 3H""","=""4""","=""""","=""6.76400977""","=""""","=""0.00000012""","=""0.0357945""","=""0.871""","=""                                                     ""","="""""
"=""3d6.(3D).4s.4p.(3P*)""","=""5D*""","=""3""","=""""","=""6.68169765""","=""""","=""0.00000012""","=""-0.0823121""","=""1.476""","=""  74             :    13  3d6.(3D).4s.4p.(3P*)  5P*  ""","="""""
"=""3d6.(3D).4s.4p.(3P*)""","=""5D*""","=""2""","=""""","=""6.68436257""","=""""","=""0.00000025""","=""0.0026649""","=""""","=""                                                     ""","="""""
"=""3d6.(3D).4s.4p.(3P*)""","=""5D*""","=""1""","=""""","=""6.6921394""","=""""","=""0.0000015""","=""0.0077768""","=""""","=""  72             :    14  3d6.(3D).4s.4p.(3P*)  5P*  ""","="""""
"=""3d6.(3D).4s.4p.(3P*)""","=""5D*""","=""4""","=""""","=""6.73250811""","=""""","=""0.00000012""","=""0.040369""","=""""","=""  89             :     6  3d6.(3F1).4s.4p.(3P*) 5D*  ""","="""""
"=""3d6.(3G).4s.4p.(3P*)""","=""t 3G*""","=""5""","=""""","=""6.6930753""","=""""","=""0.0000004""","=""-0.0394328""","=""1.234""","=""  39             :    35  3d7.(2H).4p           3G*  ""","="""""
"=""3d6.(3G).4s.4p.(3P*)""","=""t 3G*""","=""4""","=""""","=""6.72458242""","=""""","=""0.00000012""","=""0.0315071""","=""1.183""","=""  34             :    36  3d7.(2H).4p           3G*  ""","="""""
"=""3d6.(3G).4s.4p.(3P*)""","=""t 3G*""","=""3""","=""""","=""6.76958063""","=""""","=""0.00000012""","=""0.0449982""","=""0.922""","=""  32             :    31  3d7.(2H).4p           3G*  ""","="""""
"=""3d6.(3D).4s.4p.(3P*)""","=""t 5P*""","=""3""","=""""","=""6.69573167""","=""""","=""0.00000012""","=""-0.0738490""","=""""","=""  68             :    13  3d6.(3D).4s.4p.(3P*)  5D*  ""","="""""
"=""3d6.(3D).4s.4p.(3P*)""","=""t 5P*""","=""2""","=""""","=""6.70906146""","=""""","=""0.00000012""","=""0.0133298""","=""1.70?""","=""  47             :    31  3d6.(3D).4s.4p.(3P*)  5D*  ""","="""""
"=""3d6.(3D).4s.4p.(3P*)""","=""t 5P*""","=""1""","=""""","=""6.72875412""","=""""","=""0.00000025""","=""0.0196927""","=""""","=""  57             :     9  3d7.(2P).4p           3S*  ""","="""""
"=""3d6.4s.(6D).6s""","=""5D""","=""4""","=""""","=""6.75464698""","=""""","=""0.00000012""","=""0.0258929""","=""""","=""                                                     ""","="""""
"=""3d6.4s.(6D).6s""","=""5D""","=""3""","=""""","=""6.80237209""","=""""","=""0.00000012""","=""0.0477251""","=""""","=""                                                     ""","="""""
"=""3d6.4s.(6D).6s""","=""5D""","=""2""","=""""","=""6.83576563""","=""""","=""0.00000012""","=""0.0333935""","=""""","=""                                                     ""","="""""
"=""3d6.4s.(6D).6s""","=""5D""","=""1""","=""""","=""6.85702383""","=""""","=""0.00000025""","=""0.0212582""","=""""","=""                                                     ""","="""""
"=""3d6.4s.(6D).6s""","=""5D""","=""0""","=""""","=""6.8675492""","=""""","=""0.0000004""","=""0.0105254""","=""""","=""                                                     ""","="""""
"=""3d7.(4F).4d""","=""f 3F""","=""4""","=""""","=""6.77986785""","=""""","=""0.00000012""","=""-0.0876814""","=""1.141""","=""                                                     ""","="""""
"=""3d7.(4F).4d""","=""f 3F""","=""3""","=""""","=""6.83462125""","=""""","=""0.00000012""","=""0.0547534""","=""1.071""","=""                                                     ""","="""""
"=""3d7.(4F).4d""","=""f 3F""","=""2""","=""""","=""6.8660975""","=""""","=""0.0000006""","=""0.0314763""","=""0.676""","=""                                                     ""","="""""
"=""3d6.(3G).4s.4p.(3P*)""","=""w 1G*""","=""4""","=""""","=""6.7956800""","=""""","=""0.0000004""","=""-0.0704175""","=""1.001""","=""  44             :    22  3d7.(2G).4p           1G*  ""","="""""
"=""3d7.(4F).4d""","=""e 3P""","=""2""","=""""","=""6.80421351""","=""""","=""0.00000012""","=""0.0085335""","=""1.459""","=""                                                     ""","="""""
"=""3d7.(4F).4d""","=""e 3P""","=""1""","=""""","=""6.86576013""","=""""","=""0.00000025""","=""0.0615466""","=""1.459""","=""                                                     ""","="""""
"=""3d7.(4F).4d""","=""e 3P""","=""0""","=""""","=""6.909208""","=""?""","=""0.000009""","=""0.043448""","=""""","=""                                                     ""","="""""
"=""3d6.(1G2).4s.4p.(3P*)""","=""s 3G*""","=""5""","=""""","=""6.87242168""","=""""","=""0.00000025""","=""-0.036786""","=""1.057""","=""  46             :    23  3d7.(2H).4p           1H*  ""","="""""
"=""3d6.(1G2).4s.4p.(3P*)""","=""s 3G*""","=""3""","=""""","=""6.91716472""","=""""","=""0.00000025""","=""0.0447430""","=""0.908""","=""  53             :    21  3d6.(3G).4s.4p.(3P*)  1F*  ""","="""""
"=""3d6.(1G2).4s.4p.(3P*)""","=""s 3G*""","=""4""","=""""","=""6.9314031""","=""""","=""0.0000004""","=""0.0142384""","=""""","=""  61             :    17  3d6.(1G2).4s.4p.(3P*) 3H*  ""","="""""
"=""3d6.(1G2).4s.4p.(3P*)""","=""v 3H*""","=""4""","=""""","=""6.8744289""","=""""","=""0.0000004""","=""-0.0569742""","=""0.804""","=""  59             :    11  3d6.(1I).4s.4p.(3P*)  3H*  ""","="""""
"=""3d6.(1G2).4s.4p.(3P*)""","=""v 3H*""","=""6""","=""""","=""6.8798512""","=""""","=""0.0000004""","=""0.0054223""","=""1.169""","=""  48             :    33  3d6.(1I).4s.4p.(3P*)  3H*  ""","="""""
"=""3d6.(1G2).4s.4p.(3P*)""","=""v 3H*""","=""5""","=""""","=""6.88429230""","=""""","=""0.00000025""","=""0.0044411""","=""1.018""","=""  47             :    23  3d7.(2H).4p           1H*  ""","="""""
"=""3d7.(2D2).4p""","=""w 1D*""","=""2""","=""""","=""6.9126439""","=""""","=""0.0000004""","=""0.0283516""","=""0.990""","=""  62             :    15  3d7.(2P).4p           1D*  ""","="""""
"=""3d7.(2H).4p""","=""1H*""","=""5""","=""""","=""6.93160665""","=""""","=""0.00000025""","=""0.0189628""","=""1.145""","=""  33  1H*        :    31  3d6.(1G2).4s.4p.(3P*) 3G*  ""","="""""
"=""3d6.(3G).4s.4p.(3P*)""","=""1F*""","=""3""","=""""","=""6.95524523""","=""""","=""0.00000025""","=""0.0236386""","=""0.857""","=""  45             :    25  3d6.(1G2).4s.4p.(3P*) 3G*  ""","="""""
"=""3d7.(4F).6s""","=""5F""","=""5""","=""""","=""6.95723530""","=""""","=""0.00000012""","=""0.0019901""","=""""","=""                                                     ""","="""""
"=""3d7.(4F).6s""","=""5F""","=""4""","=""""","=""7.00711799""","=""""","=""0.00000025""","=""0.0498827""","=""""","=""                                                     ""","="""""
"=""3d7.(4F).6s""","=""5F""","=""3""","=""""","=""7.1304138""","=""""","=""0.0000005""","=""0.1232958""","=""""","=""                                                     ""","="""""
"=""3d7.(4F).6s""","=""5F""","=""2""","=""""","=""7.13262645""","=""""","=""0.00000025""","=""0.0022126""","=""""","=""                                                     ""","="""""
"=""3d7.(4F).6s""","=""5F""","=""1""","=""""","=""7.1605957""","=""""","=""0.0000004""","=""0.0279692""","=""""","=""                                                     ""","="""""
"=""3d6.4s.(6D).6p""","=""7D*""","=""5""","=""""","=""6.95803425""","=""""","=""0.00000025""","=""-0.2025615""","=""""","=""                                                     ""","="""""
"=""3d6.4s.(6D).6p""","=""7D*""","=""4""","=""""","=""7.0071832""","=""""","=""0.0000004""","=""0.0491490""","=""""","=""                                                     ""","="""""
"=""3d6.4s.(6D).6p""","=""7D*""","=""3""","=""""","=""7.0119345""","=""""","=""0.0000005""","=""0.0047513""","=""""","=""                                                     ""","="""""
"=""3d6.4s.(6D).6p""","=""7D*""","=""2""","=""""","=""7.0588397""","=""""","=""0.0000006""","=""0.0469052""","=""""","=""                                                     ""","="""""
"=""3d6.4s.(6D).6p""","=""7D*""","=""1""","=""""","=""7.0874501""","=""""","=""0.0000006""","=""0.0286104""","=""""","=""                                                     ""","="""""
"=""3d6.4s.(6D).5d""","=""5D""","=""4""","=""""","=""6.96884828""","=""""","=""0.00000025""","=""-0.1186018""","=""""","=""                                                     ""","="""""
"=""3d6.4s.(6D).5d""","=""5D""","=""3""","=""""","=""6.98491341""","=""""","=""0.00000025""","=""0.0160651""","=""""","=""                                                     ""","="""""
"=""3d6.4s.(6D).5d""","=""5D""","=""2""","=""""","=""7.00256095""","=""""","=""0.00000025""","=""0.0176475""","=""""","=""                                                     ""","="""""
"=""3d6.4s.(6D).5d""","=""5D""","=""1""","=""""","=""7.0342631""","=""""","=""0.0000004""","=""0.0317022""","=""""","=""                                                     ""","="""""
"=""3d6.4s.(6D).6p""","=""7F*""","=""6""","=""""","=""6.9754728""","=""""","=""0.0000004""","=""-0.0587903""","=""""","=""                                                     ""","="""""
"=""3d6.4s.(6D).6p""","=""7F*""","=""5""","=""""","=""7.0054738""","=""""","=""0.0000004""","=""0.0300010""","=""""","=""                                                     ""","="""""
"=""3d6.4s.(6D).6p""","=""7F*""","=""4""","=""""","=""7.0369345""","=""""","=""0.0000005""","=""0.0314607""","=""""","=""                                                     ""","="""""
"=""3d6.4s.(6D).6p""","=""7F*""","=""3""","=""""","=""7.0704419""","=""""","=""0.0000005""","=""0.0335074""","=""""","=""                                                     ""","="""""
"=""3d6.4s.(6D).6p""","=""7F*""","=""0""","=""""","=""7.0821763""","=""""","=""0.0000004""","=""0.0117344""","=""""","=""                                                     ""","="""""
"=""3d6.4s.(6D).6p""","=""7F*""","=""2""","=""""","=""7.08450967""","=""""","=""0.00000012""","=""0.0023334""","=""""","=""                                                     ""","="""""
"=""3d6.4s.(6D).6p""","=""7F*""","=""1""","=""""","=""7.08872587""","=""""","=""0.00000025""","=""0.0042162""","=""""","=""                                                     ""","="""""
"=""3d6.(1I).4s.4p.(3P*)""","=""u 3H*""","=""6""","=""""","=""6.9845209""","=""""","=""0.0000004""","=""-0.1042050""","=""1.166""","=""  44             :    47  3d6.(1G2).4s.4p.(3P*) 3H*  ""","="""""
"=""3d6.(1I).4s.4p.(3P*)""","=""u 3H*""","=""5""","=""""","=""6.99055915""","=""""","=""0.00000025""","=""0.0060383""","=""1.029""","=""  46             :    26  3d6.(1G2).4s.4p.(3P*) 3H*  ""","="""""
"=""3d6.(1I).4s.4p.(3P*)""","=""u 3H*""","=""4""","=""""","=""6.99559552""","=""""","=""0.00000025""","=""0.0050364""","=""0.859""","=""  50             :    18  3d6.(3H).4s.4p.(1P*)  3H*  ""","="""""
"=""3d6.4s.(6D).5d""","=""5G""","=""6""","=""""","=""6.98550035""","=""""","=""0.00000025""","=""-0.0100952""","=""""","=""                                                     ""","="""""
"=""3d6.4s.(6D).5d""","=""5G""","=""5""","=""""","=""7.01138503""","=""""","=""0.00000012""","=""0.0258847""","=""""","=""                                                     ""","="""""
"=""3d6.4s.(6D).5d""","=""5G""","=""4""","=""""","=""7.02657446""","=""""","=""0.00000025""","=""0.0151894""","=""""","=""                                                     ""","="""""
"=""3d6.4s.(6D).5d""","=""5G""","=""3""","=""""","=""7.07399482""","=""""","=""0.00000025""","=""0.0474204""","=""""","=""                                                     ""","="""""
"=""3d6.4s.(6D).5d""","=""5G""","=""2""","=""""","=""7.09609215""","=""""","=""0.00000025""","=""0.0220973""","=""""","=""                                                     ""","="""""
"=""3d6.4s.(6D).5d""","=""7F""","=""6""","=""""","=""6.99617750""","=""""","=""0.00000025""","=""-0.0999146""","=""""","=""                                                     ""","="""""
"=""3d6.4s.(6D).5d""","=""7F""","=""5""","=""""","=""7.04760069""","=""""","=""0.00000012""","=""0.0514232""","=""""","=""                                                     ""","="""""
"=""3d6.4s.(6D).5d""","=""7F""","=""2""","=""""","=""7.0707710""","=""""","=""0.0000004""","=""0.0231703""","=""""","=""                                                     ""","="""""
"=""3d6.4s.(6D).5d""","=""7F""","=""3""","=""""","=""7.07754882""","=""""","=""0.00000025""","=""0.0067778""","=""""","=""                                                     ""","="""""
"=""3d6.4s.(6D).5d""","=""7F""","=""1""","=""""","=""7.09360019""","=""""","=""0.00000025""","=""0.0160514""","=""""","=""                                                     ""","="""""
"=""3d6.4s.(6D).5d""","=""7F""","=""4""","=""""","=""7.10520213""","=""""","=""0.00000025""","=""0.0116019""","=""""","=""                                                     ""","="""""
"=""3d6.4s.(6D).5d""","=""7D""","=""5""","=""""","=""6.99667889""","=""""","=""0.00000025""","=""-0.1085232""","=""""","=""                                                     ""","="""""
"=""3d6.4s.(6D).5d""","=""7D""","=""4""","=""""","=""6.99915820""","=""""","=""0.00000025""","=""0.0024793""","=""""","=""                                                     ""","="""""
"=""3d6.4s.(6D).5d""","=""7D""","=""2""","=""""","=""7.04761036""","=""""","=""0.00000025""","=""0.0484522""","=""""","=""                                                     ""","="""""
"=""3d6.4s.(6D).5d""","=""7D""","=""1""","=""""","=""7.06763976""","=""""","=""0.00000025""","=""0.0200294""","=""""","=""                                                     ""","="""""
"=""3d6.4s.(6D).5d""","=""7D""","=""3""","=""""","=""7.07582420""","=""""","=""0.00000025""","=""0.0081844""","=""""","=""                                                     ""","="""""
"=""3d6.4s.(6D).5d""","=""7P""","=""3""","=""""","=""7.0003978""","=""""","=""0.0000004""","=""-0.0754264""","=""""","=""                                                     ""","="""""
"=""3d6.4s.(6D).5d""","=""7P""","=""4""","=""""","=""7.04781667""","=""""","=""0.00000025""","=""0.0474189""","=""""","=""                                                     ""","="""""
"=""3d6.4s.(6D).5d""","=""7P""","=""2""","=""""","=""7.10320822""","=""""","=""0.00000025""","=""0.0553916""","=""""","=""                                                     ""","="""""
"=""3d6.4s.(6D).5d""","=""7G""","=""7""","=""""","=""7.0095766""","=""""","=""0.0000004""","=""-0.0936316""","=""""","=""                                                     ""","="""""
"=""3d6.4s.(6D).5d""","=""7G""","=""6""","=""""","=""7.05159087""","=""""","=""0.00000025""","=""0.0420143""","=""""","=""                                                     ""","="""""
"=""3d6.4s.(6D).5d""","=""7G""","=""5""","=""""","=""7.08282336""","=""""","=""0.00000025""","=""0.0312325""","=""""","=""                                                     ""","="""""
"=""3d6.4s.(6D).5d""","=""7G""","=""4""","=""""","=""7.08642312""","=""""","=""0.00000012""","=""0.0035998""","=""""","=""                                                     ""","="""""
"=""3d6.4s.(6D).5d""","=""7G""","=""1""","=""""","=""7.1068173""","=""""","=""0.0000004""","=""0.0203942""","=""""","=""                                                     ""","="""""
"=""3d6.4s.(6D).5d""","=""7G""","=""3""","=""""","=""7.11190298""","=""""","=""0.00000025""","=""0.0050857""","=""""","=""                                                     ""","="""""
"=""3d6.4s.(6D).5d""","=""7G""","=""2""","=""""","=""7.12297453""","=""""","=""0.00000025""","=""0.0110715""","=""""","=""                                                     ""","="""""
"=""3d6.4s.(6D).6p""","=""7P*""","=""4""","=""""","=""7.0102645""","=""""","=""0.0000004""","=""-0.1127100""","=""""","=""                                                     ""","="""""
"=""3d6.4s.(6D).6p""","=""7P*""","=""3""","=""""","=""7.05326553""","=""""","=""0.00000025""","=""0.0430010""","=""""","=""                                                     ""","="""""
"=""3d6.4s.(6D).6p""","=""7P*""","=""2""","=""""","=""7.09068259""","=""""","=""0.00000025""","=""0.0374171""","=""""","=""                                                     ""","="""""
"=""3d6.(1G2).4s.4p.(3P*)""","=""u 3F*""","=""4""","=""""","=""7.01660092""","=""""","=""0.00000025""","=""-0.0740817""","=""1.148""","=""  47             :    17  3d7.(2D2).4p          3F*  ""","="""""
"=""3d6.(1G2).4s.4p.(3P*)""","=""u 3F*""","=""3""","=""""","=""7.04023466""","=""""","=""0.00000025""","=""0.0236337""","=""1.077""","=""  54             :    20  3d7.(2D2).4p          3F*  ""","="""""
"=""3d6.(1G2).4s.4p.(3P*)""","=""u 3F*""","=""2""","=""""","=""7.0495745""","=""""","=""0.0000004""","=""0.0093398""","=""0.687""","=""  47             :    26  3d7.(2D2).4p          3F*  ""","="""""
"=""3d6.4s.(6D).6p""","=""5F*""","=""5""","=""""","=""7.03080715""","=""""","=""0.00000025""","=""-0.0187674""","=""""","=""                                                     ""","="""""
"=""3d6.4s.(6D).6p""","=""5F*""","=""4""","=""""","=""7.0750772""","=""""","=""0.0000004""","=""0.0442700""","=""""","=""                                                     ""","="""""
"=""3d6.4s.(6D).6p""","=""5F*""","=""3""","=""""","=""7.10972855""","=""""","=""0.00000025""","=""0.0346513""","=""""","=""                                                     ""","="""""
"=""3d6.4s.(6D).6p""","=""5F*""","=""1""","=""""","=""7.1348543""","=""""","=""0.0000004""","=""0.0251257""","=""""","=""                                                     ""","="""""
"=""3d6.4s.(6D).6p""","=""5F*""","=""2""","=""""","=""7.13808188""","=""""","=""0.00000025""","=""0.0032276""","=""""","=""                                                     ""","="""""
"=""3d6.4s.(6D).5d""","=""5S""","=""2""","=""""","=""7.03243444""","=""""","=""0.00000025""","=""-0.1056474""","=""""","=""                                                     ""","="""""
"=""3d6.4s.(6D).5d""","=""5F""","=""3""","=""""","=""7.03323823""","=""""","=""0.00000012""","=""0.0008038""","=""""","=""                                                     ""","="""""
"=""3d6.4s.(6D).5d""","=""5F""","=""5""","=""""","=""7.03757595""","=""""","=""0.00000025""","=""0.0043377""","=""""","=""                                                     ""","="""""
"=""3d6.4s.(6D).5d""","=""5F""","=""2""","=""""","=""7.06117448""","=""""","=""0.00000025""","=""0.0235985""","=""""","=""                                                     ""","="""""
"=""3d6.4s.(6D).5d""","=""5F""","=""1""","=""""","=""7.07675061""","=""""","=""0.00000025""","=""0.0155761""","=""""","=""                                                     ""","="""""
"=""3d6.4s.(6D).5d""","=""5F""","=""4""","=""""","=""7.08262833""","=""""","=""0.00000025""","=""0.0058777""","=""""","=""                                                     ""","="""""
"=""3d6.4s.(6D).6p""","=""5D*""","=""4""","=""""","=""7.03391308""","=""""","=""0.00000025""","=""-0.0487153""","=""""","=""                                                     ""","="""""
"=""3d6.4s.(6D).6p""","=""5D*""","=""3""","=""""","=""7.08799449""","=""""","=""0.00000025""","=""0.0540814""","=""""","=""                                                     ""","="""""
"=""3d6.4s.(6D).6p""","=""5D*""","=""1""","=""""","=""7.1168348""","=""""","=""0.0000004""","=""0.0288403""","=""""","=""                                                     ""","="""""
"=""3d6.4s.(6D).6p""","=""5D*""","=""2""","=""""","=""7.11864661""","=""""","=""0.00000012""","=""0.0018118""","=""""","=""                                                     ""","="""""
"=""3d6.4s.(6D).6p""","=""5D*""","=""0""","=""""","=""7.14281882""","=""""","=""0.00000025""","=""0.0241722""","=""""","=""                                                     ""","="""""
"=""3d6.4s.(6D<9/2>).4f""","=""2[11/2]*""","=""6""","=""""","=""7.03596700""","=""""","=""0.00000012""","=""-0.1068518""","=""""","=""                                                     ""","="""""
"=""3d6.4s.(6D<9/2>).4f""","=""2[11/2]*""","=""5""","=""""","=""7.03623952""","=""""","=""0.00000012""","=""0.0002725""","=""""","=""                                                     ""","="""""
"=""3d6.4s.(6D<9/2>).4f""","=""2[13/2]*""","=""7""","=""""","=""7.03661556""","=""""","=""0.00000025""","=""0.0003760""","=""""","=""                                                     ""","="""""
"=""3d6.4s.(6D<9/2>).4f""","=""2[13/2]*""","=""6""","=""""","=""7.03690953""","=""""","=""0.00000025""","=""0.0002940""","=""""","=""                                                     ""","="""""
"=""3d6.4s.(6D<9/2>).4f""","=""2[9/2]*""","=""5""","=""""","=""7.03668921""","=""""","=""0.00000012""","=""-0.0002203""","=""""","=""                                                     ""","="""""
"=""3d6.4s.(6D<9/2>).4f""","=""2[9/2]*""","=""4""","=""""","=""7.03671475""","=""""","=""0.00000012""","=""0.0000255""","=""""","=""                                                     ""","="""""
"=""3d6.4s.(6D<9/2>).4f""","=""2[7/2]*""","=""4""","=""""","=""7.03793414""","=""""","=""0.00000012""","=""0.0012194""","=""""","=""                                                     ""","="""""
"=""3d6.4s.(6D<9/2>).4f""","=""2[7/2]*""","=""3""","=""""","=""7.03809358""","=""""","=""0.00000012""","=""0.0001594""","=""""","=""                                                     ""","="""""
"=""3d6.4s.(6D<9/2>).4f""","=""2[5/2]*""","=""3""","=""""","=""7.03948332""","=""""","=""0.00000012""","=""0.0013897""","=""""","=""                                                     ""","="""""
"=""3d6.4s.(6D<9/2>).4f""","=""2[5/2]*""","=""2""","=""""","=""7.03976551""","=""""","=""0.00000012""","=""0.0002822""","=""""","=""                                                     ""","="""""
"=""3d6.4s.(6D<9/2>).4f""","=""2[15/2]*""","=""7""","=""""","=""7.0396707""","=""""","=""0.0000004""","=""-0.0000948""","=""""","=""                                                     ""","="""""
"=""3d6.4s.(6D<9/2>).4f""","=""2[15/2]*""","=""8""","=""""","=""7.0396729""","=""""","=""0.0000004""","=""0.0000022""","=""""","=""                                                     ""","="""""
"=""3d6.4s.(6D<9/2>).4f""","=""2[3/2]*""","=""2""","=""""","=""7.04102531""","=""""","=""0.00000025""","=""0.0013524""","=""""","=""                                                     ""","="""""
"=""3d6.4s.(6D<9/2>).4f""","=""2[3/2]*""","=""1""","=""""","=""7.04126386""","=""""","=""0.00000025""","=""0.0002385""","=""""","=""                                                     ""","="""""
"=""3d7.(4F).6s""","=""3F""","=""4""","=""""","=""7.04332745""","=""""","=""0.00000025""","=""0.0020636""","=""""","=""                                                     ""","="""""
"=""3d7.(4F).6s""","=""3F""","=""3""","=""""","=""7.09423040""","=""""","=""0.00000025""","=""0.0509030""","=""""","=""                                                     ""","="""""
"=""3d7.(4F).6s""","=""3F""","=""2""","=""""","=""7.16515953""","=""""","=""0.00000025""","=""0.0709291""","=""""","=""                                                     ""","="""""
"=""3d6.4s.(6D).6p""","=""5P*""","=""3""","=""""","=""7.0511481""","=""""","=""0.0000004""","=""-0.1140114""","=""""","=""                                                     ""","="""""
"=""3d6.4s.(6D).6p""","=""5P*""","=""2""","=""""","=""7.12130446""","=""""","=""0.00000012""","=""0.0701564""","=""""","=""                                                     ""","="""""
"=""3d6.4s.(6D).6p""","=""5P*""","=""1""","=""""","=""7.1590301""","=""""","=""0.0000004""","=""0.0377256""","=""""","=""                                                     ""","="""""
"=""3d7.(2H).4p""","=""v 1G*""","=""4""","=""""","=""7.0610614""","=""""","=""0.0000004""","=""-0.0979687""","=""1.053""","=""  39             :    23  3d6.(3G).4s.4p.(3P*)  1G*  ""","="""""
"=""3d6.(1I).4s.4p.(3P*)""","=""x 3I*""","=""7""","=""""","=""7.0705105""","=""""","=""0.0000004""","=""0.0094491""","=""1.145""","=""  86             :     6  3d7.(2H).4p           3I*  ""","="""""
"=""3d6.(1I).4s.4p.(3P*)""","=""x 3I*""","=""6""","=""""","=""7.0757994""","=""""","=""0.0000004""","=""0.0052889""","=""1.028""","=""  85             :     7  3d7.(2H).4p           3I*  ""","="""""
"=""3d6.(1I).4s.4p.(3P*)""","=""x 3I*""","=""5""","=""""","=""7.0800206""","=""""","=""0.0000009""","=""0.0042212""","=""0.832""","=""  84             :     7  3d7.(2H).4p           3I*  ""","="""""
"=""3d6.(3D).4s.4p.(1P*)""","=""3D*""","=""2""","=""""","=""7.07638759""","=""""","=""0.00000025""","=""-0.0036330""","=""""","=""                                                     ""","="""""
"=""3d6.(3D).4s.4p.(1P*)""","=""3D*""","=""3""","=""""","=""7.11001619""","=""""","=""0.00000025""","=""0.0336286""","=""""","=""                                                     ""","="""""
"=""3d6.4s.(6D<7/2>).4f""","=""2[9/2]*""","=""5""","=""""","=""7.08517422""","=""""","=""0.00000012""","=""-0.0248420""","=""""","=""                                                     ""","="""""
"=""3d6.4s.(6D<7/2>).4f""","=""2[9/2]*""","=""4""","=""""","=""7.08534619""","=""""","=""0.00000012""","=""0.0001720""","=""""","=""                                                     ""","="""""
"=""3d6.4s.(6D<7/2>).4f""","=""2[11/2]*""","=""6""","=""""","=""7.08529672""","=""""","=""0.00000012""","=""-0.0000495""","=""""","=""                                                     ""","="""""
"=""3d6.4s.(6D<7/2>).4f""","=""2[11/2]*""","=""5""","=""""","=""7.08542219""","=""""","=""0.00000012""","=""0.0001255""","=""""","=""                                                     ""","="""""
"=""3d6.4s.(6D<7/2>).4f""","=""2[7/2]*""","=""4""","=""""","=""7.08558697""","=""""","=""0.00000012""","=""0.0001648""","=""""","=""                                                     ""","="""""
"=""3d6.4s.(6D<7/2>).4f""","=""2[7/2]*""","=""3""","=""""","=""7.08565999""","=""""","=""0.00000012""","=""0.0000730""","=""""","=""                                                     ""","="""""
"=""3d6.4s.(6D<7/2>).4f""","=""2[5/2]*""","=""3""","=""""","=""7.08567772""","=""""","=""0.00000025""","=""0.0000177""","=""""","=""                                                     ""","="""""
"=""3d6.4s.(6D<7/2>).4f""","=""2[5/2]*""","=""2""","=""""","=""7.08599636""","=""""","=""0.00000012""","=""0.0003186""","=""""","=""                                                     ""","="""""
"=""3d6.4s.(6D<7/2>).4f""","=""2[3/2]*""","=""1""","=""""","=""7.08597801""","=""""","=""0.00000025""","=""-0.0000184""","=""""","=""                                                     ""","="""""
"=""3d6.4s.(6D<7/2>).4f""","=""2[3/2]*""","=""2""","=""""","=""7.08622623""","=""""","=""0.00000025""","=""0.0002482""","=""""","=""                                                     ""","="""""
"=""3d6.4s.(6D<7/2>).4f""","=""2[13/2]*""","=""7""","=""""","=""7.08598644""","=""""","=""0.00000025""","=""-0.0002398""","=""""","=""                                                     ""","="""""
"=""3d6.4s.(6D<7/2>).4f""","=""2[13/2]*""","=""6""","=""""","=""7.08609009""","=""""","=""0.00000025""","=""0.0001036""","=""""","=""                                                     ""","="""""
"=""3d6.4s.(6D<7/2>).4f""","=""2[1/2]*""","=""1""","=""""","=""7.0863164""","=""""","=""0.0000004""","=""0.0002263""","=""""","=""                                                     ""","="""""
"=""3d6.4s.(6D<7/2>).4f""","=""2[1/2]*""","=""0""","=""""","=""7.08644816""","=""""","=""0.00000025""","=""0.0001318""","=""""","=""                                                     ""","="""""
"=""3d6.4s.(6D).5d""","=""5P""","=""3""","=""""","=""7.08695439""","=""""","=""0.00000025""","=""0.0005062""","=""""","=""                                                     ""","="""""
"=""3d6.4s.(6D).5d""","=""5P""","=""2""","=""""","=""7.11708156""","=""""","=""0.00000025""","=""0.0301272""","=""""","=""                                                     ""","="""""
"=""3d6.4s.(6D<5/2>).4f""","=""2[1/2]*""","=""1""","=""""","=""7.1193548""","=""""","=""0.0000004""","=""0.0022732""","=""""","=""                                                     ""","="""""
"=""3d6.4s.(6D<5/2>).4f""","=""2[3/2]*""","=""1""","=""""","=""7.11997076""","=""""","=""0.00000025""","=""0.0006160""","=""""","=""                                                     ""","="""""
"=""3d6.4s.(6D<5/2>).4f""","=""2[3/2]*""","=""2""","=""""","=""7.12011198""","=""""","=""0.00000025""","=""0.0001412""","=""""","=""                                                     ""","="""""
"=""3d6.4s.(6D<5/2>).4f""","=""2[11/2]*""","=""6""","=""""","=""7.12017248""","=""""","=""0.00000025""","=""0.0000605""","=""""","=""                                                     ""","="""""
"=""3d6.4s.(6D<5/2>).4f""","=""2[11/2]*""","=""5""","=""""","=""7.12030056""","=""""","=""0.00000012""","=""0.0001281""","=""""","=""                                                     ""","="""""
"=""3d6.4s.(6D<5/2>).4f""","=""2[5/2]*""","=""2""","=""""","=""7.12055088""","=""""","=""0.00000025""","=""0.0002503""","=""""","=""                                                     ""","="""""
"=""3d6.4s.(6D<5/2>).4f""","=""2[5/2]*""","=""3""","=""""","=""7.12076562""","=""""","=""0.00000012""","=""0.0002147""","=""""","=""                                                     ""","="""""
"=""3d6.4s.(6D<5/2>).4f""","=""2[7/2]*""","=""4""","=""""","=""7.12137972""","=""""","=""0.00000012""","=""0.0006141""","=""""","=""                                                     ""","="""""
"=""3d6.4s.(6D<5/2>).4f""","=""2[7/2]*""","=""3""","=""""","=""7.12158863""","=""""","=""0.00000012""","=""0.0002089""","=""""","=""                                                     ""","="""""
"=""3d6.4s.(6D<5/2>).4f""","=""2[9/2]*""","=""5""","=""""","=""7.12139546""","=""""","=""0.00000012""","=""-0.0001932""","=""""","=""                                                     ""","="""""
"=""3d6.4s.(6D<5/2>).4f""","=""2[9/2]*""","=""4""","=""""","=""7.12155602""","=""""","=""0.00000012""","=""0.0001606""","=""""","=""                                                     ""","="""""
"=""3d6.4s.(6D).5d""","=""7S""","=""3""","=""""","=""7.12143749""","=""""","=""0.00000025""","=""-0.0001185""","=""""","=""                                                     ""","="""""
"=""3d6.(3D).4s.4p.(3P*)""","=""t 3F*""","=""4""","=""""","=""7.1352919""","=""""","=""0.0000004""","=""0.0138544""","=""1.235""","=""  67             :    15  3d6.(3F2).4s.4p.(1P*) 3F*  ""","="""""
"=""3d6.(3D).4s.4p.(3P*)""","=""t 3F*""","=""3""","=""""","=""7.14657331""","=""""","=""0.00000025""","=""0.0112814""","=""""","=""  60             :    17  3d6.(3F2).4s.4p.(1P*) 3F*  ""","="""""
"=""3d6.(3D).4s.4p.(3P*)""","=""t 3F*""","=""2""","=""""","=""7.1549720""","=""""","=""0.0000004""","=""0.0083987""","=""0.698""","=""  61             :    16  3d6.(3F2).4s.4p.(1P*) 3F*  ""","="""""
"=""3d6.(3P2).4s.4p.(1P*)""","=""3D*""","=""3""","=""""","=""7.13718820""","=""""","=""0.00000025""","=""-0.0177838""","=""""","=""  78             :    10  3d6.(3D).4s.4p.(3P*)  1F*  ""","="""""
"=""3d6.4s.(6D<3/2>).4f""","=""2[3/2]*""","=""1""","=""""","=""7.1435987""","=""""","=""0.0000004""","=""0.0064105""","=""""","=""                                                     ""","="""""
"=""3d6.4s.(6D<3/2>).4f""","=""2[3/2]*""","=""2""","=""""","=""7.14382148""","=""""","=""0.00000025""","=""0.0002228""","=""""","=""                                                     ""","="""""
"=""3d6.4s.(6D<3/2>).4f""","=""2[9/2]*""","=""5""","=""""","=""7.14406771""","=""""","=""0.00000025""","=""0.0002462""","=""""","=""                                                     ""","="""""
"=""3d6.4s.(6D<3/2>).4f""","=""2[9/2]*""","=""4""","=""""","=""7.14420856""","=""""","=""0.00000025""","=""0.0001409""","=""""","=""                                                     ""","="""""
"=""3d6.4s.(6D<3/2>).4f""","=""2[5/2]*""","=""3""","=""""","=""7.14534512""","=""""","=""0.00000012""","=""0.0011366""","=""""","=""                                                     ""","="""""
"=""3d6.4s.(6D<3/2>).4f""","=""2[5/2]*""","=""2""","=""""","=""7.14553841""","=""""","=""0.00000012""","=""0.0001933""","=""""","=""                                                     ""","="""""
"=""3d6.4s.(6D<3/2>).4f""","=""2[7/2]*""","=""4""","=""""","=""7.14660033""","=""""","=""0.00000012""","=""0.0010619""","=""""","=""                                                     ""","="""""
"=""3d6.4s.(6D<3/2>).4f""","=""2[7/2]*""","=""3""","=""""","=""7.14674465""","=""""","=""0.00000012""","=""0.0001443""","=""""","=""                                                     ""","="""""
"=""3d6.4s.(4D).4d""","=""5F""","=""5""","=""""","=""7.1490470""","=""""","=""0.0000004""","=""0.0023024""","=""""","=""                                                     ""","="""""
"=""3d6.4s.(4D).4d""","=""5F""","=""4""","=""""","=""7.2058221""","=""""","=""0.0000004""","=""0.0567751""","=""""","=""                                                     ""","="""""
"=""3d6.4s.(4D).4d""","=""5F""","=""3""","=""""","=""7.2074595""","=""""","=""0.0000004""","=""0.0016374""","=""""","=""                                                     ""","="""""
"=""3d6.4s.(4D).4d""","=""5F""","=""1""","=""""","=""7.2361423""","=""""","=""0.0000006""","=""0.0286828""","=""""","=""                                                     ""","="""""
"=""3d6.4s.(4D).4d""","=""5F""","=""2""","=""""","=""7.2546114""","=""""","=""0.0000005""","=""0.0184691""","=""""","=""                                                     ""","="""""
"=""3d6.(5D).4s (4D).4d""","=""i 5D""","=""4""","=""""","=""7.15357742""","=""""","=""0.00000025""","=""-0.1010340""","=""1.384""","=""                                                     ""","="""""
"=""3d6.(5D).4s (4D).4d""","=""i 5D""","=""3""","=""""","=""7.16801526""","=""""","=""0.00000025""","=""0.0144378""","=""1.415""","=""                                                     ""","="""""
"=""3d6.(5D).4s (4D).4d""","=""i 5D""","=""2""","=""""","=""7.1878769""","=""""","=""0.0000004""","=""0.0198616""","=""""","=""                                                     ""","="""""
"=""3d6.(5D).4s (4D).4d""","=""i 5D""","=""1""","=""""","=""7.2261963""","=""""","=""0.0000004""","=""0.0383194""","=""""","=""                                                     ""","="""""
"=""3d6.4s.(6D<1/2>).4f""","=""2[5/2]*""","=""3""","=""""","=""7.15922602""","=""""","=""0.00000025""","=""-0.0669703""","=""""","=""                                                     ""","="""""
"=""3d6.4s.(6D<1/2>).4f""","=""2[5/2]*""","=""2""","=""""","=""7.15926544""","=""""","=""0.00000025""","=""0.0000394""","=""""","=""                                                     ""","="""""
"=""3d6.4s.(6D<1/2>).4f""","=""2[7/2]*""","=""4""","=""""","=""7.15923606""","=""""","=""0.00000012""","=""-0.0000294""","=""""","=""                                                     ""","="""""
"=""3d6.4s.(6D<1/2>).4f""","=""2[7/2]*""","=""3""","=""""","=""7.15945911""","=""""","=""0.00000012""","=""0.0002231""","=""""","=""                                                     ""","="""""
"=""3d6.4s.(4D).5p""","=""5D*""","=""4""","=""""","=""7.16180142""","=""""","=""0.00000025""","=""0.0023423""","=""""","=""                                                     ""","="""""
"=""3d6.4s.(4D).5p""","=""5D*""","=""3""","=""""","=""7.19523772""","=""""","=""0.00000012""","=""0.0334363""","=""""","=""                                                     ""","="""""
"=""3d6.4s.(4D).5p""","=""5D*""","=""2""","=""""","=""7.23206872""","=""""","=""0.00000025""","=""0.0368310""","=""""","=""                                                     ""","="""""
"=""3d6.4s.(4D).5p""","=""5D*""","=""1""","=""""","=""7.2555557""","=""""","=""0.0000011""","=""0.0234870""","=""""","=""                                                     ""","="""""
"=""3d6.(5D).4s (6D).7s""","=""7D""","=""5""","=""""","=""7.1783195""","=""""","=""0.0000006""","=""-0.077236""","=""""","=""                                                     ""","="""""
"=""3d6.4s.(4D).5p""","=""3F*""","=""4""","=""""","=""7.1808243""","=""""","=""0.0000004""","=""0.0025048""","=""""","=""                                                     ""","="""""
"=""3d6.4s.(4D).5p""","=""3F*""","=""2""","=""""","=""7.31035581""","=""""","=""0.00000025""","=""0.1295315""","=""""","=""                                                     ""","="""""
"=""3d6.4s.(4D).5p""","=""3F*""","=""3""","=""""","=""7.3261802""","=""""","=""0.0000004""","=""0.0158244""","=""""","=""                                                     ""","="""""
"=""3d6.4s.(4D).5p""","=""3P*""","=""2""","=""""","=""7.1910167""","=""""","=""0.0000011""","=""-0.135163""","=""""","=""                                                     ""","="""""
"=""3d6.4s.(4D).5p""","=""3P*""","=""1""","=""""","=""7.35769434""","=""""","=""0.00000025""","=""0.1666776""","=""""","=""                                                     ""","="""""
"=""3d6.(5D).4s (4D).4d""","=""g 5G""","=""6""","=""""","=""7.19132379""","=""""","=""0.00000025""","=""-0.1663705""","=""1.40?""","=""                                                     ""","="""""
"=""3d6.(5D).4s (4D).4d""","=""g 5G""","=""5""","=""""","=""7.2247405""","=""""","=""0.0000004""","=""0.0334167""","=""""","=""                                                     ""","="""""
"=""3d6.(5D).4s (4D).4d""","=""g 5G""","=""4""","=""""","=""7.25557550""","=""""","=""0.00000025""","=""0.0308350""","=""""","=""                                                     ""","="""""
"=""3d6.(5D).4s (4D).4d""","=""g 5G""","=""3""","=""""","=""7.2791181""","=""""","=""0.0000004""","=""0.0235426""","=""""","=""                                                     ""","="""""
"=""3d6.(5D).4s (4D).4d""","=""g 5G""","=""2""","=""""","=""7.2933513""","=""""","=""0.0000004""","=""0.0142332""","=""0.343""","=""                                                     ""","="""""
"=""3d6.(3H).4s.4p.(1P*)""","=""3G*""","=""5""","=""""","=""7.1933848""","=""""","=""0.0000004""","=""-0.0999665""","=""""","=""                                                     ""","="""""
"=""3d6.(3H).4s.4p.(1P*)""","=""3G*""","=""4""","=""""","=""7.2325702""","=""""","=""0.0000004""","=""0.0391854""","=""""","=""                                                     ""","="""""
"=""3d6.(3H).4s.4p.(1P*)""","=""3G*""","=""3""","=""""","=""7.2655167""","=""""","=""0.0000004""","=""0.0329465""","=""""","=""                                                     ""","="""""
"=""3d6.4s.(4D).5p""","=""3D*""","=""2""","=""""","=""7.20748030""","=""""","=""0.00000025""","=""-0.0580364""","=""""","=""                                                     ""","="""""
"=""3d6.4s.(4D).5p""","=""3D*""","=""3""","=""""","=""7.2253354""","=""""","=""0.0000004""","=""0.0178551""","=""""","=""                                                     ""","="""""
"=""3d6.4s.(4D).5p""","=""3D*""","=""1""","=""""","=""7.24004041""","=""""","=""0.00000025""","=""0.0147050""","=""""","=""                                                     ""","="""""
"=""3d6.4s.(4D).5p""","=""5F*""","=""5""","=""""","=""7.20931005""","=""""","=""0.00000025""","=""-0.0307304""","=""""","=""                                                     ""","="""""
"=""3d6.4s.(4D).5p""","=""5F*""","=""4""","=""""","=""7.25075723""","=""""","=""0.00000025""","=""0.0414472""","=""""","=""                                                     ""","="""""
"=""3d6.4s.(4D).5p""","=""5F*""","=""3""","=""""","=""7.28501741""","=""""","=""0.00000025""","=""0.0342602""","=""""","=""                                                     ""","="""""
"=""3d6.4s.(4D).5p""","=""5F*""","=""2""","=""""","=""7.30342758""","=""""","=""0.00000025""","=""0.0184102""","=""""","=""                                                     ""","="""""
"=""3d6.4s.(4D).5p""","=""5F*""","=""1""","=""""","=""7.31227831""","=""""","=""0.00000025""","=""0.0088507""","=""""","=""                                                     ""","="""""
"=""3d6.4s.(6D).7s""","=""7D""","=""4""","=""""","=""7.2156217""","=""""","=""0.0000004""","=""-0.0966566""","=""""","=""                                                     ""","="""""
"=""3d6.4s.(6D).7s""","=""7D""","=""3""","=""""","=""7.2506341""","=""""","=""0.0000004""","=""0.0350124""","=""""","=""                                                     ""","="""""
"=""3d6.4s.(6D).7s""","=""7D""","=""2""","=""""","=""7.2758644""","=""""","=""0.0000004""","=""0.0252303""","=""""","=""                                                     ""","="""""
"=""3d6.4s.(6D).7s""","=""7D""","=""1""","=""""","=""7.2852593""","=""""","=""0.0000004""","=""0.0093949""","=""""","=""                                                     ""","="""""
"=""3d6.4s.(4D).4d""","=""5P""","=""2""","=""""","=""7.21750752""","=""""","=""0.00000025""","=""-0.0677518""","=""""","=""                                                     ""","="""""
"=""3d6.4s.(4D).4d""","=""5P""","=""3""","=""""","=""7.2508259""","=""""","=""0.0000004""","=""0.0333184""","=""""","=""                                                     ""","="""""
"=""3d6.4s.(6D).7s""","=""5D""","=""4""","=""""","=""7.2309299""","=""""","=""0.0000004""","=""-0.0198960""","=""""","=""                                                     ""","="""""
"=""3d6.4s.(6D).7s""","=""5D""","=""3""","=""""","=""7.28561601""","=""""","=""0.00000025""","=""0.0546861""","=""""","=""                                                     ""","="""""
"=""3d6.4s.(6D).7s""","=""5D""","=""2""","=""""","=""7.3195016""","=""""","=""0.0000005""","=""0.0338856""","=""""","=""                                                     ""","="""""
"=""3d6.4s.(6D).7s""","=""5D""","=""1""","=""""","=""7.3291200""","=""""","=""0.0000005""","=""0.0096184""","=""""","=""                                                     ""","="""""
"=""3d6.4s.(4D).4d""","=""3G""","=""5""","=""""","=""7.2521129""","=""""","=""0.0000004""","=""-0.0770071""","=""""","=""                                                     ""","="""""
"=""3d6.4s.(4D).4d""","=""3G""","=""4""","=""""","=""7.3107624""","=""""","=""0.0000004""","=""0.0586495""","=""""","=""                                                     ""","="""""
"=""3d7.(4F).5d""","=""5F""","=""5""","=""""","=""7.26438371""","=""""","=""0.00000025""","=""-0.0463787""","=""""","=""                                                     ""","="""""
"=""3d7.(4F).5d""","=""5F""","=""4""","=""""","=""7.26449133""","=""""","=""0.00000025""","=""0.0001076""","=""""","=""                                                     ""","="""""
"=""""","=""58661e""","=""4""","=""""","=""7.2731583""","=""""","=""0.0000004""","=""0.0086670""","=""""","=""                                                     ""","="""""
"=""3d6.4s.(4D).5p""","=""5P*""","=""3""","=""""","=""7.27470577""","=""""","=""0.00000025""","=""0.0015475""","=""""","=""                                                     ""","="""""
"=""3d6.4s.(4D).5p""","=""5P*""","=""2""","=""""","=""7.32812275""","=""""","=""0.00000025""","=""0.0534170""","=""""","=""                                                     ""","="""""
"=""3d6.4s.(4D).5p""","=""5P*""","=""1""","=""""","=""7.3597266""","=""""","=""0.0000004""","=""0.0316038""","=""""","=""                                                     ""","="""""
"=""3d6.4s.(4D).4d""","=""3D""","=""3""","=""""","=""7.2756807""","=""""","=""0.0000004""","=""-0.0840459""","=""""","=""                                                     ""","="""""
"=""3d6.4s.(4D).4d""","=""3D""","=""1""","=""""","=""7.3108215""","=""""","=""0.0000005""","=""0.0351408""","=""""","=""                                                     ""","="""""
"=""3d6.4s.(4D).4d""","=""3D""","=""2""","=""""","=""7.31256608""","=""""","=""0.00000025""","=""0.0017446""","=""""","=""                                                     ""","="""""
"=""3d7.(4F<9/2>).4f""","=""2[11/2]*""","=""6""","=""""","=""7.27793940""","=""""","=""0.00000025""","=""-0.0346267""","=""""","=""                                                     ""","="""""
"=""3d7.(4F<9/2>).4f""","=""2[11/2]*""","=""5""","=""""","=""7.27797585""","=""""","=""0.00000025""","=""0.0000364""","=""""","=""                                                     ""","="""""
"=""3d7.(4F<9/2>).4f""","=""2[13/2]*""","=""6""","=""""","=""7.27820485""","=""""","=""0.00000025""","=""0.0002290""","=""""","=""                                                     ""","="""""
"=""3d7.(4F<9/2>).4f""","=""2[13/2]*""","=""7""","=""""","=""7.27862478""","=""""","=""0.00000025""","=""0.0004199""","=""""","=""                                                     ""","="""""
"=""3d7.(4F<9/2>).4f""","=""2[9/2]*""","=""4""","=""""","=""7.27848158""","=""""","=""0.00000025""","=""-0.0001432""","=""""","=""                                                     ""","="""""
"=""3d7.(4F<9/2>).4f""","=""2[9/2]*""","=""5""","=""""","=""7.2787878""","=""""","=""0.0000004""","=""0.0003062""","=""""","=""                                                     ""","="""""
"=""3d7.(4F).5d""","=""5H""","=""7""","=""""","=""7.279213""","=""""","=""0.000006""","=""0.000425""","=""""","=""                                                     ""","="""""
"=""3d7.(4F<9/2>).4f""","=""2[7/2]*""","=""4""","=""""","=""7.2792669""","=""""","=""0.0000004""","=""0.000054""","=""""","=""                                                     ""","="""""
"=""3d7.(4F<9/2>).4f""","=""2[7/2]*""","=""3""","=""""","=""7.27968857""","=""""","=""0.00000025""","=""0.0004217""","=""""","=""                                                     ""","="""""
"=""3d7.(4F<9/2>).4f""","=""2[15/2]*""","=""8""","=""""","=""7.2801659""","=""""","=""0.0000004""","=""0.0004773""","=""""","=""                                                     ""","="""""
"=""3d7.(4F<9/2>).4f""","=""2[15/2]*""","=""7""","=""""","=""7.2806700""","=""""","=""0.0000004""","=""0.0005041""","=""""","=""                                                     ""","="""""
"=""3d7.(4F<9/2>).4f""","=""2[5/2]*""","=""3""","=""""","=""7.28023311""","=""""","=""0.00000025""","=""-0.0004369""","=""""","=""                                                     ""","="""""
"=""3d7.(4F<9/2>).4f""","=""2[5/2]*""","=""2""","=""""","=""7.28075992""","=""""","=""0.00000025""","=""0.0005268""","=""""","=""                                                     ""","="""""
"=""3d6.(3H).4s.4p.(1P*)""","=""3I*""","=""7""","=""""","=""7.28931061""","=""""","=""0.00000025""","=""0.0085507""","=""""","=""                                                     ""","="""""
"=""3d6.(3H).4s.4p.(1P*)""","=""3I*""","=""6""","=""""","=""7.3084633""","=""""","=""0.0000004""","=""0.0191527""","=""""","=""                                                     ""","="""""
"=""3d6.(3H).4s.4p.(1P*)""","=""3I*""","=""5""","=""""","=""7.3257089""","=""""","=""0.0000004""","=""0.0172456""","=""""","=""                                                     ""","="""""
"=""3d7.(4F).5d""","=""3G""","=""5""","=""""","=""7.291761""","=""""","=""0.000006""","=""-0.033948""","=""""","=""                                                     ""","="""""
"=""3d7.(4F).5d""","=""3G""","=""4""","=""""","=""7.340389""","=""""","=""0.000006""","=""0.048628""","=""""","=""                                                     ""","="""""
"=""""","=""58831e""","=""3""","=""""","=""7.2941429""","=""""","=""0.0000004""","=""-0.046246""","=""""","=""                                                     ""","="""""
"=""""","=""58906e""","=""4""","=""""","=""7.30346725""","=""""","=""0.00000025""","=""0.0093243""","=""""","=""                                                     ""","="""""
"=""3d6.4s.(4D).4d""","=""5S""","=""2""","=""""","=""7.3053924""","=""""","=""0.0000004""","=""0.0019251""","=""""","=""                                                     ""","="""""
"=""""","=""59077e""","=""1""","=""""","=""7.3246249""","=""""","=""0.0000004""","=""0.0192325""","=""""","=""                                                     ""","="""""
"=""3d6.4s.(6D<9/2>).6d""","=""2[11/2]""","=""6""","=""""","=""7.3304509""","=""""","=""0.0000017""","=""0.005826""","=""""","=""                                                     ""","="""""
"=""3d6.4s.(6D<9/2>).6d""","=""2[11/2]""","=""5""","=""""","=""7.3377221""","=""""","=""0.0000025""","=""0.007271""","=""""","=""                                                     ""","="""""
"=""3d6.4s.(6D<9/2>).6d""","=""2[9/2]""","=""5""","=""""","=""7.3307827""","=""""","=""0.0000025""","=""-0.006939""","=""""","=""                                                     ""","="""""
"=""3d6.4s.(6D<9/2>).6d""","=""2[9/2]""","=""4""","=""""","=""7.331633""","=""""","=""0.000004""","=""0.000850""","=""""","=""                                                     ""","="""""
"=""3d6.4s.(6D<9/2>).6d""","=""2[13/2]""","=""6""","=""""","=""7.3332153""","=""""","=""0.0000025""","=""0.001582""","=""""","=""                                                     ""","="""""
"=""3d6.4s.(6D<9/2>).6d""","=""2[13/2]""","=""7""","=""""","=""7.3372775""","=""""","=""0.0000012""","=""0.004062""","=""""","=""                                                     ""","="""""
"=""3d6.4s.(4D).4d""","=""3S""","=""1""","=""""","=""7.3342434""","=""""","=""0.0000009""","=""-0.003034""","=""""","=""                                                     ""","="""""
"=""3d6.4s.(6D<9/2>).6d""","=""2[5/2]""","=""3""","=""""","=""7.3419976""","=""""","=""0.0000014""","=""0.007754""","=""""","=""                                                     ""","="""""
"=""3d6.4s.(6D<9/2>).6d""","=""2[7/2]""","=""4""","=""""","=""7.344264""","=""""","=""0.000006""","=""0.002266""","=""""","=""                                                     ""","="""""
"=""3d6.4s.(6D<9/2>).6d""","=""2[7/2]""","=""3""","=""""","=""7.3462361""","=""""","=""0.0000025""","=""0.001972""","=""""","=""                                                     ""","="""""
"=""3d7.(4F<7/2>).4f""","=""2[9/2]*""","=""4""","=""""","=""7.34758864""","=""""","=""0.00000025""","=""0.001353""","=""""","=""                                                     ""","="""""
"=""3d7.(4F<7/2>).4f""","=""2[9/2]*""","=""5""","=""""","=""7.34790914""","=""""","=""0.00000025""","=""0.0003205""","=""""","=""                                                     ""","="""""
"=""3d7.(4F<7/2>).4f""","=""2[11/2]*""","=""6""","=""""","=""7.3477900""","=""""","=""0.0000004""","=""-0.0001191""","=""""","=""                                                     ""","="""""
"=""3d7.(4F<7/2>).4f""","=""2[11/2]*""","=""5""","=""""","=""7.34792662""","=""""","=""0.00000025""","=""0.0001366""","=""""","=""                                                     ""","="""""
"=""3d7.(4F<7/2>).4f""","=""2[7/2]*""","=""3""","=""""","=""7.34798266""","=""""","=""0.00000025""","=""0.0000560""","=""""","=""                                                     ""","="""""
"=""3d7.(4F<7/2>).4f""","=""2[7/2]*""","=""4""","=""""","=""7.34801576""","=""""","=""0.00000025""","=""0.0000331""","=""""","=""                                                     ""","="""""
"=""3d7.(4F<7/2>).4f""","=""2[5/2]*""","=""2""","=""""","=""7.34856303""","=""""","=""0.00000025""","=""0.0005473""","=""""","=""                                                     ""","="""""
"=""3d7.(4F<7/2>).4f""","=""2[5/2]*""","=""3""","=""""","=""7.3487069""","=""""","=""0.0000004""","=""0.0001439""","=""""","=""                                                     ""","="""""
"=""3d7.(4F<7/2>).4f""","=""2[13/2]*""","=""7""","=""""","=""7.3487778""","=""""","=""0.0000005""","=""0.0000709""","=""""","=""                                                     ""","="""""
"=""3d7.(4F<7/2>).4f""","=""2[13/2]*""","=""6""","=""""","=""7.3489321""","=""""","=""0.0000005""","=""0.0001543""","=""""","=""                                                     ""","="""""
"=""3d6.4s.(6D<9/2>).5f""","=""2[11/2]*""","=""6""","=""""","=""7.3491091""","=""""","=""0.0000004""","=""0.0001770""","=""""","=""                                                     ""","="""""
"=""3d6.4s.(6D<9/2>).5f""","=""2[13/2]*""","=""6""","=""""","=""7.3492730""","=""""","=""0.0000004""","=""0.0001639""","=""""","=""                                                     ""","="""""
"=""3d6.4s.(6D<9/2>).5f""","=""2[13/2]*""","=""7""","=""""","=""7.3494681""","=""""","=""0.0000004""","=""0.0001951""","=""""","=""                                                     ""","="""""
"=""3d7.(4F<7/2>).4f""","=""2[3/2]*""","=""2""","=""""","=""7.3493170""","=""""","=""0.0000004""","=""-0.0001511""","=""""","=""                                                     ""","="""""
"=""3d6.4s.(6D<9/2>).5f""","=""2[15/2]*""","=""7""","=""""","=""7.3510690""","=""""","=""0.0000025""","=""0.001752""","=""""","=""                                                     ""","="""""
"=""3d6.4s.(6D<9/2>).5f""","=""2[15/2]*""","=""8""","=""""","=""7.3510758""","=""""","=""0.0000004""","=""0.000007""","=""""","=""                                                     ""","="""""
"=""3d6.4s.(4D).4d""","=""3F""","=""4""","=""""","=""7.3524990""","=""""","=""0.0000011""","=""0.001423""","=""""","=""                                                     ""","="""""
"=""3d6.4s.(4D).4d""","=""3F""","=""3""","=""""","=""7.3798760""","=""""","=""0.0000004""","=""0.027377""","=""""","=""                                                     ""","="""""
"=""3d6.4s.(4D).4d""","=""3F""","=""2""","=""""","=""7.4161840""","=""""","=""0.0000004""","=""0.0363080""","=""""","=""                                                     ""","="""""
"=""3d6.4s.(6D<9/2>).5g""","=""2[13/2]""","=""6""","=""""","=""7.3559386""","=""""","=""0.0000005""","=""-0.0602454""","=""""","=""                                                     ""","="""""
"=""3d6.4s.(6D<9/2>).5g""","=""2[13/2]""","=""7""","=""""","=""7.3559390""","=""""","=""0.0000005""","=""0.0000004""","=""""","=""                                                     ""","="""""
"=""3d6.4s.(6D<9/2>).5g""","=""2[11/2]""","=""5""","=""""","=""7.3559695""","=""""","=""0.0000004""","=""0.0000305""","=""""","=""                                                     ""","="""""
"=""3d6.4s.(6D<9/2>).5g""","=""2[11/2]""","=""6""","=""""","=""7.3559696""","=""""","=""0.0000005""","=""0.0000001""","=""""","=""                                                     ""","="""""
"=""3d6.4s.(6D<9/2>).5g""","=""2[15/2]""","=""8""","=""""","=""7.3561403""","=""""","=""0.0000006""","=""0.0001707""","=""""","=""                                                     ""","="""""
"=""3d6.4s.(6D<9/2>).5g""","=""2[15/2]""","=""7""","=""""","=""7.3561404""","=""""","=""0.0000005""","=""0.0000001""","=""""","=""                                                     ""","="""""
"=""3d6.4s.(6D<9/2>).5g""","=""2[9/2]""","=""5""","=""""","=""7.3561424""","=""""","=""0.0000005""","=""0.0000020""","=""""","=""                                                     ""","="""""
"=""3d6.4s.(6D<9/2>).5g""","=""2[9/2]""","=""4""","=""""","=""7.3561426""","=""""","=""0.0000005""","=""0.0000002""","=""""","=""                                                     ""","="""""
"=""3d6.4s.(6D<9/2>).5g""","=""2[7/2]""","=""4""","=""""","=""7.3563866""","=""""","=""0.0000005""","=""0.0002440""","=""""","=""                                                     ""","="""""
"=""3d6.4s.(6D<9/2>).5g""","=""2[7/2]""","=""3""","=""""","=""7.3563868""","=""""","=""0.0000005""","=""0.0000002""","=""""","=""                                                     ""","="""""
"=""3d6.4s.(6D<9/2>).5g""","=""2[5/2]""","=""3""","=""""","=""7.3566421""","=""""","=""0.0000004""","=""0.0002553""","=""""","=""                                                     ""","="""""
"=""3d6.4s.(6D<9/2>).5g""","=""2[5/2]""","=""2""","=""""","=""7.3566422""","=""""","=""0.0000006""","=""0.0000001""","=""""","=""                                                     ""","="""""
"=""3d6.4s.(6D<9/2>).5g""","=""2[17/2]""","=""8""","=""""","=""7.3566917""","=""""","=""0.0000025""","=""0.000050""","=""""","=""                                                     ""","="""""
"=""3d6.4s.(6D<9/2>).5g""","=""2[17/2]""","=""9""","=""""","=""7.3566929""","=""""","=""0.0000025""","=""0.000001""","=""""","=""                                                     ""","="""""
"=""3d6.4s.(6D<9/2>).5g""","=""2[3/2]""","=""1""","=""""","=""7.3568605""","=""""","=""0.0000006""","=""0.000168""","=""""","=""                                                     ""","="""""
"=""3d6.4s.(6D<9/2>).5g""","=""2[3/2]""","=""2""","=""""","=""7.3568609""","=""""","=""0.0000006""","=""0.0000004""","=""""","=""                                                     ""","="""""
"=""3d6.4s.(6D<9/2>).5g""","=""2[1/2]""","=""1""","=""""","=""7.3570065""","=""""","=""0.0000009""","=""0.000146""","=""""","=""                                                     ""","="""""
"=""3d6.4s.(6D<9/2>).5g""","=""2[1/2]""","=""0""","=""""","=""7.3570083""","=""""","=""0.0000019""","=""0.000002""","=""""","=""                                                     ""","="""""
"=""""","=""59390e""","=""3""","=""""","=""7.3635064""","=""""","=""0.0000009""","=""0.006498""","=""""","=""                                                     ""","="""""
"=""3d6.4s.(6D<7/2>).6d""","=""2[9/2]""","=""5""","=""""","=""7.3725361""","=""""","=""0.0000016""","=""0.009030""","=""""","=""                                                     ""","="""""
"=""3d6.4s.(6D<7/2>).6d""","=""2[9/2]""","=""4""","=""""","=""7.381131""","=""""","=""0.000004""","=""0.008595""","=""""","=""                                                     ""","="""""
"=""3d6.4s.(6D<7/2>).6d""","=""2[7/2]""","=""4""","=""""","=""7.374038""","=""""","=""0.000004""","=""-0.007093""","=""""","=""                                                     ""","="""""
"=""3d6.4s.(6D<7/2>).6d""","=""2[7/2]""","=""3""","=""""","=""7.3795772""","=""""","=""0.0000014""","=""0.005539""","=""""","=""                                                     ""","="""""
"=""3d6.(3P2).4s.4p.(1P*)""","=""3S*""","=""1""","=""""","=""7.3771377""","=""""","=""0.0000004""","=""-0.002440""","=""""","=""  71             :    19  3d7.(2P).4s           3S*  ""","="""""
"=""3d6.4s.(6D<7/2>).6d""","=""2[5/2]""","=""2""","=""""","=""7.378812""","=""""","=""0.000004""","=""0.001674""","=""""","=""                                                     ""","="""""
"=""3d6.4s.(6D<7/2>).6d""","=""2[5/2]""","=""3""","=""""","=""7.3818449""","=""""","=""0.0000019""","=""0.003033""","=""""","=""                                                     ""","="""""
"=""3d6.(5D).4p2.(3P)""","=""7F""","=""5""","=""""","=""7.380021""","=""""","=""0.000006""","=""-0.001824""","=""""","=""                                                     ""","="""""
"=""3d6.(5D).4p2.(3P)""","=""7F""","=""4""","=""""","=""7.3974805""","=""""","=""0.0000021""","=""0.017460""","=""""","=""                                                     ""","="""""
"=""3d6.(5D).4p2.(3P)""","=""7F""","=""2""","=""""","=""7.5051495""","=""""","=""0.0000012""","=""0.107669""","=""""","=""                                                     ""","="""""
"=""3d6.4s.(6D<7/2>).6d""","=""2[11/2]""","=""6""","=""""","=""7.3821585""","=""""","=""0.0000019""","=""-0.122991""","=""""","=""                                                     ""","="""""
"=""3d6.4s.(6D<7/2>).6d""","=""2[11/2]""","=""5""","=""""","=""7.384043""","=""""","=""0.000004""","=""0.001885""","=""""","=""                                                     ""","="""""
"=""3d6.4s.(6D<7/2>).6d""","=""2[3/2]""","=""2""","=""""","=""7.3856611""","=""""","=""0.0000022""","=""0.001618""","=""""","=""                                                     ""","="""""
"=""3d6.4s.(6D<7/2>).6d""","=""2[3/2]""","=""1""","=""""","=""7.388324""","=""""","=""0.000005""","=""0.002663""","=""""","=""                                                     ""","="""""
"=""3d6.4s.(6D<7/2>).5f""","=""2[11/2]*""","=""5""","=""""","=""7.3973888""","=""""","=""0.0000004""","=""0.009065""","=""""","=""                                                     ""","="""""
"=""3d6.4s.(6D<7/2>).5f""","=""2[13/2]*""","=""7""","=""""","=""7.3980136""","=""""","=""0.0000004""","=""0.0006248""","=""""","=""                                                     ""","="""""
"=""3d6.4s.(6D<7/2>).5f""","=""2[13/2]*""","=""6""","=""""","=""7.3981475""","=""""","=""0.0000011""","=""0.000134""","=""""","=""                                                     ""","="""""
"=""3d7.(4F<5/2>).4f""","=""2[7/2]*""","=""4""","=""""","=""7.39831901""","=""""","=""0.00000025""","=""0.0001715""","=""""","=""                                                     ""","="""""
"=""3d7.(4F<5/2>).4f""","=""2[7/2]*""","=""3""","=""""","=""7.3983804""","=""""","=""0.0000006""","=""0.0000614""","=""""","=""                                                     ""","="""""
"=""3d7.(4F<5/2>).4f""","=""2[9/2]*""","=""5""","=""""","=""7.3983355""","=""""","=""0.0000004""","=""-0.0000449""","=""""","=""                                                     ""","="""""
"=""3d7.(4F<5/2>).4f""","=""2[9/2]*""","=""4""","=""""","=""7.3985231""","=""""","=""0.0000004""","=""0.0001876""","=""""","=""                                                     ""","="""""
"=""3d7.(4F<5/2>).4f""","=""2[5/2]*""","=""3""","=""""","=""7.39928211""","=""""","=""0.00000025""","=""0.0007590""","=""""","=""                                                     ""","="""""
"=""3d7.(4F<5/2>).4f""","=""2[5/2]*""","=""2""","=""""","=""7.3994149""","=""""","=""0.0000006""","=""0.0001328""","=""""","=""                                                     ""","="""""
"=""3d7.(4F<5/2>).4f""","=""2[11/2]*""","=""5""","=""""","=""7.3996464""","=""""","=""0.0000005""","=""0.0002315""","=""""","=""                                                     ""","="""""
"=""3d7.(4F<5/2>).4f""","=""2[3/2]*""","=""2""","=""""","=""7.40029668""","=""""","=""0.00000025""","=""0.0006503""","=""""","=""                                                     ""","="""""
"=""3d6.4s.(6D<7/2>).5g""","=""2[11/2]""","=""5""","=""""","=""7.4039391""","=""""","=""0.0000004""","=""0.0036424""","=""""","=""                                                     ""","="""""
"=""3d6.4s.(6D<7/2>).5g""","=""2[11/2]""","=""6""","=""""","=""7.4039392""","=""""","=""0.0000005""","=""0.0000001""","=""""","=""                                                     ""","="""""
"=""3d6.4s.(6D<7/2>).5g""","=""2[9/2]""","=""5""","=""""","=""7.4039569""","=""""","=""0.0000005""","=""0.0000177""","=""""","=""                                                     ""","="""""
"=""3d6.4s.(6D<7/2>).5g""","=""2[9/2]""","=""4""","=""""","=""7.4039579""","=""""","=""0.0000005""","=""0.0000010""","=""""","=""                                                     ""","="""""
"=""3d6.4s.(6D<7/2>).5g""","=""2[13/2]""","=""6""","=""""","=""7.4039747""","=""""","=""0.0000005""","=""0.0000168""","=""""","=""                                                     ""","="""""
"=""3d6.4s.(6D<7/2>).5g""","=""2[13/2]""","=""7""","=""""","=""7.4039753""","=""""","=""0.0000006""","=""0.0000006""","=""""","=""                                                     ""","="""""
"=""3d6.4s.(6D<7/2>).5g""","=""2[7/2]""","=""3""","=""""","=""7.4040042""","=""""","=""0.0000005""","=""0.0000289""","=""""","=""                                                     ""","="""""
"=""3d6.4s.(6D<7/2>).5g""","=""2[7/2]""","=""4""","=""""","=""7.4040052""","=""""","=""0.0000005""","=""0.0000010""","=""""","=""                                                     ""","="""""
"=""3d6.4s.(6D<7/2>).5g""","=""2[5/2]""","=""2""","=""""","=""7.4040590""","=""""","=""0.0000005""","=""0.0000538""","=""""","=""                                                     ""","="""""
"=""3d6.4s.(6D<7/2>).5g""","=""2[5/2]""","=""3""","=""""","=""7.4040596""","=""""","=""0.0000005""","=""0.0000006""","=""""","=""                                                     ""","="""""
"=""3d6.4s.(6D<7/2>).5g""","=""2[15/2]""","=""7""","=""""","=""7.4040814""","=""""","=""0.0000012""","=""0.000022""","=""""","=""                                                     ""","="""""
"=""3d6.4s.(6D<7/2>).5g""","=""2[15/2]""","=""8""","=""""","=""7.4040815""","=""""","=""0.0000009""","=""0.000000""","=""""","=""                                                     ""","="""""
"=""3d6.4s.(6D<7/2>).5g""","=""2[3/2]""","=""2""","=""""","=""7.4041050""","=""""","=""0.0000016""","=""0.000024""","=""""","=""                                                     ""","="""""
"=""3d6.4s.(6D<7/2>).5g""","=""2[3/2]""","=""1""","=""""","=""7.4041050""","=""""","=""0.0000019""","=""0.000000""","=""""","=""                                                     ""","="""""
"=""3d6.4s.(6D<5/2>).6d""","=""2[9/2]""","=""5""","=""""","=""7.4041781""","=""""","=""0.0000012""","=""0.000073""","=""""","=""                                                     ""","="""""
"=""3d6.4s.(6D<5/2>).6d""","=""2[9/2]""","=""4""","=""""","=""7.4050683""","=""""","=""0.0000016""","=""0.000890""","=""""","=""                                                     ""","="""""
"=""3d6.4s.(6D<5/2>).6d""","=""2[1/2]""","=""1""","=""""","=""7.405473""","=""""","=""0.000004""","=""0.000405""","=""""","=""                                                     ""","="""""
"=""3d6.4s.(6D<5/2>).6d""","=""2[3/2]""","=""1""","=""""","=""7.4101537""","=""""","=""0.0000025""","=""0.004681""","=""""","=""                                                     ""","="""""
"=""3d6.4s.(6D<5/2>).6d""","=""2[3/2]""","=""2""","=""""","=""7.4118354""","=""""","=""0.0000012""","=""0.001682""","=""""","=""                                                     ""","="""""
"=""3d6.4s.(6D<5/2>).6d""","=""2[5/2]""","=""3""","=""""","=""7.4168171""","=""""","=""0.0000021""","=""0.004982""","=""""","=""                                                     ""","="""""
"=""3d6.4s.(6D<5/2>).6d""","=""2[5/2]""","=""2""","=""""","=""7.4196563""","=""""","=""0.0000017""","=""0.002839""","=""""","=""                                                     ""","="""""
"=""3d6.4s.(6D<5/2>).6d""","=""2[7/2]""","=""4""","=""""","=""7.424005""","=""""","=""0.000005""","=""0.004349""","=""""","=""                                                     ""","="""""
"=""3d6.4s.(6D<5/2>).6d""","=""2[7/2]""","=""3""","=""""","=""7.425004""","=""""","=""0.000004""","=""0.000999""","=""""","=""                                                     ""","="""""
"=""3d7.(4F<3/2>).4f""","=""2[7/2]*""","=""4""","=""""","=""7.43248360""","=""""","=""0.00000025""","=""0.007480""","=""""","=""                                                     ""","="""""
"=""3d7.(4F<3/2>).4f""","=""2[7/2]*""","=""3""","=""""","=""7.4325209""","=""""","=""0.0000004""","=""0.0000373""","=""""","=""                                                     ""","="""""
"=""3d7.(4F<3/2>).4f""","=""2[5/2]*""","=""2""","=""""","=""7.4325757""","=""""","=""0.0000004""","=""0.0000548""","=""""","=""                                                     ""","="""""
"=""3d7.(4F<3/2>).4f""","=""2[5/2]*""","=""3""","=""""","=""7.4331667""","=""""","=""0.0000004""","=""0.0005910""","=""""","=""                                                     ""","="""""
"=""3d7.(4F<3/2>).4f""","=""2[9/2]*""","=""5""","=""""","=""7.43415230""","=""""","=""0.00000025""","=""0.0009856""","=""""","=""                                                     ""","="""""
"=""3d7.(4F<3/2>).4f""","=""2[9/2]*""","=""4""","=""""","=""7.4342111""","=""""","=""0.0000004""","=""0.0000588""","=""""","=""                                                     ""","="""""
"=""3d6.4s.(6D<3/2>).6d""","=""2[1/2]""","=""1""","=""""","=""7.4351489""","=""""","=""0.0000025""","=""0.000938""","=""""","=""                                                     ""","="""""
"=""3d6.4s.(6D<5/2>).5g""","=""2[3/2]""","=""2""","=""""","=""7.4388198""","=""""","=""0.0000006""","=""0.003671""","=""""","=""                                                     ""","="""""
"=""3d6.4s.(6D<5/2>).5g""","=""2[3/2]""","=""1""","=""""","=""7.4388203""","=""""","=""0.0000017""","=""0.000000""","=""""","=""                                                     ""","="""""
"=""3d6.4s.(6D<5/2>).5g""","=""2[13/2]""","=""6""","=""""","=""7.4389540""","=""""","=""0.0000005""","=""0.000134""","=""""","=""                                                     ""","="""""
"=""3d6.4s.(6D<5/2>).5g""","=""2[13/2]""","=""7""","=""""","=""7.4389546""","=""""","=""0.0000009""","=""0.000001""","=""""","=""                                                     ""","="""""
"=""3d6.4s.(6D<5/2>).5g""","=""2[5/2]""","=""2""","=""""","=""7.4389768""","=""""","=""0.0000007""","=""0.000022""","=""""","=""                                                     ""","="""""
"=""3d6.4s.(6D<5/2>).5g""","=""2[5/2]""","=""3""","=""""","=""7.4389773""","=""""","=""0.0000006""","=""0.0000005""","=""""","=""                                                     ""","="""""
"=""3d6.4s.(6D<3/2>).6d""","=""2[3/2]""","=""1""","=""""","=""7.439026""","=""""","=""0.000004""","=""0.000049""","=""""","=""                                                     ""","="""""
"=""3d6.4s.(6D<3/2>).6d""","=""2[3/2]""","=""2""","=""""","=""7.443396""","=""""","=""0.000004""","=""0.004370""","=""""","=""                                                     ""","="""""
"=""3d6.4s.(6D<5/2>).5g""","=""2[7/2]""","=""3""","=""""","=""7.4391399""","=""""","=""0.0000025""","=""-0.004256""","=""""","=""                                                     ""","="""""
"=""3d6.4s.(6D<5/2>).5g""","=""2[7/2]""","=""4""","=""""","=""7.4391406""","=""""","=""0.0000009""","=""0.000001""","=""""","=""                                                     ""","="""""
"=""3d6.4s.(6D<5/2>).5g""","=""2[11/2]""","=""5""","=""""","=""7.4392182""","=""""","=""0.0000005""","=""0.000078""","=""""","=""                                                     ""","="""""
"=""3d6.4s.(6D<5/2>).5g""","=""2[11/2]""","=""6""","=""""","=""7.4392189""","=""""","=""0.0000005""","=""0.0000007""","=""""","=""                                                     ""","="""""
"=""3d6.4s.(6D<5/2>).5g""","=""2[9/2]""","=""4""","=""""","=""7.4392457""","=""""","=""0.0000009""","=""0.000027""","=""""","=""                                                     ""","="""""
"=""3d6.4s.(6D<5/2>).5g""","=""2[9/2]""","=""5""","=""""","=""7.4392477""","=""""","=""0.0000005""","=""0.000002""","=""""","=""                                                     ""","="""""
"=""3d6.4s.(6D<3/2>).6d""","=""2[5/2]""","=""3""","=""""","=""7.4484653""","=""""","=""0.0000015""","=""0.009218""","=""""","=""                                                     ""","="""""
"=""3d6.4s.(6D<3/2>).6d""","=""2[5/2]""","=""2""","=""""","=""7.4496531""","=""""","=""0.0000020""","=""0.001188""","=""""","=""                                                     ""","="""""
"=""3d6.(3F2).4s.4p.(1P*)""","=""3F*""","=""4""","=""""","=""7.4509047""","=""""","=""0.0000004""","=""0.001252""","=""""","=""  32             :    33  3d6.(1D2).4s.4p.(3P*) 3F*  ""","="""""
"=""3d6.(3F2).4s.4p.(1P*)""","=""3F*""","=""3""","=""""","=""7.4604347""","=""""","=""0.0000004""","=""0.0095300""","=""""","=""  29             :    28  3d6.(1D2).4s.4p.(3P*) 3F*  ""","="""""
"=""3d6.4s.(6D<3/2>).6d""","=""2[7/2]""","=""3""","=""""","=""7.4510813""","=""""","=""0.0000016""","=""-0.009353""","=""""","=""                                                     ""","="""""
"=""3d6.4s.(6D<1/2>).6d""","=""2[3/2]""","=""2""","=""""","=""7.4549963""","=""""","=""0.0000025""","=""0.003915""","=""""","=""                                                     ""","="""""
"=""3d6.4s.(6D<1/2>).6d""","=""2[3/2]""","=""1""","=""""","=""7.4611526""","=""""","=""0.0000020""","=""0.006156""","=""""","=""                                                     ""","="""""
"=""3d6.4s.(6D<3/2>).5g""","=""2[5/2]""","=""2""","=""""","=""7.4628730""","=""""","=""0.0000025""","=""0.001720""","=""""","=""                                                     ""","="""""
"=""3d6.4s.(6D<3/2>).5g""","=""2[5/2]""","=""3""","=""""","=""7.4628742""","=""""","=""0.0000025""","=""0.000001""","=""""","=""                                                     ""","="""""
"=""3d6.4s.(6D<3/2>).5g""","=""2[11/2]""","=""5""","=""""","=""7.4630639""","=""""","=""0.0000006""","=""0.000190""","=""""","=""                                                     ""","="""""
"=""3d6.4s.(6D<3/2>).5g""","=""2[11/2]""","=""6""","=""""","=""7.4630644""","=""""","=""0.0000009""","=""0.000001""","=""""","=""                                                     ""","="""""
"=""3d6.4s.(6D<3/2>).5g""","=""2[7/2]""","=""4""","=""""","=""7.4634065""","=""""","=""0.0000009""","=""0.000342""","=""""","=""                                                     ""","="""""
"=""3d6.4s.(6D<3/2>).5g""","=""2[7/2]""","=""3""","=""""","=""7.4634066""","=""""","=""0.0000012""","=""0.000000""","=""""","=""                                                     ""","="""""
"=""3d6.4s.(6D<3/2>).5g""","=""2[9/2]""","=""4""","=""""","=""7.4635935""","=""""","=""0.0000004""","=""0.000187""","=""""","=""                                                     ""","="""""
"=""3d6.4s.(6D<3/2>).5g""","=""2[9/2]""","=""5""","=""""","=""7.4635938""","=""""","=""0.0000007""","=""0.0000003""","=""""","=""                                                     ""","="""""
"=""3d6.4s.(4D).4d""","=""3P""","=""1""","=""""","=""7.4657386""","=""""","=""0.0000004""","=""0.0021448""","=""""","=""                                                     ""","="""""
"=""3d6.(3F2).4s.4p.(1P*)""","=""r 3G*""","=""5""","=""""","=""7.4705650""","=""""","=""0.0000004""","=""0.0048264""","=""""","=""  81             :     8  3d6.(3H).4s.4p.(1P*)  3H*  ""","="""""
"=""3d6.(3F2).4s.4p.(1P*)""","=""r 3G*""","=""4""","=""""","=""7.4968489""","=""""","=""0.0000005""","=""0.0262839""","=""""","=""  65             :    25  3d6.(1D2).4s.4p.(3P*) 3F*  ""","="""""
"=""3d6.(3F2).4s.4p.(1P*)""","=""r 3G*""","=""3""","=""""","=""7.5089311""","=""""","=""0.0000006""","=""0.0120822""","=""""","=""  63             :    17  3d6.(1D2).4s.4p.(3P*) 3F*  ""","="""""
"=""3d6.4s.(6D<1/2>).5g""","=""2[9/2]""","=""5""","=""""","=""7.4774486""","=""""","=""0.0000025""","=""-0.031483""","=""""","=""                                                     ""","="""""
"=""3d6.4s.(6D<1/2>).5g""","=""2[9/2]""","=""4""","=""""","=""7.4774503""","=""""","=""0.0000012""","=""0.000002""","=""""","=""                                                     ""","="""""
"=""3d6.4s.(6D<1/2>).5g""","=""2[7/2]""","=""4""","=""""","=""7.4774517""","=""""","=""0.0000007""","=""0.000001""","=""""","=""                                                     ""","="""""
"=""3d6.4s.(6D<1/2>).5g""","=""2[7/2]""","=""3""","=""""","=""7.4774524""","=""""","=""0.0000006""","=""0.0000007""","=""""","=""                                                     ""","="""""
"=""3d6.(3H).4s.4p.(1P*)""","=""t 3H*""","=""6""","=""""","=""7.4843851""","=""""","=""0.0000005""","=""0.0069327""","=""1.163""","=""  59             :    25  3d7.(2H).4p           3H*  ""","="""""
"=""3d6.(3H).4s.4p.(1P*)""","=""t 3H*""","=""5""","=""""","=""7.5071336""","=""""","=""0.0000005""","=""0.0227485""","=""1.040""","=""  49             :    22  3d7.(2H).4p           3H*  ""","="""""
"=""3d6.(3H).4s.4p.(1P*)""","=""t 3H*""","=""4""","=""""","=""7.5329818""","=""""","=""0.0000004""","=""0.0258482""","=""0.805""","=""  50             :    22  3d7.(2H).4p           3H*  ""","="""""
"=""3d6.(3F2).4s.4p.(1P*)""","=""3D*""","=""3""","=""""","=""7.5390662""","=""""","=""0.0000004""","=""0.0060844""","=""""","=""  59             :     9  3d7.(2F).4p           3D*  ""","="""""
"=""""","=""61724e""","=""4""","=""""","=""7.6529034""","=""""","=""0.0000005""","=""0.1138372""","=""""","=""                                                     ""","="""""
"=""""","=""62079e""","=""6""","=""""","=""7.6968550""","=""""","=""0.0000005""","=""0.0439516""","=""""","=""                                                     ""","="""""
"=""""","=""62192e""","=""5""","=""""","=""7.7109164""","=""""","=""0.0000012""","=""0.014061""","=""""","=""                                                     ""","="""""
"=""""","=""62377e""","=""4""","=""""","=""7.733844""","=""""","=""0.000004""","=""0.022928""","=""""","=""                                                     ""","="""""
"=""3d6.(3G).4s.4p.(1P*)""","=""3H*""","=""6""","=""""","=""7.8154377""","=""""","=""0.0000006""","=""0.081594""","=""""","=""                                                     ""","="""""
"=""Fe II (3d6.4s 6D<9/2>)""","=""Limit""","=""---""","=""""","=""7.9024681""","=""""","=""0.0000012""","=""""","=""""","=""                                                     ""","=""L7743c109"""
