Configuration,Term,J,Prefix,Level (eV),Suffix,Uncertainty (eV),Splitting,Lande,Leading percentages,Reference
"=""4s2.4p2""","=""3P""","=""0""","=""""","=""0.00000000""","=""""","=""0""","=""""","=""""","=""                                                      ""","=""L7213"""
"=""4s2.4p2""","=""3P""","=""1""","=""""","=""0.06907582""","=""""","=""""","=""0.06907582""","=""1.50111""","=""                                                      ""","="""""
"=""4s2.4p2""","=""3P""","=""2""","=""""","=""0.17481287""","=""""","=""""","=""0.1057371""","=""1.49458""","=""                                                      ""","="""""
"=""4s2.4p2""","=""1D""","=""2""","=""""","=""0.88342447""","=""""","=""""","=""0.7086116""","=""1.00639""","=""                                                      ""","="""""
"=""4s2.4p2""","=""1S""","=""0""","=""""","=""2.02929069""","=""""","=""""","=""1.1458662""","=""""","=""                                                      ""","="""""
"=""4s2.4p.5s""","=""3P*""","=""0""","=""""","=""4.64341768""","=""""","=""""","=""2.6141270""","=""""","="" 100                                                  ""","="""""
"=""4s2.4p.5s""","=""3P*""","=""1""","=""""","=""4.67449011""","=""""","=""""","=""0.0310724""","=""1.435""","=""  82             :    14  4s2.4p.5s            1P*    ""","="""""
"=""4s2.4p.5s""","=""3P*""","=""2""","=""""","=""4.85000174""","=""""","=""""","=""0.1755116""","=""1.500""","="" 100                                                  ""","="""""
"=""4s2.4p.5s""","=""1P*""","=""1""","=""""","=""4.96191710""","=""""","=""""","=""0.1119154""","=""1.068""","=""  86             :    14  4s2.4p.5s            3P*    ""","="""""
"=""4s.4p3""","=""5S*""","=""2""","=""""","=""5.1982515""","=""""","=""""","=""0.2363344""","=""2.011""","="" 100                                                  ""","="""""
"=""4s2.4p.5p""","=""3D""","=""1""","=""""","=""5.7014868""","=""""","=""""","=""0.503235""","=""""","=""                                                      ""","="""""
"=""4s2.4p.5p""","=""3D""","=""2""","=""""","=""5.80672304""","=""""","=""""","=""0.1052362""","=""1.182""","=""                                                      ""","="""""
"=""4s2.4p.5p""","=""3D""","=""3""","=""""","=""5.96414832""","=""""","=""""","=""0.1574253""","=""1.332""","=""                                                      ""","="""""
"=""4s2.4p.5p""","=""1P""","=""1""","=""""","=""5.79815458""","=""""","=""""","=""-0.1659937""","=""0.980""","=""                                                      ""","="""""
"=""4s2.4p.5p""","=""3P""","=""0""","=""""","=""5.88957497""","=""""","=""""","=""0.0914204""","=""""","=""                                                      ""","="""""
"=""4s2.4p.5p""","=""3P""","=""1""","=""""","=""5.96219558""","=""""","=""""","=""0.0726206""","=""1.362""","=""                                                      ""","="""""
"=""4s2.4p.5p""","=""3P""","=""2""","=""""","=""6.04126822""","=""""","=""""","=""0.0790726""","=""1.427""","=""                                                      ""","="""""
"=""4s2.4p.4d""","=""1D*""","=""2""","=""""","=""6.0107599""","=""""","=""""","=""-0.0305083""","=""0.981""","=""  74             :    14  4s2.4p.4d            3F*    ""","="""""
"=""4s2.4p.4d""","=""3D*""","=""2""","=""""","=""6.0606282""","=""""","=""""","=""0.049868""","=""1.008""","=""  57             :    23  4s2.4p.4d            3F*    ""","="""""
"=""4s2.4p.4d""","=""3D*""","=""1""","=""""","=""6.0706114""","=""""","=""""","=""0.009983""","=""0.556""","=""  77             :    14  4s.4p3               3D*    ""","="""""
"=""4s2.4p.4d""","=""3D*""","=""3""","=""""","=""6.0931287""","=""""","=""""","=""0.022517""","=""1.240""","=""  56             :    28  4s2.4p.4d            3F*    ""","="""""
"=""4s2.4p.5p""","=""3S""","=""1""","=""""","=""6.08463509""","=""""","=""""","=""-0.0084936""","=""1.862""","=""                                                      ""","="""""
"=""4s2.4p.5p""","=""1D""","=""2""","=""""","=""6.15576347""","=""""","=""""","=""0.0711284""","=""1.062""","=""                                                      ""","="""""
"=""4s2.4p.4d""","=""3F*""","=""2""","=""""","=""6.2077591""","=""""","=""""","=""0.0519956""","=""0.867""","=""  59             :    18  4s2.4p.4d            3D*    ""","="""""
"=""4s2.4p.4d""","=""3F*""","=""3""","=""""","=""6.2393145""","=""""","=""""","=""0.031555""","=""1.194""","=""  66             :    24  4s2.4p.4d            3D*    ""","="""""
"=""4s2.4p.4d""","=""3F*""","=""4""","=""""","=""6.296759""","=""""","=""""","=""0.057444""","=""""","=""  99                                                  ""","="""""
"=""4s2.4p.5p""","=""1S""","=""0""","=""""","=""6.32461240""","=""""","=""""","=""0.027853""","=""""","=""                                                      ""","="""""
"=""4s2.4p.4d""","=""3P*""","=""2""","=""""","=""6.3774747""","=""""","=""""","=""0.0528623""","=""1.460""","=""  88             :     5  4s2.4p.4d            3D*    ""","="""""
"=""4s2.4p.4d""","=""3P*""","=""1""","=""""","=""6.4106055""","=""""","=""""","=""0.033131""","=""1.391""","=""  82             :     9  4s2.4p.4d            1P*    ""","="""""
"=""4s2.4p.4d""","=""3P*""","=""0""","=""""","=""6.444469""","=""""","=""""","=""0.033863""","=""""","=""  89             :     7  4p.6s                3P*    ""","="""""
"=""4s2.4p.6s""","=""(1/2,1/2)*""","=""1""","=""""","=""6.4656180""","=""""","=""""","=""0.021149""","=""1.307""","=""                                                      ""","="""""
"=""4s2.4p.6s""","=""(1/2,1/2)*""","=""0""","=""""","=""6.4683181""","=""""","=""""","=""0.002700""","=""""","=""                                                      ""","="""""
"=""4s2.4p.4d""","=""1F*""","=""3""","=""""","=""6.5206047""","=""""","=""""","=""0.052287""","=""1.010""","=""  90             :     4  4s2.4p.4d            3F*    ""","="""""
"=""4s2.4p.4d""","=""1P*""","=""1""","=""""","=""6.5522196""","=""""","=""""","=""0.031615""","=""1.140""","=""  65             :    23  4p.6s                3P*    ""","="""""
"=""4s2.4p.6s""","=""(3/2,1/2)*""","=""2""","=""""","=""6.6841895""","=""""","=""""","=""0.131970""","=""""","=""                                                      ""","="""""
"=""4s2.4p.6s""","=""(3/2,1/2)*""","=""1""","=""""","=""6.7168350""","=""""","=""""","=""0.032646""","=""1.103""","=""                                                      ""","="""""
"=""4s2.4p.6p""","=""3D""","=""1""","=""""","=""6.81117707""","=""""","=""""","=""0.0943421""","=""0.690""","=""                                                      ""","="""""
"=""4s2.4p.6p""","=""3D""","=""2""","=""""","=""6.85212189""","=""""","=""""","=""0.0409448""","=""1.177""","=""                                                      ""","="""""
"=""4s2.4p.6p""","=""3D""","=""3""","=""""","=""7.0414916""","=""""","=""""","=""0.1893697""","=""1.297""","=""                                                      ""","="""""
"=""4s2.4p.6p""","=""1P""","=""1""","=""""","=""6.84837065""","=""""","=""""","=""-0.1931209""","=""1.383""","=""                                                      ""","="""""
"=""4s2.4p.5d""","=""3D*""","=""2""","=""""","=""6.8653287""","=""""","=""""","=""0.0169581""","=""""","=""  47             :    15  4p.5d                3P*    ""","="""""
"=""4s2.4p.5d""","=""3D*""","=""1""","=""""","=""6.8779822""","=""""","=""""","=""0.012653""","=""0.600""","=""  58             :    10  4p.4d                3D*    ""","="""""
"=""4s2.4p.5d""","=""3D*""","=""3""","=""""","=""6.9082265""","=""""","=""""","=""0.030244""","=""""","=""  42             :    29  4p.5d                3F*    ""","="""""
"=""4s2.4p.6p""","=""3P""","=""0""","=""""","=""6.88152008""","=""""","=""""","=""-0.0267064""","=""""","=""                                                      ""","="""""
"=""4s2.4p.6p""","=""3P""","=""1""","=""""","=""7.02831190""","=""""","=""""","=""0.1467918""","=""1.106""","=""                                                      ""","="""""
"=""4s2.4p.6p""","=""3P""","=""2""","=""""","=""7.06062353""","=""""","=""""","=""0.0323116""","=""1.357""","=""                                                      ""","="""""
"=""4s2.4p.5d""","=""3F*""","=""2""","=""""","=""6.904271""","=""""","=""""","=""-0.156353""","=""""","=""  52             :    37  4s2.4p.5d            1D*    ""","="""""
"=""4s2.4p.5d""","=""3F*""","=""3""","=""""","=""7.0458285""","=""""","=""""","=""0.141558""","=""""","=""  51             :    16  4s2.4p.5d            3D*    ""","="""""
"=""4s2.4p.5d""","=""3F*""","=""4""","=""""","=""7.1360601""","=""""","=""""","=""0.090232""","=""""","=""  98                                                  ""","="""""
"=""4s2.4p.(2P*<1/2>).4f""","=""2[7/2]""","=""3""","=""""","=""7.0380558""","=""""","=""""","=""-0.098004""","=""""","=""  77             :    23  4s2.4p.(2P*<1/2>).4f 2[5/2] ""","="""""
"=""4s2.4p.(2P*<1/2>).4f""","=""2[7/2]""","=""4""","=""""","=""7.0387647""","=""""","=""""","=""0.000709""","=""""","="" 100                                                  ""","="""""
"=""4s2.4p.(2P*<1/2>).4f""","=""2[5/2]""","=""3""","=""""","=""7.0384172""","=""""","=""""","=""-0.000348""","=""1.200""","=""  77             :    23  4s2.4p.(2P<1/2>).4f  2[7/2] ""","="""""
"=""4s2.4p.(2P*<1/2>).4f""","=""2[5/2]""","=""2""","=""""","=""7.0389239""","=""""","=""""","=""0.000507""","=""0.859""","=""  99                                                  ""","="""""
"=""4s2.4p.5d""","=""*""","=""2""","=""""","=""7.0573473""","=""""","=""""","=""0.018423""","=""""","=""  31  3F*        :    24  4s2.4p.5d            1D*    ""","="""""
"=""4s2.4p.6p""","=""3S""","=""1""","=""""","=""7.07741506""","=""""","=""""","=""0.0200678""","=""1.804""","=""                                                      ""","="""""
"=""4s2.4p.7s""","=""(1/2,1/2)*""","=""0""","=""""","=""7.087977""","=""""","=""""","=""0.010562""","=""""","=""                                                      ""","="""""
"=""4s2.4p.7s""","=""(1/2,1/2)*""","=""1""","=""""","=""7.0894410""","=""""","=""""","=""0.001464""","=""""","=""                                                      ""","="""""
"=""4s2.4p.6p""","=""1D""","=""2""","=""""","=""7.09821224""","=""""","=""""","=""0.0087712""","=""1.128""","=""                                                      ""","="""""
"=""4s2.4p.5d""","=""3P*""","=""1""","=""""","=""7.1165507""","=""""","=""""","=""0.0183385""","=""1.207""","=""  52             :    21  4s2.4p.5d            3D*    ""","="""""
"=""4s2.4p.5d""","=""3P*""","=""2""","=""""","=""7.1205271""","=""""","=""""","=""0.003976""","=""""","=""  57             :    28  4s2.4p.5d            1D*    ""","="""""
"=""4s2.4p.5d""","=""3P*""","=""0""","=""""","=""7.169880""","=""""","=""""","=""0.049353""","=""""","=""  95             :     4  4p.7s                3P*    ""","="""""
"=""4s2.4p.6p""","=""1S""","=""0""","=""""","=""7.1502091""","=""""","=""""","=""-0.019671""","=""""","=""                                                      ""","="""""
"=""4s2.4p.5d""","=""1P*""","=""1""","=""""","=""7.1982820""","=""""","=""""","=""0.048073""","=""1.19""","=""  40             :    37  4s2.4p.5d            3P*    ""","="""""
"=""4s2.4p.5d""","=""1F*""","=""3""","=""""","=""7.2026577""","=""""","=""""","=""0.004376""","=""""","=""  63             :    16  4s2.4p.5d            3F*    ""","="""""
"=""4s2.4p.30d""","=""(3/2,3/2)*""","=""3""","=""""","=""7.234353""","=""""","=""""","=""0.031695""","=""""","=""                                                      ""","="""""
"=""4s2.4p.30d""","=""(3/2,3/2)*""","=""1""","=""""","=""8.10211""","=""""","=""""","=""0.86776""","=""""","=""                                                      ""","="""""
"=""4s2.4p.7p""","=""3D""","=""1""","=""""","=""7.2424948""","=""""","=""""","=""-0.85962""","=""""","=""                                                      ""","="""""
"=""4s2.4p.7p""","=""3D""","=""2""","=""""","=""7.26384763""","=""""","=""""","=""0.0213528""","=""1.175""","=""                                                      ""","="""""
"=""4s2.4p.7p""","=""3D""","=""3""","=""""","=""7.4661275""","=""""","=""""","=""0.2022799""","=""""","=""                                                      ""","="""""
"=""4s2.4p.(2P*<3/2>).4f""","=""2[7/2]""","=""3""","=""""","=""7.2478714""","=""""","=""""","=""-0.218256""","=""""","="" 100                                                  ""","="""""
"=""4s2.4p.(2P*<3/2>).4f""","=""2[7/2]""","=""4""","=""""","=""7.2481274""","=""""","=""""","=""0.000256""","=""""","="" 100                                                  ""","="""""
"=""4s2.4p.(2P*<3/2>).4f""","=""2[5/2]""","=""3""","=""""","=""7.2555146""","=""""","=""""","=""0.007387""","=""""","="" 100                                                  ""","="""""
"=""4s2.4p.(2P*<3/2>).4f""","=""2[5/2]""","=""2""","=""""","=""7.2556467""","=""""","=""""","=""0.000132""","=""0.88""","=""  99                                                  ""","="""""
"=""4s2.4p.5d""","=""*""","=""2""","=""""","=""7.2594493""","=""""","=""""","=""0.003803""","=""""","=""  21  3D*        :     6  4s.4p3               3D*    ""","="""""
"=""4s2.4p.7p""","=""1P""","=""1""","=""""","=""7.2606172""","=""""","=""""","=""0.001168""","=""""","=""                                                      ""","="""""
"=""4s2.4p.(2P*<3/2>).4f""","=""2[9/2]""","=""5""","=""""","=""7.262377""","=""""","=""""","=""0.001760""","=""""","="" 100                                                  ""","="""""
"=""4s2.4p.(2P*<3/2>).4f""","=""2[9/2]""","=""4""","=""""","=""7.2628539""","=""""","=""""","=""0.000477""","=""""","="" 100                                                  ""","="""""
"=""4s2.4p.(2P*<3/2>).4f""","=""2[3/2]""","=""1""","=""""","=""7.270709""","=""""","=""""","=""0.007855""","=""""","="" 100                                                  ""","="""""
"=""4s2.4p.(2P*<3/2>).4f""","=""2[3/2]""","=""2""","=""""","=""7.2710610""","=""""","=""""","=""0.000352""","=""1.10""","="" 100                                                  ""","="""""
"=""4s2.4p.7p""","=""3P""","=""0""","=""""","=""7.2820278""","=""""","=""""","=""0.010967""","=""""","=""                                                      ""","="""""
"=""4s2.4p.7p""","=""3P""","=""1""","=""""","=""7.462309""","=""""","=""""","=""0.180281""","=""""","=""                                                      ""","="""""
"=""4s2.4p.7p""","=""3P""","=""2""","=""""","=""7.4788032""","=""""","=""""","=""0.016494""","=""""","=""                                                      ""","="""""
"=""4s2.4p.6d""","=""(1/2,3/2)*""","=""1""","=""""","=""7.2829608""","=""""","=""""","=""-0.195842""","=""""","=""                                                      ""","="""""
"=""4s2.4p.6d""","=""(1/2,3/2)*""","=""2""","=""""","=""7.2837796""","=""""","=""""","=""0.000819""","=""""","=""                                                      ""","="""""
"=""4s2.4p.7s""","=""(3/2,1/2)*""","=""2""","=""""","=""7.3065752""","=""""","=""""","=""0.022796""","=""""","=""                                                      ""","="""""
"=""4s2.4p.7s""","=""(3/2,1/2)*""","=""1""","=""""","=""7.3292939""","=""""","=""""","=""0.022719""","=""""","=""                                                      ""","="""""
"=""4s2.4p.5d""","=""*""","=""3""","=""""","=""7.3080547""","=""""","=""""","=""-0.021239""","=""1.17""","=""                                                      ""","="""""
"=""4s2.4p.(2P*<1/2>).5f""","=""2[7/2]""","=""3""","=""""","=""7.349276""","=""""","=""""","=""0.041221""","=""""","=""                                                      ""","="""""
"=""4s2.4p.(2P*<1/2>).5f""","=""2[7/2]""","=""4""","=""""","=""7.349561""","=""""","=""""","=""0.00028""","=""""","=""                                                      ""","="""""
"=""4s2.4p.(2P*<1/2>).5f""","=""2[5/2]""","=""3""","=""""","=""7.3501428""","=""""","=""""","=""0.000582""","=""""","=""                                                      ""","="""""
"=""4s2.4p.(2P*<1/2>).5f""","=""2[5/2]""","=""2""","=""""","=""7.3502439""","=""""","=""""","=""0.000101""","=""""","=""                                                      ""","="""""
"=""4s2.4p.8s""","=""(1/2,1/2)*""","=""0""","=""""","=""7.3763798""","=""""","=""""","=""0.026136""","=""""","=""                                                      ""","="""""
"=""4s2.4p.8s""","=""(1/2,1/2)*""","=""1""","=""""","=""7.3800696""","=""""","=""""","=""0.003690""","=""""","=""                                                      ""","="""""
"=""4s2.4p.6d""","=""(1/2,5/2)*""","=""3""","=""""","=""7.3966978""","=""""","=""""","=""0.016628""","=""""","=""                                                      ""","="""""
"=""4s2.4p.6d""","=""(1/2,5/2)*""","=""2""","=""""","=""7.4006917""","=""""","=""""","=""0.003994""","=""""","=""                                                      ""","="""""
"=""""","=""*""","=""1""","=""""","=""7.4052676""","=""""","=""""","=""0.004576""","=""""","=""                                                      ""","="""""
"=""4s2.4p.6d""","=""(3/2,3/2)*""","=""2""","=""""","=""7.4725563""","=""""","=""""","=""0.067289""","=""""","=""                                                      ""","="""""
"=""4s2.4p.6d""","=""(3/2,3/2)*""","=""1""","=""""","=""7.5072380""","=""""","=""""","=""0.034682""","=""""","=""                                                      ""","="""""
"=""4s2.4p.6d""","=""(3/2,3/2)*""","=""0""","=""""","=""7.5143440""","=""""","=""""","=""0.007106""","=""""","=""                                                      ""","="""""
"=""4s2.4p.6d""","=""(3/2,3/2)*""","=""3""","=""""","=""7.548932""","=""""","=""""","=""0.034588""","=""""","=""                                                      ""","="""""
"=""4s2.4p.8p""","=""1P""","=""1""","=""""","=""7.4729911""","=""""","=""""","=""-0.075941""","=""""","=""                                                      ""","="""""
"=""4s2.4p.7p""","=""3S""","=""1""","=""""","=""7.4830197""","=""""","=""""","=""0.010029""","=""""","=""                                                      ""","="""""
"=""4s2.4p.7d""","=""(1/2,3/2)*""","=""2""","=""""","=""7.4890628""","=""""","=""""","=""0.006043""","=""""","=""                                                      ""","="""""
"=""4s2.4p.7d""","=""(1/2,3/2)*""","=""1""","=""""","=""7.545321""","=""""","=""""","=""0.056258""","=""""","=""                                                      ""","="""""
"=""4s2.4p.7d""","=""(1/2,5/2)*""","=""3""","=""""","=""7.4923537""","=""""","=""""","=""-0.052967""","=""""","=""  37                                                  ""","="""""
"=""4s2.4p.7d""","=""(1/2,5/2)*""","=""2""","=""""","=""7.5030659""","=""""","=""""","=""0.010712""","=""""","=""                                                      ""","="""""
"=""4s2.4p.7p""","=""1D""","=""2""","=""""","=""7.4956465""","=""""","=""""","=""-0.007419""","=""1.15""","=""                                                      ""","="""""
"=""4s2.4p.6d""","=""(3/2,5/2)*""","=""4""","=""""","=""7.5075366""","=""""","=""""","=""0.011890""","=""""","=""                                                      ""","="""""
"=""4s2.4p.6d""","=""(3/2,5/2)*""","=""2""","=""""","=""7.574378""","=""""","=""""","=""0.066841""","=""""","=""                                                      ""","="""""
"=""4s2.4p.6d""","=""(3/2,5/2)*""","=""1""","=""""","=""7.581928""","=""""","=""""","=""0.00755""","=""""","=""                                                      ""","="""""
"=""4s2.4p.6d""","=""(3/2,5/2)*""","=""3""","=""""","=""7.596312""","=""""","=""""","=""0.01438""","=""""","=""                                                      ""","="""""
"=""4s2.4p.(2P*<1/2>).6f""","=""2[7/2]""","=""3""","=""""","=""7.5175534""","=""""","=""""","=""-0.078759""","=""""","=""                                                      ""","="""""
"=""4s2.4p.(2P*<1/2>).6f""","=""2[7/2]""","=""4""","=""""","=""7.5177444""","=""""","=""""","=""0.000191""","=""""","=""                                                      ""","="""""
"=""4s2.4p.(2P*<1/2>).6f""","=""2[5/2]""","=""3""","=""""","=""7.5177158""","=""""","=""""","=""-0.000029""","=""""","=""                                                      ""","="""""
"=""4s2.4p.(2P*<1/2>).6f""","=""2[5/2]""","=""2""","=""""","=""7.5178007""","=""""","=""""","=""0.000085""","=""""","=""                                                      ""","="""""
"=""4s2.4p.6g""","=""(1/2,7/2)*""","=""3""","=""""","=""7.520650""","=""""","=""""","=""0.002849""","=""""","=""                                                      ""","="""""
"=""4s2.4p.7p""","=""1S""","=""0""","=""""","=""7.5225012""","=""""","=""""","=""0.001851""","=""""","=""                                                      ""","="""""
"=""4s2.4p.9s""","=""(1/2,1/2)*""","=""1""","=""""","=""7.5319555""","=""""","=""""","=""0.009454""","=""""","=""                                                      ""","="""""
"=""4s2.4p.9s""","=""(1/2,1/2)*""","=""0""","=""""","=""7.5344253""","=""""","=""""","=""0.002470""","=""""","=""                                                      ""","="""""
"=""4s2.4p.(2P*<3/2>).5f""","=""2[7/2]""","=""3""","=""""","=""7.5633720""","=""""","=""""","=""0.028947""","=""""","=""                                                      ""","="""""
"=""4s2.4p.(2P*<3/2>).5f""","=""2[7/2]""","=""4""","=""""","=""7.5635762""","=""""","=""""","=""0.000204""","=""""","=""                                                      ""","="""""
"=""4s2.4p.(2P*<3/2>).5f""","=""2[5/2]""","=""3""","=""""","=""7.5674785""","=""""","=""""","=""0.003902""","=""""","=""                                                      ""","="""""
"=""4s2.4p.(2P*<3/2>).5f""","=""2[5/2]""","=""2""","=""""","=""7.5675783""","=""""","=""""","=""0.000100""","=""""","=""                                                      ""","="""""
"=""4s2.4p.(2P*<3/2>).5f""","=""2[9/2]""","=""5""","=""""","=""7.570526""","=""""","=""""","=""0.002948""","=""""","=""                                                      ""","="""""
"=""4s2.4p.(2P*<3/2>).5f""","=""2[9/2]""","=""4""","=""""","=""7.5709229""","=""""","=""""","=""0.000397""","=""""","=""                                                      ""","="""""
"=""4s2.4p.(2P*<3/2>).5f""","=""2[3/2]""","=""1""","=""""","=""7.574733""","=""?""","=""""","=""0.003810""","=""""","=""                                                      ""","="""""
"=""4s2.4p.(2P*<3/2>).5f""","=""2[3/2]""","=""2""","=""""","=""7.574864""","=""""","=""""","=""0.00013""","=""""","=""                                                      ""","="""""
"=""4s2.4p.8s""","=""(3/2,1/2)*""","=""2""","=""""","=""7.594531""","=""""","=""""","=""0.01967""","=""""","=""                                                      ""","="""""
"=""4s2.4p.8s""","=""(3/2,1/2)*""","=""1""","=""""","=""7.6055840""","=""""","=""""","=""0.011053""","=""""","=""                                                      ""","="""""
"=""4s2.4p.8d""","=""(1/2,3/2)*""","=""2""","=""""","=""7.5963980""","=""""","=""""","=""-0.009186""","=""""","=""                                                      ""","="""""
"=""4s2.4p.8d""","=""(1/2,3/2)*""","=""1""","=""""","=""7.633882""","=""""","=""""","=""0.037484""","=""""","=""                                                      ""","="""""
"=""4s2.4p.(2P*<1/2>).7f""","=""2[7/2]""","=""3""","=""""","=""7.619365""","=""""","=""""","=""-0.01452""","=""""","=""                                                      ""","="""""
"=""4s2.4p.(2P*<1/2>).7f""","=""2[7/2]""","=""4""","=""""","=""7.619727""","=""?""","=""""","=""0.00036""","=""""","=""                                                      ""","="""""
"=""4s2.4p.(2P*<1/2>).7f""","=""2[5/2]""","=""3""","=""""","=""7.619722""","=""""","=""""","=""-0.00000""","=""""","=""                                                      ""","="""""
"=""4s2.4p.(2P*<1/2>).7f""","=""2[5/2]""","=""2""","=""""","=""7.619773""","=""?""","=""""","=""0.00005""","=""""","=""                                                      ""","="""""
"=""4s2.4p.8d""","=""(1/2,5/2)*""","=""3""","=""""","=""7.627846""","=""""","=""""","=""0.00807""","=""""","=""                                                      ""","="""""
"=""4s2.4p.8d""","=""(1/2,5/2)*""","=""2""","=""""","=""7.630325""","=""""","=""""","=""0.00248""","=""""","=""                                                      ""","="""""
"=""4s2.4p.10s""","=""(1/2,1/2)*""","=""0""","=""""","=""7.629878""","=""""","=""""","=""-0.00045""","=""""","=""                                                      ""","="""""
"=""4s2.4p.10s""","=""(1/2,1/2)*""","=""1""","=""""","=""7.630760""","=""""","=""""","=""0.00088""","=""""","=""                                                      ""","="""""
"=""4s2.4p.9d""","=""(1/2,3/2)*""","=""2""","=""""","=""7.668326""","=""""","=""""","=""0.03757""","=""""","=""                                                      ""","="""""
"=""4s2.4p.9d""","=""(1/2,3/2)*""","=""1""","=""""","=""7.686666""","=""""","=""""","=""0.01834""","=""""","=""                                                      ""","="""""
"=""4s2.4p.7d""","=""(3/2,3/2)*""","=""2""","=""""","=""7.677408""","=""""","=""""","=""-0.00926""","=""""","=""                                                      ""","="""""
"=""4s2.4p.7d""","=""(3/2,3/2)*""","=""0""","=""""","=""7.702505""","=""""","=""""","=""0.02510""","=""""","=""                                                      ""","="""""
"=""4s2.4p.7d""","=""(3/2,3/2)*""","=""1""","=""""","=""7.708006""","=""""","=""""","=""0.00550""","=""""","=""                                                      ""","="""""
"=""4s2.4p.7d""","=""(3/2,3/2)*""","=""3""","=""""","=""7.732992""","=""""","=""""","=""0.02499""","=""""","=""                                                      ""","="""""
"=""4s2.4p.9d""","=""(1/2,5/2)*""","=""3""","=""""","=""7.678346""","=""""","=""""","=""-0.05465""","=""""","=""                                                      ""","="""""
"=""4s2.4p.9d""","=""(1/2,5/2)*""","=""2""","=""""","=""7.6938078""","=""""","=""""","=""0.015462""","=""""","=""                                                      ""","="""""
"=""4s2.4p.8g""","=""(1/2,7/2)*""","=""3""","=""""","=""7.686480""","=""""","=""""","=""-0.007328""","=""""","=""                                                      ""","="""""
"=""4s2.4p.11s""","=""(1/2,1/2)*""","=""0""","=""""","=""7.692159""","=""""","=""""","=""0.00568""","=""""","=""                                                      ""","="""""
"=""4s2.4p.11s""","=""(1/2,1/2)*""","=""1""","=""""","=""7.692591""","=""""","=""""","=""0.00043""","=""""","=""                                                      ""","="""""
"=""4s2.4p.7d""","=""(3/2,5/2)*""","=""4""","=""""","=""7.7025472""","=""""","=""""","=""0.009956""","=""""","=""                                                      ""","="""""
"=""4s2.4p.7d""","=""(3/2,5/2)*""","=""2""","=""""","=""7.743416""","=""""","=""""","=""0.040869""","=""""","=""                                                      ""","="""""
"=""4s2.4p.7d""","=""(3/2,5/2)*""","=""1""","=""""","=""7.745019""","=""""","=""""","=""0.00160""","=""""","=""                                                      ""","="""""
"=""4s2.4p.7d""","=""(3/2,5/2)*""","=""3""","=""""","=""7.751862""","=""""","=""""","=""0.00684""","=""""","=""                                                      ""","="""""
"=""4s2.4p.10d""","=""(1/2,5/2)*""","=""3""","=""""","=""7.714018""","=""""","=""""","=""-0.03784""","=""""","=""                                                      ""","="""""
"=""4s2.4p.10d""","=""(1/2,5/2)*""","=""2""","=""""","=""7.715893""","=""""","=""""","=""0.00188""","=""""","=""                                                      ""","="""""
"=""4s2.4p.10d""","=""(1/2,3/2)*""","=""2""","=""""","=""7.719805""","=""""","=""""","=""0.00391""","=""""","=""                                                      ""","="""""
"=""4s2.4p.10d""","=""(1/2,3/2)*""","=""1""","=""""","=""7.731053""","=""""","=""""","=""0.01125""","=""""","=""                                                      ""","="""""
"=""4s2.4p.9g""","=""(1/2,7/2)*""","=""3""","=""""","=""7.731110""","=""""","=""""","=""0.00006""","=""""","=""                                                      ""","="""""
"=""4s2.4p.(2P*<3/2>).6f""","=""2[7/2]""","=""3""","=""""","=""7.734128""","=""?""","=""""","=""0.00302""","=""""","=""                                                      ""","="""""
"=""4s2.4p.(2P*<3/2>).6f""","=""2[7/2]""","=""4""","=""""","=""7.734365""","=""?""","=""""","=""0.00024""","=""""","=""                                                      ""","="""""
"=""4s2.4p.12s""","=""(1/2,1/2)*""","=""0""","=""""","=""7.735420""","=""""","=""""","=""0.00106""","=""""","=""                                                      ""","="""""
"=""4s2.4p.12s""","=""(1/2,1/2)*""","=""1""","=""""","=""7.736483""","=""""","=""""","=""0.00106""","=""""","=""                                                      ""","="""""
"=""4s2.4p.(2P*<3/2>).6f""","=""2[9/2]""","=""5""","=""""","=""7.738159""","=""""","=""""","=""0.00168""","=""""","=""                                                      ""","="""""
"=""4s2.4p.(2P*<3/2>).6f""","=""2[9/2]""","=""4""","=""""","=""7.738437""","=""?""","=""""","=""0.00028""","=""""","=""                                                      ""","="""""
"=""4s2.4p.6g""","=""(3/2,7/2)*""","=""3""","=""""","=""7.741280""","=""""","=""""","=""0.00284""","=""""","=""                                                      ""","="""""
"=""4s2.4p.9s""","=""(3/2,1/2)*""","=""2""","=""""","=""7.752925""","=""""","=""""","=""0.01165""","=""""","=""                                                      ""","="""""
"=""4s2.4p.9s""","=""(3/2,1/2)*""","=""1""","=""""","=""7.758527""","=""""","=""""","=""0.00560""","=""""","=""                                                      ""","="""""
"=""4s2.4p.11d""","=""(1/2,3/2)*""","=""2""","=""""","=""7.754661""","=""""","=""""","=""-0.00387""","=""""","=""                                                      ""","="""""
"=""4s2.4p.11d""","=""(1/2,3/2)*""","=""1""","=""""","=""7.766267""","=""""","=""""","=""0.01161""","=""""","=""                                                      ""","="""""
"=""4s2.4p.10g""","=""(1/2,7/2)*""","=""3""","=""""","=""7.763222""","=""""","=""""","=""-0.00305""","=""""","=""                                                      ""","="""""
"=""4s2.4p.11d""","=""(1/2,5/2)*""","=""3""","=""""","=""7.765035""","=""""","=""""","=""0.00181""","=""""","=""                                                      ""","="""""
"=""4s2.4p.11d""","=""(1/2,5/2)*""","=""2""","=""""","=""7.765778""","=""""","=""""","=""0.00074""","=""""","=""                                                      ""","="""""
"=""4s2.4p.13s""","=""(1/2,1/2)*""","=""0""","=""""","=""7.766265""","=""""","=""""","=""0.00049""","=""""","=""                                                      ""","="""""
"=""4s2.4p.13s""","=""(1/2,1/2)*""","=""1""","=""""","=""7.767314""","=""""","=""""","=""0.00105""","=""""","=""                                                      ""","="""""
"=""4s2.4p.12d""","=""(1/2,3/2)*""","=""2""","=""""","=""7.780216""","=""""","=""""","=""0.01290""","=""""","=""                                                      ""","="""""
"=""4s2.4p.12d""","=""(1/2,3/2)*""","=""1""","=""""","=""7.788053""","=""""","=""""","=""0.00784""","=""""","=""                                                      ""","="""""
"=""4s2.4p.12d""","=""(1/2,5/2)*""","=""3""","=""""","=""7.785212""","=""""","=""""","=""-0.00284""","=""""","=""                                                      ""","="""""
"=""4s2.4p.12d""","=""(1/2,5/2)*""","=""2""","=""""","=""7.785409""","=""""","=""""","=""0.00020""","=""""","=""                                                      ""","="""""
"=""4s2.4p.11g""","=""(1/2,7/2)*""","=""3""","=""""","=""7.786867""","=""""","=""""","=""0.00146""","=""""","=""                                                      ""","="""""
"=""4s2.4p.14s""","=""(1/2,1/2)*""","=""0""","=""""","=""7.789142""","=""""","=""""","=""0.00228""","=""""","=""                                                      ""","="""""
"=""4s2.4p.14s""","=""(1/2,1/2)*""","=""1""","=""""","=""7.789529""","=""""","=""""","=""0.00039""","=""""","=""                                                      ""","="""""
"=""4s2.4p.13d""","=""(1/2,3/2)*""","=""2""","=""""","=""7.799396""","=""""","=""""","=""0.00987""","=""""","=""                                                      ""","="""""
"=""4s2.4p.13d""","=""(1/2,3/2)*""","=""1""","=""""","=""7.804652""","=""""","=""""","=""0.00526""","=""""","=""                                                      ""","="""""
"=""4s2.4p.13d""","=""(1/2,5/2)*""","=""2""","=""""","=""7.801836""","=""""","=""""","=""-0.00282""","=""""","=""                                                      ""","="""""
"=""4s2.4p.13d""","=""(1/2,5/2)*""","=""3""","=""""","=""7.802358""","=""""","=""""","=""0.00052""","=""""","=""                                                      ""","="""""
"=""4s2.4p.12g""","=""(1/2,7/2)*""","=""3""","=""""","=""7.804842""","=""""","=""""","=""0.00248""","=""""","=""                                                      ""","="""""
"=""4s2.4p.15s""","=""(1/2,1/2)*""","=""0""","=""""","=""7.806567""","=""""","=""""","=""0.00173""","=""""","=""                                                      ""","="""""
"=""4s2.4p.15s""","=""(1/2,1/2)*""","=""1""","=""""","=""7.806738""","=""""","=""""","=""0.00017""","=""""","=""                                                      ""","="""""
"=""4s2.4p.8d""","=""(3/2,3/2)*""","=""2""","=""""","=""7.810458""","=""""","=""""","=""0.00372""","=""""","=""                                                      ""","="""""
"=""4s2.4p.8d""","=""(3/2,3/2)*""","=""0""","=""""","=""7.815092""","=""""","=""""","=""0.00463""","=""""","=""                                                      ""","="""""
"=""4s2.4p.8d""","=""(3/2,3/2)*""","=""1""","=""""","=""7.822051""","=""""","=""""","=""0.00696""","=""""","=""                                                      ""","="""""
"=""4s2.4p.8d""","=""(3/2,3/2)*""","=""3""","=""""","=""7.831900""","=""""","=""""","=""0.00985""","=""""","=""                                                      ""","="""""
"=""4s2.4p.14d""","=""(1/2,5/2)*""","=""2""","=""""","=""7.815206""","=""""","=""""","=""-0.01669""","=""""","=""                                                      ""","="""""
"=""4s2.4p.14d""","=""(1/2,5/2)*""","=""3""","=""""","=""7.815624""","=""""","=""""","=""0.00042""","=""""","=""                                                      ""","="""""
"=""4s2.4p.14d""","=""(1/2,3/2)*""","=""2""","=""""","=""7.816718""","=""""","=""""","=""0.00109""","=""""","=""                                                      ""","="""""
"=""4s2.4p.13g""","=""(1/2,7/2)*""","=""3""","=""""","=""7.818854""","=""""","=""""","=""0.00214""","=""""","=""                                                      ""","="""""
"=""4s2.4p.16s""","=""(1/2,1/2)*""","=""1""","=""""","=""7.820069""","=""""","=""""","=""0.00122""","=""""","=""                                                      ""","="""""
"=""4s2.4p.16s""","=""(1/2,1/2)*""","=""0""","=""""","=""7.820336""","=""""","=""""","=""0.00027""","=""""","=""                                                      ""","="""""
"=""4s2.4p.15d""","=""(1/2,5/2)*""","=""3""","=""""","=""7.825109""","=""""","=""""","=""0.00477""","=""""","=""                                                      ""","="""""
"=""4s2.4p.15d""","=""(1/2,5/2)*""","=""2""","=""""","=""7.825539""","=""""","=""""","=""0.00043""","=""""","=""                                                      ""","="""""
"=""4s2.4p.15d""","=""(1/2,3/2)*""","=""2""","=""""","=""7.826975""","=""""","=""""","=""0.00144""","=""""","=""                                                      ""","="""""
"=""4s2.4p.15d""","=""(1/2,3/2)*""","=""1""","=""""","=""7.830402""","=""""","=""""","=""0.00343""","=""""","=""                                                      ""","="""""
"=""4s2.4p.17s""","=""(1/2,1/2)*""","=""0""","=""""","=""7.831101""","=""""","=""""","=""0.00070""","=""""","=""                                                      ""","="""""
"=""4s2.4p.17s""","=""(1/2,1/2)*""","=""1""","=""""","=""7.831529""","=""""","=""""","=""0.00043""","=""""","=""                                                      ""","="""""
"=""4s2.4p.16d""","=""(1/2,5/2)*""","=""2""","=""""","=""7.834120""","=""""","=""""","=""0.00259""","=""""","=""                                                      ""","="""""
"=""4s2.4p.16d""","=""(1/2,5/2)*""","=""3""","=""""","=""7.838714""","=""""","=""""","=""0.00459""","=""""","=""                                                      ""","="""""
"=""4s2.4p.16d""","=""(1/2,3/2)*""","=""2""","=""""","=""7.836389""","=""""","=""""","=""-0.00233""","=""""","=""                                                      ""","="""""
"=""4s2.4p.16d""","=""(1/2,3/2)*""","=""1""","=""""","=""7.838037""","=""""","=""""","=""0.00165""","=""""","=""                                                      ""","="""""
"=""4s2.4p.15g""","=""(1/2,7/2)*""","=""3""","=""""","=""7.838856""","=""""","=""""","=""0.00082""","=""""","=""                                                      ""","="""""
"=""4s2.4p.(2P*<3/2>).7f""","=""2[9/2]""","=""5""","=""""","=""7.839239""","=""""","=""""","=""0.00038""","=""""","=""                                                      ""","="""""
"=""4s2.4p.18s""","=""(1/2,1/2)*""","=""0""","=""""","=""7.839837""","=""""","=""""","=""0.00060""","=""""","=""                                                      ""","="""""
"=""4s2.4p.18s""","=""(1/2,1/2)*""","=""1""","=""""","=""7.840037""","=""""","=""""","=""0.00020""","=""""","=""                                                      ""","="""""
"=""4s2.4p.8d""","=""(3/2,5/2)*""","=""2""","=""""","=""7.841284""","=""""","=""""","=""0.00125""","=""""","=""                                                      ""","="""""
"=""4s2.4p.8d""","=""(3/2,5/2)*""","=""1""","=""""","=""7.842149""","=""""","=""""","=""0.00087""","=""""","=""                                                      ""","="""""
"=""4s2.4p.8d""","=""(3/2,5/2)*""","=""3""","=""""","=""7.844643""","=""""","=""""","=""0.00249""","=""""","=""                                                      ""","="""""
"=""4s2.4p.17d""","=""(1/2,3/2)*""","=""2""","=""""","=""7.844172""","=""""","=""""","=""-0.00047""","=""""","=""                                                      ""","="""""
"=""4s2.4p.17d""","=""(1/2,3/2)*""","=""1""","=""""","=""7.847067""","=""""","=""""","=""0.00289""","=""""","=""                                                      ""","="""""
"=""4s2.4p.19s""","=""(1/2,1/2)*""","=""0""","=""""","=""7.847041""","=""""","=""""","=""-0.00003""","=""""","=""                                                      ""","="""""
"=""4s2.4p.19s""","=""(1/2,1/2)*""","=""1""","=""""","=""7.847373""","=""""","=""""","=""0.00033""","=""""","=""                                                      ""","="""""
"=""4s2.4p.17d""","=""(1/2,5/2)*""","=""2""","=""""","=""7.847468""","=""""","=""""","=""0.00009""","=""""","=""                                                      ""","="""""
"=""4s2.4p.17d""","=""(1/2,5/2)*""","=""3""","=""""","=""7.848487""","=""""","=""""","=""0.00102""","=""""","=""                                                      ""","="""""
"=""4s2.4p.10s""","=""(3/2,1/2)*""","=""2""","=""""","=""7.848843""","=""""","=""""","=""0.00036""","=""""","=""                                                      ""","="""""
"=""4s2.4p.10s""","=""(3/2,1/2)*""","=""1""","=""""","=""7.851975""","=""""","=""""","=""0.00313""","=""""","=""                                                      ""","="""""
"=""4s2.4p.18d""","=""(1/2,3/2)*""","=""2""","=""""","=""7.850616""","=""""","=""""","=""-0.00136""","=""""","=""                                                      ""","="""""
"=""4s2.4p.18d""","=""(1/2,3/2)*""","=""1""","=""""","=""7.852931""","=""""","=""""","=""0.00232""","=""""","=""                                                      ""","="""""
"=""4s2.4p.18d""","=""(1/2,5/2)*""","=""3""","=""""","=""7.852791""","=""""","=""""","=""-0.00014""","=""""","=""                                                      ""","="""""
"=""4s2.4p.18d""","=""(1/2,5/2)*""","=""2""","=""""","=""7.852898""","=""""","=""""","=""0.00011""","=""""","=""                                                      ""","="""""
"=""4s2.4p.20s""","=""(1/2,1/2)*""","=""0""","=""""","=""7.8529""","=""""","=""""","=""0.0000""","=""""","=""                                                      ""","="""""
"=""4s2.4p.20s""","=""(1/2,1/2)*""","=""1""","=""""","=""7.853478""","=""""","=""""","=""0.0006""","=""""","=""                                                      ""","="""""
"=""4s2.4p.19d""","=""(1/2,3/2)*""","=""2""","=""""","=""7.855951""","=""""","=""""","=""0.00247""","=""""","=""                                                      ""","="""""
"=""4s2.4p.19d""","=""(1/2,3/2)*""","=""1""","=""""","=""7.857822""","=""""","=""""","=""0.00187""","=""""","=""                                                      ""","="""""
"=""4s2.4p.19d""","=""(1/2,5/2)*""","=""3""","=""""","=""7.857417""","=""""","=""""","=""-0.00040""","=""""","=""                                                      ""","="""""
"=""4s2.4p.19d""","=""(1/2,5/2)*""","=""2""","=""""","=""7.857575""","=""""","=""""","=""0.00016""","=""""","=""                                                      ""","="""""
"=""4s2.4p.21s""","=""(1/2,1/2)*""","=""0""","=""""","=""7.857955""","=""""","=""""","=""0.00038""","=""""","=""                                                      ""","="""""
"=""4s2.4p.21s""","=""(1/2,1/2)*""","=""1""","=""""","=""7.858121""","=""""","=""""","=""0.00017""","=""""","=""                                                      ""","="""""
"=""4s2.4p.20d""","=""(1/2,3/2)*""","=""2""","=""""","=""7.860464""","=""""","=""""","=""0.00234""","=""""","=""                                                      ""","="""""
"=""4s2.4p.20d""","=""(1/2,3/2)*""","=""1""","=""""","=""7.862012""","=""""","=""""","=""0.00155""","=""""","=""                                                      ""","="""""
"=""4s2.4p.20d""","=""(1/2,5/2)*""","=""3""","=""""","=""7.861568""","=""""","=""""","=""-0.00044""","=""""","=""                                                      ""","="""""
"=""4s2.4p.20d""","=""(1/2,5/2)*""","=""2""","=""""","=""7.861662""","=""""","=""""","=""0.00009""","=""""","=""                                                      ""","="""""
"=""4s2.4p.22s""","=""(1/2,1/2)*""","=""0""","=""""","=""7.862186""","=""""","=""""","=""0.00052""","=""""","=""                                                      ""","="""""
"=""4s2.4p.22s""","=""(1/2,1/2)*""","=""1""","=""""","=""7.862291""","=""""","=""""","=""0.00010""","=""""","=""                                                      ""","="""""
"=""4s2.4p.21d""","=""(1/2,3/2)*""","=""2""","=""""","=""7.864310""","=""""","=""""","=""0.00202""","=""""","=""                                                      ""","="""""
"=""4s2.4p.21d""","=""(1/2,3/2)*""","=""1""","=""""","=""7.865606""","=""""","=""""","=""0.00130""","=""""","=""                                                      ""","="""""
"=""4s2.4p.21d""","=""(1/2,5/2)*""","=""3""","=""""","=""7.865179""","=""""","=""""","=""-0.00043""","=""""","=""                                                      ""","="""""
"=""4s2.4p.21d""","=""(1/2,5/2)*""","=""2""","=""""","=""7.865219""","=""""","=""""","=""0.00004""","=""""","=""                                                      ""","="""""
"=""4s2.4p.23s""","=""(1/2,1/2)*""","=""0""","=""""","=""7.865794""","=""""","=""""","=""0.00058""","=""""","=""                                                      ""","="""""
"=""4s2.4p.23s""","=""(1/2,1/2)*""","=""1""","=""""","=""7.865876""","=""""","=""""","=""0.00008""","=""""","=""                                                      ""","="""""
"=""4s2.4p.22d""","=""(1/2,3/2)*""","=""2""","=""""","=""7.867632""","=""""","=""""","=""0.00176""","=""""","=""                                                      ""","="""""
"=""4s2.4p.22d""","=""(1/2,3/2)*""","=""1""","=""""","=""7.868714""","=""""","=""""","=""0.00108""","=""""","=""                                                      ""","="""""
"=""4s2.4p.22d""","=""(1/2,5/2)*""","=""2""","=""""","=""7.868321""","=""""","=""""","=""-0.00039""","=""""","=""                                                      ""","="""""
"=""4s2.4p.22d""","=""(1/2,5/2)*""","=""3""","=""""","=""7.868321""","=""""","=""""","=""0.00000""","=""""","=""                                                      ""","="""""
"=""4s2.4p.24s""","=""(1/2,1/2)*""","=""0""","=""""","=""7.868903""","=""""","=""""","=""0.00058""","=""""","=""                                                      ""","="""""
"=""4s2.4p.24s""","=""(1/2,1/2)*""","=""1""","=""""","=""7.868966""","=""""","=""""","=""0.00006""","=""""","=""                                                      ""","="""""
"=""4s2.4p.23d""","=""(1/2,3/2)*""","=""2""","=""""","=""7.870485""","=""""","=""""","=""0.00152""","=""""","=""                                                      ""","="""""
"=""4s2.4p.23d""","=""(1/2,3/2)*""","=""1""","=""""","=""7.871413""","=""""","=""""","=""0.00093""","=""""","=""                                                      ""","="""""
"=""4s2.4p.23d""","=""(1/2,5/2)*""","=""2""","=""""","=""7.871028""","=""""","=""""","=""-0.00039""","=""""","=""                                                      ""","="""""
"=""4s2.4p.23d""","=""(1/2,5/2)*""","=""3""","=""""","=""7.871059""","=""""","=""""","=""0.00003""","=""""","=""                                                      ""","="""""
"=""4s2.4p.25s""","=""(1/2,1/2)*""","=""0""","=""""","=""7.871612""","=""""","=""""","=""0.00055""","=""""","=""                                                      ""","="""""
"=""4s2.4p.25s""","=""(1/2,1/2)*""","=""1""","=""""","=""7.871658""","=""""","=""""","=""0.00005""","=""""","=""                                                      ""","="""""
"=""4s2.4p.24d""","=""(1/2,3/2)*""","=""2""","=""""","=""7.872969""","=""""","=""""","=""0.00131""","=""""","=""                                                      ""","="""""
"=""4s2.4p.24d""","=""(1/2,3/2)*""","=""1""","=""""","=""7.873769""","=""""","=""""","=""0.00080""","=""""","=""                                                      ""","="""""
"=""4s2.4p.24d""","=""(1/2,5/2)*""","=""2""","=""""","=""7.873405""","=""""","=""""","=""-0.00036""","=""""","=""                                                      ""","="""""
"=""4s2.4p.24d""","=""(1/2,5/2)*""","=""3""","=""""","=""7.873458""","=""""","=""""","=""0.00005""","=""""","=""                                                      ""","="""""
"=""4s2.4p.26s""","=""(1/2,1/2)*""","=""0""","=""""","=""7.873960""","=""""","=""""","=""0.00050""","=""""","=""                                                      ""","="""""
"=""4s2.4p.26s""","=""(1/2,1/2)*""","=""1""","=""""","=""7.874005""","=""""","=""""","=""0.00005""","=""""","=""                                                      ""","="""""
"=""4s2.4p.25d""","=""(1/2,3/2)*""","=""2""","=""""","=""7.875144""","=""""","=""""","=""0.00114""","=""""","=""                                                      ""","="""""
"=""4s2.4p.25d""","=""(1/2,3/2)*""","=""1""","=""""","=""7.875848""","=""""","=""""","=""0.00070""","=""""","=""                                                      ""","="""""
"=""4s2.4p.25d""","=""(1/2,5/2)*""","=""2""","=""""","=""7.875505""","=""""","=""""","=""-0.00034""","=""""","=""                                                      ""","="""""
"=""4s2.4p.25d""","=""(1/2,5/2)*""","=""3""","=""""","=""7.875562""","=""""","=""""","=""0.00006""","=""""","=""                                                      ""","="""""
"=""4s2.4p.27s""","=""(1/2,1/2)*""","=""0""","=""""","=""7.876039""","=""""","=""""","=""0.00048""","=""""","=""                                                      ""","="""""
"=""4s2.4p.27s""","=""(1/2,1/2)*""","=""1""","=""""","=""7.876052""","=""""","=""""","=""0.00001""","=""""","=""                                                      ""","="""""
"=""4s2.4p.26d""","=""(1/2,3/2)*""","=""2""","=""""","=""7.877099""","=""""","=""""","=""0.00105""","=""""","=""                                                      ""","="""""
"=""4s2.4p.26d""","=""(1/2,3/2)*""","=""1""","=""""","=""7.877678""","=""""","=""""","=""0.00058""","=""""","=""                                                      ""","="""""
"=""4s2.4p.26d""","=""(1/2,5/2)*""","=""2""","=""""","=""7.877363""","=""""","=""""","=""-0.00032""","=""""","=""                                                      ""","="""""
"=""4s2.4p.26d""","=""(1/2,5/2)*""","=""3""","=""""","=""7.877420""","=""""","=""""","=""0.00006""","=""""","=""                                                      ""","="""""
"=""4s2.4p.28s""","=""(1/2,1/2)*""","=""0""","=""""","=""7.877883""","=""""","=""""","=""0.00046""","=""""","=""                                                      ""","="""""
"=""4s2.4p.28s""","=""(1/2,1/2)*""","=""1""","=""""","=""7.877894""","=""""","=""""","=""0.00001""","=""""","=""                                                      ""","="""""
"=""4s2.4p.27d""","=""(1/2,3/2)*""","=""2""","=""""","=""7.87874""","=""""","=""""","=""0.00085""","=""""","=""                                                      ""","="""""
"=""4s2.4p.27d""","=""(1/2,3/2)*""","=""1""","=""""","=""7.879293""","=""""","=""""","=""0.00055""","=""""","=""                                                      ""","="""""
"=""4s2.4p.27d""","=""(1/2,5/2)*""","=""2""","=""""","=""7.879005""","=""""","=""""","=""-0.00029""","=""""","=""                                                      ""","="""""
"=""4s2.4p.27d""","=""(1/2,5/2)*""","=""3""","=""""","=""7.879072""","=""""","=""""","=""0.00007""","=""""","=""                                                      ""","="""""
"=""4s2.4p.29s""","=""(1/2,1/2)*""","=""0""","=""""","=""7.879482""","=""""","=""""","=""0.00041""","=""""","=""                                                      ""","="""""
"=""4s2.4p.29s""","=""(1/2,1/2)*""","=""1""","=""""","=""7.879498""","=""""","=""""","=""0.00002""","=""""","=""                                                      ""","="""""
"=""4s2.4p.28d""","=""(1/2,5/2)*""","=""2""","=""""","=""7.880489""","=""""","=""""","=""0.00099""","=""""","=""                                                      ""","="""""
"=""4s2.4p.28d""","=""(1/2,5/2)*""","=""3""","=""""","=""7.880547""","=""""","=""""","=""0.00006""","=""""","=""                                                      ""","="""""
"=""4s2.4p.28d""","=""(1/2,3/2)*""","=""1""","=""""","=""7.880741""","=""""","=""""","=""0.00019""","=""""","=""                                                      ""","="""""
"=""4s2.4p.30s""","=""(1/2,1/2)*""","=""0""","=""""","=""7.880930""","=""""","=""""","=""0.00019""","=""""","=""                                                      ""","="""""
"=""4s2.4p.30s""","=""(1/2,1/2)*""","=""1""","=""""","=""7.880948""","=""""","=""""","=""0.00002""","=""""","=""                                                      ""","="""""
"=""4s2.4p.29d""","=""(1/2,5/2)*""","=""2""","=""""","=""7.881813""","=""""","=""""","=""0.00087""","=""""","=""                                                      ""","="""""
"=""4s2.4p.29d""","=""(1/2,5/2)*""","=""3""","=""""","=""7.881871""","=""""","=""""","=""0.00006""","=""""","=""                                                      ""","="""""
"=""4s2.4p.29d""","=""(1/2,3/2)*""","=""1""","=""""","=""7.882035""","=""""","=""""","=""0.00016""","=""""","=""                                                      ""","="""""
"=""4s2.4p.31s""","=""(1/2,1/2)*""","=""0""","=""""","=""7.882219""","=""""","=""""","=""0.00018""","=""""","=""                                                      ""","="""""
"=""4s2.4p.31s""","=""(1/2,1/2)*""","=""1""","=""""","=""7.882227""","=""""","=""""","=""0.00001""","=""""","=""                                                      ""","="""""
"=""4s2.4p.30d""","=""(1/2,5/2)*""","=""2""","=""""","=""7.883007""","=""""","=""""","=""0.00078""","=""""","=""                                                      ""","="""""
"=""4s2.4p.30d""","=""(1/2,5/2)*""","=""3""","=""""","=""7.883059""","=""""","=""""","=""0.00005""","=""""","=""                                                      ""","="""""
"=""4s2.4p.30d""","=""(1/2,3/2)*""","=""1""","=""""","=""7.883192""","=""""","=""""","=""0.00013""","=""""","=""                                                      ""","="""""
"=""4s2.4p.32s""","=""(1/2,1/2)*""","=""0""","=""""","=""7.883378""","=""""","=""""","=""0.00019""","=""""","=""                                                      ""","="""""
"=""4s2.4p.32s""","=""(1/2,1/2)*""","=""1""","=""""","=""7.883386""","=""""","=""""","=""0.00001""","=""""","=""                                                      ""","="""""
"=""4s2.4p.31d""","=""(1/2,5/2)*""","=""2""","=""""","=""7.884088""","=""""","=""""","=""0.00070""","=""""","=""                                                      ""","="""""
"=""4s2.4p.31d""","=""(1/2,5/2)*""","=""3""","=""""","=""7.884127""","=""""","=""""","=""0.00004""","=""""","=""                                                      ""","="""""
"=""4s2.4p.31d""","=""(1/2,3/2)*""","=""1""","=""""","=""7.884232""","=""""","=""""","=""0.00010""","=""""","=""                                                      ""","="""""
"=""4s2.4p.33s""","=""(1/2,1/2)*""","=""0""","=""""","=""7.884437""","=""""","=""""","=""0.00021""","=""""","=""                                                      ""","="""""
"=""4s2.4p.33s""","=""(1/2,1/2)*""","=""1""","=""""","=""7.884453""","=""""","=""""","=""0.00002""","=""""","=""                                                      ""","="""""
"=""4s2.4p.32d""","=""(1/2,5/2)*""","=""2""","=""""","=""7.885070""","=""""","=""""","=""0.00062""","=""""","=""                                                      ""","="""""
"=""4s2.4p.32d""","=""(1/2,5/2)*""","=""3""","=""""","=""7.885100""","=""""","=""""","=""0.00003""","=""""","=""                                                      ""","="""""
"=""4s2.4p.32d""","=""(1/2,3/2)*""","=""1""","=""""","=""7.885166""","=""""","=""""","=""0.00007""","=""""","=""                                                      ""","="""""
"=""4s2.4p.34s""","=""(1/2,1/2)*""","=""0""","=""""","=""7.885381""","=""""","=""""","=""0.00021""","=""""","=""                                                      ""","="""""
"=""4s2.4p.34s""","=""(1/2,1/2)*""","=""1""","=""""","=""7.885399""","=""""","=""""","=""0.00002""","=""""","=""                                                      ""","="""""
"=""4s2.4p.33d""","=""(1/2,5/2)*""","=""2""","=""""","=""7.885942""","=""""","=""""","=""0.00054""","=""""","=""                                                      ""","="""""
"=""4s2.4p.33d""","=""(1/2,3/2)*""","=""1""","=""""","=""7.886022""","=""""","=""""","=""0.00008""","=""""","=""                                                      ""","="""""
"=""4s2.4p.9d""","=""(3/2,3/2)*""","=""2""","=""""","=""7.886149""","=""""","=""""","=""0.00013""","=""""","=""                                                      ""","="""""
"=""4s2.4p.9d""","=""(3/2,3/2)*""","=""0""","=""""","=""7.888580""","=""""","=""""","=""0.00243""","=""""","=""                                                      ""","="""""
"=""4s2.4p.9d""","=""(3/2,3/2)*""","=""3""","=""""","=""7.8997""","=""""","=""""","=""0.0111""","=""""","=""                                                      ""","="""""
"=""4s2.4p.35s""","=""(1/2,1/2)*""","=""1""","=""""","=""7.886265""","=""""","=""""","=""-0.0134""","=""""","=""                                                      ""","="""""
"=""4s2.4p.35s""","=""(1/2,1/2)*""","=""0""","=""""","=""7.886269""","=""""","=""""","=""0.00000""","=""""","=""                                                      ""","="""""
"=""4s2.4p.34d""","=""(1/2,5/2)*""","=""2""","=""""","=""7.886785""","=""""","=""""","=""0.00052""","=""""","=""                                                      ""","="""""
"=""4s2.4p.34d""","=""(1/2,3/2)*""","=""1""","=""""","=""7.886789""","=""""","=""""","=""0.00000""","=""""","=""                                                      ""","="""""
"=""4s2.4p.36s""","=""(1/2,1/2)*""","=""0""","=""""","=""7.887023""","=""""","=""""","=""0.00023""","=""""","=""                                                      ""","="""""
"=""4s2.4p.35d""","=""(1/2,5/2)*""","=""2""","=""""","=""7.88750""","=""""","=""""","=""0.00048""","=""""","=""                                                      ""","="""""
"=""4s2.4p.37s""","=""(1/2,1/2)*""","=""0""","=""""","=""7.887723""","=""""","=""""","=""0.00022""","=""""","=""                                                      ""","="""""
"=""4s2.4p.36d""","=""(1/2,3/2)*""","=""1""","=""""","=""7.888129""","=""""","=""""","=""0.00041""","=""""","=""                                                      ""","="""""
"=""4s2.4p.36d""","=""(1/2,5/2)*""","=""2""","=""""","=""7.888193""","=""""","=""""","=""0.00006""","=""""","=""                                                      ""","="""""
"=""4s2.4p.38s""","=""(1/2,1/2)*""","=""0""","=""""","=""7.888413""","=""""","=""""","=""0.00022""","=""""","=""                                                      ""","="""""
"=""4s2.4p.37d""","=""(1/2,3/2)*""","=""1""","=""""","=""7.888713""","=""""","=""""","=""0.00030""","=""""","=""                                                      ""","="""""
"=""4s2.4p.37d""","=""(1/2,5/2)*""","=""2""","=""""","=""7.888787""","=""""","=""""","=""0.00007""","=""""","=""                                                      ""","="""""
"=""4s2.4p.39s""","=""(1/2,1/2)*""","=""0""","=""""","=""7.889029""","=""""","=""""","=""0.00024""","=""""","=""                                                      ""","="""""
"=""4s2.4p.38d""","=""(1/2,3/2)*""","=""1""","=""""","=""7.889253""","=""""","=""""","=""0.00022""","=""""","=""                                                      ""","="""""
"=""4s2.4p.38d""","=""(1/2,5/2)*""","=""2""","=""""","=""7.88939""","=""""","=""""","=""0.00014""","=""""","=""                                                      ""","="""""
"=""4s2.4p.40s""","=""(1/2,1/2)*""","=""0""","=""""","=""7.889566""","=""""","=""""","=""0.00018""","=""""","=""                                                      ""","="""""
"=""4s2.4p.39d""","=""(1/2,3/2)*""","=""1""","=""""","=""7.889756""","=""""","=""""","=""0.00019""","=""""","=""                                                      ""","="""""
"=""4s2.4p.39d""","=""(1/2,5/2)*""","=""2""","=""""","=""7.889846""","=""""","=""""","=""0.00009""","=""""","=""                                                      ""","="""""
"=""4s2.4p.41s""","=""(1/2,1/2)*""","=""0""","=""""","=""7.890077""","=""""","=""""","=""0.00023""","=""""","=""                                                      ""","="""""
"=""4s2.4p.40d""","=""(1/2,3/2)*""","=""1""","=""""","=""7.890228""","=""""","=""""","=""0.00015""","=""""","=""                                                      ""","="""""
"=""4s2.4p.40d""","=""(1/2,5/2)*""","=""2""","=""""","=""7.890343""","=""""","=""""","=""0.00012""","=""""","=""                                                      ""","="""""
"=""4s2.4p.42s""","=""(1/2,1/2)*""","=""0""","=""""","=""7.890550""","=""""","=""""","=""0.00021""","=""""","=""                                                      ""","="""""
"=""4s2.4p.41d""","=""(1/2,3/2)*""","=""1""","=""""","=""7.890668""","=""""","=""""","=""0.00012""","=""""","=""                                                      ""","="""""
"=""4s2.4p.41d""","=""(1/2,5/2)*""","=""2""","=""""","=""7.890788""","=""""","=""""","=""0.00012""","=""""","=""                                                      ""","="""""
"=""4s2.4p.43s""","=""(1/2,1/2)*""","=""0""","=""""","=""7.890983""","=""""","=""""","=""0.00020""","=""""","=""                                                      ""","="""""
"=""4s2.4p.42d""","=""(1/2,3/2)*""","=""1""","=""""","=""7.891064""","=""""","=""""","=""0.00008""","=""""","=""                                                      ""","="""""
"=""4s2.4p.43d""","=""(1/2,3/2)*""","=""1""","=""""","=""7.891469""","=""""","=""""","=""0.00040""","=""""","=""                                                      ""","="""""
"=""4s2.4p.43d""","=""(1/2,5/2)*""","=""2""","=""""","=""7.891598""","=""""","=""""","=""0.00013""","=""""","=""                                                      ""","="""""
"=""4s2.4p.44d""","=""(1/2,3/2)*""","=""1""","=""""","=""7.891831""","=""""","=""""","=""0.00023""","=""""","=""                                                      ""","="""""
"=""4s2.4p.44d""","=""(1/2,5/2)*""","=""2""","=""""","=""7.891959""","=""""","=""""","=""0.00013""","=""""","=""                                                      ""","="""""
"=""4s2.4p.45d""","=""(1/2,3/2)*""","=""1""","=""""","=""7.892168""","=""""","=""""","=""0.00021""","=""""","=""                                                      ""","="""""
"=""4s2.4p.45d""","=""(1/2,5/2)*""","=""2""","=""""","=""7.892291""","=""""","=""""","=""0.00012""","=""""","=""                                                      ""","="""""
"=""4s2.4p.46d""","=""(1/2,3/2)*""","=""1""","=""""","=""7.892489""","=""""","=""""","=""0.00020""","=""""","=""                                                      ""","="""""
"=""4s2.4p.46d""","=""(1/2,5/2)*""","=""2""","=""""","=""7.892607""","=""""","=""""","=""0.00012""","=""""","=""                                                      ""","="""""
"=""4s2.4p.47d""","=""(1/2,3/2)*""","=""1""","=""""","=""7.892796""","=""""","=""""","=""0.00019""","=""""","=""                                                      ""","="""""
"=""4s2.4p.47d""","=""(1/2,5/2)*""","=""2""","=""""","=""7.892899""","=""""","=""""","=""0.00010""","=""""","=""                                                      ""","="""""
"=""4s2.4p.48d""","=""(1/2,3/2)*""","=""1""","=""""","=""7.893075""","=""""","=""""","=""0.00018""","=""""","=""                                                      ""","="""""
"=""4s2.4p.48d""","=""(1/2,5/2)*""","=""2""","=""""","=""7.893185""","=""""","=""""","=""0.00011""","=""""","=""                                                      ""","="""""
"=""4s2.4p.49d""","=""(1/2,3/2)*""","=""1""","=""""","=""7.893342""","=""""","=""""","=""0.00016""","=""""","=""                                                      ""","="""""
"=""4s2.4p.49d""","=""(1/2,5/2)*""","=""2""","=""""","=""7.893442""","=""""","=""""","=""0.00010""","=""""","=""                                                      ""","="""""
"=""4s2.4p.50d""","=""(1/2,3/2)*""","=""1""","=""""","=""7.893590""","=""""","=""""","=""0.00015""","=""""","=""                                                      ""","="""""
"=""4s2.4p.50d""","=""(1/2,5/2)*""","=""2""","=""""","=""7.893675""","=""""","=""""","=""0.00009""","=""""","=""                                                      ""","="""""
"=""4s2.4p.51d""","=""(1/2,3/2)*""","=""1""","=""""","=""7.893820""","=""""","=""""","=""0.00014""","=""""","=""                                                      ""","="""""
"=""4s2.4p.51d""","=""(1/2,5/2)*""","=""2""","=""""","=""7.893910""","=""""","=""""","=""0.00009""","=""""","=""                                                      ""","="""""
"=""4s2.4p.52d""","=""(1/2,3/2)*""","=""1""","=""""","=""7.894050""","=""""","=""""","=""0.00014""","=""""","=""                                                      ""","="""""
"=""4s2.4p.52d""","=""(1/2,5/2)*""","=""2""","=""""","=""7.894128""","=""""","=""""","=""0.00008""","=""""","=""                                                      ""","="""""
"=""4s2.4p.53d""","=""(1/2,3/2)*""","=""1""","=""""","=""7.894255""","=""""","=""""","=""0.00013""","=""""","=""                                                      ""","="""""
"=""4s2.4p.53d""","=""(1/2,5/2)*""","=""2""","=""""","=""7.894337""","=""""","=""""","=""0.00008""","=""""","=""                                                      ""","="""""
"=""4s2.4p.54d""","=""(1/2,3/2)*""","=""1""","=""""","=""7.894451""","=""""","=""""","=""0.00011""","=""""","=""                                                      ""","="""""
"=""4s2.4p.54d""","=""(1/2,5/2)*""","=""2""","=""""","=""7.894517""","=""""","=""""","=""0.00007""","=""""","=""                                                      ""","="""""
"=""4s2.4p.55d""","=""(1/2,3/2)*""","=""1""","=""""","=""7.894628""","=""""","=""""","=""0.00011""","=""""","=""                                                      ""","="""""
"=""4s2.4p.55d""","=""(1/2,5/2)*""","=""2""","=""""","=""7.894699""","=""""","=""""","=""0.00007""","=""""","=""                                                      ""","="""""
"=""4s2.4p.56d""","=""(1/2,3/2)*""","=""1""","=""""","=""7.894809""","=""""","=""""","=""0.00011""","=""""","=""                                                      ""","="""""
"=""4s2.4p.56d""","=""(1/2,5/2)*""","=""2""","=""""","=""7.894874""","=""""","=""""","=""0.00006""","=""""","=""                                                      ""","="""""
"=""4s2.4p.57d""","=""(1/2,3/2)*""","=""1""","=""""","=""7.894972""","=""""","=""""","=""0.00010""","=""""","=""                                                      ""","="""""
"=""4s2.4p.57d""","=""(1/2,5/2)*""","=""2""","=""""","=""7.895036""","=""""","=""""","=""0.00006""","=""""","=""                                                      ""","="""""
"=""4s2.4p.58d""","=""(1/2,3/2)*""","=""1""","=""""","=""7.895135""","=""""","=""""","=""0.00010""","=""""","=""                                                      ""","="""""
"=""4s2.4p.58d""","=""(1/2,5/2)*""","=""2""","=""""","=""7.895192""","=""""","=""""","=""0.00006""","=""""","=""                                                      ""","="""""
"=""4s2.4p.59d""","=""(1/2,3/2)*""","=""1""","=""""","=""7.895282""","=""""","=""""","=""0.00009""","=""""","=""                                                      ""","="""""
"=""4s2.4p.59d""","=""(1/2,5/2)*""","=""2""","=""""","=""7.895335""","=""""","=""""","=""0.00005""","=""""","=""                                                      ""","="""""
"=""4s2.4p.60d""","=""(1/2,3/2)*""","=""1""","=""""","=""7.895418""","=""""","=""""","=""0.00008""","=""""","=""                                                      ""","="""""
"=""4s2.4p.60d""","=""(1/2,5/2)*""","=""2""","=""""","=""7.895471""","=""""","=""""","=""0.00005""","=""""","=""                                                      ""","="""""
"=""4s2.4p.61d""","=""(1/2,3/2)*""","=""1""","=""""","=""7.895565""","=""""","=""""","=""0.00009""","=""""","=""                                                      ""","="""""
"=""4s2.4p.61d""","=""(1/2,5/2)*""","=""2""","=""""","=""7.895596""","=""""","=""""","=""0.00003""","=""""","=""                                                      ""","="""""
"=""4s2.4p.62d""","=""(1/2,3/2)*""","=""1""","=""""","=""7.89570""","=""""","=""""","=""0.00010""","=""""","=""                                                      ""","="""""
"=""4s2.4p.62d""","=""(1/2,5/2)*""","=""2""","=""""","=""7.895730""","=""""","=""""","=""0.00003""","=""""","=""                                                      ""","="""""
"=""4s2.4p.63d""","=""(1/2,3/2)*""","=""1""","=""""","=""7.895813""","=""""","=""""","=""0.00008""","=""""","=""                                                      ""","="""""
"=""4s2.4p.63d""","=""(1/2,5/2)*""","=""2""","=""""","=""7.895858""","=""""","=""""","=""0.00004""","=""""","=""                                                      ""","="""""
"=""4s2.4p.64d""","=""(1/2,3/2)*""","=""1""","=""""","=""7.895918""","=""""","=""""","=""0.00006""","=""""","=""                                                      ""","="""""
"=""4s2.4p.64d""","=""(1/2,5/2)*""","=""2""","=""""","=""7.895966""","=""""","=""""","=""0.00005""","=""""","=""                                                      ""","="""""
"=""4s2.4p.65d""","=""(1/2,3/2)*""","=""1""","=""""","=""7.896020""","=""""","=""""","=""0.00005""","=""""","=""                                                      ""","="""""
"=""4s2.4p.65d""","=""(1/2,5/2)*""","=""2""","=""""","=""7.896079""","=""""","=""""","=""0.00006""","=""""","=""                                                      ""","="""""
"=""4s2.4p.66d""","=""(1/2,3/2)*""","=""1""","=""""","=""7.896144""","=""""","=""""","=""0.00006""","=""""","=""                                                      ""","="""""
"=""4s2.4p.66d""","=""(1/2,5/2)*""","=""2""","=""""","=""7.896177""","=""""","=""""","=""0.00003""","=""""","=""                                                      ""","="""""
"=""4s2.4p.67d""","=""(1/2,3/2)*""","=""1""","=""""","=""7.896231""","=""""","=""""","=""0.00005""","=""""","=""                                                      ""","="""""
"=""4s2.4p.67d""","=""(1/2,5/2)*""","=""2""","=""""","=""7.896270""","=""""","=""""","=""0.00004""","=""""","=""                                                      ""","="""""
"=""4s2.4p.68d""","=""(1/2,5/2)*""","=""2""","=""""","=""7.896370""","=""""","=""""","=""0.00010""","=""""","=""                                                      ""","="""""
"=""4s2.4p.69d""","=""(1/2,5/2)*""","=""2""","=""""","=""7.896462""","=""""","=""""","=""0.00009""","=""""","=""                                                      ""","="""""
"=""4s2.4p.70d""","=""(1/2,5/2)*""","=""2""","=""""","=""7.896546""","=""""","=""""","=""0.00008""","=""""","=""                                                      ""","="""""
"=""Ge II (4p 2P*<1/2>)""","=""Limit""","=""---""","=""""","=""7.899435""","=""""","=""0.000012""","=""""","=""""","=""                                                      ""","=""L3935,L12369"""
"=""4s2.4p.9d""","=""(3/2,5/2)*""","=""1""","=""""","=""7.90562""","=""""","=""""","=""0.00618""","=""""","=""                                                      ""","="""""
"=""4s2.4p.9d""","=""(3/2,5/2)*""","=""3""","=""""","=""7.909""","=""""","=""""","=""0.003""","=""""","=""                                                      ""","="""""
"=""4s2.4p.11s""","=""(3/2,1/2)*""","=""2""","=""""","=""7.911371""","=""""","=""""","=""0.002""","=""""","=""                                                      ""","="""""
"=""4s2.4p.11s""","=""(3/2,1/2)*""","=""1""","=""""","=""7.91358""","=""""","=""""","=""0.00221""","=""""","=""                                                      ""","="""""
"=""4s2.4p.10d""","=""(3/2,3/2)*""","=""1""","=""""","=""7.940""","=""""","=""""","=""0.026""","=""""","=""                                                      ""","="""""
"=""4s2.4p.10d""","=""(3/2,3/2)*""","=""3""","=""""","=""7.9454""","=""""","=""""","=""0.005""","=""""","=""                                                      ""","="""""
"=""4s2.4p.10d""","=""(3/2,5/2)*""","=""1""","=""""","=""7.9507""","=""""","=""""","=""0.005""","=""""","=""                                                      ""","="""""
"=""4s2.4p.10d""","=""(3/2,5/2)*""","=""3""","=""""","=""7.9528""","=""""","=""""","=""0.002""","=""""","=""                                                      ""","="""""
"=""4s2.4p.12s""","=""(3/2,1/2)*""","=""2""","=""""","=""7.954420""","=""""","=""""","=""0.0016""","=""""","=""                                                      ""","="""""
"=""4s2.4p.12s""","=""(3/2,1/2)*""","=""1""","=""""","=""7.95593""","=""""","=""""","=""0.00151""","=""""","=""                                                      ""","="""""
"=""4s2.4p.11d""","=""(3/2,3/2)*""","=""0""","=""""","=""7.972057""","=""""","=""""","=""0.01613""","=""""","=""                                                      ""","="""""
"=""4s2.4p.11d""","=""(3/2,3/2)*""","=""1""","=""""","=""7.975""","=""""","=""""","=""0.003""","=""""","=""                                                      ""","="""""
"=""4s2.4p.11d""","=""(3/2,3/2)*""","=""3""","=""""","=""7.9793""","=""""","=""""","=""0.004""","=""""","=""                                                      ""","="""""
"=""4s2.4p.11d""","=""(3/2,5/2)*""","=""1""","=""""","=""7.98240""","=""""","=""""","=""0.0031""","=""""","=""                                                      ""","="""""
"=""4s2.4p.11d""","=""(3/2,5/2)*""","=""3""","=""""","=""7.9841""","=""""","=""""","=""0.0017""","=""""","=""                                                      ""","="""""
"=""4s2.4p.13s""","=""(3/2,1/2)*""","=""2""","=""""","=""7.985311""","=""""","=""""","=""0.0012""","=""""","=""                                                      ""","="""""
"=""4s2.4p.13s""","=""(3/2,1/2)*""","=""1""","=""""","=""7.9864""","=""""","=""""","=""0.0011""","=""""","=""                                                      ""","="""""
"=""4s2.4p.12d""","=""(3/2,3/2)*""","=""1""","=""""","=""7.9976""","=""""","=""""","=""0.011""","=""""","=""                                                      ""","="""""
"=""4s2.4p.12d""","=""(3/2,3/2)*""","=""3""","=""""","=""8.0039""","=""""","=""""","=""0.006""","=""""","=""                                                      ""","="""""
"=""4s2.4p.12d""","=""(3/2,5/2)*""","=""1""","=""""","=""8.006019""","=""""","=""""","=""0.0021""","=""""","=""                                                      ""","="""""
"=""4s2.4p.12d""","=""(3/2,5/2)*""","=""3""","=""""","=""8.00710""","=""""","=""""","=""0.00108""","=""""","=""                                                      ""","="""""
"=""4s2.4p.14s""","=""(3/2,1/2)*""","=""2""","=""""","=""8.008236""","=""""","=""""","=""0.00114""","=""""","=""                                                      ""","="""""
"=""4s2.4p.14s""","=""(3/2,1/2)*""","=""1""","=""""","=""8.00904""","=""""","=""""","=""0.00080""","=""""","=""                                                      ""","="""""
"=""4s2.4p.13d""","=""(3/2,3/2)*""","=""0""","=""""","=""8.018259""","=""""","=""""","=""0.00922""","=""""","=""                                                      ""","="""""
"=""4s2.4p.13d""","=""(3/2,3/2)*""","=""1""","=""""","=""8.019""","=""""","=""""","=""0.001""","=""""","=""                                                      ""","="""""
"=""4s2.4p.13d""","=""(3/2,3/2)*""","=""3""","=""""","=""8.0220""","=""""","=""""","=""0.003""","=""""","=""                                                      ""","="""""
"=""4s2.4p.13d""","=""(3/2,5/2)*""","=""1""","=""""","=""8.02400""","=""""","=""""","=""0.0020""","=""""","=""                                                      ""","="""""
"=""4s2.4p.13d""","=""(3/2,5/2)*""","=""3""","=""""","=""8.02480""","=""""","=""""","=""0.0008""","=""""","=""                                                      ""","="""""
"=""4s2.4p.15s""","=""(3/2,1/2)*""","=""2""","=""""","=""8.025718""","=""""","=""""","=""0.00092""","=""""","=""                                                      ""","="""""
"=""4s2.4p.15s""","=""(3/2,1/2)*""","=""1""","=""""","=""8.02637""","=""""","=""""","=""0.00065""","=""""","=""                                                      ""","="""""
"=""4s2.4p.14d""","=""(3/2,3/2)*""","=""0""","=""""","=""8.033440""","=""""","=""""","=""0.00707""","=""""","=""                                                      ""","="""""
"=""4s2.4p.14d""","=""(3/2,3/2)*""","=""1""","=""""","=""8.03""","=""""","=""""","=""-0.00""","=""""","=""                                                      ""","="""""
"=""4s2.4p.14d""","=""(3/2,3/2)*""","=""3""","=""""","=""8.0364""","=""""","=""""","=""0.01""","=""""","=""                                                      ""","="""""
"=""4s2.4p.14d""","=""(3/2,5/2)*""","=""1""","=""""","=""8.037933""","=""""","=""""","=""0.0015""","=""""","=""                                                      ""","="""""
"=""4s2.4p.14d""","=""(3/2,5/2)*""","=""3""","=""""","=""8.03860""","=""""","=""""","=""0.00067""","=""""","=""                                                      ""","="""""
"=""4s2.4p.14d""","=""(3/2,5/2)*""","=""2""","=""""","=""8.0388""","=""""","=""""","=""0.0002""","=""""","=""                                                      ""","="""""
"=""4s2.4p.16s""","=""(3/2,1/2)*""","=""2""","=""""","=""8.039349""","=""""","=""""","=""0.0005""","=""""","=""                                                      ""","="""""
"=""4s2.4p.16s""","=""(3/2,1/2)*""","=""1""","=""""","=""8.03985""","=""""","=""""","=""0.00050""","=""""","=""                                                      ""","="""""
"=""4s2.4p.15d""","=""(3/2,3/2)*""","=""0""","=""""","=""8.045414""","=""""","=""""","=""0.00556""","=""""","=""                                                      ""","="""""
"=""4s2.4p.15d""","=""(3/2,3/2)*""","=""1""","=""""","=""8.0468""","=""""","=""""","=""0.0014""","=""""","=""                                                      ""","="""""
"=""4s2.4p.15d""","=""(3/2,3/2)*""","=""3""","=""""","=""8.048""","=""""","=""""","=""0.001""","=""""","=""                                                      ""","="""""
"=""4s2.4p.15d""","=""(3/2,5/2)*""","=""1""","=""""","=""8.049072""","=""""","=""""","=""0.001""","=""""","=""                                                      ""","="""""
"=""4s2.4p.15d""","=""(3/2,5/2)*""","=""2""","=""""","=""8.0493""","=""""","=""""","=""0.0002""","=""""","=""                                                      ""","="""""
"=""4s2.4p.15d""","=""(3/2,5/2)*""","=""3""","=""""","=""8.04956""","=""""","=""""","=""0.0003""","=""""","=""                                                      ""","="""""
"=""4s2.4p.17s""","=""(3/2,1/2)*""","=""2""","=""""","=""8.050186""","=""""","=""""","=""0.00063""","=""""","=""                                                      ""","="""""
"=""4s2.4p.17s""","=""(3/2,1/2)*""","=""1""","=""""","=""8.05058""","=""""","=""""","=""0.00039""","=""""","=""                                                      ""","="""""
"=""4s2.4p.16d""","=""(3/2,3/2)*""","=""0""","=""""","=""8.05507""","=""""","=""""","=""0.0045""","=""""","=""                                                      ""","="""""
"=""4s2.4p.16d""","=""(3/2,3/2)*""","=""1""","=""""","=""8.0559""","=""""","=""""","=""0.0008""","=""""","=""                                                      ""","="""""
"=""4s2.4p.16d""","=""(3/2,3/2)*""","=""3""","=""""","=""8.056""","=""""","=""""","=""0.000""","=""""","=""                                                      ""","="""""
"=""4s2.4p.16d""","=""(3/2,5/2)*""","=""1""","=""""","=""8.058024""","=""""","=""""","=""0.002""","=""""","=""                                                      ""","="""""
"=""4s2.4p.16d""","=""(3/2,5/2)*""","=""2""","=""""","=""8.0582""","=""""","=""""","=""0.0002""","=""""","=""                                                      ""","="""""
"=""4s2.4p.16d""","=""(3/2,5/2)*""","=""3""","=""""","=""8.05843""","=""""","=""""","=""0.0002""","=""""","=""                                                      ""","="""""
"=""4s2.4p.18s""","=""(3/2,1/2)*""","=""2""","=""""","=""8.058931""","=""""","=""""","=""0.00050""","=""""","=""                                                      ""","="""""
"=""4s2.4p.18s""","=""(3/2,1/2)*""","=""1""","=""""","=""8.05927""","=""""","=""""","=""0.00034""","=""""","=""                                                      ""","="""""
"=""4s2.4p.17d""","=""(3/2,3/2)*""","=""0""","=""""","=""8.062898""","=""""","=""""","=""0.00363""","=""""","=""                                                      ""","="""""
"=""4s2.4p.17d""","=""(3/2,3/2)*""","=""1""","=""""","=""8.0634""","=""""","=""""","=""0.0005""","=""""","=""                                                      ""","="""""
"=""4s2.4p.17d""","=""(3/2,3/2)*""","=""3""","=""""","=""8.0646""","=""""","=""""","=""0.001""","=""""","=""                                                      ""","="""""
"=""4s2.4p.17d""","=""(3/2,5/2)*""","=""1""","=""""","=""8.065370""","=""""","=""""","=""0.0008""","=""""","=""                                                      ""","="""""
"=""4s2.4p.17d""","=""(3/2,5/2)*""","=""2""","=""""","=""8.0654""","=""""","=""""","=""0.0000""","=""""","=""                                                      ""","="""""
"=""4s2.4p.17d""","=""(3/2,5/2)*""","=""3""","=""""","=""8.06568""","=""""","=""""","=""0.0003""","=""""","=""                                                      ""","="""""
"=""4s2.4p.19s""","=""(3/2,1/2)*""","=""2""","=""""","=""8.066109""","=""""","=""""","=""0.00043""","=""""","=""                                                      ""","="""""
"=""4s2.4p.19s""","=""(3/2,1/2)*""","=""1""","=""""","=""8.06639""","=""""","=""""","=""0.00028""","=""""","=""                                                      ""","="""""
"=""4s2.4p.18d""","=""(3/2,3/2)*""","=""0""","=""""","=""8.069375""","=""""","=""""","=""0.00299""","=""""","=""                                                      ""","="""""
"=""4s2.4p.18d""","=""(3/2,3/2)*""","=""1""","=""""","=""8.0700""","=""""","=""""","=""0.0006""","=""""","=""                                                      ""","="""""
"=""4s2.4p.18d""","=""(3/2,3/2)*""","=""3""","=""""","=""8.0708""","=""""","=""""","=""0.001""","=""""","=""                                                      ""","="""""
"=""4s2.4p.18d""","=""(3/2,5/2)*""","=""1""","=""""","=""8.071441""","=""""","=""""","=""0.0006""","=""""","=""                                                      ""","="""""
"=""4s2.4p.18d""","=""(3/2,5/2)*""","=""2""","=""""","=""8.0716""","=""""","=""""","=""0.0002""","=""""","=""                                                      ""","="""""
"=""4s2.4p.18d""","=""(3/2,5/2)*""","=""3""","=""""","=""8.07171""","=""""","=""""","=""0.0001""","=""""","=""                                                      ""","="""""
"=""4s2.4p.20s""","=""(3/2,1/2)*""","=""2""","=""""","=""8.072058""","=""""","=""""","=""0.00035""","=""""","=""                                                      ""","="""""
"=""4s2.4p.20s""","=""(3/2,1/2)*""","=""1""","=""""","=""8.07229""","=""""","=""""","=""0.00023""","=""""","=""                                                      ""","="""""
"=""4s2.4p.19d""","=""(3/2,3/2)*""","=""1""","=""""","=""8.0753""","=""""","=""""","=""0.0030""","=""""","=""                                                      ""","="""""
"=""4s2.4p.19d""","=""(3/2,3/2)*""","=""3""","=""""","=""8.07608""","=""""","=""""","=""0.0008""","=""""","=""                                                      ""","="""""
"=""4s2.4p.19d""","=""(3/2,5/2)*""","=""1""","=""""","=""8.076544""","=""""","=""""","=""0.00046""","=""""","=""                                                      ""","="""""
"=""4s2.4p.19d""","=""(3/2,5/2)*""","=""2""","=""""","=""8.0766""","=""""","=""""","=""0.0001""","=""""","=""                                                      ""","="""""
"=""4s2.4p.19d""","=""(3/2,5/2)*""","=""3""","=""""","=""8.07673""","=""""","=""""","=""0.0001""","=""""","=""                                                      ""","="""""
"=""4s2.4p.21s""","=""(3/2,1/2)*""","=""2""","=""""","=""8.077054""","=""""","=""""","=""0.00032""","=""""","=""                                                      ""","="""""
"=""4s2.4p.21s""","=""(3/2,1/2)*""","=""1""","=""""","=""8.07725""","=""""","=""""","=""0.00020""","=""""","=""                                                      ""","="""""
"=""4s2.4p.20d""","=""(3/2,3/2)*""","=""0""","=""""","=""8.079365""","=""""","=""""","=""0.00211""","=""""","=""                                                      ""","="""""
"=""4s2.4p.20d""","=""(3/2,3/2)*""","=""1""","=""""","=""8.0797""","=""""","=""""","=""0.0003""","=""""","=""                                                      ""","="""""
"=""4s2.4p.20d""","=""(3/2,3/2)*""","=""3""","=""""","=""8.0804""","=""""","=""""","=""0.001""","=""""","=""                                                      ""","="""""
"=""4s2.4p.20d""","=""(3/2,5/2)*""","=""1""","=""""","=""8.080834""","=""""","=""""","=""0.0004""","=""""","=""                                                      ""","="""""
"=""4s2.4p.20d""","=""(3/2,5/2)*""","=""2""","=""""","=""8.0809""","=""""","=""""","=""0.0001""","=""""","=""                                                      ""","="""""
"=""4s2.4p.20d""","=""(3/2,5/2)*""","=""3""","=""""","=""8.081007""","=""""","=""""","=""0.0001""","=""""","=""                                                      ""","="""""
"=""4s2.4p.22s""","=""(3/2,1/2)*""","=""2""","=""""","=""8.081289""","=""""","=""""","=""0.00028""","=""""","=""                                                      ""","="""""
"=""4s2.4p.22s""","=""(3/2,1/2)*""","=""1""","=""""","=""8.081451""","=""""","=""""","=""0.00016""","=""""","=""                                                      ""","="""""
"=""4s2.4p.21d""","=""(3/2,3/2)*""","=""0""","=""""","=""8.08315""","=""""","=""""","=""0.00170""","=""""","=""                                                      ""","="""""
"=""4s2.4p.21d""","=""(3/2,3/2)*""","=""1""","=""""","=""8.0836""","=""""","=""""","=""0.0005""","=""""","=""                                                      ""","="""""
"=""4s2.4p.21d""","=""(3/2,3/2)*""","=""3""","=""""","=""8.0841""","=""""","=""""","=""0.000""","=""""","=""                                                      ""","="""""
"=""4s2.4p.21d""","=""(3/2,5/2)*""","=""1""","=""""","=""8.084530""","=""""","=""""","=""0.0004""","=""""","=""                                                      ""","="""""
"=""4s2.4p.21d""","=""(3/2,5/2)*""","=""2""","=""""","=""8.0846""","=""""","=""""","=""0.0001""","=""""","=""                                                      ""","="""""
"=""4s2.4p.21d""","=""(3/2,5/2)*""","=""3""","=""""","=""8.08466""","=""""","=""""","=""0.0001""","=""""","=""                                                      ""","="""""
"=""4s2.4p.23s""","=""(3/2,1/2)*""","=""2""","=""""","=""8.084903""","=""""","=""""","=""0.00024""","=""""","=""                                                      ""","="""""
"=""4s2.4p.23s""","=""(3/2,1/2)*""","=""1""","=""""","=""8.08503""","=""""","=""""","=""0.00013""","=""""","=""                                                      ""","="""""
"=""4s2.4p.22d""","=""(3/2,3/2)*""","=""0""","=""""","=""8.086579""","=""""","=""""","=""0.00155""","=""""","=""                                                      ""","="""""
"=""4s2.4p.22d""","=""(3/2,3/2)*""","=""1""","=""""","=""8.0869""","=""""","=""""","=""0.0003""","=""""","=""                                                      ""","="""""
"=""4s2.4p.22d""","=""(3/2,3/2)*""","=""3""","=""""","=""8.0874""","=""""","=""""","=""0.001""","=""""","=""                                                      ""","="""""
"=""4s2.4p.22d""","=""(3/2,5/2)*""","=""1""","=""""","=""8.087706""","=""""","=""""","=""0.0003""","=""""","=""                                                      ""","="""""
"=""4s2.4p.22d""","=""(3/2,5/2)*""","=""2""","=""""","=""8.0877""","=""""","=""""","=""-0.0000""","=""""","=""                                                      ""","="""""
"=""4s2.4p.22d""","=""(3/2,5/2)*""","=""3""","=""""","=""8.08780""","=""""","=""""","=""0.0001""","=""""","=""                                                      ""","="""""
"=""4s2.4p.24s""","=""(3/2,1/2)*""","=""2""","=""""","=""8.088012""","=""""","=""""","=""0.00021""","=""""","=""                                                      ""","="""""
"=""4s2.4p.24s""","=""(3/2,1/2)*""","=""1""","=""""","=""8.088124""","=""""","=""""","=""0.00011""","=""""","=""                                                      ""","="""""
"=""4s2.4p.23d""","=""(3/2,3/2)*""","=""1""","=""""","=""8.0898""","=""""","=""""","=""0.0017""","=""""","=""                                                      ""","="""""
"=""4s2.4p.23d""","=""(3/2,3/2)*""","=""3""","=""""","=""8.09012""","=""""","=""""","=""0.0003""","=""""","=""                                                      ""","="""""
"=""4s2.4p.23d""","=""(3/2,5/2)*""","=""1""","=""""","=""8.090440""","=""""","=""""","=""0.00032""","=""""","=""                                                      ""","="""""
"=""4s2.4p.23d""","=""(3/2,5/2)*""","=""2""","=""""","=""8.0905""","=""""","=""""","=""0.0001""","=""""","=""                                                      ""","="""""
"=""4s2.4p.23d""","=""(3/2,5/2)*""","=""3""","=""""","=""8.09053""","=""""","=""""","=""0.0000""","=""""","=""                                                      ""","="""""
"=""4s2.4p.25s""","=""(3/2,1/2)*""","=""2""","=""""","=""8.090724""","=""""","=""""","=""0.00019""","=""""","=""                                                      ""","="""""
"=""4s2.4p.25s""","=""(3/2,1/2)*""","=""1""","=""""","=""8.09082""","=""""","=""""","=""0.00010""","=""""","=""                                                      ""","="""""
"=""4s2.4p.24d""","=""(3/2,3/2)*""","=""0""","=""""","=""8.091999""","=""""","=""""","=""0.00118""","=""""","=""                                                      ""","="""""
"=""4s2.4p.24d""","=""(3/2,3/2)*""","=""1""","=""""","=""8.09230""","=""""","=""""","=""0.00030""","=""""","=""                                                      ""","="""""
"=""4s2.4p.24d""","=""(3/2,3/2)*""","=""3""","=""""","=""8.09251""","=""""","=""""","=""0.0002""","=""""","=""                                                      ""","="""""
"=""4s2.4p.24d""","=""(3/2,5/2)*""","=""1""","=""""","=""8.092843""","=""""","=""""","=""0.00033""","=""""","=""                                                      ""","="""""
"=""4s2.4p.24d""","=""(3/2,5/2)*""","=""3""","=""""","=""8.092936""","=""""","=""""","=""0.00009""","=""""","=""                                                      ""","="""""
"=""4s2.4p.26s""","=""(3/2,1/2)*""","=""2""","=""""","=""8.09307""","=""""","=""""","=""0.00013""","=""""","=""                                                      ""","="""""
"=""4s2.4p.26s""","=""(3/2,1/2)*""","=""1""","=""""","=""8.093167""","=""""","=""""","=""0.00010""","=""""","=""                                                      ""","="""""
"=""4s2.4p.25d""","=""(3/2,3/2)*""","=""1""","=""""","=""8.0944""","=""""","=""""","=""0.0012""","=""""","=""                                                      ""","="""""
"=""4s2.4p.25d""","=""(3/2,3/2)*""","=""3""","=""""","=""8.094679""","=""""","=""""","=""0.0003""","=""""","=""                                                      ""","="""""
"=""4s2.4p.25d""","=""(3/2,5/2)*""","=""1""","=""""","=""8.094947""","=""""","=""""","=""0.00027""","=""""","=""                                                      ""","="""""
"=""4s2.4p.25d""","=""(3/2,5/2)*""","=""3""","=""""","=""8.09499""","=""""","=""""","=""0.00004""","=""""","=""                                                      ""","="""""
"=""4s2.4p.27s""","=""(3/2,1/2)*""","=""1""","=""""","=""8.09520""","=""""","=""""","=""0.0002""","=""""","=""                                                      ""","="""""
"=""4s2.4p.26d""","=""(3/2,3/2)*""","=""1""","=""""","=""8.09629""","=""""","=""""","=""0.0011""","=""""","=""                                                      ""","="""""
"=""4s2.4p.26d""","=""(3/2,3/2)*""","=""3""","=""""","=""8.096561""","=""""","=""""","=""0.00027""","=""""","=""                                                      ""","="""""
"=""4s2.4p.26d""","=""(3/2,5/2)*""","=""1""","=""""","=""8.096798""","=""""","=""""","=""0.00024""","=""""","=""                                                      ""","="""""
"=""4s2.4p.26d""","=""(3/2,5/2)*""","=""3""","=""""","=""8.096841""","=""""","=""""","=""0.00004""","=""""","=""                                                      ""","="""""
"=""4s2.4p.28s""","=""(3/2,1/2)*""","=""1""","=""""","=""8.09704""","=""""","=""""","=""0.00020""","=""""","=""                                                      ""","="""""
"=""4s2.4p.27d""","=""(3/2,3/2)*""","=""1""","=""""","=""8.0980""","=""""","=""""","=""0.0010""","=""""","=""                                                      ""","="""""
"=""4s2.4p.27d""","=""(3/2,3/2)*""","=""3""","=""""","=""8.098215""","=""""","=""""","=""0.0002""","=""""","=""                                                      ""","="""""
"=""4s2.4p.27d""","=""(3/2,5/2)*""","=""1""","=""""","=""8.098442""","=""""","=""""","=""0.00023""","=""""","=""                                                      ""","="""""
"=""4s2.4p.27d""","=""(3/2,5/2)*""","=""3""","=""""","=""8.09847""","=""""","=""""","=""0.00003""","=""""","=""                                                      ""","="""""
"=""4s2.4p.29s""","=""(3/2,1/2)*""","=""1""","=""""","=""8.09860""","=""""","=""""","=""0.0001""","=""""","=""                                                      ""","="""""
"=""4s2.4p.28d""","=""(3/2,3/2)*""","=""1""","=""""","=""8.0995""","=""""","=""""","=""0.0009""","=""""","=""                                                      ""","="""""
"=""4s2.4p.28d""","=""(3/2,3/2)*""","=""3""","=""""","=""8.099719""","=""""","=""""","=""0.0002""","=""""","=""                                                      ""","="""""
"=""4s2.4p.28d""","=""(3/2,5/2)*""","=""1""","=""""","=""8.099909""","=""""","=""""","=""0.00019""","=""""","=""                                                      ""","="""""
"=""4s2.4p.28d""","=""(3/2,5/2)*""","=""3""","=""""","=""8.09992""","=""""","=""""","=""0.00001""","=""""","=""                                                      ""","="""""
"=""4s2.4p.30s""","=""(3/2,1/2)*""","=""1""","=""""","=""8.10009""","=""""","=""""","=""0.0002""","=""""","=""                                                      ""","="""""
"=""4s2.4p.29d""","=""(3/2,3/2)*""","=""1""","=""""","=""8.100849""","=""""","=""""","=""0.00076""","=""""","=""                                                      ""","="""""
"=""4s2.4p.29d""","=""(3/2,3/2)*""","=""3""","=""""","=""8.101054""","=""""","=""""","=""0.00020""","=""""","=""                                                      ""","="""""
"=""4s2.4p.29d""","=""(3/2,5/2)*""","=""1""","=""""","=""8.101224""","=""""","=""""","=""0.00017""","=""""","=""                                                      ""","="""""
"=""4s2.4p.29d""","=""(3/2,5/2)*""","=""3""","=""""","=""8.10126""","=""""","=""""","=""0.00004""","=""""","=""                                                      ""","="""""
"=""4s2.4p.31s""","=""(3/2,1/2)*""","=""1""","=""""","=""8.10138""","=""""","=""""","=""0.0001""","=""""","=""                                                      ""","="""""
"=""4s2.4p.30d""","=""(3/2,5/2)*""","=""1""","=""""","=""8.102401""","=""""","=""""","=""0.00102""","=""""","=""                                                      ""","="""""
"=""4s2.4p.30d""","=""(3/2,5/2)*""","=""3""","=""""","=""8.10243""","=""""","=""""","=""0.00003""","=""""","=""                                                      ""","="""""
"=""4s2.4p.32s""","=""(3/2,1/2)*""","=""1""","=""""","=""8.10253""","=""""","=""""","=""0.0001""","=""""","=""                                                      ""","="""""
"=""4s2.4p.31d""","=""(3/2,3/2)*""","=""1""","=""""","=""8.103173""","=""""","=""""","=""0.00064""","=""""","=""                                                      ""","="""""
"=""4s2.4p.31d""","=""(3/2,3/2)*""","=""3""","=""""","=""8.103316""","=""""","=""""","=""0.00014""","=""""","=""                                                      ""","="""""
"=""4s2.4p.31d""","=""(3/2,5/2)*""","=""3""","=""""","=""8.10346""","=""""","=""""","=""0.00014""","=""""","=""                                                      ""","="""""
"=""4s2.4p.31d""","=""(3/2,5/2)*""","=""1""","=""""","=""8.103475""","=""""","=""""","=""0.00001""","=""""","=""                                                      ""","="""""
"=""4s2.4p.33s""","=""(3/2,1/2)*""","=""1""","=""""","=""8.10359""","=""""","=""""","=""0.00012""","=""""","=""                                                      ""","="""""
"=""4s2.4p.32d""","=""(3/2,3/2)*""","=""1""","=""""","=""8.104150""","=""""","=""""","=""0.00056""","=""""","=""                                                      ""","="""""
"=""4s2.4p.32d""","=""(3/2,3/2)*""","=""3""","=""""","=""8.104287""","=""""","=""""","=""0.00014""","=""""","=""                                                      ""","="""""
"=""4s2.4p.32d""","=""(3/2,5/2)*""","=""1""","=""""","=""8.104437""","=""""","=""""","=""0.00015""","=""""","=""                                                      ""","="""""
"=""4s2.4p.32d""","=""(3/2,5/2)*""","=""3""","=""""","=""8.10444""","=""""","=""""","=""0.00000""","=""""","=""                                                      ""","="""""
"=""4s2.4p.33d""","=""(3/2,3/2)*""","=""1""","=""""","=""8.105063""","=""""","=""""","=""0.00062""","=""""","=""                                                      ""","="""""
"=""4s2.4p.33d""","=""(3/2,3/2)*""","=""3""","=""""","=""8.105162""","=""""","=""""","=""0.00010""","=""""","=""                                                      ""","="""""
"=""4s2.4p.33d""","=""(3/2,5/2)*""","=""1""","=""""","=""8.105301""","=""""","=""""","=""0.00014""","=""""","=""                                                      ""","="""""
"=""4s2.4p.33d""","=""(3/2,5/2)*""","=""3""","=""""","=""8.10532""","=""""","=""""","=""0.00002""","=""""","=""                                                      ""","="""""
"=""4s2.4p.34d""","=""(3/2,3/2)*""","=""1""","=""""","=""8.105889""","=""""","=""""","=""0.00057""","=""""","=""                                                      ""","="""""
"=""4s2.4p.34d""","=""(3/2,3/2)*""","=""3""","=""""","=""8.105952""","=""""","=""""","=""0.00006""","=""""","=""                                                      ""","="""""
"=""4s2.4p.34d""","=""(3/2,5/2)*""","=""1""","=""""","=""8.106099""","=""""","=""""","=""0.00015""","=""""","=""                                                      ""","="""""
"=""4s2.4p.34d""","=""(3/2,5/2)*""","=""3""","=""""","=""8.10610""","=""""","=""""","=""0.00000""","=""""","=""                                                      ""","="""""
"=""4s2.4p.35d""","=""(3/2,3/2)*""","=""1""","=""""","=""8.106599""","=""""","=""""","=""0.00050""","=""""","=""                                                      ""","="""""
"=""4s2.4p.35d""","=""(3/2,3/2)*""","=""3""","=""""","=""8.106699""","=""""","=""""","=""0.00010""","=""""","=""                                                      ""","="""""
"=""4s2.4p.35d""","=""(3/2,5/2)*""","=""1""","=""""","=""8.106822""","=""""","=""""","=""0.00012""","=""""","=""                                                      ""","="""""
"=""4s2.4p.35d""","=""(3/2,5/2)*""","=""3""","=""""","=""8.10684""","=""""","=""""","=""0.00002""","=""""","=""                                                      ""","="""""
"=""4s2.4p.36d""","=""(3/2,3/2)*""","=""1""","=""""","=""8.107287""","=""""","=""""","=""0.00045""","=""""","=""                                                      ""","="""""
"=""4s2.4p.36d""","=""(3/2,3/2)*""","=""3""","=""""","=""8.107356""","=""""","=""""","=""0.00007""","=""""","=""                                                      ""","="""""
"=""4s2.4p.36d""","=""(3/2,5/2)*""","=""3""","=""""","=""8.10748""","=""""","=""""","=""0.00012""","=""""","=""                                                      ""","="""""
"=""4s2.4p.36d""","=""(3/2,5/2)*""","=""1""","=""""","=""8.107489""","=""""","=""""","=""0.00001""","=""""","=""                                                      ""","="""""
"=""4s2.4p.37d""","=""(3/2,3/2)*""","=""1""","=""""","=""8.107900""","=""""","=""""","=""0.00041""","=""""","=""                                                      ""","="""""
"=""4s2.4p.37d""","=""(3/2,5/2)*""","=""3""","=""""","=""8.1081""","=""""","=""""","=""0.0002""","=""""","=""                                                      ""","="""""
"=""4s2.4p.37d""","=""(3/2,5/2)*""","=""1""","=""""","=""8.108088""","=""""","=""""","=""-0.0000""","=""""","=""                                                      ""","="""""
"=""4s2.4p.38d""","=""(3/2,3/2)*""","=""1""","=""""","=""8.108554""","=""""","=""""","=""0.00047""","=""""","=""                                                      ""","="""""
"=""4s2.4p.38d""","=""(3/2,5/2)*""","=""3""","=""""","=""8.10864""","=""""","=""""","=""0.00009""","=""""","=""                                                      ""","="""""
"=""4s2.4p.38d""","=""(3/2,5/2)*""","=""1""","=""""","=""8.108650""","=""""","=""""","=""0.00001""","=""""","=""                                                      ""","="""""
"=""4s2.4p.39d""","=""(3/2,3/2)*""","=""1""","=""""","=""8.10900""","=""""","=""""","=""0.00035""","=""""","=""                                                      ""","="""""
"=""4s2.4p.39d""","=""(3/2,5/2)*""","=""1""","=""""","=""8.109159""","=""""","=""""","=""0.00016""","=""""","=""                                                      ""","="""""
"=""4s2.4p.39d""","=""(3/2,5/2)*""","=""3""","=""""","=""8.10916""","=""""","=""""","=""0.00000""","=""""","=""                                                      ""","="""""
"=""4s2.4p.40d""","=""(3/2,3/2)*""","=""1""","=""""","=""8.10947""","=""""","=""""","=""0.0003""","=""""","=""                                                      ""","="""""
"=""4s2.4p.40d""","=""(3/2,5/2)*""","=""1""","=""""","=""8.109632""","=""""","=""""","=""0.00016""","=""""","=""                                                      ""","="""""
"=""4s2.4p.40d""","=""(3/2,5/2)*""","=""3""","=""""","=""8.10963""","=""""","=""""","=""-0.00000""","=""""","=""                                                      ""","="""""
"=""4s2.4p.41d""","=""(3/2,3/2)*""","=""1""","=""""","=""8.10993""","=""""","=""""","=""0.0003""","=""""","=""                                                      ""","="""""
"=""4s2.4p.41d""","=""(3/2,5/2)*""","=""1""","=""""","=""8.110063""","=""""","=""""","=""0.00013""","=""""","=""                                                      ""","="""""
"=""4s2.4p.41d""","=""(3/2,5/2)*""","=""3""","=""""","=""8.11008""","=""""","=""""","=""0.00002""","=""""","=""                                                      ""","="""""
"=""4s2.4p.42d""","=""(3/2,5/2)*""","=""1""","=""""","=""8.110473""","=""""","=""""","=""0.00039""","=""""","=""                                                      ""","="""""
"=""4s2.4p.42d""","=""(3/2,5/2)*""","=""3""","=""""","=""8.11049""","=""""","=""""","=""0.00002""","=""""","=""                                                      ""","="""""
"=""4s2.4p.43d""","=""(3/2,5/2)*""","=""3""","=""""","=""8.11086""","=""""","=""""","=""0.0004""","=""""","=""                                                      ""","="""""
"=""4s2.4p.43d""","=""(3/2,5/2)*""","=""1""","=""""","=""8.110871""","=""""","=""""","=""0.00001""","=""""","=""                                                      ""","="""""
"=""4s2.4p.44d""","=""(3/2,5/2)*""","=""1""","=""""","=""8.111210""","=""""","=""""","=""0.00034""","=""""","=""                                                      ""","="""""
"=""4s2.4p.44d""","=""(3/2,5/2)*""","=""3""","=""""","=""8.11122""","=""""","=""""","=""0.00001""","=""""","=""                                                      ""","="""""
"=""4s2.4p.45d""","=""(3/2,5/2)*""","=""1""","=""""","=""8.111543""","=""""","=""""","=""0.00032""","=""""","=""                                                      ""","="""""
"=""4s2.4p.45d""","=""(3/2,5/2)*""","=""3""","=""""","=""8.11157""","=""""","=""""","=""0.00003""","=""""","=""                                                      ""","="""""
"=""4s2.4p.46d""","=""(3/2,5/2)*""","=""1""","=""""","=""8.111851""","=""""","=""""","=""0.00028""","=""""","=""                                                      ""","="""""
"=""4s2.4p.46d""","=""(3/2,5/2)*""","=""3""","=""""","=""8.11185""","=""""","=""""","=""-0.00000""","=""""","=""                                                      ""","="""""
"=""4s2.4p.47d""","=""(3/2,5/2)*""","=""1""","=""""","=""8.112145""","=""""","=""""","=""0.00029""","=""""","=""                                                      ""","="""""
"=""4s2.4p.47d""","=""(3/2,5/2)*""","=""3""","=""""","=""8.11215""","=""""","=""""","=""0.00000""","=""""","=""                                                      ""","="""""
"=""4s2.4p.48d""","=""(3/2,5/2)*""","=""1""","=""""","=""8.112419""","=""""","=""""","=""0.00027""","=""""","=""                                                      ""","="""""
"=""4s2.4p.48d""","=""(3/2,5/2)*""","=""3""","=""""","=""8.11242""","=""""","=""""","=""0.00000""","=""""","=""                                                      ""","="""""
"=""4s2.4p.49d""","=""(3/2,5/2)*""","=""1""","=""""","=""8.112661""","=""""","=""""","=""0.00024""","=""""","=""                                                      ""","="""""
"=""4s2.4p.49d""","=""(3/2,5/2)*""","=""3""","=""""","=""8.11267""","=""""","=""""","=""0.00001""","=""""","=""                                                      ""","="""""
"=""4s2.4p.50d""","=""(3/2,5/2)*""","=""3""","=""""","=""8.11292""","=""""","=""""","=""0.0003""","=""""","=""                                                      ""","="""""
"=""4s2.4p.50d""","=""(3/2,5/2)*""","=""1""","=""""","=""8.112925""","=""""","=""""","=""0.00000""","=""""","=""                                                      ""","="""""
"=""4s2.4p.51d""","=""(3/2,5/2)*""","=""1""","=""""","=""8.113132""","=""""","=""""","=""0.00021""","=""""","=""                                                      ""","="""""
"=""4s2.4p.51d""","=""(3/2,5/2)*""","=""3""","=""""","=""8.11314""","=""""","=""""","=""0.00001""","=""""","=""                                                      ""","="""""
"=""4s2.4p.52d""","=""(3/2,5/2)*""","=""1""","=""""","=""8.113341""","=""""","=""""","=""0.00020""","=""""","=""                                                      ""","="""""
"=""4s2.4p.52d""","=""(3/2,5/2)*""","=""3""","=""""","=""8.11335""","=""""","=""""","=""0.00001""","=""""","=""                                                      ""","="""""
"=""4s2.4p.53d""","=""(3/2,5/2)*""","=""1""","=""""","=""8.113542""","=""""","=""""","=""0.00019""","=""""","=""                                                      ""","="""""
"=""4s2.4p.53d""","=""(3/2,5/2)*""","=""3""","=""""","=""8.113556""","=""""","=""""","=""0.00001""","=""""","=""                                                      ""","="""""
"=""4s2.4p.54d""","=""(3/2,5/2)*""","=""1""","=""""","=""8.113727""","=""""","=""""","=""0.00017""","=""""","=""                                                      ""","="""""
"=""4s2.4p.54d""","=""(3/2,5/2)*""","=""3""","=""""","=""8.113748""","=""""","=""""","=""0.00002""","=""""","=""                                                      ""","="""""
"=""4s2.4p.55d""","=""(3/2,5/2)*""","=""1""","=""""","=""8.11391""","=""""","=""""","=""0.00016""","=""""","=""                                                      ""","="""""
"=""4s2.4p.56d""","=""(3/2,5/2)*""","=""1""","=""""","=""8.114074""","=""""","=""""","=""0.00016""","=""""","=""                                                      ""","="""""
"=""4s2.4p.57d""","=""(3/2,5/2)*""","=""1""","=""""","=""8.114231""","=""""","=""""","=""0.00016""","=""""","=""                                                      ""","="""""
"=""4s2.4p.57d""","=""(3/2,5/2)*""","=""3""","=""""","=""8.114251""","=""""","=""""","=""0.00002""","=""""","=""                                                      ""","="""""
"=""4s2.4p.58d""","=""(3/2,5/2)*""","=""1""","=""""","=""8.114385""","=""""","=""""","=""0.00013""","=""""","=""                                                      ""","="""""
"=""4s2.4p.58d""","=""(3/2,5/2)*""","=""3""","=""""","=""8.114393""","=""""","=""""","=""0.00001""","=""""","=""                                                      ""","="""""
"=""4s2.4p.59d""","=""(3/2,5/2)*""","=""1""","=""""","=""8.114533""","=""""","=""""","=""0.00014""","=""""","=""                                                      ""","="""""
"=""4s2.4p.59d""","=""(3/2,5/2)*""","=""3""","=""""","=""8.114541""","=""""","=""""","=""0.00001""","=""""","=""                                                      ""","="""""
"=""4s2.4p.60d""","=""(3/2,5/2)*""","=""1""","=""""","=""8.114662""","=""""","=""""","=""0.00012""","=""""","=""                                                      ""","="""""
"=""4s2.4p.60d""","=""(3/2,5/2)*""","=""3""","=""""","=""8.114662""","=""""","=""""","=""0.00000""","=""""","=""                                                      ""","="""""
"=""4s2.4p.61d""","=""(3/2,5/2)*""","=""1""","=""""","=""8.114802""","=""""","=""""","=""0.00014""","=""""","=""                                                      ""","="""""
"=""4s2.4p.61d""","=""(3/2,5/2)*""","=""3""","=""""","=""8.114802""","=""""","=""""","=""0.00000""","=""""","=""                                                      ""","="""""
"=""4s2.4p.62d""","=""(3/2,5/2)*""","=""1""","=""""","=""8.114905""","=""""","=""""","=""0.00010""","=""""","=""                                                      ""","="""""
"=""4s2.4p.62d""","=""(3/2,5/2)*""","=""3""","=""""","=""8.114924""","=""""","=""""","=""0.00002""","=""""","=""                                                      ""","="""""
"=""4s2.4p.63d""","=""(3/2,5/2)*""","=""1""","=""""","=""8.115034""","=""""","=""""","=""0.00011""","=""""","=""                                                      ""","="""""
"=""4s2.4p.63d""","=""(3/2,5/2)*""","=""3""","=""""","=""8.115048""","=""""","=""""","=""0.00001""","=""""","=""                                                      ""","="""""
"=""4s2.4p.64d""","=""(3/2,5/2)*""","=""1""","=""""","=""8.115140""","=""""","=""""","=""0.00009""","=""""","=""                                                      ""","="""""
"=""Ge II (4p 2P*<3/2>)""","=""Limit""","=""---""","=""""","=""8.118560""","=""""","=""""","=""""","=""""","=""                                                      ""","="""""
