Configuration,Term,J,Prefix,Level (eV),Suffix,Uncertainty (eV),Splitting,Reference
"=""1s2""","=""1S""","=""0""","=""[""","=""0.00000000""","=""]""","=""0.00000015""","=""""","=""L22715"""
"=""1s.2s""","=""3S""","=""1""","=""[""","=""19.819614525""","=""]""","=""0.000000005""","=""19.8196145""","=""L22715c200,L20736"""
"=""1s.2s""","=""1S""","=""0""","=""[""","=""20.615774823""","=""]""","=""0.000000008""","=""0.796160298""","=""L22715c200,L20736"""
"=""1s.2p""","=""3P*""","=""2""","=""[""","=""20.96408688908""","=""]""","=""0.000000003""","=""0.3483120661""","=""L22715c200,L20736"""
"=""1s.2p""","=""3P*""","=""1""","=""[""","=""20.96409636464""","=""]""","=""0.000000003""","=""0.0000094756""","=""L22715c200,L20736"""
"=""1s.2p""","=""3P*""","=""0""","=""[""","=""20.96421885051""","=""]""","=""0.000000003""","=""0.0001224859""","=""L22715c200,L20736"""
"=""1s.2p""","=""1P*""","=""1""","=""[""","=""21.2180227112""","=""]""","=""0.0000000016""","=""0.2538038607""","=""L22715c200,L20736"""
"=""1s.3s""","=""3S""","=""1""","=""[""","=""22.718466419""","=""]""","=""0.000000008""","=""1.500443708""","=""L22715c200"""
"=""1s.3s""","=""1S""","=""0""","=""[""","=""22.920317359""","=""]""","=""0.000000004""","=""0.201850940""","=""L22715c200"""
"=""1s.3p""","=""3P*""","=""2""","=""[""","=""23.00707314571""","=""]""","=""0.00000000004""","=""0.086755787""","=""L22715c200"""
"=""1s.3p""","=""3P*""","=""1""","=""[""","=""23.0070758719""","=""]""","=""0.0000000004""","=""0.0000027262""","=""L22715c200"""
"=""1s.3p""","=""3P*""","=""0""","=""[""","=""23.0071094335""","=""]""","=""0.0000000004""","=""0.0000335616""","=""L22715c200"""
"=""1s.3d""","=""3D""","=""3""","=""[""","=""23.07365070854""","=""]""","=""0.00000000010""","=""0.0665412750""","=""L22715c200,L21466"""
"=""1s.3d""","=""3D""","=""2""","=""[""","=""23.07365101981""","=""]""","=""0.00000000010""","=""0.0000003113""","=""L22715c200,L21466"""
"=""1s.3d""","=""3D""","=""1""","=""[""","=""23.07365649967""","=""]""","=""0.00000000010""","=""0.0000054799""","=""L22715c200,L21466"""
"=""1s.3d""","=""1D""","=""2""","=""[""","=""23.07407479777""","=""]""","=""0.00000000008""","=""0.0004182981""","=""L22715c200,L21466"""
"=""1s.3p""","=""1P*""","=""1""","=""[""","=""23.08701852960""","=""]""","=""0.00000000021""","=""0.0129437318""","=""L22715c200"""
"=""1s.4s""","=""3S""","=""1""","=""[""","=""23.593958713""","=""]""","=""0.000000003""","=""0.506940183""","=""L22715c200"""
"=""1s.4s""","=""1S""","=""0""","=""[""","=""23.673570590""","=""]""","=""0.000000003""","=""0.079611877""","=""L22715c200"""
"=""1s.4p""","=""3P*""","=""2""","=""[""","=""23.7078912279""","=""]""","=""0.0000000008""","=""0.034320638""","=""L22715c200"""
"=""1s.4p""","=""3P*""","=""1""","=""[""","=""23.7078923433""","=""]""","=""0.0000000008""","=""0.000001115""","=""L22715c200"""
"=""1s.4p""","=""3P*""","=""0""","=""[""","=""23.7079060221""","=""]""","=""0.0000000008""","=""0.000013679""","=""L22715c200"""
"=""1s.4d""","=""3D""","=""3""","=""[""","=""23.73609019010""","=""]""","=""0.00000000005""","=""0.0281841680""","=""L22715c200,L21466"""
"=""1s.4d""","=""3D""","=""2""","=""[""","=""23.73609033897""","=""]""","=""0.00000000005""","=""0.00000014887""","=""L22715c200,L21466"""
"=""1s.4d""","=""3D""","=""1""","=""[""","=""23.73609263507""","=""]""","=""0.00000000005""","=""0.00000229610""","=""L22715c200,L21466"""
"=""1s.4d""","=""1D""","=""2""","=""[""","=""23.73633503536""","=""]""","=""0.00000000004""","=""0.00024240029""","=""L22715c200,L21466"""
"=""1s.4f""","=""3F*""","=""3""","=""[""","=""23.737006806968""","=""]""","=""0.000000000008""","=""0.00067177161""","=""L22715c200"""
"=""1s.4f""","=""3F*""","=""4""","=""[""","=""23.737007692183""","=""]""","=""0.000000000006""","=""0.00000088521""","=""L22715c200"""
"=""1s.4f""","=""3F*""","=""2""","=""[""","=""23.737008760725""","=""]""","=""0.000000000008""","=""0.00000106854""","=""L22715c200"""
"=""1s.4f""","=""1F*""","=""3""","=""[""","=""23.737009722091""","=""]""","=""0.000000000006""","=""0.00000096137""","=""L22715c200"""
"=""1s.4p""","=""1P*""","=""1""","=""[""","=""23.74207006880""","=""]""","=""0.00000000016""","=""0.0050603467""","=""L22715c200"""
"=""1s.5s""","=""3S""","=""1""","=""[""","=""23.9719714182""","=""]""","=""0.0000000016""","=""0.229901349""","=""L22715c200"""
"=""1s.5s""","=""1S""","=""0""","=""[""","=""24.0112149898""","=""]""","=""0.0000000012""","=""0.039243572""","=""L22715c200"""
"=""1s.5p""","=""3P*""","=""2""","=""[""","=""24.0282250640""","=""]""","=""0.0000000005""","=""0.017010074""","=""L22715c200"""
"=""1s.5p""","=""3P*""","=""1""","=""[""","=""24.0282256244""","=""]""","=""0.0000000005""","=""0.0000005604""","=""L22715c200"""
"=""1s.5p""","=""3P*""","=""0""","=""[""","=""24.0282324989""","=""]""","=""0.0000000005""","=""0.0000068745""","=""L22715c200"""
"=""1s.5d""","=""3D""","=""3""","=""[""","=""24.042662242088""","=""]""","=""0.000000000025""","=""0.0144297432""","=""L22715c200,L21466"""
"=""1s.5d""","=""3D""","=""2""","=""[""","=""24.042662321526""","=""]""","=""0.000000000025""","=""0.00000007944""","=""L22715c200,L21466"""
"=""1s.5d""","=""3D""","=""1""","=""[""","=""24.042663494166""","=""]""","=""0.000000000025""","=""0.00000117264""","=""L22715c200,L21466"""
"=""1s.5d""","=""1D""","=""2""","=""[""","=""24.042803412125""","=""]""","=""0.000000000021""","=""0.00013991796""","=""L22715c200,L21466"""
"=""1s.5f""","=""3F*""","=""3""","=""[""","=""24.043154084167""","=""]""","=""0.000000000005""","=""0.00035067204""","=""L22715c200"""
"=""1s.5f""","=""3F*""","=""4""","=""[""","=""24.043154465835""","=""]""","=""0.000000000004""","=""0.000000381668""","=""L22715c200"""
"=""1s.5f""","=""3F*""","=""2""","=""[""","=""24.043155012649""","=""]""","=""0.000000000005""","=""0.000000546814""","=""L22715c200"""
"=""1s.5f""","=""1F*""","=""3""","=""[""","=""24.043155648442""","=""]""","=""0.000000000004""","=""0.000000635793""","=""L22715c200"""
"=""1s.5g""","=""3G""","=""4""","=""[""","=""24.0432156651818""","=""]""","=""0.0000000000012""","=""0.000060016740""","=""L22715c200"""
"=""1s.5g""","=""3G""","=""5""","=""[""","=""24.0432160086825""","=""]""","=""0.0000000000009""","=""0.000000343501""","=""L22715c200"""
"=""1s.5g""","=""3G""","=""3""","=""[""","=""24.0432163209841""","=""]""","=""0.0000000000012""","=""0.000000312302""","=""L22715c200"""
"=""1s.5g""","=""1G""","=""4""","=""[""","=""24.0432165311324""","=""]""","=""0.0000000000009""","=""0.000000210148""","=""L22715c200"""
"=""1s.5p""","=""1P*""","=""1""","=""[""","=""24.04580040653""","=""]""","=""0.00000000008""","=""0.00258387540""","=""L22715c200"""
"=""1s.6s""","=""3S""","=""1""","=""[""","=""24.1689982232""","=""]""","=""0.0000000008""","=""0.1231978167""","=""L22715c200"""
"=""1s.6s""","=""1S""","=""0""","=""[""","=""24.1911602752""","=""]""","=""0.0000000007""","=""0.022162052""","=""L22715c200"""
"=""1s.6p""","=""3P*""","=""2""","=""[""","=""24.20081545451""","=""]""","=""0.00000000025""","=""0.0096551793""","=""L22715c200"""
"=""1s.6p""","=""3P*""","=""1""","=""[""","=""24.20081577498""","=""]""","=""0.00000000025""","=""0.0000003205""","=""L22715c200"""
"=""1s.6p""","=""3P*""","=""0""","=""[""","=""24.20081970804""","=""]""","=""0.00000000025""","=""0.0000039331""","=""L22715c200"""
"=""1s.6d""","=""3D""","=""3""","=""[""","=""24.209163110443""","=""]""","=""0.000000000016""","=""0.0083434024""","=""L22715c200,L21466"""
"=""1s.6d""","=""3D""","=""2""","=""[""","=""24.209163157329""","=""]""","=""0.000000000016""","=""0.00000004689""","=""L22715c200,L21466"""
"=""1s.6d""","=""3D""","=""1""","=""[""","=""24.209163835045""","=""]""","=""0.000000000016""","=""0.00000067772""","=""L22715c200,L21466"""
"=""1s.6d""","=""1D""","=""2""","=""[""","=""24.209249793955""","=""]""","=""0.000000000012""","=""0.00008595891""","=""L22715c200,L21466"""
"=""1s.6f""","=""3F*""","=""3""","=""[""","=""24.209454827529""","=""]""","=""0.000000000003""","=""0.00020503357""","=""L22715c200"""
"=""1s.6f""","=""3F*""","=""4""","=""[""","=""24.2094550264796""","=""]""","=""0.0000000000021""","=""0.000000198951""","=""L22715c200"""
"=""1s.6f""","=""3F*""","=""2""","=""[""","=""24.209455342828""","=""]""","=""0.000000000003""","=""0.000000316348""","=""L22715c200"""
"=""1s.6f""","=""1F*""","=""3""","=""[""","=""24.2094557657828""","=""]""","=""0.0000000000021""","=""0.000000422955""","=""L22715c200"""
"=""1s.6g""","=""3G""","=""4""","=""[""","=""24.2094918821374""","=""]""","=""0.0000000000009""","=""0.000036116355""","=""L22715c200"""
"=""1s.6g""","=""3G""","=""5""","=""[""","=""24.2094920807421""","=""]""","=""0.0000000000006""","=""0.000000198605""","=""L22715c200"""
"=""1s.6g""","=""3G""","=""3""","=""[""","=""24.2094922614541""","=""]""","=""0.0000000000009""","=""0.000000180712""","=""L22715c200"""
"=""1s.6g""","=""1G""","=""4""","=""[""","=""24.2094923832773""","=""]""","=""0.0000000000006""","=""0.000000121823""","=""L22715c200"""
"=""1s.6h""","=""3H*""","=""5""","=""[""","=""24.2095005571382""","=""]""","=""0.0000000000004""","=""0.0000081738609""","=""L22715c200"""
"=""1s.6h""","=""3H*""","=""6""","=""[""","=""24.20950068659936""","=""]""","=""0.00000000000025""","=""0.0000001294612""","=""L22715c200"""
"=""1s.6h""","=""3H*""","=""4""","=""[""","=""24.2095008041069""","=""]""","=""0.0000000000004""","=""0.0000001175075""","=""L22715c200"""
"=""1s.6h""","=""1H*""","=""5""","=""[""","=""24.20950089178800""","=""]""","=""0.00000000000025""","=""0.0000000876811""","=""L22715c200"""
"=""1s.6p""","=""1P*""","=""1""","=""[""","=""24.21100267716""","=""]""","=""0.00000000005""","=""0.00150178537""","=""L22715c200"""
"=""1s.7s""","=""3S""","=""1""","=""[""","=""24.2845660369""","=""]""","=""0.0000000005""","=""0.0735633597""","=""L22715c200"""
"=""1s.7s""","=""1S""","=""0""","=""[""","=""24.2982859057""","=""]""","=""0.0000000005""","=""0.0137198688""","=""L22715c200"""
"=""1s.7p""","=""3P*""","=""2""","=""[""","=""24.30428920147""","=""]""","=""0.00000000016""","=""0.0060032958""","=""L22715c200"""
"=""1s.7p""","=""3P*""","=""1""","=""[""","=""24.30428940164""","=""]""","=""0.00000000016""","=""0.0000002002""","=""L22715c200"""
"=""1s.7p""","=""3P*""","=""0""","=""[""","=""24.30429185947""","=""]""","=""0.00000000016""","=""0.0000024578""","=""L22715c200"""
"=""1s.7d""","=""3D""","=""3""","=""[""","=""24.309540897300""","=""]""","=""0.000000000008""","=""0.0052490378""","=""L22715c200,L21466"""
"=""1s.7d""","=""3D""","=""2""","=""[""","=""24.309540927161""","=""]""","=""0.000000000008""","=""0.00000002986""","=""L22715c200,L21466"""
"=""1s.7d""","=""3D""","=""1""","=""[""","=""24.309541353601""","=""]""","=""0.000000000008""","=""0.00000042644""","=""L22715c200,L21466"""
"=""1s.7d""","=""1D""","=""2""","=""[""","=""24.309597381304""","=""]""","=""0.000000000008""","=""0.00005602770""","=""L22715c200,L21466"""
"=""1s.7f""","=""3F*""","=""3""","=""[""","=""24.3097272911601""","=""]""","=""0.0000000000021""","=""0.000129909856""","=""L22715c200"""
"=""1s.7f""","=""3F*""","=""4""","=""[""","=""24.3097274083893""","=""]""","=""0.0000000000016""","=""0.000000117229""","=""L22715c200"""
"=""1s.7f""","=""3F*""","=""2""","=""[""","=""24.3097276075680""","=""]""","=""0.0000000000021""","=""0.000000199179""","=""L22715c200"""
"=""1s.7f""","=""1F*""","=""3""","=""[""","=""24.3097278970701""","=""]""","=""0.0000000000016""","=""0.000000289502""","=""L22715c200"""
"=""1s.7g""","=""3G""","=""4""","=""[""","=""24.3097511655788""","=""]""","=""0.0000000000006""","=""0.000023268509""","=""L22715c200"""
"=""1s.7g""","=""3G""","=""5""","=""[""","=""24.3097512905603""","=""]""","=""0.0000000000004""","=""0.0000001249815""","=""L22715c200"""
"=""1s.7g""","=""3G""","=""3""","=""[""","=""24.3097514043543""","=""]""","=""0.0000000000006""","=""0.0000001137940""","=""L22715c200"""
"=""1s.7g""","=""1G""","=""4""","=""[""","=""24.3097514811699""","=""]""","=""0.0000000000004""","=""0.0000000768156""","=""L22715c200"""
"=""1s.7h""","=""3H*""","=""5""","=""[""","=""24.30975684089325""","=""]""","=""0.00000000000025""","=""0.0000053597233""","=""L22715c200"""
"=""1s.7h""","=""3H*""","=""6""","=""[""","=""24.30975692242005""","=""]""","=""0.00000000000025""","=""0.0000000815268""","=""L22715c200"""
"=""1s.7h""","=""3H*""","=""4""","=""[""","=""24.30975699641729""","=""]""","=""0.00000000000025""","=""0.0000000739972""","=""L22715c200"""
"=""1s.7h""","=""1H*""","=""5""","=""[""","=""24.30975705163464""","=""]""","=""0.00000000000025""","=""0.0000000552174""","=""L22715c200"""
"=""1s.7i""","=""3I""","=""6""","=""[""","=""24.30975862360302""","=""]""","=""0.00000000000025""","=""0.0000015719684""","=""L22715c200"""
"=""1s.7i""","=""3I""","=""7""","=""[""","=""24.30975868078527""","=""]""","=""0.00000000000025""","=""0.0000000571822""","=""L22715c200"""
"=""1s.7i""","=""3I""","=""5""","=""[""","=""24.30975873289013""","=""]""","=""0.00000000000025""","=""0.0000000521049""","=""L22715c200"""
"=""1s.7i""","=""1I""","=""6""","=""[""","=""24.30975877428610""","=""]""","=""0.00000000000025""","=""0.0000000413960""","=""L22715c200"""
"=""1s.7p""","=""1P*""","=""1""","=""[""","=""24.31070817873""","=""]""","=""0.00000000003""","=""0.00094940444""","=""L22715c200"""
"=""1s.8s""","=""3S""","=""1""","=""[""","=""24.3581041440""","=""]""","=""0.0000000003""","=""0.0473959653""","=""L22715c200"""
"=""1s.8s""","=""1S""","=""0""","=""[""","=""24.3671800778""","=""]""","=""0.0000000003""","=""0.0090759338""","=""L22715c200"""
"=""1s.8p""","=""3P*""","=""2""","=""[""","=""24.37116588077""","=""]""","=""0.00000000012""","=""0.0039858030""","=""L22715c200"""
"=""1s.8p""","=""3P*""","=""1""","=""[""","=""24.37116601407""","=""]""","=""0.00000000012""","=""0.0000001333""","=""L22715c200"""
"=""1s.8p""","=""3P*""","=""0""","=""[""","=""24.37116765163""","=""]""","=""0.00000000012""","=""0.0000016376""","=""L22715c200"""
"=""1s.8d""","=""3D""","=""3""","=""[""","=""24.374680880069""","=""]""","=""0.000000000008""","=""0.0035132284""","=""L22715c200,L21466"""
"=""1s.8d""","=""3D""","=""2""","=""[""","=""24.374680900214""","=""]""","=""0.000000000008""","=""0.00000002014""","=""L22715c200,L21466"""
"=""1s.8d""","=""3D""","=""1""","=""[""","=""24.374681185743""","=""]""","=""0.000000000008""","=""0.00000028553""","=""L22715c200,L21466"""
"=""1s.8d""","=""1D""","=""2""","=""[""","=""24.374719544511""","=""]""","=""0.000000000004""","=""0.000038358768""","=""L22715c200,L21466"""
"=""1s.8f""","=""3F*""","=""3""","=""[""","=""24.3748069170618""","=""]""","=""0.0000000000012""","=""0.000087372551""","=""L22715c200"""
"=""1s.8f""","=""3F*""","=""4""","=""[""","=""24.3748069921824""","=""]""","=""0.0000000000012""","=""0.000000075121""","=""L22715c200"""
"=""1s.8f""","=""3F*""","=""2""","=""[""","=""24.3748071255995""","=""]""","=""0.0000000000012""","=""0.000000133417""","=""L22715c200"""
"=""1s.8f""","=""1F*""","=""3""","=""[""","=""24.3748073302369""","=""]""","=""0.0000000000012""","=""0.000000204637""","=""L22715c200"""
"=""1s.8g""","=""3G""","=""4""","=""[""","=""24.3748231461435""","=""]""","=""0.0000000000005""","=""0.000015815907""","=""L22715c200"""
"=""1s.8g""","=""3G""","=""5""","=""[""","=""24.3748232298280""","=""]""","=""0.0000000000004""","=""0.0000000836845""","=""L22715c200"""
"=""1s.8g""","=""3G""","=""3""","=""[""","=""24.3748233060576""","=""]""","=""0.0000000000005""","=""0.0000000762296""","=""L22715c200"""
"=""1s.8g""","=""1G""","=""4""","=""[""","=""24.3748233575671""","=""]""","=""0.0000000000004""","=""0.0000000515095""","=""L22715c200"""
"=""1s.8h""","=""3H*""","=""5""","=""[""","=""24.37482704046834""","=""]""","=""0.00000000000025""","=""0.0000036829012""","=""L22715c200"""
"=""1s.8h""","=""3H*""","=""6""","=""[""","=""24.37482709508499""","=""]""","=""0.00000000000025""","=""0.0000000546166""","=""L22715c200"""
"=""1s.8h""","=""3H*""","=""4""","=""[""","=""24.37482714465648""","=""]""","=""0.00000000000025""","=""0.0000000495715""","=""L22715c200"""
"=""1s.8h""","=""1H*""","=""5""","=""[""","=""24.37482718164840""","=""]""","=""0.00000000000025""","=""0.0000000369919""","=""L22715c200"""
"=""1s.8i""","=""3I""","=""6""","=""[""","=""24.37482827854156""","=""]""","=""0.00000000000025""","=""0.0000010968932""","=""L22715c200"""
"=""1s.8i""","=""3I""","=""7""","=""[""","=""24.37482831684934""","=""]""","=""0.00000000000025""","=""0.0000000383078""","=""L22715c200"""
"=""1s.8i""","=""3I""","=""5""","=""[""","=""24.37482835175535""","=""]""","=""0.00000000000025""","=""0.0000000349060""","=""L22715c200"""
"=""1s.8i""","=""1I""","=""6""","=""[""","=""24.37482837948752""","=""]""","=""0.00000000000025""","=""0.0000000277322""","=""L22715c200"""
"=""1s.8k""","=""3K*""","=""7""","=""[""","=""24.37482875537896""","=""]""","=""0.00000000000025""","=""0.0000003758914""","=""L22715c200"""
"=""1s.8k""","=""3K*""","=""8""","=""[""","=""24.37482878370663""","=""]""","=""0.00000000000025""","=""0.0000000283277""","=""L22715c200"""
"=""1s.8k""","=""3K*""","=""6""","=""[""","=""24.37482880965292""","=""]""","=""0.00000000000025""","=""0.0000000259463""","=""L22715c200"""
"=""1s.8k""","=""1K*""","=""7""","=""[""","=""24.37482883113740""","=""]""","=""0.00000000000025""","=""0.0000000214845""","=""L22715c200"""
"=""1s.8p""","=""1P*""","=""1""","=""[""","=""24.375466697350""","=""]""","=""0.000000000021""","=""0.000637866213""","=""L22715c200"""
"=""1s.9s""","=""3S""","=""1""","=""[""","=""24.40777537914""","=""]""","=""0.00000000021""","=""0.0323086818""","=""L22715c200"""
"=""1s.9s""","=""1S""","=""0""","=""[""","=""24.41408807749""","=""]""","=""0.00000000021""","=""0.0063126984""","=""L22715c200"""
"=""1s.9p""","=""3P*""","=""2""","=""[""","=""24.41686888593""","=""]""","=""0.00000000008""","=""0.0027808084""","=""L22715c200"""
"=""1s.9p""","=""3P*""","=""1""","=""[""","=""24.41686897915""","=""]""","=""0.00000000008""","=""0.0000000932""","=""L22715c200"""
"=""1s.9p""","=""3P*""","=""0""","=""[""","=""24.41687012452""","=""]""","=""0.00000000008""","=""0.0000011454""","=""L22715c200"""
"=""1s.9d""","=""3D""","=""3""","=""[""","=""24.419335565023""","=""]""","=""0.000000000005""","=""0.00246544050""","=""L22715c200,L21466"""
"=""1s.9d""","=""3D""","=""2""","=""[""","=""24.419335579246""","=""]""","=""0.000000000005""","=""0.000000014223""","=""L22715c200,L21466"""
"=""1s.9d""","=""3D""","=""1""","=""[""","=""24.419335779720""","=""]""","=""0.000000000005""","=""0.000000200474""","=""L22715c200,L21466"""
"=""1s.9d""","=""1D""","=""2""","=""[""","=""24.419363117280""","=""]""","=""0.000000000004""","=""0.000027337560""","=""L22715c200,L21466"""
"=""1s.9f""","=""3F*""","=""3""","=""[""","=""24.4194246464065""","=""]""","=""0.0000000000009""","=""0.000061529127""","=""L22715c200"""
"=""1s.9f""","=""3F*""","=""4""","=""[""","=""24.4194246975540""","=""]""","=""0.0000000000009""","=""0.000000051147""","=""L22715c200"""
"=""1s.9f""","=""3F*""","=""2""","=""[""","=""24.4194247912483""","=""]""","=""0.0000000000009""","=""0.000000093694""","=""L22715c200"""
"=""1s.9f""","=""1F*""","=""3""","=""[""","=""24.4194249403235""","=""]""","=""0.0000000000009""","=""0.000000149075""","=""L22715c200"""
"=""1s.9g""","=""3G""","=""4""","=""[""","=""24.4194361579319""","=""]""","=""0.0000000000004""","=""0.0000112176084""","=""L22715c200"""
"=""1s.9g""","=""3G""","=""5""","=""[""","=""24.41943621668346""","=""]""","=""0.00000000000025""","=""0.0000000587516""","=""L22715c200"""
"=""1s.9g""","=""3G""","=""3""","=""[""","=""24.4194362702203""","=""]""","=""0.0000000000004""","=""0.0000000535368""","=""L22715c200"""
"=""1s.9g""","=""1G""","=""4""","=""[""","=""24.41943630642235""","=""]""","=""0.00000000000025""","=""0.0000000362021""","=""L22715c200"""
"=""1s.9h""","=""3H*""","=""5""","=""[""","=""24.41943893748148""","=""]""","=""0.00000000000025""","=""0.0000026310591""","=""L22715c200"""
"=""1s.9h""","=""3H*""","=""6""","=""[""","=""24.41943897584046""","=""]""","=""0.00000000000025""","=""0.0000000383590""","=""L22715c200"""
"=""1s.9h""","=""3H*""","=""4""","=""[""","=""24.41943901065559""","=""]""","=""0.00000000000025""","=""0.0000000348151""","=""L22715c200"""
"=""1s.9h""","=""1H*""","=""5""","=""[""","=""24.41943903663648""","=""]""","=""0.00000000000025""","=""0.0000000259809""","=""L22715c200"""
"=""1s.9i""","=""3I""","=""6""","=""[""","=""24.41943982810474""","=""]""","=""0.00000000000025""","=""0.0000007914683""","=""L22715c200"""
"=""1s.9i""","=""3I""","=""7""","=""[""","=""24.41943985500943""","=""]""","=""0.00000000000025""","=""0.0000000269047""","=""L22715c200"""
"=""1s.9i""","=""3I""","=""5""","=""[""","=""24.41943987952483""","=""]""","=""0.00000000000025""","=""0.0000000245154""","=""L22715c200"""
"=""1s.9i""","=""1I""","=""6""","=""[""","=""24.41943989900212""","=""]""","=""0.00000000000025""","=""0.0000000194773""","=""L22715c200"""
"=""1s.9k""","=""3K*""","=""7""","=""[""","=""24.41944017424606""","=""]""","=""0.00000000000025""","=""0.0000002752439""","=""L22715c200"""
"=""1s.9k""","=""3K*""","=""8""","=""[""","=""24.41944019414143""","=""]""","=""0.00000000000025""","=""0.0000000198954""","=""L22715c200"""
"=""1s.9k""","=""3K*""","=""6""","=""[""","=""24.41944021236425""","=""]""","=""0.00000000000025""","=""0.0000000182228""","=""L22715c200"""
"=""1s.9k""","=""1K*""","=""7""","=""[""","=""24.41944022745362""","=""]""","=""0.00000000000025""","=""0.0000000150894""","=""L22715c200"""
"=""1s.9p""","=""1P*""","=""1""","=""[""","=""24.419889314325""","=""]""","=""0.000000000012""","=""0.000449086871""","=""L22715c200"""
"=""1s.10s""","=""3S""","=""1""","=""[""","=""24.44289339729""","=""]""","=""0.00000000016""","=""0.0230040830""","=""L22715c200"""
"=""1s.10s""","=""1S""","=""0""","=""[""","=""24.44746001910""","=""]""","=""0.00000000016""","=""0.0045666218""","=""L22715c200"""
"=""1s.10p""","=""3P*""","=""2""","=""[""","=""24.44947689179""","=""]""","=""0.00000000005""","=""0.0020168727""","=""L22715c200"""
"=""1s.10p""","=""3P*""","=""1""","=""[""","=""24.44947695951""","=""]""","=""0.00000000005""","=""0.00000006772""","=""L22715c200"""
"=""1s.10p""","=""3P*""","=""0""","=""[""","=""24.44947779185""","=""]""","=""0.00000000006""","=""0.00000083234""","=""L22715c200"""
"=""1s.10d""","=""3D""","=""3""","=""[""","=""24.451273812052""","=""]""","=""0.000000000004""","=""0.00179602020""","=""L22715c200,L21466"""
"=""1s.10d""","=""3D""","=""2""","=""[""","=""24.451273822448""","=""]""","=""0.000000000004""","=""0.000000010396""","=""L22715c200,L21466"""
"=""1s.10d""","=""3D""","=""1""","=""[""","=""24.451273968544""","=""]""","=""0.000000000004""","=""0.000000146096""","=""L22715c200,L21466"""
"=""1s.10d""","=""1D""","=""2""","=""[""","=""24.4512941044573""","=""]""","=""0.0000000000025""","=""0.000020135913""","=""L22715c200,L21466"""
"=""1s.10f""","=""3F*""","=""3""","=""[""","=""24.4513390447263""","=""]""","=""0.0000000000007""","=""0.000044940269""","=""L22715c200"""
"=""1s.10f""","=""3F*""","=""4""","=""[""","=""24.4513390811842""","=""]""","=""0.0000000000006""","=""0.0000000364579""","=""L22715c200"""
"=""1s.10f""","=""3F*""","=""2""","=""[""","=""24.4513391494830""","=""]""","=""0.0000000000007""","=""0.0000000682988""","=""L22715c200"""
"=""1s.10f""","=""1F*""","=""3""","=""[""","=""24.4513392610240""","=""]""","=""0.0000000000005""","=""0.0000001115410""","=""L22715c200"""
"=""1s.10g""","=""3G""","=""4""","=""[""","=""24.45134749576287""","=""]""","=""0.00000000000025""","=""0.0000082347389""","=""L22715c200"""
"=""1s.10g""","=""3G""","=""5""","=""[""","=""24.45134753858031""","=""]""","=""0.00000000000025""","=""0.0000000428174""","=""L22715c200"""
"=""1s.10g""","=""3G""","=""3""","=""[""","=""24.45134757760769""","=""]""","=""0.00000000000025""","=""0.0000000390274""","=""L22715c200"""
"=""1s.10g""","=""1G""","=""4""","=""[""","=""24.45134760401285""","=""]""","=""0.00000000000025""","=""0.0000000264052""","=""L22715c200"""
"=""1s.10h""","=""3H*""","=""5""","=""[""","=""24.45134954522564""","=""]""","=""0.00000000000025""","=""0.0000019412128""","=""L22715c200"""
"=""1s.10h""","=""3H*""","=""6""","=""[""","=""24.45134957318928""","=""]""","=""0.00000000000025""","=""0.0000000279636""","=""L22715c200"""
"=""1s.10h""","=""3H*""","=""4""","=""[""","=""24.45134959856946""","=""]""","=""0.00000000000025""","=""0.0000000253802""","=""L22715c200"""
"=""1s.10h""","=""1H*""","=""5""","=""[""","=""24.45134961750954""","=""]""","=""0.00000000000025""","=""0.0000000189401""","=""L22715c200"""
"=""1s.10i""","=""3I""","=""6""","=""[""","=""24.45135020548303""","=""]""","=""0.00000000000025""","=""0.0000005879735""","=""L22715c200"""
"=""1s.10i""","=""3I""","=""7""","=""[""","=""24.45135022509671""","=""]""","=""0.00000000000025""","=""0.0000000196137""","=""L22715c200"""
"=""1s.10i""","=""3I""","=""5""","=""[""","=""24.45135024296829""","=""]""","=""0.00000000000025""","=""0.0000000178716""","=""L22715c200"""
"=""1s.10i""","=""1I""","=""6""","=""[""","=""24.45135025716733""","=""]""","=""0.00000000000025""","=""0.0000000141990""","=""L22715c200"""
"=""1s.10k""","=""3K*""","=""7""","=""[""","=""24.45135046368223""","=""]""","=""0.00000000000025""","=""0.0000002065149""","=""L22715c200"""
"=""1s.10k""","=""3K*""","=""8""","=""[""","=""24.45135047818590""","=""]""","=""0.00000000000025""","=""0.0000000145037""","=""L22715c200"""
"=""1s.10k""","=""3K*""","=""6""","=""[""","=""24.45135049147044""","=""]""","=""0.00000000000025""","=""0.0000000132845""","=""L22715c200"""
"=""1s.10k""","=""1K*""","=""7""","=""[""","=""24.45135050247044""","=""]""","=""0.00000000000025""","=""0.0000000110000""","=""L22715c200"""
"=""1s.10p""","=""1P*""","=""1""","=""[""","=""24.451678459372""","=""]""","=""0.000000000008""","=""0.000327956902""","=""L22715c200"""
"=""1s.11s""","=""3S""","=""1""","=""[""","=""24.46863473284""","=""]""","=""0.00000000015""","=""0.0169562735""","=""L22715c201"""
"=""1s.11s""","=""1S""","=""0""","=""[""","=""24.47204427115""","=""]""","=""0.00000000016""","=""0.0034095383""","=""L22715c201"""
"=""1s.11p""","=""3P*""","=""2""","=""[""","=""24.47355345620""","=""]""","=""0.00000000006""","=""0.0015091851""","=""L22715c201"""
"=""1s.11p""","=""3P*""","=""1""","=""[""","=""24.47355350694""","=""]""","=""0.00000000006""","=""0.00000005074""","=""L22715c201"""
"=""1s.11p""","=""3P*""","=""0""","=""[""","=""24.47355413070""","=""]""","=""0.00000000006""","=""0.00000062376""","=""L22715c201"""
"=""1s.11d""","=""3D""","=""3""","=""[""","=""24.474902662536""","=""]""","=""0.000000000005""","=""0.00134853184""","=""L22715c201"""
"=""1s.11d""","=""3D""","=""2""","=""[""","=""24.474902670366""","=""]""","=""0.000000000005""","=""0.000000007830""","=""L22715c201"""
"=""1s.11d""","=""3D""","=""1""","=""[""","=""24.474902780107""","=""]""","=""0.000000000005""","=""0.000000109741""","=""L22715c201"""
"=""1s.11d""","=""1D""","=""2""","=""[""","=""24.474918023431""","=""]""","=""0.000000000003""","=""0.000015243324""","=""L22715c201"""
"=""1s.11f""","=""3F*""","=""3""","=""[""","=""24.4749518351194""","=""]""","=""0.0000000000010""","=""0.000033811688""","=""L22715c201"""
"=""1s.11f""","=""3F*""","=""4""","=""[""","=""24.4749518620554""","=""]""","=""0.0000000000007""","=""0.000000026936""","=""L22715c201"""
"=""1s.11f""","=""3F*""","=""2""","=""[""","=""24.4749519133665""","=""]""","=""0.0000000000007""","=""0.0000000513111""","=""L22715c201"""
"=""1s.11f""","=""1F*""","=""3""","=""[""","=""24.4749519987919""","=""]""","=""0.0000000000009""","=""0.000000085425""","=""L22715c201"""
"=""1s.11g""","=""3G""","=""4""","=""[""","=""24.4749582173963""","=""]""","=""0.0000000000004""","=""0.0000062186044""","=""L22715c201"""
"=""1s.11g""","=""3G""","=""5""","=""[""","=""24.47495824955843""","=""]""","=""0.00000000000025""","=""0.0000000321621""","=""L22715c201"""
"=""1s.11g""","=""3G""","=""3""","=""[""","=""24.4749582788797""","=""]""","=""0.0000000000004""","=""0.0000000293213""","=""L22715c201"""
"=""1s.11g""","=""1G""","=""4""","=""[""","=""24.47495829872647""","=""]""","=""0.00000000000025""","=""0.0000000198468""","=""L22715c201"""
"=""1s.11h""","=""3H*""","=""5""","=""[""","=""24.47495977006741""","=""]""","=""0.00000000000025""","=""0.0000014713409""","=""L22715c201"""
"=""1s.11h""","=""3H*""","=""6""","=""[""","=""24.47495979107690""","=""]""","=""0.00000000000025""","=""0.0000000210095""","=""L22715c201"""
"=""1s.11h""","=""3H*""","=""4""","=""[""","=""24.47495981014518""","=""]""","=""0.00000000000025""","=""0.0000000190683""","=""L22715c201"""
"=""1s.11h""","=""1H*""","=""5""","=""[""","=""24.47495982437534""","=""]""","=""0.00000000000025""","=""0.0000000142302""","=""L22715c201"""
"=""1s.11i""","=""3I""","=""6""","=""[""","=""24.47496027223875""","=""]""","=""0.00000000000025""","=""0.0000004478634""","=""L22715c201"""
"=""1s.11i""","=""3I""","=""7""","=""[""","=""24.47496028697489""","=""]""","=""0.00000000000025""","=""0.0000000147361""","=""L22715c201"""
"=""1s.11i""","=""3I""","=""5""","=""[""","=""24.47496030040201""","=""]""","=""0.00000000000025""","=""0.0000000134271""","=""L22715c201"""
"=""1s.11i""","=""1I""","=""6""","=""[""","=""24.47496031106998""","=""]""","=""0.00000000000025""","=""0.0000000106680""","=""L22715c201"""
"=""1s.11p""","=""1P*""","=""1""","=""[""","=""24.475207217946""","=""]""","=""0.000000000009""","=""0.000246906876""","=""L22715c201"""
"=""1s.12s""","=""3S""","=""1""","=""[""","=""24.48806324708""","=""]""","=""0.00000000012""","=""0.0128560291""","=""L22715c201"""
"=""1s.12s""","=""1S""","=""0""","=""[""","=""24.49067585161""","=""]""","=""0.00000000014""","=""0.0026126045""","=""L22715c201"""
"=""1s.12p""","=""3P*""","=""2""","=""[""","=""24.49183450011""","=""]""","=""0.00000000005""","=""0.0011586485""","=""L22715c201"""
"=""1s.12p""","=""3P*""","=""1""","=""[""","=""24.49183453911""","=""]""","=""0.00000000005""","=""0.00000003900""","=""L22715c201"""
"=""1s.12p""","=""3P*""","=""0""","=""[""","=""24.49183501858""","=""]""","=""0.00000000005""","=""0.00000047947""","=""L22715c201"""
"=""1s.12d""","=""3D""","=""3""","=""[""","=""24.492873161214""","=""]""","=""0.000000000004""","=""0.00103814263""","=""L22715c201"""
"=""1s.12d""","=""3D""","=""2""","=""[""","=""24.492873167255""","=""]""","=""0.000000000004""","=""0.000000006041""","=""L22715c201"""
"=""1s.12d""","=""3D""","=""1""","=""[""","=""24.492873251769""","=""]""","=""0.000000000004""","=""0.000000084514""","=""L22715c201"""
"=""1s.12d""","=""1D""","=""2""","=""[""","=""24.492885060280""","=""]""","=""0.000000000003""","=""0.000011808511""","=""L22715c201"""
"=""1s.12f""","=""3F*""","=""3""","=""[""","=""24.4929111315754""","=""]""","=""0.0000000000011""","=""0.000026071295""","=""L22715c201"""
"=""1s.12f""","=""3F*""","=""4""","=""[""","=""24.4929111520585""","=""]""","=""0.0000000000006""","=""0.000000020483""","=""L22715c201"""
"=""1s.12f""","=""3F*""","=""2""","=""[""","=""24.4929111915795""","=""]""","=""0.0000000000007""","=""0.0000000395210""","=""L22715c201"""
"=""1s.12f""","=""1F*""","=""3""","=""[""","=""24.4929112583427""","=""]""","=""0.0000000000009""","=""0.000000066763""","=""L22715c201"""
"=""1s.12g""","=""3G""","=""4""","=""[""","=""24.4929160668271""","=""]""","=""0.0000000000004""","=""0.0000048084844""","=""L22715c201"""
"=""1s.12g""","=""3G""","=""5""","=""[""","=""24.49291609159562""","=""]""","=""0.00000000000025""","=""0.0000000247685""","=""L22715c201"""
"=""1s.12g""","=""3G""","=""3""","=""[""","=""24.4929161141802""","=""]""","=""0.0000000000004""","=""0.0000000225846""","=""L22715c201"""
"=""1s.12g""","=""1G""","=""4""","=""[""","=""24.49291612947205""","=""]""","=""0.00000000000025""","=""0.0000000152918""","=""L22715c201"""
"=""1s.12h""","=""3H*""","=""5""","=""[""","=""24.49291727032382""","=""]""","=""0.00000000000025""","=""0.0000011408518""","=""L22715c201"""
"=""1s.12h""","=""3H*""","=""6""","=""[""","=""24.49291728650648""","=""]""","=""0.00000000000025""","=""0.0000000161827""","=""L22715c201"""
"=""1s.12h""","=""3H*""","=""4""","=""[""","=""24.49291730119377""","=""]""","=""0.00000000000025""","=""0.0000000146873""","=""L22715c201"""
"=""1s.12h""","=""1H*""","=""5""","=""[""","=""24.49291731215472""","=""]""","=""0.00000000000025""","=""0.0000000109609""","=""L22715c201"""
"=""1s.12i""","=""3I""","=""6""","=""[""","=""24.49291766070294""","=""]""","=""0.00000000000025""","=""0.0000003485482""","=""L22715c201"""
"=""1s.12i""","=""3I""","=""7""","=""[""","=""24.49291767205344""","=""]""","=""0.00000000000025""","=""0.0000000113505""","=""L22715c201"""
"=""1s.12i""","=""3I""","=""5""","=""[""","=""24.49291768239584""","=""]""","=""0.00000000000025""","=""0.0000000103424""","=""L22715c201"""
"=""1s.12i""","=""1I""","=""6""","=""[""","=""24.49291769061289""","=""]""","=""0.00000000000025""","=""0.0000000082171""","=""L22715c201"""
"=""1s.12p""","=""1P*""","=""1""","=""[""","=""24.493108062951""","=""]""","=""0.000000000007""","=""0.000190372338""","=""L22715c201"""
"=""1s.13s""","=""3S""","=""1""","=""[""","=""24.50308636307""","=""]""","=""0.00000000010""","=""0.0099783001""","=""L22715c201"""
"=""1s.13s""","=""1S""","=""0""","=""[""","=""24.50513227197""","=""]""","=""0.00000000011""","=""0.0020459089""","=""L22715c201"""
"=""1s.13p""","=""3P*""","=""2""","=""[""","=""24.50604111229""","=""]""","=""0.00000000004""","=""0.0009088403""","=""L22715c201"""
"=""1s.13p""","=""3P*""","=""1""","=""[""","=""24.50604114291""","=""]""","=""0.00000000004""","=""0.00000003062""","=""L22715c201"""
"=""1s.13p""","=""3P*""","=""0""","=""[""","=""24.50604151938""","=""]""","=""0.00000000004""","=""0.00000037647""","=""L22715c201"""
"=""1s.13d""","=""3D""","=""3""","=""[""","=""24.506857651803""","=""]""","=""0.000000000004""","=""0.00081613242""","=""L22715c201"""
"=""1s.13d""","=""3D""","=""2""","=""[""","=""24.506857656561""","=""]""","=""0.000000000004""","=""0.000000004758""","=""L22715c201"""
"=""1s.13d""","=""3D""","=""1""","=""[""","=""24.506857723025""","=""]""","=""0.000000000004""","=""0.000000066464""","=""L22715c201"""
"=""1s.13d""","=""1D""","=""2""","=""[""","=""24.5068670518803""","=""]""","=""0.0000000000025""","=""0.000009328855""","=""L22715c201"""
"=""1s.13f""","=""3F*""","=""3""","=""[""","=""24.5068875745580""","=""]""","=""0.0000000000011""","=""0.000020522678""","=""L22715c201"""
"=""1s.13f""","=""3F*""","=""4""","=""[""","=""24.5068875905076""","=""]""","=""0.0000000000005""","=""0.000000015950""","=""L22715c201"""
"=""1s.13f""","=""3F*""","=""2""","=""[""","=""24.5068876215910""","=""]""","=""0.0000000000006""","=""0.0000000310834""","=""L22715c201"""
"=""1s.13f""","=""1F*""","=""3""","=""[""","=""24.5068876746984""","=""]""","=""0.0000000000009""","=""0.000000053107""","=""L22715c201"""
"=""1s.13g""","=""3G""","=""4""","=""[""","=""24.5068914680669""","=""]""","=""0.0000000000004""","=""0.0000037933685""","=""L22715c201"""
"=""1s.13g""","=""3G""","=""5""","=""[""","=""24.50689148754531""","=""]""","=""0.00000000000025""","=""0.0000000194784""","=""L22715c201"""
"=""1s.13g""","=""3G""","=""3""","=""[""","=""24.5068915053084""","=""]""","=""0.0000000000004""","=""0.0000000177631""","=""L22715c201"""
"=""1s.13g""","=""1G""","=""4""","=""[""","=""24.50689151733895""","=""]""","=""0.00000000000025""","=""0.0000000120306""","=""L22715c201"""
"=""1s.13h""","=""3H*""","=""5""","=""[""","=""24.50689241926746""","=""]""","=""0.00000000000025""","=""0.0000009019285""","=""L22715c201"""
"=""1s.13h""","=""3H*""","=""6""","=""[""","=""24.50689243199543""","=""]""","=""0.00000000000025""","=""0.0000000127280""","=""L22715c201"""
"=""1s.13h""","=""3H*""","=""4""","=""[""","=""24.50689244354741""","=""]""","=""0.00000000000025""","=""0.0000000115520""","=""L22715c201"""
"=""1s.13h""","=""1H*""","=""5""","=""[""","=""24.50689245216853""","=""]""","=""0.00000000000025""","=""0.0000000086211""","=""L22715c201"""
"=""1s.13i""","=""3I""","=""6""","=""[""","=""24.50689272850203""","=""]""","=""0.00000000000025""","=""0.0000002763335""","=""L22715c201"""
"=""1s.13i""","=""3I""","=""7""","=""[""","=""24.50689273742951""","=""]""","=""0.00000000000025""","=""0.0000000089275""","=""L22715c201"""
"=""1s.13i""","=""3I""","=""5""","=""[""","=""24.50689274556400""","=""]""","=""0.00000000000025""","=""0.0000000081345""","=""L22715c201"""
"=""1s.13i""","=""1I""","=""6""","=""[""","=""24.50689275202692""","=""]""","=""0.00000000000025""","=""0.0000000064629""","=""L22715c201"""
"=""1s.13p""","=""1P*""","=""1""","=""[""","=""24.507042603098""","=""]""","=""0.000000000006""","=""0.000149851071""","=""L22715c201"""
"=""1s.14s""","=""3S""","=""1""","=""[""","=""24.51494192561""","=""]""","=""0.00000000009""","=""0.00789932251""","=""L22715c201"""
"=""1s.14s""","=""1S""","=""0""","=""[""","=""24.51657388180""","=""]""","=""0.00000000009""","=""0.0016319562""","=""L22715c201"""
"=""1s.14p""","=""3P*""","=""2""","=""[""","=""24.51729989469""","=""]""","=""0.00000000003""","=""0.00072601289""","=""L22715c201"""
"=""1s.14p""","=""3P*""","=""1""","=""[""","=""24.51729991916""","=""]""","=""0.00000000003""","=""0.00000002447""","=""L22715c201"""
"=""1s.14p""","=""3P*""","=""0""","=""[""","=""24.51730022015""","=""]""","=""0.00000000003""","=""0.00000030099""","=""L22715c201"""
"=""1s.14d""","=""3D""","=""3""","=""[""","=""24.517953381632""","=""]""","=""0.000000000003""","=""0.00065316148""","=""L22715c201"""
"=""1s.14d""","=""3D""","=""2""","=""[""","=""24.517953385446""","=""]""","=""0.000000000003""","=""0.000000003814""","=""L22715c201"""
"=""1s.14d""","=""3D""","=""1""","=""[""","=""24.517953438655""","=""]""","=""0.000000000003""","=""0.000000053209""","=""L22715c201"""
"=""1s.14d""","=""1D""","=""2""","=""[""","=""24.5179609339738""","=""]""","=""0.0000000000022""","=""0.000007495319""","=""L22715c201"""
"=""1s.14f""","=""3F*""","=""3""","=""[""","=""24.5179773762834""","=""]""","=""0.0000000000010""","=""0.000016442310""","=""L22715c201"""
"=""1s.14f""","=""3F*""","=""4""","=""[""","=""24.5179773889519""","=""]""","=""0.0000000000005""","=""0.000000012668""","=""L22715c201"""
"=""1s.14f""","=""3F*""","=""2""","=""[""","=""24.5179774138384""","=""]""","=""0.0000000000005""","=""0.0000000248865""","=""L22715c201"""
"=""1s.14f""","=""1F*""","=""3""","=""[""","=""24.5179774567411""","=""]""","=""0.0000000000009""","=""0.000000042903""","=""L22715c201"""
"=""1s.14g""","=""3G""","=""4""","=""[""","=""24.51798050114187""","=""]""","=""0.00000000000025""","=""0.0000030444008""","=""L22715c201"""
"=""1s.14g""","=""3G""","=""5""","=""[""","=""24.51798051673562""","=""]""","=""0.00000000000025""","=""0.0000000155937""","=""L22715c201"""
"=""1s.14g""","=""3G""","=""3""","=""[""","=""24.51798053095760""","=""]""","=""0.00000000000025""","=""0.0000000142220""","=""L22715c201"""
"=""1s.14g""","=""1G""","=""4""","=""[""","=""24.51798054059179""","=""]""","=""0.00000000000025""","=""0.0000000096342""","=""L22715c201"""
"=""1s.14h""","=""3H*""","=""5""","=""[""","=""24.51798126565981""","=""]""","=""0.00000000000025""","=""0.0000007250680""","=""L22715c201"""
"=""1s.14h""","=""3H*""","=""6""","=""[""","=""24.51798127585057""","=""]""","=""0.00000000000025""","=""0.0000000101908""","=""L22715c201"""
"=""1s.14h""","=""3H*""","=""4""","=""[""","=""24.51798128509967""","=""]""","=""0.00000000000025""","=""0.0000000092491""","=""L22715c201"""
"=""1s.14h""","=""1H*""","=""5""","=""[""","=""24.51798129200224""","=""]""","=""0.00000000000025""","=""0.0000000069026""","=""L22715c201"""
"=""1s.14i""","=""3I""","=""6""","=""[""","=""24.51798151464203""","=""]""","=""0.00000000000025""","=""0.0000002226398""","=""L22715c201"""
"=""1s.14i""","=""3I""","=""7""","=""[""","=""24.51798152178984""","=""]""","=""0.00000000000025""","=""0.0000000071478""","=""L22715c201"""
"=""1s.14i""","=""3I""","=""5""","=""[""","=""24.51798152830273""","=""]""","=""0.00000000000025""","=""0.0000000065129""","=""L22715c201"""
"=""1s.14i""","=""1I""","=""6""","=""[""","=""24.51798153347746""","=""]""","=""0.00000000000025""","=""0.0000000051747""","=""L22715c201"""
"=""1s.14p""","=""1P*""","=""1""","=""[""","=""24.518101588364""","=""]""","=""0.000000000005""","=""0.000120054887""","=""L22715c201"""
"=""1s.15s""","=""3S""","=""1""","=""[""","=""24.52446167530""","=""]""","=""0.00000000007""","=""0.00636008694""","=""L22715c201"""
"=""1s.15s""","=""1S""","=""0""","=""[""","=""24.52578423650""","=""]""","=""0.00000000008""","=""0.0013225612""","=""L22715c201"""
"=""1s.15p""","=""3P*""","=""2""","=""[""","=""24.52637336828""","=""]""","=""0.00000000003""","=""0.00058913178""","=""L22715c201"""
"=""1s.15p""","=""3P*""","=""1""","=""[""","=""24.52637338816""","=""]""","=""0.00000000003""","=""0.00000001988""","=""L22715c201"""
"=""1s.15p""","=""3P*""","=""0""","=""[""","=""24.52637363257""","=""]""","=""0.00000000003""","=""0.00000024441""","=""L22715c201"""
"=""1s.15d""","=""3D""","=""3""","=""[""","=""24.526904474579""","=""]""","=""0.000000000003""","=""0.00053084201""","=""L22715c201"""
"=""1s.15d""","=""3D""","=""2""","=""[""","=""24.526904477683""","=""]""","=""0.000000000003""","=""0.000000003104""","=""L22715c201"""
"=""1s.15d""","=""3D""","=""1""","=""[""","=""24.526904520940""","=""]""","=""0.000000000003""","=""0.000000043257""","=""L22715c201"""
"=""1s.15d""","=""1D""","=""2""","=""[""","=""24.5269106320262""","=""]""","=""0.0000000000020""","=""0.000006111086""","=""L22715c201"""
"=""1s.15f""","=""3F*""","=""3""","=""[""","=""24.5269240072354""","=""]""","=""0.0000000000010""","=""0.000013375209""","=""L22715c201"""
"=""1s.15f""","=""3F*""","=""4""","=""[""","=""24.5269240174689""","=""]""","=""0.0000000000004""","=""0.000000010233""","=""L22715c201"""
"=""1s.15f""","=""3F*""","=""2""","=""[""","=""24.5269240377021""","=""]""","=""0.0000000000005""","=""0.0000000202332""","=""L22715c201"""
"=""1s.15f""","=""1F*""","=""3""","=""[""","=""24.5269240728357""","=""]""","=""0.0000000000007""","=""0.0000000351336""","=""L22715c201"""
"=""1s.15g""","=""3G""","=""4""","=""[""","=""24.52692655277887""","=""]""","=""0.00000000000025""","=""0.0000024799432""","=""L22715c201"""
"=""1s.15g""","=""3G""","=""5""","=""[""","=""24.52692656545589""","=""]""","=""0.00000000000025""","=""0.0000000126770""","=""L22715c201"""
"=""1s.15g""","=""3G""","=""3""","=""[""","=""24.52692657701890""","=""]""","=""0.00000000000025""","=""0.0000000115630""","=""L22715c201"""
"=""1s.15g""","=""1G""","=""4""","=""[""","=""24.52692658485321""","=""]""","=""0.00000000000025""","=""0.0000000078343""","=""L22715c201"""
"=""1s.15h""","=""3H*""","=""5""","=""[""","=""24.52692717628425""","=""]""","=""0.00000000000025""","=""0.0000005914310""","=""L22715c201"""
"=""1s.15h""","=""3H*""","=""6""","=""[""","=""24.52692718456974""","=""]""","=""0.00000000000025""","=""0.0000000082855""","=""L22715c201"""
"=""1s.15h""","=""3H*""","=""4""","=""[""","=""24.52692719208963""","=""]""","=""0.00000000000025""","=""0.0000000075199""","=""L22715c201"""
"=""1s.15h""","=""1H*""","=""5""","=""[""","=""24.52692719770165""","=""]""","=""0.00000000000025""","=""0.0000000056120""","=""L22715c201"""
"=""1s.15i""","=""3I""","=""6""","=""[""","=""24.52692737962887""","=""]""","=""0.00000000000025""","=""0.0000001819272""","=""L22715c201"""
"=""1s.15i""","=""3I""","=""7""","=""[""","=""24.52692738544026""","=""]""","=""0.00000000000025""","=""0.0000000058114""","=""L22715c201"""
"=""1s.15i""","=""3I""","=""5""","=""[""","=""24.52692739073550""","=""]""","=""0.00000000000025""","=""0.0000000052952""","=""L22715c201"""
"=""1s.15i""","=""1I""","=""6""","=""[""","=""24.52692739494278""","=""]""","=""0.00000000000025""","=""0.0000000042073""","=""L22715c201"""
"=""1s.15p""","=""1P*""","=""1""","=""[""","=""24.527025054182""","=""]""","=""0.000000000004""","=""0.000097659239""","=""L22715c201"""
"=""1s.16s""","=""3S""","=""1""","=""[""","=""24.53222124199""","=""]""","=""0.00000000006""","=""0.00519618781""","=""L22715c201"""
"=""1s.16s""","=""1S""","=""0""","=""[""","=""24.53330793053""","=""]""","=""0.00000000007""","=""0.00108668854""","=""L22715c201"""
"=""1s.16p""","=""3P*""","=""2""","=""[""","=""24.533792549931""","=""]""","=""0.000000000024""","=""0.00048461940""","=""L22715c201"""
"=""1s.16p""","=""3P*""","=""1""","=""[""","=""24.533792566288""","=""]""","=""0.000000000024""","=""0.00000001636""","=""L22715c201"""
"=""1s.16p""","=""3P*""","=""0""","=""[""","=""24.533792767464""","=""]""","=""0.000000000025""","=""0.00000020118""","=""L22715c201"""
"=""1s.16d""","=""3D""","=""3""","=""[""","=""24.534230018546""","=""]""","=""0.000000000003""","=""0.00043725108""","=""L22715c201"""
"=""1s.16d""","=""3D""","=""2""","=""[""","=""24.534230021106""","=""]""","=""0.000000000003""","=""0.000000002560""","=""L22715c201"""
"=""1s.16d""","=""3D""","=""1""","=""[""","=""24.534230056745""","=""]""","=""0.000000000003""","=""0.000000035639""","=""L22715c201"""
"=""1s.16d""","=""1D""","=""2""","=""[""","=""24.5342351036565""","=""]""","=""0.0000000000017""","=""0.000005046912""","=""L22715c201"""
"=""1s.16f""","=""3F*""","=""3""","=""[""","=""24.5342461291987""","=""]""","=""0.0000000000009""","=""0.000011025542""","=""L22715c201"""
"=""1s.16f""","=""3F*""","=""4""","=""[""","=""24.5342461375862""","=""]""","=""0.0000000000004""","=""0.0000000083875""","=""L22715c201"""
"=""1s.16f""","=""3F*""","=""2""","=""[""","=""24.5342461542577""","=""]""","=""0.0000000000004""","=""0.0000000166715""","=""L22715c201"""
"=""1s.16f""","=""1F*""","=""3""","=""[""","=""24.5342461833777""","=""]""","=""0.0000000000007""","=""0.0000000291200""","=""L22715c201"""
"=""1s.16g""","=""3G""","=""4""","=""[""","=""24.53424822997854""","=""]""","=""0.00000000000025""","=""0.0000020466008""","=""L22715c201"""
"=""1s.16g""","=""3G""","=""5""","=""[""","=""24.53424824042322""","=""]""","=""0.00000000000025""","=""0.0000000104447""","=""L22715c201"""
"=""1s.16g""","=""3G""","=""3""","=""[""","=""24.53424824995078""","=""]""","=""0.00000000000025""","=""0.0000000095276""","=""L22715c201"""
"=""1s.16g""","=""1G""","=""4""","=""[""","=""24.53424825640689""","=""]""","=""0.00000000000025""","=""0.0000000064561""","=""L22715c201"""
"=""1s.16h""","=""3H*""","=""5""","=""[""","=""24.53424874502849""","=""]""","=""0.00000000000025""","=""0.0000004886216""","=""L22715c201"""
"=""1s.16h""","=""3H*""","=""6""","=""[""","=""24.53424875185555""","=""]""","=""0.00000000000025""","=""0.0000000068271""","=""L22715c201"""
"=""1s.16h""","=""3H*""","=""4""","=""[""","=""24.53424875805166""","=""]""","=""0.00000000000025""","=""0.0000000061961""","=""L22715c201"""
"=""1s.16h""","=""1H*""","=""5""","=""[""","=""24.53424876267590""","=""]""","=""0.00000000000025""","=""0.0000000046242""","=""L22715c201"""
"=""1s.16i""","=""3I""","=""6""","=""[""","=""24.53424891319483""","=""]""","=""0.00000000000025""","=""0.0000001505189""","=""L22715c201"""
"=""1s.16i""","=""3I""","=""7""","=""[""","=""24.53424891798335""","=""]""","=""0.00000000000025""","=""0.0000000047885""","=""L22715c201"""
"=""1s.16i""","=""3I""","=""5""","=""[""","=""24.53424892234647""","=""]""","=""0.00000000000025""","=""0.0000000043631""","=""L22715c201"""
"=""1s.16i""","=""1I""","=""6""","=""[""","=""24.53424892581307""","=""]""","=""0.00000000000025""","=""0.0000000034666""","=""L22715c201"""
"=""1s.16p""","=""1P*""","=""1""","=""[""","=""24.534329428726""","=""]""","=""0.000000000004""","=""0.000080502913""","=""L22715c201"""
"=""1s.17s""","=""3S""","=""1""","=""[""","=""24.53862926761""","=""]""","=""0.00000000005""","=""0.00429983888""","=""L22715c201"""
"=""1s.17s""","=""1S""","=""0""","=""[""","=""24.53953300075""","=""]""","=""0.00000000006""","=""0.00090373314""","=""L22715c201"""
"=""1s.17p""","=""3P*""","=""2""","=""[""","=""24.539936444217""","=""]""","=""0.000000000021""","=""0.00040344347""","=""L22715c201"""
"=""1s.17p""","=""3P*""","=""1""","=""[""","=""24.539936457840""","=""]""","=""0.000000000021""","=""0.00000001362""","=""L22715c201"""
"=""1s.17p""","=""3P*""","=""0""","=""[""","=""24.539936625406""","=""]""","=""0.000000000021""","=""0.00000016757""","=""L22715c201"""
"=""1s.17d""","=""3D""","=""3""","=""[""","=""24.5403010525758""","=""]""","=""0.0000000000022""","=""0.000364427170""","=""L22715c201"""
"=""1s.17d""","=""3D""","=""2""","=""[""","=""24.5403010547107""","=""]""","=""0.0000000000022""","=""0.000000002135""","=""L22715c201"""
"=""1s.17d""","=""3D""","=""1""","=""[""","=""24.5403010844219""","=""]""","=""0.0000000000022""","=""0.000000029711""","=""L22715c201"""
"=""1s.17d""","=""1D""","=""2""","=""[""","=""24.5403053000247""","=""]""","=""0.0000000000016""","=""0.000004215603""","=""L22715c201"""
"=""1s.17f""","=""3F*""","=""3""","=""[""","=""24.5403144953362""","=""]""","=""0.0000000000009""","=""0.000009195312""","=""L22715c201"""
"=""1s.17f""","=""3F*""","=""4""","=""[""","=""24.5403145022982""","=""]""","=""0.0000000000004""","=""0.0000000069620""","=""L22715c201"""
"=""1s.17f""","=""3F*""","=""2""","=""[""","=""24.5403145161971""","=""]""","=""0.0000000000004""","=""0.0000000138989""","=""L22715c201"""
"=""1s.17f""","=""1F*""","=""3""","=""[""","=""24.5403145405933""","=""]""","=""0.0000000000006""","=""0.0000000243962""","=""L22715c201"""
"=""1s.17g""","=""3G""","=""4""","=""[""","=""24.54031624906159""","=""]""","=""0.00000000000025""","=""0.0000017084683""","=""L22715c201"""
"=""1s.17g""","=""3G""","=""5""","=""[""","=""24.54031625776888""","=""]""","=""0.00000000000025""","=""0.0000000087073""","=""L22715c201"""
"=""1s.17g""","=""3G""","=""3""","=""[""","=""24.54031626571205""","=""]""","=""0.00000000000025""","=""0.0000000079432""","=""L22715c201"""
"=""1s.17g""","=""1G""","=""4""","=""[""","=""24.54031627109507""","=""]""","=""0.00000000000025""","=""0.0000000053830""","=""L22715c201"""
"=""1s.17h""","=""3H*""","=""5""","=""[""","=""24.54031667935854""","=""]""","=""0.00000000000025""","=""0.0000004082635""","=""L22715c201"""
"=""1s.17h""","=""3H*""","=""6""","=""[""","=""24.54031668505029""","=""]""","=""0.00000000000025""","=""0.0000000056917""","=""L22715c201"""
"=""1s.17h""","=""3H*""","=""4""","=""[""","=""24.54031669021609""","=""]""","=""0.00000000000025""","=""0.0000000051658""","=""L22715c201"""
"=""1s.17h""","=""1H*""","=""5""","=""[""","=""24.54031669407125""","=""]""","=""0.00000000000025""","=""0.0000000038552""","=""L22715c201"""
"=""1s.17i""","=""3I""","=""6""","=""[""","=""24.54031681998514""","=""]""","=""0.00000000000025""","=""0.0000001259139""","=""L22715c201"""
"=""1s.17i""","=""3I""","=""7""","=""[""","=""24.54031682397743""","=""]""","=""0.00000000000025""","=""0.0000000039923""","=""L22715c201"""
"=""1s.17i""","=""3I""","=""5""","=""[""","=""24.54031682761500""","=""]""","=""0.00000000000025""","=""0.0000000036376""","=""L22715c201"""
"=""1s.17i""","=""1I""","=""6""","=""[""","=""24.54031683050508""","=""]""","=""0.00000000000025""","=""0.0000000028901""","=""L22715c201"""
"=""1s.17p""","=""1P*""","=""1""","=""[""","=""24.540383970169""","=""]""","=""0.000000000003""","=""0.000067139664""","=""L22715c201"""
"=""1s.18s""","=""3S""","=""1""","=""[""","=""24.54398233732""","=""]""","=""0.00000000004""","=""0.00359836715""","=""L22715c201"""
"=""1s.18s""","=""1S""","=""0""","=""[""","=""24.54474198645""","=""]""","=""0.00000000005""","=""0.00075964913""","=""L22715c201"""
"=""1s.18p""","=""3P*""","=""2""","=""[""","=""24.545081422311""","=""]""","=""0.000000000017""","=""0.00033943586""","=""L22715c201"""
"=""1s.18p""","=""3P*""","=""1""","=""[""","=""24.545081433777""","=""]""","=""0.000000000017""","=""0.00000001147""","=""L22715c201"""
"=""1s.18p""","=""3P*""","=""0""","=""[""","=""24.545081574822""","=""]""","=""0.000000000019""","=""0.00000014104""","=""L22715c201"""
"=""1s.18d""","=""3D""","=""3""","=""[""","=""24.5453884907962""","=""]""","=""0.0000000000020""","=""0.000306915974""","=""L22715c201"""
"=""1s.18d""","=""3D""","=""2""","=""[""","=""24.5453884925955""","=""]""","=""0.0000000000020""","=""0.000000001799""","=""L22715c201"""
"=""1s.18d""","=""3D""","=""1""","=""[""","=""24.5453885176235""","=""]""","=""0.0000000000020""","=""0.000000025028""","=""L22715c201"""
"=""1s.18d""","=""1D""","=""2""","=""[""","=""24.5453920745509""","=""]""","=""0.0000000000014""","=""0.000003556927""","=""L22715c201"""
"=""1s.18f""","=""3F*""","=""3""","=""[""","=""24.5453998231606""","=""]""","=""0.0000000000007""","=""0.000007748610""","=""L22715c201"""
"=""1s.18f""","=""3F*""","=""4""","=""[""","=""24.54539982900393""","=""]""","=""0.00000000000025""","=""0.0000000058433""","=""L22715c201"""
"=""1s.18f""","=""3F*""","=""2""","=""[""","=""24.5453998407124""","=""]""","=""0.0000000000004""","=""0.0000000117085""","=""L22715c201"""
"=""1s.18f""","=""1F*""","=""3""","=""[""","=""24.5453998613483""","=""]""","=""0.0000000000006""","=""0.0000000206359""","=""L22715c201"""
"=""1s.18g""","=""3G""","=""4""","=""[""","=""24.54540130215355""","=""]""","=""0.00000000000025""","=""0.0000014408052""","=""L22715c201"""
"=""1s.18g""","=""3G""","=""5""","=""[""","=""24.54540130948846""","=""]""","=""0.00000000000025""","=""0.0000000073349""","=""L22715c201"""
"=""1s.18g""","=""3G""","=""3""","=""[""","=""24.54540131617989""","=""]""","=""0.00000000000025""","=""0.0000000066914""","=""L22715c201"""
"=""1s.18g""","=""1G""","=""4""","=""[""","=""24.54540132071510""","=""]""","=""0.00000000000025""","=""0.0000000045352""","=""L22715c201"""
"=""1s.18h""","=""3H*""","=""5""","=""[""","=""24.54540166527773""","=""]""","=""0.00000000000025""","=""0.0000003445626""","=""L22715c201"""
"=""1s.18h""","=""3H*""","=""6""","=""[""","=""24.54540167007257""","=""]""","=""0.00000000000025""","=""0.0000000047948""","=""L22715c201"""
"=""1s.18h""","=""3H*""","=""4""","=""[""","=""24.54540167442429""","=""]""","=""0.00000000000025""","=""0.0000000043517""","=""L22715c201"""
"=""1s.18h""","=""1H*""","=""5""","=""[""","=""24.54540167767194""","=""]""","=""0.00000000000025""","=""0.0000000032476""","=""L22715c201"""
"=""1s.18i""","=""3I""","=""6""","=""[""","=""24.54540178404480""","=""]""","=""0.00000000000025""","=""0.0000001063729""","=""L22715c201"""
"=""1s.18i""","=""3I""","=""7""","=""[""","=""24.54540178740787""","=""]""","=""0.00000000000025""","=""0.0000000033631""","=""L22715c201"""
"=""1s.18i""","=""3I""","=""5""","=""[""","=""24.54540179047227""","=""]""","=""0.00000000000025""","=""0.0000000030644""","=""L22715c201"""
"=""1s.18i""","=""1I""","=""6""","=""[""","=""24.54540179290694""","=""]""","=""0.00000000000025""","=""0.0000000024347""","=""L22715c201"""
"=""1s.18p""","=""1P*""","=""1""","=""[""","=""24.545458369802""","=""]""","=""0.000000000003""","=""0.000056576895""","=""L22715c201"""
"=""1s.19s""","=""3S""","=""1""","=""[""","=""24.54849992895""","=""]""","=""0.00000000004""","=""0.00304155915""","=""L22715c201"""
"=""1s.19s""","=""1S""","=""0""","=""[""","=""24.54914456634""","=""]""","=""0.00000000004""","=""0.00064463739""","=""L22715c201"""
"=""1s.19p""","=""3P*""","=""2""","=""[""","=""24.549432852684""","=""]""","=""0.000000000015""","=""0.00028828634""","=""L22715c201"""
"=""1s.19p""","=""3P*""","=""1""","=""[""","=""24.549432862427""","=""]""","=""0.000000000015""","=""0.00000000974""","=""L22715c201"""
"=""1s.19p""","=""3P*""","=""0""","=""[""","=""24.549432982268""","=""]""","=""0.000000000016""","=""0.00000011984""","=""L22715c201"""
"=""1s.19d""","=""3D""","=""3""","=""[""","=""24.5496938778988""","=""]""","=""0.0000000000017""","=""0.000260895631""","=""L22715c201"""
"=""1s.19d""","=""3D""","=""2""","=""[""","=""24.5496938794294""","=""]""","=""0.0000000000017""","=""0.000000001531""","=""L22715c201"""
"=""1s.19d""","=""3D""","=""1""","=""[""","=""24.5496939007088""","=""]""","=""0.0000000000017""","=""0.000000021279""","=""L22715c201"""
"=""1s.19d""","=""1D""","=""2""","=""[""","=""24.5496969290929""","=""]""","=""0.0000000000012""","=""0.000003028384""","=""L22715c201"""
"=""1s.19f""","=""3F*""","=""3""","=""[""","=""24.5497035191411""","=""]""","=""0.0000000000006""","=""0.000006590048""","=""L22715c201"""
"=""1s.19f""","=""3F*""","=""4""","=""[""","=""24.54970352409401""","=""]""","=""0.00000000000025""","=""0.0000000049529""","=""L22715c201"""
"=""1s.19f""","=""3F*""","=""2""","=""[""","=""24.54970353404932""","=""]""","=""0.00000000000025""","=""0.0000000099553""","=""L22715c201"""
"=""1s.19f""","=""1F*""","=""3""","=""[""","=""24.5497035516561""","=""]""","=""0.0000000000005""","=""0.0000000176068""","=""L22715c201"""
"=""1s.19g""","=""3G""","=""4""","=""[""","=""24.54970477784814""","=""]""","=""0.00000000000025""","=""0.0000012261920""","=""L22715c201"""
"=""1s.19g""","=""3G""","=""5""","=""[""","=""24.54970478408442""","=""]""","=""0.00000000000025""","=""0.0000000062363""","=""L22715c201"""
"=""1s.19g""","=""3G""","=""3""","=""[""","=""24.54970478977393""","=""]""","=""0.00000000000025""","=""0.0000000056895""","=""L22715c201"""
"=""1s.19g""","=""1G""","=""4""","=""[""","=""24.54970479363046""","=""]""","=""0.00000000000025""","=""0.0000000038565""","=""L22715c201"""
"=""1s.19h""","=""3H*""","=""5""","=""[""","=""24.54970508705692""","=""]""","=""0.00000000000025""","=""0.0000002934265""","=""L22715c201"""
"=""1s.19h""","=""3H*""","=""6""","=""[""","=""24.54970509113377""","=""]""","=""0.00000000000025""","=""0.0000000040768""","=""L22715c201"""
"=""1s.19h""","=""3H*""","=""4""","=""[""","=""24.54970509483395""","=""]""","=""0.00000000000025""","=""0.0000000037002""","=""L22715c201"""
"=""1s.19h""","=""1H*""","=""5""","=""[""","=""24.54970509759533""","=""]""","=""0.00000000000025""","=""0.0000000027614""","=""L22715c201"""
"=""1s.19i""","=""3I""","=""6""","=""[""","=""24.54970518825704""","=""]""","=""0.00000000000025""","=""0.0000000906617""","=""L22715c201"""
"=""1s.19i""","=""3I""","=""7""","=""[""","=""24.54970519111661""","=""]""","=""0.00000000000025""","=""0.0000000028596""","=""L22715c201"""
"=""1s.19i""","=""3I""","=""5""","=""[""","=""24.54970519372214""","=""]""","=""0.00000000000025""","=""0.0000000026055""","=""L22715c201"""
"=""1s.19i""","=""1I""","=""6""","=""[""","=""24.54970519579230""","=""]""","=""0.00000000000025""","=""0.0000000020702""","=""L22715c201"""
"=""1s.19p""","=""1P*""","=""1""","=""[""","=""24.5497533137915""","=""]""","=""0.0000000000025""","=""0.000048117999""","=""L22715c201"""
"=""1s.20s""","=""3S""","=""1""","=""[""","=""24.55234727581""","=""]""","=""0.00000000003""","=""0.00259396202""","=""L22715c201"""
"=""1s.20s""","=""1S""","=""0""","=""[""","=""24.55289899570""","=""]""","=""0.00000000004""","=""0.00055171989""","=""L22715c201"""
"=""1s.20p""","=""3P*""","=""2""","=""[""","=""24.553145916683""","=""]""","=""0.000000000014""","=""0.00024692098""","=""L22715c201"""
"=""1s.20p""","=""3P*""","=""1""","=""[""","=""24.553145925030""","=""]""","=""0.000000000014""","=""0.00000000835""","=""L22715c201"""
"=""1s.20p""","=""3P*""","=""0""","=""[""","=""24.553146027712""","=""]""","=""0.000000000014""","=""0.00000010268""","=""L22715c201"""
"=""1s.20d""","=""3D""","=""3""","=""[""","=""24.5533696617467""","=""]""","=""0.0000000000016""","=""0.000223634035""","=""L22715c201"""
"=""1s.20d""","=""3D""","=""2""","=""[""","=""24.5533696630594""","=""]""","=""0.0000000000016""","=""0.000000001313""","=""L22715c201"""
"=""1s.20d""","=""3D""","=""1""","=""[""","=""24.5533696813030""","=""]""","=""0.0000000000016""","=""0.000000018244""","=""L22715c201"""
"=""1s.20d""","=""1D""","=""2""","=""[""","=""24.5533722807159""","=""]""","=""0.0000000000011""","=""0.000002599413""","=""L22715c201"""
"=""1s.20f""","=""3F*""","=""3""","=""[""","=""24.5533779320559""","=""]""","=""0.0000000000006""","=""0.000005651340""","=""L22715c201"""
"=""1s.20f""","=""3F*""","=""4""","=""[""","=""24.55337793629091""","=""]""","=""0.00000000000025""","=""0.0000000042350""","=""L22715c201"""
"=""1s.20f""","=""3F*""","=""2""","=""[""","=""24.55337794482623""","=""]""","=""0.00000000000025""","=""0.0000000085353""","=""L22715c201"""
"=""1s.20f""","=""1F*""","=""3""","=""[""","=""24.5533779599663""","=""]""","=""0.0000000000005""","=""0.0000000151401""","=""L22715c201"""
"=""1s.20g""","=""3G""","=""4""","=""[""","=""24.55337901209176""","=""]""","=""0.00000000000025""","=""0.0000010521255""","=""L22715c201"""
"=""1s.20g""","=""3G""","=""5""","=""[""","=""24.55337901743833""","=""]""","=""0.00000000000025""","=""0.0000000053466""","=""L22715c201"""
"=""1s.20g""","=""3G""","=""3""","=""[""","=""24.55337902231636""","=""]""","=""0.00000000000025""","=""0.0000000048780""","=""L22715c201"""
"=""1s.20g""","=""1G""","=""4""","=""[""","=""24.55337902562314""","=""]""","=""0.00000000000025""","=""0.0000000033068""","=""L22715c201"""
"=""1s.20h""","=""3H*""","=""5""","=""[""","=""24.55337927753287""","=""]""","=""0.00000000000025""","=""0.0000002519097""","=""L22715c201"""
"=""1s.20h""","=""3H*""","=""6""","=""[""","=""24.55337928102836""","=""]""","=""0.00000000000025""","=""0.0000000034955""","=""L22715c201"""
"=""1s.20h""","=""3H*""","=""4""","=""[""","=""24.55337928420074""","=""]""","=""0.00000000000025""","=""0.0000000031724""","=""L22715c201"""
"=""1s.20h""","=""1H*""","=""5""","=""[""","=""24.55337928656834""","=""]""","=""0.00000000000025""","=""0.0000000023676""","=""L22715c201"""
"=""1s.20i""","=""3I""","=""6""","=""[""","=""24.55337936445745""","=""]""","=""0.00000000000025""","=""0.0000000778891""","=""L22715c201"""
"=""1s.20i""","=""3I""","=""7""","=""[""","=""24.55337936690924""","=""]""","=""0.00000000000025""","=""0.0000000024518""","=""L22715c201"""
"=""1s.20i""","=""3I""","=""5""","=""[""","=""24.55337936914306""","=""]""","=""0.00000000000025""","=""0.0000000022338""","=""L22715c201"""
"=""1s.20i""","=""1I""","=""6""","=""[""","=""24.55337937091802""","=""]""","=""0.00000000000025""","=""0.0000000017750""","=""L22715c201"""
"=""1s.20p""","=""1P*""","=""1""","=""[""","=""24.5534206352452""","=""]""","=""0.0000000000021""","=""0.0000412643272""","=""L22715c201"""
"=""1s.21s""","=""3S""","=""1""","=""[""","=""24.55565069436""","=""]""","=""0.00000000003""","=""0.00223005911""","=""L22715c201"""
"=""1s.21s""","=""1S""","=""0""","=""[""","=""24.55612653018""","=""]""","=""0.00000000003""","=""0.00047583582""","=""L22715c201"""
"=""1s.21p""","=""3P*""","=""2""","=""[""","=""24.556339637531""","=""]""","=""0.000000000012""","=""0.00021310735""","=""L22715c201"""
"=""1s.21p""","=""3P*""","=""1""","=""[""","=""24.556339644738""","=""]""","=""0.000000000012""","=""0.00000000721""","=""L22715c201"""
"=""1s.21p""","=""3P*""","=""0""","=""[""","=""24.556339733387""","=""]""","=""0.000000000012""","=""0.00000008865""","=""L22715c201"""
"=""1s.21d""","=""3D""","=""3""","=""[""","=""24.5565328762861""","=""]""","=""0.0000000000014""","=""0.000193142899""","=""L22715c201"""
"=""1s.21d""","=""3D""","=""2""","=""[""","=""24.5565328774206""","=""]""","=""0.0000000000014""","=""0.000000001135""","=""L22715c201"""
"=""1s.21d""","=""3D""","=""1""","=""[""","=""24.5565328931795""","=""]""","=""0.0000000000014""","=""0.000000015759""","=""L22715c201"""
"=""1s.21d""","=""1D""","=""2""","=""[""","=""24.5565351408426""","=""]""","=""0.0000000000010""","=""0.000002247663""","=""L22715c201"""
"=""1s.21f""","=""3F*""","=""3""","=""[""","=""24.5565400235702""","=""]""","=""0.0000000000005""","=""0.000004882728""","=""L22715c201"""
"=""1s.21f""","=""3F*""","=""4""","=""[""","=""24.55654002722019""","=""]""","=""0.00000000000025""","=""0.0000000036500""","=""L22715c201"""
"=""1s.21f""","=""3F*""","=""2""","=""[""","=""24.55654003459341""","=""]""","=""0.00000000000025""","=""0.0000000073732""","=""L22715c201"""
"=""1s.21f""","=""1F*""","=""3""","=""[""","=""24.5565400477051""","=""]""","=""0.0000000000005""","=""0.0000000131117""","=""L22715c201"""
"=""1s.21g""","=""3G""","=""4""","=""[""","=""24.55654095717917""","=""]""","=""0.00000000000025""","=""0.0000009094741""","=""L22715c201"""
"=""1s.21g""","=""3G""","=""5""","=""[""","=""24.55654096179770""","=""]""","=""0.00000000000025""","=""0.0000000046185""","=""L22715c201"""
"=""1s.21g""","=""3G""","=""3""","=""[""","=""24.55654096601155""","=""]""","=""0.00000000000025""","=""0.0000000042138""","=""L22715c201"""
"=""1s.21g""","=""1G""","=""4""","=""[""","=""24.55654096886802""","=""]""","=""0.00000000000025""","=""0.0000000028565""","=""L22715c201"""
"=""1s.21h""","=""3H*""","=""5""","=""[""","=""24.55654118672500""","=""]""","=""0.00000000000025""","=""0.0000002178570""","=""L22715c201"""
"=""1s.21h""","=""3H*""","=""6""","=""[""","=""24.55654118974451""","=""]""","=""0.00000000000025""","=""0.0000000030195""","=""L22715c201"""
"=""1s.21h""","=""3H*""","=""4""","=""[""","=""24.55654119248506""","=""]""","=""0.00000000000025""","=""0.0000000027405""","=""L22715c201"""
"=""1s.21h""","=""1H*""","=""5""","=""[""","=""24.55654119453030""","=""]""","=""0.00000000000025""","=""0.0000000020452""","=""L22715c201"""
"=""1s.21i""","=""3I""","=""6""","=""[""","=""24.55654126193121""","=""]""","=""0.00000000000025""","=""0.0000000674009""","=""L22715c201"""
"=""1s.21i""","=""3I""","=""7""","=""[""","=""24.55654126404923""","=""]""","=""0.00000000000025""","=""0.0000000021180""","=""L22715c201"""
"=""1s.21i""","=""3I""","=""5""","=""[""","=""24.55654126597905""","=""]""","=""0.00000000000025""","=""0.0000000019298""","=""L22715c201"""
"=""1s.21i""","=""1I""","=""6""","=""[""","=""24.55654126751224""","=""]""","=""0.00000000000025""","=""0.0000000015332""","=""L22715c201"""
"=""1s.21p""","=""1P*""","=""1""","=""[""","=""24.5565769200690""","=""]""","=""0.0000000000019""","=""0.0000356525568""","=""L22715c201"""
"=""1s.22s""","=""3S""","=""1""","=""[""","=""24.55850808692""","=""]""","=""0.00000000003""","=""0.00193116685""","=""L22715c201"""
"=""1s.22s""","=""1S""","=""0""","=""[""","=""24.55892134105""","=""]""","=""0.00000000003""","=""0.00041325413""","=""L22715c201"""
"=""1s.22p""","=""3P*""","=""2""","=""[""","=""24.559106538582""","=""]""","=""0.000000000011""","=""0.00018519753""","=""L22715c201"""
"=""1s.22p""","=""3P*""","=""1""","=""[""","=""24.559106544847""","=""]""","=""0.000000000010""","=""0.00000000627""","=""L22715c201"""
"=""1s.22p""","=""3P*""","=""0""","=""[""","=""24.559106621908""","=""]""","=""0.000000000011""","=""0.00000007706""","=""L22715c201"""
"=""1s.22d""","=""3D""","=""3""","=""[""","=""24.5592745737552""","=""]""","=""0.0000000000012""","=""0.000167951847""","=""L22715c201"""
"=""1s.22d""","=""3D""","=""2""","=""[""","=""24.5592745747420""","=""]""","=""0.0000000000012""","=""0.000000000987""","=""L22715c201"""
"=""1s.22d""","=""3D""","=""1""","=""[""","=""24.5592745884477""","=""]""","=""0.0000000000012""","=""0.000000013706""","=""L22715c201"""
"=""1s.22d""","=""1D""","=""2""","=""[""","=""24.5592765449833""","=""]""","=""0.0000000000009""","=""0.000001956536""","=""L22715c201"""
"=""1s.22f""","=""3F*""","=""3""","=""[""","=""24.5592807923584""","=""]""","=""0.0000000000005""","=""0.000004247375""","=""L22715c201"""
"=""1s.22f""","=""3F*""","=""4""","=""[""","=""24.55928079552667""","=""]""","=""0.00000000000025""","=""0.0000000031683""","=""L22715c201"""
"=""1s.22f""","=""3F*""","=""2""","=""[""","=""24.55928080193925""","=""]""","=""0.00000000000025""","=""0.0000000064126""","=""L22715c201"""
"=""1s.22f""","=""1F*""","=""3""","=""[""","=""24.5592808133681""","=""]""","=""0.0000000000004""","=""0.0000000114289""","=""L22715c201"""
"=""1s.22g""","=""3G""","=""4""","=""[""","=""24.55928160483365""","=""]""","=""0.00000000000025""","=""0.0000007914655""","=""L22715c201"""
"=""1s.22g""","=""3G""","=""5""","=""[""","=""24.55928160885036""","=""]""","=""0.00000000000025""","=""0.0000000040167""","=""L22715c201"""
"=""1s.22g""","=""3G""","=""3""","=""[""","=""24.55928161251521""","=""]""","=""0.00000000000025""","=""0.0000000036649""","=""L22715c201"""
"=""1s.22g""","=""1G""","=""4""","=""[""","=""24.55928161499998""","=""]""","=""0.00000000000025""","=""0.0000000024848""","=""L22715c201"""
"=""1s.22h""","=""3H*""","=""5""","=""[""","=""24.55928180466580""","=""]""","=""0.00000000000025""","=""0.0000001896658""","=""L22715c201"""
"=""1s.22h""","=""3H*""","=""6""","=""[""","=""24.55928180729191""","=""]""","=""0.00000000000025""","=""0.0000000026261""","=""L22715c201"""
"=""1s.22h""","=""3H*""","=""4""","=""[""","=""24.55928180967538""","=""]""","=""0.00000000000025""","=""0.0000000023835""","=""L22715c201"""
"=""1s.22h""","=""1H*""","=""5""","=""[""","=""24.55928181145418""","=""]""","=""0.00000000000025""","=""0.0000000017788""","=""L22715c201"""
"=""1s.22i""","=""3I""","=""6""","=""[""","=""24.55928187016429""","=""]""","=""0.00000000000025""","=""0.0000000587101""","=""L22715c201"""
"=""1s.22i""","=""3I""","=""7""","=""[""","=""24.55928187200633""","=""]""","=""0.00000000000025""","=""0.0000000018420""","=""L22715c201"""
"=""1s.22i""","=""3I""","=""5""","=""[""","=""24.55928187368470""","=""]""","=""0.00000000000025""","=""0.0000000016784""","=""L22715c201"""
"=""1s.22i""","=""1I""","=""6""","=""[""","=""24.55928187501828""","=""]""","=""0.00000000000025""","=""0.0000000013336""","=""L22715c201"""
"=""1s.22p""","=""1P*""","=""1""","=""[""","=""24.5593128887423""","=""]""","=""0.0000000000016""","=""0.0000310137240""","=""L22715c201"""
"=""1s.23s""","=""3S""","=""1""","=""[""","=""24.560996280408""","=""]""","=""0.000000000022""","=""0.00168339167""","=""L22715c201"""
"=""1s.23s""","=""1S""","=""0""","=""[""","=""24.56135746346""","=""]""","=""0.00000000003""","=""0.00036118305""","=""L22715c201"""
"=""1s.23p""","=""3P*""","=""2""","=""[""","=""24.561519420492""","=""]""","=""0.000000000009""","=""0.00016195703""","=""L22715c201"""
"=""1s.23p""","=""3P*""","=""1""","=""[""","=""24.561519425972""","=""]""","=""0.000000000009""","=""0.00000000548""","=""L22715c201"""
"=""1s.23p""","=""3P*""","=""0""","=""[""","=""24.561519493381""","=""]""","=""0.000000000010""","=""0.00000006741""","=""L22715c201"""
"=""1s.23d""","=""3D""","=""3""","=""[""","=""24.5616664509983""","=""]""","=""0.0000000000011""","=""0.000146957617""","=""L22715c201"""
"=""1s.23d""","=""3D""","=""2""","=""[""","=""24.5616664518621""","=""]""","=""0.0000000000011""","=""0.000000000864""","=""L22715c201"""
"=""1s.23d""","=""3D""","=""1""","=""[""","=""24.5616664638563""","=""]""","=""0.0000000000011""","=""0.000000011994""","=""L22715c201"""
"=""1s.23d""","=""1D""","=""2""","=""[""","=""24.5616681773862""","=""]""","=""0.0000000000007""","=""0.000001713530""","=""L22715c201"""
"=""1s.23f""","=""3F*""","=""3""","=""[""","=""24.5616718950023""","=""]""","=""0.0000000000005""","=""0.0000037176161""","=""L22715c201"""
"=""1s.23f""","=""3F*""","=""4""","=""[""","=""24.56167189777009""","=""]""","=""0.00000000000025""","=""0.0000000027678""","=""L22715c201"""
"=""1s.23f""","=""3F*""","=""2""","=""[""","=""24.56167190338211""","=""]""","=""0.00000000000025""","=""0.0000000056120""","=""L22715c201"""
"=""1s.23f""","=""1F*""","=""3""","=""[""","=""24.5616719134033""","=""]""","=""0.0000000000004""","=""0.0000000100212""","=""L22715c201"""
"=""1s.23g""","=""3G""","=""4""","=""[""","=""24.56167260640773""","=""]""","=""0.00000000000025""","=""0.0000006930044""","=""L22715c201"""
"=""1s.23g""","=""3G""","=""5""","=""[""","=""24.56167260992293""","=""]""","=""0.00000000000025""","=""0.0000000035152""","=""L22715c201"""
"=""1s.23g""","=""3G""","=""3""","=""[""","=""24.56167261313027""","=""]""","=""0.00000000000025""","=""0.0000000032073""","=""L22715c201"""
"=""1s.23g""","=""1G""","=""4""","=""[""","=""24.56167261530483""","=""]""","=""0.00000000000025""","=""0.0000000021746""","=""L22715c201"""
"=""1s.23h""","=""3H*""","=""5""","=""[""","=""24.56167278143424""","=""]""","=""0.00000000000025""","=""0.0000001661294""","=""L22715c201"""
"=""1s.23h""","=""3H*""","=""6""","=""[""","=""24.56167278373253""","=""]""","=""0.00000000000025""","=""0.0000000022983""","=""L22715c201"""
"=""1s.23h""","=""3H*""","=""4""","=""[""","=""24.56167278581844""","=""]""","=""0.00000000000025""","=""0.0000000020859""","=""L22715c201"""
"=""1s.23h""","=""1H*""","=""5""","=""[""","=""24.56167278737518""","=""]""","=""0.00000000000025""","=""0.0000000015567""","=""L22715c201"""
"=""1s.23i""","=""3I""","=""6""","=""[""","=""24.56167283882329""","=""]""","=""0.00000000000025""","=""0.0000000514481""","=""L22715c201"""
"=""1s.23i""","=""3I""","=""7""","=""[""","=""24.56167284043534""","=""]""","=""0.00000000000025""","=""0.0000000016120""","=""L22715c201"""
"=""1s.23i""","=""3I""","=""5""","=""[""","=""24.56167284190418""","=""]""","=""0.00000000000025""","=""0.0000000014688""","=""L22715c201"""
"=""1s.23i""","=""1I""","=""6""","=""[""","=""24.56167284307112""","=""]""","=""0.00000000000025""","=""0.0000000011669""","=""L22715c201"""
"=""1s.23p""","=""1P*""","=""1""","=""[""","=""24.5616999889025""","=""]""","=""0.0000000000015""","=""0.0000271458314""","=""L22715c201"""
"=""1s.24s""","=""3S""","=""1""","=""[""","=""24.563176245141""","=""]""","=""0.000000000020""","=""0.00147625624""","=""L22715c201"""
"=""1s.24s""","=""1S""","=""0""","=""[""","=""24.563493750576""","=""]""","=""0.000000000024""","=""0.00031750543""","=""L22715c201"""
"=""1s.24p""","=""3P*""","=""2""","=""[""","=""24.563636199254""","=""]""","=""0.000000000008""","=""0.00014244868""","=""L22715c201"""
"=""1s.24p""","=""3P*""","=""1""","=""[""","=""24.563636204075""","=""]""","=""0.000000000008""","=""0.00000000482""","=""L22715c201"""
"=""1s.24p""","=""3P*""","=""0""","=""[""","=""24.563636263378""","=""]""","=""0.000000000009""","=""0.00000005930""","=""L22715c201"""
"=""1s.24d""","=""3D""","=""3""","=""[""","=""24.5637655848143""","=""]""","=""0.0000000000010""","=""0.000129321436""","=""L22715c201"""
"=""1s.24d""","=""3D""","=""2""","=""[""","=""24.5637655855747""","=""]""","=""0.0000000000010""","=""0.000000000760""","=""L22715c201"""
"=""1s.24d""","=""3D""","=""1""","=""[""","=""24.5637655961309""","=""]""","=""0.0000000000010""","=""0.000000010556""","=""L22715c201"""
"=""1s.24d""","=""1D""","=""2""","=""[""","=""24.5637671052423""","=""]""","=""0.0000000000007""","=""0.000001509111""","=""L22715c201"""
"=""1s.24f""","=""3F*""","=""3""","=""[""","=""24.5637703776417""","=""]""","=""0.0000000000004""","=""0.0000032723994""","=""L22715c201"""
"=""1s.24f""","=""3F*""","=""4""","=""[""","=""24.56377038007413""","=""]""","=""0.00000000000025""","=""0.0000000024324""","=""L22715c201"""
"=""1s.24f""","=""3F*""","=""2""","=""[""","=""24.56377038501341""","=""]""","=""0.00000000000025""","=""0.0000000049393""","=""L22715c201"""
"=""1s.24f""","=""1F*""","=""3""","=""[""","=""24.5637703938482""","=""]""","=""0.0000000000004""","=""0.0000000088348""","=""L22715c201"""
"=""1s.24g""","=""3G""","=""4""","=""[""","=""24.56377100405684""","=""]""","=""0.00000000000025""","=""0.0000006102086""","=""L22715c201"""
"=""1s.24g""","=""3G""","=""5""","=""[""","=""24.56377100715062""","=""]""","=""0.00000000000025""","=""0.0000000030938""","=""L22715c201"""
"=""1s.24g""","=""3G""","=""3""","=""[""","=""24.56377100997349""","=""]""","=""0.00000000000025""","=""0.0000000028229""","=""L22715c201"""
"=""1s.24g""","=""1G""","=""4""","=""[""","=""24.56377101188744""","=""]""","=""0.00000000000025""","=""0.0000000019139""","=""L22715c201"""
"=""1s.24h""","=""3H*""","=""5""","=""[""","=""24.56377115821408""","=""]""","=""0.00000000000025""","=""0.0000001463266""","=""L22715c201"""
"=""1s.24h""","=""3H*""","=""6""","=""[""","=""24.56377116023689""","=""]""","=""0.00000000000025""","=""0.0000000020228""","=""L22715c201"""
"=""1s.24h""","=""3H*""","=""4""","=""[""","=""24.56377116207272""","=""]""","=""0.00000000000025""","=""0.0000000018358""","=""L22715c201"""
"=""1s.24h""","=""1H*""","=""5""","=""[""","=""24.56377116344287""","=""]""","=""0.00000000000025""","=""0.0000000013702""","=""L22715c201"""
"=""1s.24i""","=""3I""","=""6""","=""[""","=""24.56377120877645""","=""]""","=""0.00000000000025""","=""0.0000000453336""","=""L22715c201"""
"=""1s.24i""","=""3I""","=""7""","=""[""","=""24.56377121019533""","=""]""","=""0.00000000000025""","=""0.0000000014189""","=""L22715c201"""
"=""1s.24i""","=""3I""","=""5""","=""[""","=""24.56377121148811""","=""]""","=""0.00000000000025""","=""0.0000000012928""","=""L22715c201"""
"=""1s.24i""","=""1I""","=""6""","=""[""","=""24.56377121251520""","=""]""","=""0.00000000000025""","=""0.0000000010271""","=""L22715c201"""
"=""1s.24p""","=""1P*""","=""1""","=""[""","=""24.5637951076943""","=""]""","=""0.0000000000014""","=""0.0000238951791""","=""L22715c201"""
"=""1s.25s""","=""3S""","=""1""","=""[""","=""24.565096865986""","=""]""","=""0.000000000017""","=""0.00130175829""","=""L22715c201"""
"=""1s.25s""","=""1S""","=""0""","=""[""","=""24.565377461944""","=""]""","=""0.000000000021""","=""0.00028059596""","=""L22715c201"""
"=""1s.25p""","=""3P*""","=""2""","=""[""","=""24.565503414208""","=""]""","=""0.000000000007""","=""0.00012595226""","=""L22715c201"""
"=""1s.25p""","=""3P*""","=""1""","=""[""","=""24.565503418471""","=""]""","=""0.000000000007""","=""0.000000004263""","=""L22715c201"""
"=""1s.25p""","=""3P*""","=""0""","=""[""","=""24.565503470918""","=""]""","=""0.000000000008""","=""0.00000005245""","=""L22715c201"""
"=""1s.25d""","=""3D""","=""3""","=""[""","=""24.5656178688224""","=""]""","=""0.0000000000009""","=""0.000114397904""","=""L22715c201"""
"=""1s.25d""","=""3D""","=""2""","=""[""","=""24.5656178694953""","=""]""","=""0.0000000000009""","=""0.000000000673""","=""L22715c201"""
"=""1s.25d""","=""3D""","=""1""","=""[""","=""24.5656178788346""","=""]""","=""0.0000000000009""","=""0.000000009339""","=""L22715c201"""
"=""1s.25d""","=""1D""","=""2""","=""[""","=""24.5656192147580""","=""]""","=""0.0000000000006""","=""0.000001335923""","=""L22715c201"""
"=""1s.25f""","=""3F*""","=""3""","=""[""","=""24.5656221102725""","=""]""","=""0.0000000000004""","=""0.0000028955145""","=""L22715c201"""
"=""1s.25f""","=""3F*""","=""4""","=""[""","=""24.56562211242163""","=""]""","=""0.00000000000025""","=""0.0000000021491""","=""L22715c201"""
"=""1s.25f""","=""3F*""","=""2""","=""[""","=""24.56562211679146""","=""]""","=""0.00000000000025""","=""0.0000000043698""","=""L22715c201"""
"=""1s.25f""","=""1F*""","=""3""","=""[""","=""24.56562212461957""","=""]""","=""0.00000000000025""","=""0.0000000078281""","=""L22715c201"""
"=""1s.25g""","=""3G""","=""4""","=""[""","=""24.56562266470429""","=""]""","=""0.00000000000025""","=""0.0000005400847""","=""L22715c201"""
"=""1s.25g""","=""3G""","=""5""","=""[""","=""24.56562266744136""","=""]""","=""0.00000000000025""","=""0.0000000027371""","=""L22715c201"""
"=""1s.25g""","=""3G""","=""3""","=""[""","=""24.56562266993890""","=""]""","=""0.00000000000025""","=""0.0000000024975""","=""L22715c201"""
"=""1s.25g""","=""1G""","=""4""","=""[""","=""24.56562267163228""","=""]""","=""0.00000000000025""","=""0.0000000016934""","=""L22715c201"""
"=""1s.25h""","=""3H*""","=""5""","=""[""","=""24.56562280117866""","=""]""","=""0.00000000000025""","=""0.0000001295464""","=""L22715c201"""
"=""1s.25h""","=""3H*""","=""6""","=""[""","=""24.56562280296836""","=""]""","=""0.00000000000025""","=""0.0000000017897""","=""L22715c201"""
"=""1s.25h""","=""3H*""","=""4""","=""[""","=""24.56562280459268""","=""]""","=""0.00000000000025""","=""0.0000000016243""","=""L22715c201"""
"=""1s.25h""","=""1H*""","=""5""","=""[""","=""24.56562280580487""","=""]""","=""0.00000000000025""","=""0.0000000012122""","=""L22715c201"""
"=""1s.25i""","=""3I""","=""6""","=""[""","=""24.56562284595393""","=""]""","=""0.00000000000025""","=""0.0000000401491""","=""L22715c201"""
"=""1s.25i""","=""3I""","=""7""","=""[""","=""24.56562284720915""","=""]""","=""0.00000000000025""","=""0.0000000012552""","=""L22715c201"""
"=""1s.25i""","=""3I""","=""5""","=""[""","=""24.56562284835291""","=""]""","=""0.00000000000025""","=""0.0000000011438""","=""L22715c201"""
"=""1s.25i""","=""1I""","=""6""","=""[""","=""24.56562284926171""","=""]""","=""0.00000000000025""","=""0.0000000009088""","=""L22715c201"""
"=""1s.25p""","=""1P*""","=""1""","=""[""","=""24.5656439926761""","=""]""","=""0.0000000000011""","=""0.0000211434144""","=""L22715c201"""
"=""1s.26s""","=""3S""","=""1""","=""[""","=""24.566797707089""","=""]""","=""0.000000000016""","=""0.00115371441""","=""L22715c201"""
"=""1s.26s""","=""1S""","=""0""","=""[""","=""24.567046899898""","=""]""","=""0.000000000019""","=""0.00024919281""","=""L22715c201"""
"=""1s.26p""","=""3P*""","=""2""","=""[""","=""24.567158808062""","=""]""","=""0.000000000007""","=""0.00011190816""","=""L22715c201"""
"=""1s.26p""","=""3P*""","=""1""","=""[""","=""24.567158811850""","=""]""","=""0.000000000007""","=""0.000000003788""","=""L22715c201"""
"=""1s.26p""","=""3P*""","=""0""","=""[""","=""24.567158858459""","=""]""","=""0.000000000007""","=""0.000000046609""","=""L22715c201"""
"=""1s.26d""","=""3D""","=""3""","=""[""","=""24.5672605433840""","=""]""","=""0.0000000000009""","=""0.000101684925""","=""L22715c201"""
"=""1s.26d""","=""3D""","=""2""","=""[""","=""24.5672605439822""","=""]""","=""0.0000000000009""","=""0.000000000598""","=""L22715c201"""
"=""1s.26d""","=""3D""","=""1""","=""[""","=""24.5672605522847""","=""]""","=""0.0000000000009""","=""0.000000008303""","=""L22715c201"""
"=""1s.26d""","=""1D""","=""2""","=""[""","=""24.5672617405129""","=""]""","=""0.0000000000006""","=""0.000001188228""","=""L22715c201"""
"=""1s.26f""","=""3F*""","=""3""","=""[""","=""24.5672643148546""","=""]""","=""0.0000000000004""","=""0.0000025743417""","=""L22715c201"""
"=""1s.26f""","=""3F*""","=""4""","=""[""","=""24.56726431676283""","=""]""","=""0.00000000000025""","=""0.0000000019082""","=""L22715c201"""
"=""1s.26f""","=""3F*""","=""2""","=""[""","=""24.56726432064762""","=""]""","=""0.00000000000025""","=""0.0000000038848""","=""L22715c201"""
"=""1s.26f""","=""1F*""","=""3""","=""[""","=""24.56726432761591""","=""]""","=""0.00000000000025""","=""0.0000000069683""","=""L22715c201"""
"=""1s.26g""","=""3G""","=""4""","=""[""","=""24.56726480791557""","=""]""","=""0.00000000000025""","=""0.0000004802997""","=""L22715c201"""
"=""1s.26g""","=""3G""","=""5""","=""[""","=""24.56726481034876""","=""]""","=""0.00000000000025""","=""0.0000000024332""","=""L22715c201"""
"=""1s.26g""","=""3G""","=""3""","=""[""","=""24.56726481256906""","=""]""","=""0.00000000000025""","=""0.0000000022203""","=""L22715c201"""
"=""1s.26g""","=""1G""","=""4""","=""[""","=""24.56726481407461""","=""]""","=""0.00000000000025""","=""0.0000000015055""","=""L22715c201"""
"=""1s.26h""","=""3H*""","=""5""","=""[""","=""24.56726492930875""","=""]""","=""0.00000000000025""","=""0.0000001152341""","=""L22715c201"""
"=""1s.26h""","=""3H*""","=""6""","=""[""","=""24.56726493089971""","=""]""","=""0.00000000000025""","=""0.0000000015910""","=""L22715c201"""
"=""1s.26h""","=""3H*""","=""4""","=""[""","=""24.56726493234363""","=""]""","=""0.00000000000025""","=""0.0000000014439""","=""L22715c201"""
"=""1s.26h""","=""1H*""","=""5""","=""[""","=""24.56726493342130""","=""]""","=""0.00000000000025""","=""0.0000000010777""","=""L22715c201"""
"=""1s.26i""","=""3I""","=""6""","=""[""","=""24.56726496914586""","=""]""","=""0.00000000000025""","=""0.0000000357246""","=""L22715c201"""
"=""1s.26i""","=""3I""","=""7""","=""[""","=""24.56726497026171""","=""]""","=""0.00000000000025""","=""0.0000000011159""","=""L22715c201"""
"=""1s.26i""","=""3I""","=""5""","=""[""","=""24.56726497127851""","=""]""","=""0.00000000000025""","=""0.0000000010168""","=""L22715c201"""
"=""1s.26i""","=""1I""","=""6""","=""[""","=""24.56726497208639""","=""]""","=""0.00000000000025""","=""0.0000000008079""","=""L22715c201"""
"=""1s.26p""","=""1P*""","=""1""","=""[""","=""24.5672837704877""","=""]""","=""0.0000000000011""","=""0.0000187984013""","=""L22715c201"""
"=""1s.27s""","=""3S""","=""1""","=""[""","=""24.568311065912""","=""]""","=""0.000000000015""","=""0.00102729542""","=""L22715c201"""
"=""1s.27s""","=""1S""","=""0""","=""[""","=""24.568533372188""","=""]""","=""0.000000000017""","=""0.00022230628""","=""L22715c201"""
"=""1s.27p""","=""3P*""","=""2""","=""[""","=""24.568633249232""","=""]""","=""0.000000000006""","=""0.00009987704""","=""L22715c201"""
"=""1s.27p""","=""3P*""","=""1""","=""[""","=""24.568633252613""","=""]""","=""0.000000000006""","=""0.000000003381""","=""L22715c201"""
"=""1s.27p""","=""3P*""","=""0""","=""[""","=""24.568633294219""","=""]""","=""0.000000000006""","=""0.000000041606""","=""L22715c201"""
"=""1s.27d""","=""3D""","=""3""","=""[""","=""24.5687240821339""","=""]""","=""0.0000000000007""","=""0.000090787915""","=""L22715c201"""
"=""1s.27d""","=""3D""","=""2""","=""[""","=""24.5687240826682""","=""]""","=""0.0000000000007""","=""0.0000000005343""","=""L22715c201"""
"=""1s.27d""","=""3D""","=""1""","=""[""","=""24.5687240900818""","=""]""","=""0.0000000000007""","=""0.0000000074136""","=""L22715c201"""
"=""1s.27d""","=""1D""","=""2""","=""[""","=""24.5687251515888""","=""]""","=""0.0000000000005""","=""0.0000010615070""","=""L22715c201"""
"=""1s.27f""","=""3F*""","=""3""","=""[""","=""24.56872745054607""","=""]""","=""0.00000000000025""","=""0.0000022989573""","=""L22715c201"""
"=""1s.27f""","=""3F*""","=""4""","=""[""","=""24.56872745224825""","=""]""","=""0.00000000000025""","=""0.0000000017022""","=""L22715c201"""
"=""1s.27f""","=""3F*""","=""2""","=""[""","=""24.56872745571721""","=""]""","=""0.00000000000025""","=""0.0000000034690""","=""L22715c201"""
"=""1s.27f""","=""1F*""","=""3""","=""[""","=""24.56872746194679""","=""]""","=""0.00000000000025""","=""0.0000000062296""","=""L22715c201"""
"=""1s.27g""","=""3G""","=""4""","=""[""","=""24.56872789096436""","=""]""","=""0.00000000000025""","=""0.0000004290176""","=""L22715c201"""
"=""1s.27g""","=""3G""","=""5""","=""[""","=""24.56872789313705""","=""]""","=""0.00000000000025""","=""0.0000000021727""","=""L22715c201"""
"=""1s.27g""","=""3G""","=""3""","=""[""","=""24.56872789511969""","=""]""","=""0.00000000000025""","=""0.0000000019826""","=""L22715c201"""
"=""1s.27g""","=""1G""","=""4""","=""[""","=""24.56872789646405""","=""]""","=""0.00000000000025""","=""0.0000000013444""","=""L22715c201"""
"=""1s.27h""","=""3H*""","=""5""","=""[""","=""24.56872799941668""","=""]""","=""0.00000000000025""","=""0.0000001029526""","=""L22715c201"""
"=""1s.27h""","=""3H*""","=""6""","=""[""","=""24.56872800083729""","=""]""","=""0.00000000000025""","=""0.0000000014206""","=""L22715c201"""
"=""1s.27h""","=""3H*""","=""4""","=""[""","=""24.56872800212673""","=""]""","=""0.00000000000025""","=""0.0000000012894""","=""L22715c201"""
"=""1s.27h""","=""1H*""","=""5""","=""[""","=""24.56872800308897""","=""]""","=""0.00000000000025""","=""0.0000000009622""","=""L22715c201"""
"=""1s.27i""","=""3I""","=""6""","=""[""","=""24.56872803501490""","=""]""","=""0.00000000000025""","=""0.0000000319259""","=""L22715c201"""
"=""1s.27i""","=""3I""","=""7""","=""[""","=""24.56872803601149""","=""]""","=""0.00000000000025""","=""0.0000000009966""","=""L22715c201"""
"=""1s.27i""","=""3I""","=""5""","=""[""","=""24.56872803691942""","=""]""","=""0.00000000000025""","=""0.0000000009079""","=""L22715c201"""
"=""1s.27i""","=""1I""","=""6""","=""[""","=""24.56872803764076""","=""]""","=""0.00000000000025""","=""0.0000000007213""","=""L22715c201"""
"=""1s.27p""","=""1P*""","=""1""","=""[""","=""24.5687448253290""","=""]""","=""0.0000000000010""","=""0.0000167876882""","=""L22715c201"""
"=""1s.28s""","=""3S""","=""1""","=""[""","=""24.569663517927""","=""]""","=""0.000000000012""","=""0.00091869260""","=""L22715c201"""
"=""1s.28s""","=""1S""","=""0""","=""[""","=""24.569862670594""","=""]""","=""0.000000000015""","=""0.00019915267""","=""L22715c201"""
"=""1s.28p""","=""3P*""","=""2""","=""[""","=""24.569952181343""","=""]""","=""0.000000000005""","=""0.00008951075""","=""L22715c201"""
"=""1s.28p""","=""3P*""","=""1""","=""[""","=""24.569952184374""","=""]""","=""0.000000000005""","=""0.000000003031""","=""L22715c201"""
"=""1s.28p""","=""3P*""","=""0""","=""[""","=""24.569952221667""","=""]""","=""0.000000000006""","=""0.000000037293""","=""L22715c201"""
"=""1s.28d""","=""3D""","=""3""","=""[""","=""24.5700336155463""","=""]""","=""0.0000000000006""","=""0.000081393879""","=""L22715c201"""
"=""1s.28d""","=""3D""","=""2""","=""[""","=""24.5700336160254""","=""]""","=""0.0000000000006""","=""0.0000000004791""","=""L22715c201"""
"=""1s.28d""","=""3D""","=""1""","=""[""","=""24.5700336226726""","=""]""","=""0.0000000000006""","=""0.0000000066472""","=""L22715c201"""
"=""1s.28d""","=""1D""","=""2""","=""[""","=""24.5700345748407""","=""]""","=""0.0000000000005""","=""0.0000009521681""","=""L22715c201"""
"=""1s.28f""","=""3F*""","=""3""","=""[""","=""24.57003663632574""","=""]""","=""0.00000000000025""","=""0.0000020614850""","=""L22715c201"""
"=""1s.28f""","=""3F*""","=""4""","=""[""","=""24.57003663785049""","=""]""","=""0.00000000000025""","=""0.0000000015248""","=""L22715c201"""
"=""1s.28f""","=""3F*""","=""2""","=""[""","=""24.57003664096088""","=""]""","=""0.00000000000025""","=""0.0000000031104""","=""L22715c201"""
"=""1s.28f""","=""1F*""","=""3""","=""[""","=""24.57003664655245""","=""]""","=""0.00000000000025""","=""0.0000000055916""","=""L22715c201"""
"=""1s.28g""","=""3G""","=""4""","=""[""","=""24.57003703133207""","=""]""","=""0.00000000000025""","=""0.0000003847796""","=""L22715c201"""
"=""1s.28g""","=""3G""","=""5""","=""[""","=""24.57003703328024""","=""]""","=""0.00000000000025""","=""0.0000000019482""","=""L22715c201"""
"=""1s.28g""","=""3G""","=""3""","=""[""","=""24.57003703505793""","=""]""","=""0.00000000000025""","=""0.0000000017777""","=""L22715c201"""
"=""1s.28g""","=""1G""","=""4""","=""[""","=""24.57003703626330""","=""]""","=""0.00000000000025""","=""0.0000000012054""","=""L22715c201"""
"=""1s.28h""","=""3H*""","=""5""","=""[""","=""24.57003712861789""","=""]""","=""0.00000000000025""","=""0.0000000923546""","=""L22715c201"""
"=""1s.28h""","=""3H*""","=""6""","=""[""","=""24.57003712989170""","=""]""","=""0.00000000000025""","=""0.0000000012738""","=""L22715c201"""
"=""1s.28h""","=""3H*""","=""4""","=""[""","=""24.57003713104785""","=""]""","=""0.00000000000025""","=""0.0000000011562""","=""L22715c201"""
"=""1s.28h""","=""1H*""","=""5""","=""[""","=""24.57003713191066""","=""]""","=""0.00000000000025""","=""0.0000000008628""","=""L22715c201"""
"=""1s.28i""","=""3I""","=""6""","=""[""","=""24.57003716055721""","=""]""","=""0.00000000000025""","=""0.0000000286466""","=""L22715c201"""
"=""1s.28i""","=""3I""","=""7""","=""[""","=""24.57003716145064""","=""]""","=""0.00000000000025""","=""0.0000000008934""","=""L22715c201"""
"=""1s.28i""","=""3I""","=""5""","=""[""","=""24.57003716226472""","=""]""","=""0.00000000000025""","=""0.0000000008141""","=""L22715c201"""
"=""1s.28i""","=""1I""","=""6""","=""[""","=""24.57003716291154""","=""]""","=""0.00000000000025""","=""0.0000000006468""","=""L22715c201"""
"=""1s.28p""","=""1P*""","=""1""","=""[""","=""24.5700522166844""","=""]""","=""0.0000000000009""","=""0.0000150537729""","=""L22715c201"""
"=""1s.29s""","=""3S""","=""1""","=""[""","=""24.570877091365""","=""]""","=""0.000000000012""","=""0.00082487468""","=""L22715c201"""
"=""1s.29s""","=""1S""","=""0""","=""[""","=""24.571056197338""","=""]""","=""0.000000000014""","=""0.00017910597""","=""L22715c201"""
"=""1s.29p""","=""3P*""","=""2""","=""[""","=""24.571136728296""","=""]""","=""0.000000000005""","=""0.00008053096""","=""L22715c201"""
"=""1s.29p""","=""3P*""","=""1""","=""[""","=""24.571136731023""","=""]""","=""0.000000000005""","=""0.000000002727""","=""L22715c201"""
"=""1s.29p""","=""3P*""","=""0""","=""[""","=""24.571136764580""","=""]""","=""0.000000000005""","=""0.000000033557""","=""L22715c201"""
"=""1s.29d""","=""3D""","=""3""","=""[""","=""24.5712100169667""","=""]""","=""0.0000000000006""","=""0.000073252387""","=""L22715c201"""
"=""1s.29d""","=""3D""","=""2""","=""[""","=""24.5712100173980""","=""]""","=""0.0000000000006""","=""0.0000000004313""","=""L22715c201"""
"=""1s.29d""","=""3D""","=""1""","=""[""","=""24.5712100233809""","=""]""","=""0.0000000000006""","=""0.0000000059829""","=""L22715c201"""
"=""1s.29d""","=""1D""","=""2""","=""[""","=""24.5712108807138""","=""]""","=""0.0000000000004""","=""0.0000008573329""","=""L22715c201"""
"=""1s.29f""","=""3F*""","=""3""","=""[""","=""24.57121273633383""","=""]""","=""0.00000000000025""","=""0.0000018556200""","=""L22715c201"""
"=""1s.29f""","=""3F*""","=""4""","=""[""","=""24.57121273770497""","=""]""","=""0.00000000000025""","=""0.0000000013711""","=""L22715c201"""
"=""1s.29f""","=""3F*""","=""2""","=""[""","=""24.57121274050453""","=""]""","=""0.00000000000025""","=""0.0000000027996""","=""L22715c201"""
"=""1s.29f""","=""1F*""","=""3""","=""[""","=""24.57121274554213""","=""]""","=""0.00000000000025""","=""0.0000000050376""","=""L22715c201"""
"=""1s.29g""","=""3G""","=""4""","=""[""","=""24.57121309195956""","=""]""","=""0.00000000000025""","=""0.0000003464174""","=""L22715c201"""
"=""1s.29g""","=""3G""","=""5""","=""[""","=""24.57121309371307""","=""]""","=""0.00000000000025""","=""0.0000000017535""","=""L22715c201"""
"=""1s.29g""","=""3G""","=""3""","=""[""","=""24.57121309531309""","=""]""","=""0.00000000000025""","=""0.0000000016000""","=""L22715c201"""
"=""1s.29g""","=""1G""","=""4""","=""[""","=""24.57121309639820""","=""]""","=""0.00000000000025""","=""0.0000000010851""","=""L22715c201"""
"=""1s.29h""","=""3H*""","=""5""","=""[""","=""24.57121317955936""","=""]""","=""0.00000000000025""","=""0.0000000831612""","=""L22715c201"""
"=""1s.29h""","=""3H*""","=""6""","=""[""","=""24.57121318070597""","=""]""","=""0.00000000000025""","=""0.0000000011466""","=""L22715c201"""
"=""1s.29h""","=""3H*""","=""4""","=""[""","=""24.57121318174644""","=""]""","=""0.00000000000025""","=""0.0000000010405""","=""L22715c201"""
"=""1s.29h""","=""1H*""","=""5""","=""[""","=""24.57121318252308""","=""]""","=""0.00000000000025""","=""0.0000000007766""","=""L22715c201"""
"=""1s.29i""","=""3I""","=""6""","=""[""","=""24.57121320832382""","=""]""","=""0.00000000000025""","=""0.0000000258007""","=""L22715c201"""
"=""1s.29i""","=""3I""","=""7""","=""[""","=""24.57121320912798""","=""]""","=""0.00000000000025""","=""0.0000000008042""","=""L22715c201"""
"=""1s.29i""","=""3I""","=""5""","=""[""","=""24.57121320986073""","=""]""","=""0.00000000000025""","=""0.0000000007328""","=""L22715c201"""
"=""1s.29i""","=""1I""","=""6""","=""[""","=""24.57121321044296""","=""]""","=""0.00000000000025""","=""0.0000000005822""","=""L22715c201"""
"=""1s.29p""","=""1P*""","=""1""","=""[""","=""24.5712267610659""","=""]""","=""0.0000000000007""","=""0.0000135506229""","=""L22715c201"""
"=""1s.30s""","=""3S""","=""1""","=""[""","=""24.571970169921""","=""]""","=""0.000000000011""","=""0.00074340886""","=""L22715c201"""
"=""1s.30s""","=""1S""","=""0""","=""[""","=""24.572131831975""","=""]""","=""0.000000000012""","=""0.00016166205""","=""L22715c201"""
"=""1s.30p""","=""3P*""","=""2""","=""[""","=""24.572204545351""","=""]""","=""0.000000000004""","=""0.00007271338""","=""L22715c201"""
"=""1s.30p""","=""3P*""","=""1""","=""[""","=""24.572204547814""","=""]""","=""0.000000000004""","=""0.000000002463""","=""L22715c201"""
"=""1s.30p""","=""3P*""","=""0""","=""[""","=""24.572204578118""","=""]""","=""0.000000000005""","=""0.000000030304""","=""L22715c201"""
"=""1s.30d""","=""3D""","=""3""","=""[""","=""24.5722707395730""","=""]""","=""0.0000000000005""","=""0.000066161455""","=""L22715c201"""
"=""1s.30d""","=""3D""","=""2""","=""[""","=""24.5722707399626""","=""]""","=""0.0000000000005""","=""0.0000000003896""","=""L22715c201"""
"=""1s.30d""","=""3D""","=""1""","=""[""","=""24.5722707453667""","=""]""","=""0.0000000000005""","=""0.0000000054041""","=""L22715c201"""
"=""1s.30d""","=""1D""","=""2""","=""[""","=""24.5722715200426""","=""]""","=""0.0000000000004""","=""0.0000007746759""","=""L22715c201"""
"=""1s.30f""","=""3F*""","=""3""","=""[""","=""24.57227319631699""","=""]""","=""0.00000000000025""","=""0.0000016762744""","=""L22715c201"""
"=""1s.30f""","=""3F*""","=""4""","=""[""","=""24.57227319755460""","=""]""","=""0.00000000000025""","=""0.0000000012376""","=""L22715c201"""
"=""1s.30f""","=""3F*""","=""2""","=""[""","=""24.57227320008351""","=""]""","=""0.00000000000025""","=""0.0000000025289""","=""L22715c201"""
"=""1s.30f""","=""1F*""","=""3""","=""[""","=""24.57227320463770""","=""]""","=""0.00000000000025""","=""0.0000000045542""","=""L22715c201"""
"=""1s.30g""","=""3G""","=""4""","=""[""","=""24.57227351762527""","=""]""","=""0.00000000000025""","=""0.0000003129876""","=""L22715c201"""
"=""1s.30g""","=""3G""","=""5""","=""[""","=""24.57227351920917""","=""]""","=""0.00000000000025""","=""0.0000000015839""","=""L22715c201"""
"=""1s.30g""","=""3G""","=""3""","=""[""","=""24.57227352065445""","=""]""","=""0.00000000000025""","=""0.0000000014453""","=""L22715c201"""
"=""1s.30g""","=""1G""","=""4""","=""[""","=""24.57227352163454""","=""]""","=""0.00000000000025""","=""0.0000000009801""","=""L22715c201"""
"=""1s.30h""","=""3H*""","=""5""","=""[""","=""24.57227359678224""","=""]""","=""0.00000000000025""","=""0.0000000751477""","=""L22715c201"""
"=""1s.30h""","=""3H*""","=""6""","=""[""","=""24.57227359781800""","=""]""","=""0.00000000000025""","=""0.0000000010358""","=""L22715c201"""
"=""1s.30h""","=""3H*""","=""4""","=""[""","=""24.57227359875792""","=""]""","=""0.00000000000025""","=""0.0000000009399""","=""L22715c201"""
"=""1s.30h""","=""1H*""","=""5""","=""[""","=""24.57227359945942""","=""]""","=""0.00000000000025""","=""0.0000000007015""","=""L22715c201"""
"=""1s.30i""","=""3I""","=""6""","=""[""","=""24.57227362277862""","=""]""","=""0.00000000000025""","=""0.0000000233192""","=""L22715c201"""
"=""1s.30i""","=""3I""","=""7""","=""[""","=""24.57227362350504""","=""]""","=""0.00000000000025""","=""0.0000000007264""","=""L22715c201"""
"=""1s.30i""","=""3I""","=""5""","=""[""","=""24.57227362416699""","=""]""","=""0.00000000000025""","=""0.0000000006619""","=""L22715c201"""
"=""1s.30i""","=""1I""","=""6""","=""[""","=""24.57227362469293""","=""]""","=""0.00000000000025""","=""0.0000000005259""","=""L22715c201"""
"=""1s.30p""","=""1P*""","=""1""","=""[""","=""24.5722858657881""","=""]""","=""0.0000000000007""","=""0.0000122410952""","=""L22715c201"""
"=""1s.31s""","=""3S""","=""1""","=""[""","=""24.572958193102""","=""]""","=""0.000000000010""","=""0.00067232731""","=""L22715c201"""
"=""1s.31s""","=""1S""","=""0""","=""[""","=""24.573104604934""","=""]""","=""0.000000000012""","=""0.00014641183""","=""L22715c201"""
"=""1s.31p""","=""3P*""","=""2""","=""[""","=""24.573170480820""","=""]""","=""0.000000000004""","=""0.00006587589""","=""L22715c201"""
"=""1s.31p""","=""3P*""","=""1""","=""[""","=""24.573170483051""","=""]""","=""0.000000000004""","=""0.000000002231""","=""L22715c201"""
"=""1s.31p""","=""3P*""","=""0""","=""[""","=""24.573170510510""","=""]""","=""0.000000000004""","=""0.000000027459""","=""L22715c201"""
"=""1s.31d""","=""3D""","=""3""","=""[""","=""24.5732304674684""","=""]""","=""0.0000000000005""","=""0.000059956958""","=""L22715c201"""
"=""1s.31d""","=""3D""","=""2""","=""[""","=""24.5732304678216""","=""]""","=""0.0000000000005""","=""0.0000000003532""","=""L22715c201"""
"=""1s.31d""","=""3D""","=""1""","=""[""","=""24.5732304727194""","=""]""","=""0.0000000000005""","=""0.0000000048978""","=""L22715c201"""
"=""1s.31d""","=""1D""","=""2""","=""[""","=""24.5732311750238""","=""]""","=""0.0000000000004""","=""0.0000007023044""","=""L22715c201"""
"=""1s.31f""","=""3F*""","=""3""","=""[""","=""24.57323269433635""","=""]""","=""0.00000000000025""","=""0.0000015193126""","=""L22715c201"""
"=""1s.31f""","=""3F*""","=""4""","=""[""","=""24.57323269545730""","=""]""","=""0.00000000000025""","=""0.0000000011209""","=""L22715c201"""
"=""1s.31f""","=""3F*""","=""2""","=""[""","=""24.57323269774915""","=""]""","=""0.00000000000025""","=""0.0000000022919""","=""L22715c201"""
"=""1s.31f""","=""1F*""","=""3""","=""[""","=""24.57323270187993""","=""]""","=""0.00000000000025""","=""0.0000000041308""","=""L22715c201"""
"=""1s.31g""","=""3G""","=""4""","=""[""","=""24.57323298560227""","=""]""","=""0.00000000000025""","=""0.0000002837223""","=""L22715c201"""
"=""1s.31g""","=""3G""","=""5""","=""[""","=""24.57323298703776""","=""]""","=""0.00000000000025""","=""0.0000000014355""","=""L22715c201"""
"=""1s.31g""","=""3G""","=""3""","=""[""","=""24.57323298834765""","=""]""","=""0.00000000000025""","=""0.0000000013099""","=""L22715c201"""
"=""1s.31g""","=""1G""","=""4""","=""[""","=""24.57323298923600""","=""]""","=""0.00000000000025""","=""0.0000000008883""","=""L22715c201"""
"=""1s.31h""","=""3H*""","=""5""","=""[""","=""24.57323305736668""","=""]""","=""0.00000000000025""","=""0.0000000681307""","=""L22715c201"""
"=""1s.31h""","=""3H*""","=""6""","=""[""","=""24.57323305830536""","=""]""","=""0.00000000000025""","=""0.0000000009387""","=""L22715c201"""
"=""1s.31h""","=""3H*""","=""4""","=""[""","=""24.57323305915726""","=""]""","=""0.00000000000025""","=""0.0000000008519""","=""L22715c201"""
"=""1s.31h""","=""1H*""","=""5""","=""[""","=""24.57323305979305""","=""]""","=""0.00000000000025""","=""0.0000000006358""","=""L22715c201"""
"=""1s.31i""","=""3I""","=""6""","=""[""","=""24.57323308093868""","=""]""","=""0.00000000000025""","=""0.0000000211456""","=""L22715c201"""
"=""1s.31i""","=""3I""","=""7""","=""[""","=""24.57323308159704""","=""]""","=""0.00000000000025""","=""0.0000000006584""","=""L22715c201"""
"=""1s.31i""","=""3I""","=""5""","=""[""","=""24.57323308219700""","=""]""","=""0.00000000000025""","=""0.0000000006000""","=""L22715c201"""
"=""1s.31i""","=""1I""","=""6""","=""[""","=""24.57323308267359""","=""]""","=""0.00000000000025""","=""0.0000000004766""","=""L22715c201"""
"=""1s.31p""","=""1P*""","=""1""","=""[""","=""24.5732441776680""","=""]""","=""0.0000000000006""","=""0.0000110949944""","=""L22715c201"""
"=""1s.32s""","=""3S""","=""1""","=""[""","=""24.573854204444""","=""]""","=""0.000000000009""","=""0.000610026776""","=""L22715c201"""
"=""1s.32s""","=""1S""","=""0""","=""[""","=""24.573987225470""","=""]""","=""0.000000000011""","=""0.00013302103""","=""L22715c201"""
"=""1s.32p""","=""3P*""","=""2""","=""[""","=""24.574047095037""","=""]""","=""0.000000000004""","=""0.00005986957""","=""L22715c201"""
"=""1s.32p""","=""3P*""","=""1""","=""[""","=""24.574047097066""","=""]""","=""0.000000000004""","=""0.000000002029""","=""L22715c201"""
"=""1s.32p""","=""3P*""","=""0""","=""[""","=""24.574047122024""","=""]""","=""0.000000000004""","=""0.000000024958""","=""L22715c201"""
"=""1s.32d""","=""3D""","=""3""","=""[""","=""24.5741016266281""","=""]""","=""0.0000000000005""","=""0.000054504604""","=""L22715c201"""
"=""1s.32d""","=""3D""","=""2""","=""[""","=""24.5741016269493""","=""]""","=""0.0000000000005""","=""0.0000000003212""","=""L22715c201"""
"=""1s.32d""","=""3D""","=""1""","=""[""","=""24.5741016314020""","=""]""","=""0.0000000000005""","=""0.0000000044527""","=""L22715c201"""
"=""1s.32d""","=""1D""","=""2""","=""[""","=""24.5741022700706""","=""]""","=""0.0000000000004""","=""0.0000006386686""","=""L22715c201"""
"=""1s.32f""","=""3F*""","=""3""","=""[""","=""24.57410365141942""","=""]""","=""0.00000000000025""","=""0.0000013813488""","=""L22715c201"""
"=""1s.32f""","=""3F*""","=""4""","=""[""","=""24.57410365243783""","=""]""","=""0.00000000000025""","=""0.0000000010184""","=""L22715c201"""
"=""1s.32f""","=""3F*""","=""2""","=""[""","=""24.57410365452150""","=""]""","=""0.00000000000025""","=""0.0000000020837""","=""L22715c201"""
"=""1s.32f""","=""1F*""","=""3""","=""[""","=""24.57410365827959""","=""]""","=""0.00000000000025""","=""0.0000000037581""","=""L22715c201"""
"=""1s.32g""","=""3G""","=""4""","=""[""","=""24.57410391627285""","=""]""","=""0.00000000000025""","=""0.0000002579933""","=""L22715c201"""
"=""1s.32g""","=""3G""","=""5""","=""[""","=""24.57410391757792""","=""]""","=""0.00000000000025""","=""0.0000000013051""","=""L22715c201"""
"=""1s.32g""","=""3G""","=""3""","=""[""","=""24.57410391876878""","=""]""","=""0.00000000000025""","=""0.0000000011909""","=""L22715c201"""
"=""1s.32g""","=""1G""","=""4""","=""[""","=""24.57410391957641""","=""]""","=""0.00000000000025""","=""0.0000000008076""","=""L22715c201"""
"=""1s.32h""","=""3H*""","=""5""","=""[""","=""24.57410398153665""","=""]""","=""0.00000000000025""","=""0.0000000619602""","=""L22715c201"""
"=""1s.32h""","=""3H*""","=""6""","=""[""","=""24.57410398239003""","=""]""","=""0.00000000000025""","=""0.0000000008534""","=""L22715c201"""
"=""1s.32h""","=""3H*""","=""4""","=""[""","=""24.57410398316456""","=""]""","=""0.00000000000025""","=""0.0000000007745""","=""L22715c201"""
"=""1s.32h""","=""1H*""","=""5""","=""[""","=""24.57410398374257""","=""]""","=""0.00000000000025""","=""0.0000000005780""","=""L22715c201"""
"=""1s.32i""","=""3I""","=""6""","=""[""","=""24.57410400297625""","=""]""","=""0.00000000000025""","=""0.0000000192337""","=""L22715c201"""
"=""1s.32i""","=""3I""","=""7""","=""[""","=""24.57410400357484""","=""]""","=""0.00000000000025""","=""0.0000000005986""","=""L22715c201"""
"=""1s.32i""","=""3I""","=""5""","=""[""","=""24.57410400412025""","=""]""","=""0.00000000000025""","=""0.0000000005454""","=""L22715c201"""
"=""1s.32i""","=""1I""","=""6""","=""[""","=""24.57410400455357""","=""]""","=""0.00000000000025""","=""0.0000000004333""","=""L22715c201"""
"=""1s.32p""","=""1P*""","=""1""","=""[""","=""24.5741140921573""","=""]""","=""0.0000000000006""","=""0.0000100876037""","=""L22715c201"""
"=""1s.33s""","=""3S""","=""1""","=""[""","=""24.574669284234""","=""]""","=""0.000000000008""","=""0.000555192077""","=""L22715c201"""
"=""1s.33s""","=""1S""","=""0""","=""[""","=""24.574790498896""","=""]""","=""0.000000000010""","=""0.00012121466""","=""L22715c201"""
"=""1s.33p""","=""3P*""","=""2""","=""[""","=""24.574845070751""","=""]""","=""0.000000000003""","=""0.00005457185""","=""L22715c201"""
"=""1s.33p""","=""3P*""","=""1""","=""[""","=""24.574845072600""","=""]""","=""0.000000000003""","=""0.000000001849""","=""L22715c201"""
"=""1s.33p""","=""3P*""","=""0""","=""[""","=""24.574845095352""","=""]""","=""0.000000000004""","=""0.000000022752""","=""L22715c201"""
"=""1s.33d""","=""3D""","=""3""","=""[""","=""24.5748947891421""","=""]""","=""0.0000000000004""","=""0.000049693790""","=""L22715c201"""
"=""1s.33d""","=""3D""","=""2""","=""[""","=""24.5748947894349""","=""]""","=""0.0000000000004""","=""0.0000000002928""","=""L22715c201"""
"=""1s.33d""","=""3D""","=""1""","=""[""","=""24.5748947934950""","=""]""","=""0.0000000000004""","=""0.0000000040601""","=""L22715c201"""
"=""1s.33d""","=""1D""","=""2""","=""[""","=""24.57489537598439""","=""]""","=""0.00000000000025""","=""0.0000005824894""","=""L22715c201"""
"=""1s.33f""","=""3F*""","=""3""","=""[""","=""24.57489663557879""","=""]""","=""0.00000000000025""","=""0.0000012595944""","=""L22715c201"""
"=""1s.33f""","=""3F*""","=""4""","=""[""","=""24.57489663650681""","=""]""","=""0.00000000000025""","=""0.0000000009280""","=""L22715c201"""
"=""1s.33f""","=""3F*""","=""2""","=""[""","=""24.57489663840675""","=""]""","=""0.00000000000025""","=""0.0000000018999""","=""L22715c201"""
"=""1s.33f""","=""1F*""","=""3""","=""[""","=""24.57489664183565""","=""]""","=""0.00000000000025""","=""0.0000000034289""","=""L22715c201"""
"=""1s.33g""","=""3G""","=""4""","=""[""","=""24.57489687711774""","=""]""","=""0.00000000000025""","=""0.0000002352821""","=""L22715c201"""
"=""1s.33g""","=""3G""","=""5""","=""[""","=""24.57489687830762""","=""]""","=""0.00000000000025""","=""0.0000000011899""","=""L22715c201"""
"=""1s.33g""","=""3G""","=""3""","=""[""","=""24.57489687939347""","=""]""","=""0.00000000000025""","=""0.0000000010859""","=""L22715c201"""
"=""1s.33g""","=""1G""","=""4""","=""[""","=""24.57489688012993""","=""]""","=""0.00000000000025""","=""0.0000000007365""","=""L22715c201"""
"=""1s.33h""","=""3H*""","=""5""","=""[""","=""24.57489693664242""","=""]""","=""0.00000000000025""","=""0.0000000565125""","=""L22715c201"""
"=""1s.33h""","=""3H*""","=""6""","=""[""","=""24.57489693742055""","=""]""","=""0.00000000000025""","=""0.0000000007781""","=""L22715c201"""
"=""1s.33h""","=""3H*""","=""4""","=""[""","=""24.57489693812677""","=""]""","=""0.00000000000025""","=""0.0000000007062""","=""L22715c201"""
"=""1s.33h""","=""1H*""","=""5""","=""[""","=""24.57489693865382""","=""]""","=""0.00000000000025""","=""0.0000000005270""","=""L22715c201"""
"=""1s.33i""","=""3I""","=""6""","=""[""","=""24.57489695619907""","=""]""","=""0.00000000000025""","=""0.0000000175453""","=""L22715c201"""
"=""1s.33i""","=""3I""","=""7""","=""[""","=""24.57489695674485""","=""]""","=""0.00000000000025""","=""0.0000000005458""","=""L22715c201"""
"=""1s.33i""","=""3I""","=""5""","=""[""","=""24.57489695724215""","=""]""","=""0.00000000000025""","=""0.0000000004973""","=""L22715c201"""
"=""1s.33i""","=""1I""","=""6""","=""[""","=""24.57489695763729""","=""]""","=""0.00000000000025""","=""0.0000000003951""","=""L22715c201"""
"=""1s.33p""","=""1P*""","=""1""","=""[""","=""24.5749061561969""","=""]""","=""0.0000000000005""","=""0.0000091985596""","=""L22715c201"""
"=""1s.34s""","=""3S""","=""1""","=""[""","=""24.575412893719""","=""]""","=""0.000000000007""","=""0.000506737522""","=""L22715c201"""
"=""1s.34s""","=""1S""","=""0""","=""[""","=""24.575523658875""","=""]""","=""0.000000000009""","=""0.00011076516""","=""L22715c201"""
"=""1s.34p""","=""3P*""","=""2""","=""[""","=""24.575573540123""","=""]""","=""0.000000000003""","=""0.000049881248""","=""L22715c201"""
"=""1s.34p""","=""3P*""","=""1""","=""[""","=""24.575573541814""","=""]""","=""0.000000000003""","=""0.000000001691""","=""L22715c201"""
"=""1s.34p""","=""3P*""","=""0""","=""[""","=""24.575573562612""","=""]""","=""0.000000000003""","=""0.000000020798""","=""L22715c201"""
"=""1s.34d""","=""3D""","=""3""","=""[""","=""24.5756189954825""","=""]""","=""0.0000000000004""","=""0.000045432871""","=""L22715c201"""
"=""1s.34d""","=""3D""","=""2""","=""[""","=""24.5756189957502""","=""]""","=""0.0000000000004""","=""0.0000000002677""","=""L22715c201"""
"=""1s.34d""","=""3D""","=""1""","=""[""","=""24.5756189994624""","=""]""","=""0.0000000000004""","=""0.0000000037122""","=""L22715c201"""
"=""1s.34d""","=""1D""","=""2""","=""[""","=""24.57561953216943""","=""]""","=""0.00000000000025""","=""0.0000005327070""","=""L22715c201"""
"=""1s.34f""","=""3F*""","=""3""","=""[""","=""24.57562068390626""","=""]""","=""0.00000000000025""","=""0.0000011517368""","=""L22715c201"""
"=""1s.34f""","=""3F*""","=""4""","=""[""","=""24.57562068475431""","=""]""","=""0.00000000000025""","=""0.0000000008481""","=""L22715c201"""
"=""1s.34f""","=""3F*""","=""2""","=""[""","=""24.57562068649158""","=""]""","=""0.00000000000025""","=""0.0000000017373""","=""L22715c201"""
"=""1s.34f""","=""1F*""","=""3""","=""[""","=""24.57562068962851""","=""]""","=""0.00000000000025""","=""0.0000000031369""","=""L22715c201"""
"=""1s.34g""","=""3G""","=""4""","=""[""","=""24.57562090478771""","=""]""","=""0.00000000000025""","=""0.0000002151592""","=""L22715c201"""
"=""1s.34g""","=""3G""","=""5""","=""[""","=""24.57562090587567""","=""]""","=""0.00000000000025""","=""0.0000000010880""","=""L22715c201"""
"=""1s.34g""","=""3G""","=""3""","=""[""","=""24.57562090686853""","=""]""","=""0.00000000000025""","=""0.0000000009929""","=""L22715c201"""
"=""1s.34g""","=""1G""","=""4""","=""[""","=""24.57562090754189""","=""]""","=""0.00000000000025""","=""0.0000000006734""","=""L22715c201"""
"=""1s.34h""","=""3H*""","=""5""","=""[""","=""24.57562095922669""","=""]""","=""0.00000000000025""","=""0.0000000516848""","=""L22715c201"""
"=""1s.34h""","=""3H*""","=""6""","=""[""","=""24.57562095993811""","=""]""","=""0.00000000000025""","=""0.0000000007114""","=""L22715c201"""
"=""1s.34h""","=""3H*""","=""4""","=""[""","=""24.57562096058382""","=""]""","=""0.00000000000025""","=""0.0000000006457""","=""L22715c201"""
"=""1s.34h""","=""1H*""","=""5""","=""[""","=""24.57562096106575""","=""]""","=""0.00000000000025""","=""0.0000000004819""","=""L22715c201"""
"=""1s.34i""","=""3I""","=""6""","=""[""","=""24.57562097711426""","=""]""","=""0.00000000000025""","=""0.0000000160485""","=""L22715c201"""
"=""1s.34i""","=""3I""","=""7""","=""[""","=""24.57562097761330""","=""]""","=""0.00000000000025""","=""0.0000000004990""","=""L22715c201"""
"=""1s.34i""","=""3I""","=""5""","=""[""","=""24.57562097806795""","=""]""","=""0.00000000000025""","=""0.0000000004546""","=""L22715c201"""
"=""1s.34i""","=""1I""","=""6""","=""[""","=""24.57562097842924""","=""]""","=""0.00000000000025""","=""0.0000000003613""","=""L22715c201"""
"=""1s.34p""","=""1P*""","=""1""","=""[""","=""24.5756293894120""","=""]""","=""0.0000000000005""","=""0.0000084109828""","=""L22715c201"""
"=""1s.35s""","=""3S""","=""1""","=""[""","=""24.576093150917""","=""]""","=""0.000000000007""","=""0.000463761505""","=""L22715c201"""
"=""1s.35s""","=""1S""","=""0""","=""[""","=""24.576194633969""","=""]""","=""0.000000000008""","=""0.00010148305""","=""L22715c201"""
"=""1s.35p""","=""3P*""","=""2""","=""[""","=""24.576240347176""","=""]""","=""0.000000000003""","=""0.000045713207""","=""L22715c201"""
"=""1s.35p""","=""3P*""","=""1""","=""[""","=""24.576240348725""","=""]""","=""0.000000000003""","=""0.000000001549""","=""L22715c201"""
"=""1s.35p""","=""3P*""","=""0""","=""[""","=""24.576240367788""","=""]""","=""0.000000000003""","=""0.000000019063""","=""L22715c201"""
"=""1s.35d""","=""3D""","=""3""","=""[""","=""24.5762820132583""","=""]""","=""0.0000000000004""","=""0.000041645470""","=""L22715c201"""
"=""1s.35d""","=""3D""","=""2""","=""[""","=""24.5762820135037""","=""]""","=""0.0000000000004""","=""0.0000000002454""","=""L22715c201"""
"=""1s.35d""","=""3D""","=""1""","=""[""","=""24.5762820169067""","=""]""","=""0.0000000000004""","=""0.0000000034030""","=""L22715c201"""
"=""1s.35d""","=""1D""","=""2""","=""[""","=""24.57628250534329""","=""]""","=""0.00000000000025""","=""0.0000004884366""","=""L22715c201"""
"=""1s.35f""","=""3F*""","=""3""","=""[""","=""24.57628356119235""","=""]""","=""0.00000000000025""","=""0.0000010558491""","=""L22715c201"""
"=""1s.35f""","=""3F*""","=""4""","=""[""","=""24.57628356196936""","=""]""","=""0.00000000000025""","=""0.0000000007770""","=""L22715c201"""
"=""1s.35f""","=""3F*""","=""2""","=""[""","=""24.57628356356194""","=""]""","=""0.00000000000025""","=""0.0000000015926""","=""L22715c201"""
"=""1s.35f""","=""1F*""","=""3""","=""[""","=""24.57628356643899""","=""]""","=""0.00000000000025""","=""0.0000000028770""","=""L22715c201"""
"=""1s.35g""","=""3G""","=""4""","=""[""","=""24.57628376370554""","=""]""","=""0.00000000000025""","=""0.0000001972666""","=""L22715c201"""
"=""1s.35g""","=""3G""","=""5""","=""[""","=""24.57628376470286""","=""]""","=""0.00000000000025""","=""0.0000000009973""","=""L22715c201"""
"=""1s.35g""","=""3G""","=""3""","=""[""","=""24.57628376561303""","=""]""","=""0.00000000000025""","=""0.0000000009102""","=""L22715c201"""
"=""1s.35g""","=""1G""","=""4""","=""[""","=""24.57628376623035""","=""]""","=""0.00000000000025""","=""0.0000000006173""","=""L22715c201"""
"=""1s.35h""","=""3H*""","=""5""","=""[""","=""24.57628381362145""","=""]""","=""0.00000000000025""","=""0.0000000473911""","=""L22715c201"""
"=""1s.35h""","=""3H*""","=""6""","=""[""","=""24.57628381427373""","=""]""","=""0.00000000000025""","=""0.0000000006523""","=""L22715c201"""
"=""1s.35h""","=""3H*""","=""4""","=""[""","=""24.57628381486563""","=""]""","=""0.00000000000025""","=""0.0000000005919""","=""L22715c201"""
"=""1s.35h""","=""1H*""","=""5""","=""[""","=""24.57628381530739""","=""]""","=""0.00000000000025""","=""0.0000000004418""","=""L22715c201"""
"=""1s.35i""","=""3I""","=""6""","=""[""","=""24.57628383002456""","=""]""","=""0.00000000000025""","=""0.0000000147172""","=""L22715c201"""
"=""1s.35i""","=""3I""","=""7""","=""[""","=""24.57628383048206""","=""]""","=""0.00000000000025""","=""0.0000000004575""","=""L22715c201"""
"=""1s.35i""","=""3I""","=""5""","=""[""","=""24.57628383089889""","=""]""","=""0.00000000000025""","=""0.0000000004168""","=""L22715c201"""
"=""1s.35i""","=""1I""","=""6""","=""[""","=""24.57628383123006""","=""]""","=""0.00000000000025""","=""0.0000000003312""","=""L22715c201"""
"=""1s.35p""","=""1P*""","=""1""","=""[""","=""24.5762915420321""","=""]""","=""0.0000000000005""","=""0.0000077108020""","=""L22715c201"""
"=""He II (1s 2S<1/2>)""","=""Limit""","=""---""","=""""","=""24.587389011""","=""""","=""0.000000025""","=""""","=""L17714"""
"=""2s.2p""","=""3P*""","=""0,1,2""","=""""","=""58.311""","=""""","=""0.006""","=""33.724""","=""L1368"""
"=""2p2""","=""3P""","=""0,1,2""","=""""","=""59.67378""","=""""","=""0.00015""","=""1.363""","=""L1341"""
"=""2p.3p""","=""3D""","=""1,2,3""","=""""","=""63.119""","=""""","=""0.006""","=""3.445""","=""L1368"""
"=""2p.3d""","=""3D*""","=""1,2,3""","=""""","=""63.78658""","=""""","=""0.00015""","=""0.668""","=""L1368"""
"=""2p.3d""","=""3P*""","=""0,1,2""","=""""","=""64.0719""","=""""","=""0.0006""","=""0.2853""","=""L1368"""
