Configuration,Term,J,Prefix,Level (eV),Suffix,Uncertainty (eV),Splitting,Lande,Leading percentages,Reference
"=""4f4.6s2""","=""5I""","=""4""","=""""","=""0.0000000""","=""""","=""0""","=""""","=""0.60329""","=""  98             :     1                         3H4                  ""","=""L3974"""
"=""4f4.6s2""","=""5I""","=""5""","=""""","=""0.1398611""","=""""","=""""","=""0.1398611""","=""0.90047""","=""  99             :     1                         3H4                  ""","="""""
"=""4f4.6s2""","=""5I""","=""6""","=""""","=""0.2934206""","=""""","=""""","=""0.153559""","=""1.06991""","=""  99                                                                  ""","="""""
"=""4f4.6s2""","=""5I""","=""7""","=""""","=""0.4564721""","=""""","=""""","=""0.163052""","=""1.17538""","=""  98             :     1                         3K2                  ""","="""""
"=""4f4.6s2""","=""5I""","=""8""","=""""","=""0.6259469""","=""""","=""""","=""0.169475""","=""1.24527""","=""  96             :     3                         3K2                  ""","="""""
"=""4f3.(4I*).5d.6s2""","=""5L*""","=""10""","=""""","=""""","=""""","=""""","=""""","=""""","=""  99             :     1                         (2K*) 3M*            ""","="""""
"=""4f3.(4I*).5d.6s2""","=""5L*""","=""6""","=""""","=""0.8386553""","=""""","=""""","=""""","=""0.715""","=""  92             :     4                         (2H*) 3K*            ""","="""""
"=""4f3.(4I*).5d.6s2""","=""5L*""","=""7""","=""""","=""1.0417756""","=""""","=""""","=""0.203120""","=""0.905""","=""  95             :     2                         (2H*) 3K*            ""","="""""
"=""4f3.(4I*).5d.6s2""","=""5L*""","=""8""","=""""","=""1.2597553""","=""""","=""""","=""0.217980""","=""1.035""","=""  97             :     2                         (4I*) 5K*            ""","="""""
"=""4f3.(4I*).5d.6s2""","=""5L*""","=""9""","=""""","=""1.5079134""","=""""","=""""","=""0.248158""","=""1.113""","=""  98             :     1                         (4I*) 5K*            ""","="""""
"=""4f3.(4I*).5d.6s2""","=""5K*""","=""9""","=""""","=""""","=""""","=""""","=""""","=""""","=""  93             :     3                         (4I*) 3L*            ""","="""""
"=""4f3.(4I*).5d.6s2""","=""5K*""","=""5""","=""""","=""0.8497870""","=""""","=""""","=""""","=""0.675""","=""  87             :     8                         (4I*) 3I*            ""","="""""
"=""4f3.(4I*).5d.6s2""","=""5K*""","=""6""","=""""","=""1.0429427""","=""""","=""""","=""0.193156""","=""0.905""","=""  94             :     2                         (4I*) 3I*            ""","="""""
"=""4f3.(4I*).5d.6s2""","=""5K*""","=""7""","=""""","=""1.2420477""","=""""","=""""","=""0.199105""","=""1.045""","=""  94             :     1                         (4I*) 3K*            ""","="""""
"=""4f3.(4I*).5d.6s2""","=""5K*""","=""8""","=""""","=""1.4511904""","=""""","=""""","=""0.209143""","=""1.160""","=""  94             :     2                         (4I*) 3L*            ""","="""""
"=""4f4.(5I).5d.6s.(3D)""","=""7L""","=""5""","=""""","=""1.0508101""","=""""","=""""","=""-0.400380""","=""0.505""","=""  99             :     1                         (5I)(3D) 5K          ""","="""""
"=""4f4.(5I).5d.6s.(3D)""","=""7L""","=""6""","=""""","=""1.1301274""","=""""","=""""","=""0.079317""","=""0.785""","=""  94             :     3                         (5I)(3D) 5L          ""","="""""
"=""4f4.(5I).5d.6s.(3D)""","=""7L""","=""7""","=""""","=""1.2323662""","=""""","=""""","=""0.102239""","=""0.965""","=""  93             :     4                         (5I)(3D) 5L          ""","="""""
"=""4f4.(5I).5d.6s.(3D)""","=""7L""","=""8""","=""""","=""1.3511795""","=""""","=""""","=""0.118813""","=""1.085""","=""  93             :     4                         (5I)(3D) 5L          ""","="""""
"=""4f4.(5I).5d.6s.(3D)""","=""7L""","=""9""","=""""","=""1.4828214""","=""""","=""""","=""0.131642""","=""1.170""","=""  95             :     3                         (5I)(3D) 5L          ""","="""""
"=""4f4.(5I).5d.6s.(3D)""","=""7L""","=""10""","=""""","=""1.6243679""","=""""","=""""","=""0.141547""","=""1.225""","=""  97             :     2                         (5I)(3D) 5L          ""","="""""
"=""4f4.(5I).5d.6s.(3D)""","=""7L""","=""11""","=""""","=""1.7734836""","=""""","=""""","=""0.149116""","=""1.265""","="" 100                                                                  ""","="""""
"=""4f3.(4I*).5d2.(3F) (6M*).6s""","=""7M*""","=""10""","=""""","=""""","=""""","=""""","=""""","=""""","=""                                                                      ""","="""""
"=""4f3.(4I*).5d2.(3F) (6M*).6s""","=""7M*""","=""11""","=""""","=""""","=""""","=""""","=""""","=""""","=""                                                                      ""","="""""
"=""4f3.(4I*).5d2.(3F) (6M*).6s""","=""7M*""","=""12""","=""""","=""""","=""""","=""""","=""""","=""""","=""                                                                      ""","="""""
"=""4f3.(4I*).5d2.(3F) (6M*).6s""","=""7M*""","=""6""","=""""","=""1.0911095""","=""""","=""""","=""""","=""0.580""","=""  97             :     1  4f3.(4I*)(3F) (4L*).6s 5L*                  ""","="""""
"=""4f3.(4I*).5d2.(3F) (6M*).6s""","=""7M*""","=""7""","=""""","=""1.2016892""","=""""","=""""","=""0.110580""","=""0.805""","=""  93             :     4  4f3.(4I*)(3F) (6M*).6s 5M*                  ""","="""""
"=""4f3.(4I*).5d2.(3F) (6M*).6s""","=""7M*""","=""8""","=""""","=""1.3371608""","=""""","=""""","=""0.135472""","=""0.960""","=""  92             :     5  4f3.(4I*)(3F) (6M*).6s 5M*                  ""","="""""
"=""4f3.(4I*).5d2.(3F) (6M*).6s""","=""7M*""","=""9""","=""""","=""1.4738913""","=""""","=""""","=""0.136731""","=""1.085""","=""  92             :     5  4f3.(4I*)(3F) (6M*).6s 5M*                  ""","="""""
"=""4f3.(4I*).5d.6s2""","=""5I*""","=""4""","=""""","=""1.1262493""","=""""","=""""","=""-0.347642""","=""0.615""","=""  90             :     6                         (4I*) 3H*            ""","="""""
"=""4f3.(4I*).5d.6s2""","=""5I*""","=""5""","=""""","=""1.2404102""","=""""","=""""","=""0.114161""","=""0.880""","=""  59             :    28                         (4I*) 3I*            ""","="""""
"=""4f3.(4I*).5d.6s2""","=""5I*""","=""6""","=""""","=""1.3860249""","=""""","=""""","=""0.145615""","=""1.035""","=""  49             :    26                         (4I*) 3I*            ""","="""""
"=""4f3.(4I*).5d.6s2""","=""5I*""","=""7""","=""""","=""1.6027725""","=""""","=""""","=""0.216748""","=""1.110""","=""  70             :    12                         (4I*) 3I*            ""","="""""
"=""4f3.(4I*).5d.6s2""","=""5I*""","=""8""","=""""","=""1.8265600""","=""""","=""""","=""0.223788""","=""1.240""","=""  86             :    10                         (4I*) 3K*            ""","="""""
"=""4f4.(5I).5d.6s.(3D)""","=""7K""","=""4""","=""""","=""1.2168656""","=""""","=""""","=""-0.609694""","=""0.405""","=""  98             :     1                         (5I)(3D) 5I          ""","="""""
"=""4f4.(5I).5d.6s.(3D)""","=""7K""","=""5""","=""""","=""1.2865644""","=""""","=""""","=""0.069699""","=""0.770""","=""  94             :     3                         (5I)(3D) 5K          ""","="""""
"=""4f4.(5I).5d.6s.(3D)""","=""7K""","=""6""","=""""","=""1.3773612""","=""""","=""""","=""0.090797""","=""0.970""","=""  92             :     5                         (5I)(3D) 5K          ""","="""""
"=""4f4.(5I).5d.6s.(3D)""","=""7K""","=""7""","=""""","=""1.4776874""","=""""","=""""","=""0.100326""","=""1.055""","=""  65             :    18                         (5I)(3D) 5L          ""","="""""
"=""4f4.(5I).5d.6s.(3D)""","=""7K""","=""8""","=""""","=""1.5996964""","=""""","=""""","=""0.122009""","=""1.180""","=""  87             :     5                         (5I)(3D) 5K          ""","="""""
"=""4f4.(5I).5d.6s.(3D)""","=""7K""","=""9""","=""""","=""1.7300241""","=""""","=""""","=""0.130328""","=""1.245""","=""  90             :     4                         (5I)(3D) 5L          ""","="""""
"=""4f4.(5I).5d.6s.(3D)""","=""7K""","=""10""","=""""","=""1.8688390""","=""""","=""""","=""0.138815""","=""1.290""","=""  95             :     5                         (5I)(3D) 5L          ""","="""""
"=""4f3.(4I*).5d.6s2""","=""5H*""","=""3""","=""""","=""1.2308391""","=""""","=""""","=""-0.638000""","=""0.570""","=""  76             :    16                         (4I*) 3G*            ""","="""""
"=""4f3.(4I*).5d.6s2""","=""5H*""","=""4""","=""""","=""1.3232302""","=""""","=""""","=""0.092391""","=""0.855""","=""  59             :    28                         (4I*) 3H*            ""","="""""
"=""4f3.(4I*).5d.6s2""","=""5H*""","=""5""","=""""","=""1.5366924""","=""""","=""""","=""0.213462""","=""1.038""","=""  65             :    18                         (4I*) 3I*            ""","="""""
"=""4f3.(4I*).5d.6s2""","=""5H*""","=""6""","=""""","=""1.7739758""","=""""","=""""","=""0.237283""","=""1.106""","=""  53             :    32                         (4I*) 3I*            ""","="""""
"=""4f3.(4I*).5d.6s2""","=""5H*""","=""7""","=""""","=""1.9089339""","=""""","=""""","=""0.134958""","=""1.165""","=""  43             :    39                         (4I*) 3I*            ""","="""""
"=""4f4.6s2?""","=""5F""","=""4""","=""""","=""""","=""""","=""""","=""""","=""""","=""                                                                      ""","="""""
"=""4f4.6s2?""","=""5F""","=""5""","=""""","=""""","=""""","=""""","=""""","=""""","=""                                                                      ""","="""""
"=""4f4.6s2?""","=""5F""","=""1""","=""""","=""1.2545921""","=""""","=""""","=""""","=""0.0""","=""                                                                      ""","="""""
"=""4f4.6s2?""","=""5F""","=""2""","=""""","=""1.2980486""","=""""","=""""","=""0.043457""","=""0.99""","=""                                                                      ""","="""""
"=""4f4.6s2?""","=""5F""","=""3""","=""""","=""1.3785141""","=""""","=""""","=""0.080466""","=""""","=""                                                                      ""","="""""
"=""4f4.(5I).5d.6s.(3D)""","=""5L""","=""6""","=""""","=""1.3359207""","=""""","=""""","=""-0.042593""","=""0.728""","=""  59             :    33                         (5I)(1D) 5L          ""","="""""
"=""4f4.(5I).5d.6s.(3D)""","=""5L""","=""7""","=""""","=""1.4948557""","=""""","=""""","=""0.158935""","=""0.985""","=""  42             :    27                         (5I)(3D) 7K          ""","="""""
"=""4f4.(5I).5d.6s.(3D)""","=""5L""","=""8""","=""""","=""1.6531439""","=""""","=""""","=""0.158288""","=""1.055""","=""  59             :    30                         (5I)(1D) 5L          ""","="""""
"=""4f4.(5I).5d.6s.(3D)""","=""5L""","=""9""","=""""","=""1.8210731""","=""""","=""""","=""0.167929""","=""1.140""","=""  63             :    29                         (5I)(1D) 5L          ""","="""""
"=""4f4.(5I).5d.6s.(3D)""","=""5L""","=""10""","=""""","=""1.995161""","=""""","=""""","=""0.174088""","=""1.200""","=""  67             :    27                         (5I)(1D) 5L          ""","="""""
"=""4f3.(4I*).5d.6s2""","=""*""","=""5""","=""""","=""1.3537531""","=""""","=""""","=""-0.641408""","=""0.900""","=""  35  5I*        :    30                         (4I*) 3I*            ""","="""""
"=""4f4.(5I).5d.6s.(3D)""","=""7I""","=""3""","=""""","=""1.3639939""","=""""","=""""","=""0.010241""","=""0.270""","=""  90             :     9                         (5I)(3D) 5H          ""","="""""
"=""4f4.(5I).5d.6s.(3D)""","=""7I""","=""4""","=""""","=""1.4240940""","=""""","=""""","=""0.060100""","=""0.750""","=""  85             :     7                         (5I)(3D) 5H          ""","="""""
"=""4f4.(5I).5d.6s.(3D)""","=""7I""","=""5""","=""""","=""1.5099593""","=""""","=""""","=""0.085865""","=""0.963""","=""  80             :     6                         (5I)(3D) 5K          ""","="""""
"=""4f4.(5I).5d.6s.(3D)""","=""7I""","=""6""","=""""","=""1.6015562""","=""""","=""""","=""0.091597""","=""1.105""","=""  74             :     9                         (5I)(3D) 5K          ""","="""""
"=""4f4.(5I).5d.6s.(3D)""","=""7I""","=""7""","=""""","=""1.7108406""","=""""","=""""","=""0.109284""","=""1.203""","=""  74             :     8                         (5I)(3D) 7H          ""","="""""
"=""4f4.(5I).5d.6s.(3D)""","=""7I""","=""8""","=""""","=""1.8324976""","=""""","=""""","=""0.121657""","=""1.270""","=""  77             :     8                         (5I)(3D) 5K          ""","="""""
"=""4f4.(5I).5d.6s.(3D)""","=""7I""","=""9""","=""""","=""1.9632296""","=""""","=""""","=""0.130732""","=""1.315""","=""  87             :    10                         (5I)(3D) 5K          ""","="""""
"=""4f3.(4I*).5d2.(3F) (6L*).6s""","=""7L*""","=""9""","=""""","=""""","=""""","=""""","=""""","=""""","=""                                                                      ""","="""""
"=""4f3.(4I*).5d2.(3F) (6L*).6s""","=""7L*""","=""10""","=""""","=""""","=""""","=""""","=""""","=""""","=""                                                                      ""","="""""
"=""4f3.(4I*).5d2.(3F) (6L*).6s""","=""7L*""","=""11""","=""""","=""""","=""""","=""""","=""""","=""""","=""                                                                      ""","="""""
"=""4f3.(4I*).5d2.(3F) (6L*).6s""","=""7L*""","=""5""","=""""","=""1.3773173""","=""""","=""""","=""""","=""0.510""","=""  95             :     3  4f3.(4I*)(3F) (4K*).6s 5K*                  ""","="""""
"=""4f3.(4I*).5d2.(3F) (6L*).6s""","=""7L*""","=""6""","=""""","=""1.4646010""","=""""","=""""","=""0.087284""","=""0.790""","=""  88             :     4  4f3.(4I*)(3F) (6L*).6s 5L*                  ""","="""""
"=""4f3.(4I*).5d2.(3F) (6L*).6s""","=""7L*""","=""7""","=""""","=""1.5635908""","=""""","=""""","=""0.098990""","=""0.880""","=""  84             :     6  4f3.(4I*)(3F) (6L*).6s 5L*                  ""","="""""
"=""4f3.(4I*).5d2.(3F) (6L*).6s""","=""7L*""","=""8""","=""""","=""1.7019249""","=""""","=""""","=""0.138334""","=""1.080""","=""  79             :     6  4f3.(4I*)(3F) (4L*).6s 5L*                  ""","="""""
"=""4f3.(4I*).5d2.(3F) (6K*).6s""","=""7K*""","=""9""","=""""","=""""","=""""","=""""","=""""","=""""","=""                                                                      ""","="""""
"=""4f3.(4I*).5d2.(3F) (6K*).6s""","=""7K*""","=""10""","=""""","=""""","=""""","=""""","=""""","=""""","=""                                                                      ""","="""""
"=""4f3.(4I*).5d2.(3F) (6K*).6s""","=""7K*""","=""4""","=""""","=""1.4085589""","=""""","=""""","=""""","=""0.410""","=""  87             :     5  4f3.(4I*)(3P) (6K*).6s 7K*                  ""","="""""
"=""4f3.(4I*).5d2.(3F) (6K*).6s""","=""7K*""","=""5""","=""""","=""1.4889518""","=""""","=""""","=""0.080393""","=""0.775""","=""  83             :     5  4f3.(4I*)(3P) (6K*).6s 7K*                  ""","="""""
"=""4f3.(4I*).5d2.(3F) (6K*).6s""","=""7K*""","=""6""","=""""","=""1.5915895""","=""""","=""""","=""0.102638""","=""0.985""","=""  80             :     5  4f3.(4I*)(3F) (6K*).6s 5K*                  ""","="""""
"=""4f3.(4I*).5d2.(3F) (6K*).6s""","=""7K*""","=""7""","=""""","=""1.7109547""","=""""","=""""","=""0.119365""","=""1.090""","=""  74             :     6  4f3.(4I*)(3F) (4K*).6s 5K*                  ""","="""""
"=""4f3.(4I*).5d2.(3F) (6K*).6s""","=""7K*""","=""8""","=""""","=""1.8512366""","=""""","=""""","=""0.140282""","=""1.180""","=""  69             :     7  4f3.(4I*)(3F) (6L*).6s 7L*                  ""","="""""
"=""4f3.(4I*).5d.6s2""","=""5G*""","=""2""","=""""","=""""","=""""","=""""","=""""","=""""","=""  94             :     4                         (2H*) 3F*            ""","="""""
"=""4f3.(4I*).5d.6s2""","=""5G*""","=""3""","=""""","=""1.4104157""","=""""","=""""","=""""","=""0.875""","=""  59             :    23                         (4I*) 3G*            ""","="""""
"=""4f3.(4I*).5d.6s2""","=""5G*""","=""4""","=""""","=""1.6262867""","=""""","=""""","=""0.215871""","=""0.990""","=""  48             :    31                         (4I*) 3H*            ""","="""""
"=""4f3.(4I*).5d.6s2""","=""5G*""","=""5""","=""""","=""1.7229305""","=""""","=""""","=""0.096644""","=""1.170""","=""  55             :    14                         (4I*) 5H*            ""","="""""
"=""4f3.(4I*).5d.6s2""","=""5G*""","=""6""","=""""","=""1.9514716""","=""""","=""""","=""0.228541""","=""1.270""","=""  67             :    15                         (4I*) 3H*            ""","="""""
"=""4f4.(5I).5d.6s.(3D)""","=""7G""","=""5""","=""""","=""""","=""""","=""""","=""""","=""""","=""  67             :    19                         (5I)(3D) 5G          ""","="""""
"=""4f4.(5I).5d.6s.(3D)""","=""7G""","=""6""","=""""","=""""","=""""","=""""","=""""","=""""","=""                                                                      ""","="""""
"=""4f4.(5I).5d.6s.(3D)""","=""7G""","=""7""","=""""","=""""","=""""","=""""","=""""","=""""","=""                                                                      ""","="""""
"=""4f4.(5I).5d.6s.(3D)""","=""7G""","=""1""","=""""","=""1.468194""","=""""","=""""","=""""","=""-0.485""","="" 100                                                                  ""","="""""
"=""4f4.(5I).5d.6s.(3D)""","=""7G""","=""2""","=""""","=""1.486573""","=""""","=""""","=""0.01838""","=""0.77""","=""  90             :     7                         (5I)(3D) 5G          ""","="""""
"=""4f4.(5I).5d.6s.(3D)""","=""7G""","=""3""","=""""","=""1.520651""","=""""","=""""","=""0.03408""","=""1.080""","=""  79             :    14                         (5I)(3D) 5G          ""","="""""
"=""4f4.(5I).5d.6s.(3D)""","=""7G""","=""4""","=""""","=""1.5651982""","=""""","=""""","=""0.044547""","=""1.060""","=""  68             :    21                         (5I)(3D) 5G          ""","="""""
"=""4f3.(4I*).5d.6s2""","=""*""","=""4""","=""""","=""1.4868666""","=""""","=""""","=""-0.078332""","=""0.960""","=""  28  5G*        :    23                         (4I*) 5H*            ""","="""""
"=""4f4.(5I).5d.6s.(3D)""","=""5K""","=""5""","=""""","=""1.4959694""","=""""","=""""","=""0.009103""","=""0.715""","=""  56             :    26                         (5I)(1D) 5K          ""","="""""
"=""4f4.(5I).5d.6s.(3D)""","=""5K""","=""6""","=""""","=""1.6359925""","=""""","=""""","=""0.140023""","=""0.935""","=""  53             :    26                         (5I)(1D) 5K          ""","="""""
"=""4f4.(5I).5d.6s.(3D)""","=""5K""","=""7""","=""""","=""1.7764007""","=""""","=""""","=""0.140408""","=""1.070""","=""  55             :    23                         (5I)(1D) 5K          ""","="""""
"=""4f4.(5I).5d.6s.(3D)""","=""5K""","=""8""","=""""","=""1.9259656""","=""""","=""""","=""0.149565""","=""1.160""","=""  57             :    21                         (5I)(1D) 5K          ""","="""""
"=""4f4.(5I).5d.6s.(3D)""","=""5K""","=""9""","=""""","=""2.0818505""","=""""","=""""","=""0.155885""","=""1.230""","=""  60             :    21                         (5I)(1D) 5K          ""","="""""
"=""4f3.(4I*).5d2.(3F) (6I*).6s""","=""7I*""","=""6""","=""""","=""""","=""""","=""""","=""""","=""""","=""                                                                      ""","="""""
"=""4f3.(4I*).5d2.(3F) (6I*).6s""","=""7I*""","=""7""","=""""","=""""","=""""","=""""","=""""","=""""","=""                                                                      ""","="""""
"=""4f3.(4I*).5d2.(3F) (6I*).6s""","=""7I*""","=""8""","=""""","=""""","=""""","=""""","=""""","=""""","=""                                                                      ""","="""""
"=""4f3.(4I*).5d2.(3F) (6I*).6s""","=""7I*""","=""9""","=""""","=""""","=""""","=""""","=""""","=""""","=""                                                                      ""","="""""
"=""4f3.(4I*).5d2.(3F) (6I*).6s""","=""7I*""","=""3""","=""""","=""1.5336188""","=""""","=""""","=""""","=""0.300""","=""  89             :     8  4f3.(4I*)(3F) (4H*).6s 5H*                  ""","="""""
"=""4f3.(4I*).5d2.(3F) (6I*).6s""","=""7I*""","=""4""","=""""","=""1.5967309""","=""""","=""""","=""0.063112""","=""0.775""","=""  84             :     5  4f3.(4I*)(3F) (4H*).6s 5H*                  ""","="""""
"=""4f3.(4I*).5d2.(3F) (6I*).6s""","=""7I*""","=""5""","=""""","=""1.6913720""","=""""","=""""","=""0.094641""","=""1.000""","=""  79             :     7  4f3.(4I*)(3F) (4I*).6s 5I*                  ""","="""""
"=""4f3.(4I*).5d.6s2""","=""*""","=""6""","=""""","=""1.5505159""","=""""","=""""","=""-0.140856""","=""1.020""","=""  46  5I*        :    24                         (4I*) 3K*            ""","="""""
"=""4f3.(4I*).5d2.(3F) (6M*).6s""","=""5M*""","=""9""","=""""","=""""","=""""","=""""","=""""","=""""","=""                                                                      ""","="""""
"=""4f3.(4I*).5d2.(3F) (6M*).6s""","=""5M*""","=""10""","=""""","=""""","=""""","=""""","=""""","=""""","=""                                                                      ""","="""""
"=""4f3.(4I*).5d2.(3F) (6M*).6s""","=""5M*""","=""11""","=""""","=""""","=""""","=""""","=""""","=""""","=""                                                                      ""","="""""
"=""4f3.(4I*).5d2.(3F) (6M*).6s""","=""5M*""","=""7""","=""""","=""1.5785425""","=""""","=""""","=""""","=""0.920""","=""  86             :     5  4f3.(4I*)(3F) (6M*).6s 7M*                  ""","="""""
"=""4f3.(4I*).5d2.(3F) (6M*).6s""","=""5M*""","=""8""","=""""","=""1.7936769""","=""""","=""""","=""0.215134""","=""0.930""","=""  83             :     6  4f3.(4I*)(3F) (6M*).6s 7M*                  ""","="""""
"=""4f4.(5I).5d.6s.(3D)""","=""5H""","=""3""","=""""","=""1.5791767""","=""""","=""""","=""-0.214500""","=""0.695""","=""  46             :    25                         (5I)(3D) 3G          ""","="""""
"=""4f4.(5I).5d.6s.(3D)""","=""""","=""4""","=""""","=""1.6139172""","=""""","=""""","=""0.034740""","=""0.795""","=""  37  5I         :    27                         (5I)(3D) 3H          ""","="""""
"=""4f3.(4I*).5d.6s2""","=""*""","=""6""","=""""","=""1.6461159""","=""""","=""""","=""0.032199""","=""0.990""","=""  36  3K*        :    26                         (4I*) 5H*            ""","="""""
"=""4f3.(4I*).5d2.(3F) (6H*).6s""","=""7H*""","=""8""","=""""","=""""","=""""","=""""","=""""","=""""","=""                                                                      ""","="""""
"=""4f3.(4I*).5d2.(3F) (6H*).6s""","=""7H*""","=""2""","=""""","=""1.6888886""","=""""","=""""","=""""","=""0.030""","=""  88             :     8  4f3.(4I*)(3F) (4G*).6s 5G*                  ""","="""""
"=""4f3.(4I*).5d2.(3F) (6H*).6s""","=""7H*""","=""3""","=""""","=""1.7027366""","=""""","=""""","=""0.013848""","=""0.670""","=""  78             :     6  4f3.(4I*)(3F) (4G*).6s 5G*                  ""","="""""
"=""4f3.(4I*).5d2.(3F) (6H*).6s""","=""7H*""","=""4""","=""""","=""1.7336334""","=""""","=""""","=""0.030897""","=""0.930""","=""  70             :     9  4f3.(4I*)(3F) (4H*).6s 5H*                  ""","="""""
"=""4f3.(4I*).5d2.(3F) (6H*).6s""","=""7H*""","=""5""","=""""","=""1.8198272""","=""""","=""""","=""0.086194""","=""1.090""","=""  43             :    16  4f3.(4I*)(3F) (6K*).6s 5K*                  ""","="""""
"=""4f3.(4I*).5d2.(3F) (6H*).6s""","=""7H*""","=""6""","=""""","=""1.9339220""","=""""","=""""","=""0.114095""","=""1.210""","=""  41             :    13  4f3.(4I*)(3F) (4H*).6s 5H*                  ""","="""""
"=""4f3.(4I*).5d2.(3F) (6H*).6s""","=""7H*""","=""7""","=""""","=""2.0763577""","=""""","=""""","=""0.142436""","=""1.265""","=""  24             :    20  4f3.(4I*)(3F) (6I*).6s 7I*                  ""","="""""
"=""4f3.(4I*).5d.6s2""","=""3G*""","=""3""","=""""","=""1.6899494""","=""""","=""""","=""-0.386408""","=""0.775""","=""  53             :    35                         (4I*) 5G*            ""","="""""
"=""4f3.(4I*).5d.6s2""","=""3G*""","=""4""","=""""","=""2.0097640""","=""""","=""""","=""0.319815""","=""1.055""","=""  70             :    19                         (4I*) 5G*            ""","="""""
"=""4f3.(4I*).5d.6s2""","=""3G*""","=""5""","=""""","=""2.2482668""","=""""","=""""","=""0.238503""","=""1.190""","=""  64             :     6                         (4I*) 5G*            ""","="""""
"=""4f4.(5I).6s.6p.(3P*)""","=""7K*""","=""4""","=""""","=""1.6952175""","=""""","=""""","=""-0.553049""","=""0.440""","=""                                                                      ""","="""""
"=""4f4.(5I).6s.6p.(3P*)""","=""7K*""","=""5""","=""""","=""1.7744611""","=""""","=""""","=""0.079244""","=""0.780""","=""                                                                      ""","="""""
"=""4f4.(5I).6s.6p.(3P*)""","=""7K*""","=""6""","=""""","=""1.8871393""","=""""","=""""","=""0.112678""","=""0.985""","=""                                                                      ""","="""""
"=""4f4.(5I).6s.6p.(3P*)""","=""7K*""","=""7""","=""""","=""2.0188133""","=""""","=""""","=""0.131674""","=""1.110""","=""                                                                      ""","="""""
"=""4f4.(5I).6s.6p.(3P*)""","=""7K*""","=""8""","=""""","=""2.1623214""","=""""","=""""","=""0.143508""","=""1.190""","=""                                                                      ""","="""""
"=""4f4.(5I).6s.6p.(3P*)""","=""7K*""","=""9""","=""""","=""2.3197275""","=""""","=""""","=""0.157406""","=""1.230""","=""                                                                      ""","="""""
"=""4f4.(5I).6s.6p.(3P*)""","=""7K*""","=""10""","=""""","=""2.4715611""","=""""","=""""","=""0.151834""","=""1.290""","=""                                                                      ""","="""""
"=""4f4.(5I).5d.6s.(3D)""","=""""","=""3""","=""""","=""1.7087304""","=""""","=""""","=""-0.762831""","=""0.710""","=""  38  5G         :    23                         (5I)(3D) 5H          ""","="""""
"=""4f4.(5I).5d.6s.(3D)""","=""5I""","=""5""","=""""","=""1.7509620""","=""""","=""""","=""0.042232""","=""0.980""","=""  47             :    23                         (5I)(1D) 5I          ""","="""""
"=""4f4.(5I).6s.6p.(3P*)""","=""7I*""","=""3""","=""""","=""1.7901886""","=""""","=""""","=""0.039227""","=""0.390""","=""                                                                      ""","="""""
"=""4f4.(5I).6s.6p.(3P*)""","=""7I*""","=""4""","=""""","=""1.8889718""","=""""","=""""","=""0.098783""","=""0.745""","=""                                                                      ""","="""""
"=""4f4.(5I).6s.6p.(3P*)""","=""7I*""","=""5""","=""""","=""1.9373740""","=""""","=""""","=""0.048402""","=""0.850""","=""                                                                      ""","="""""
"=""4f4.(5I).6s.6p.(3P*)""","=""7I*""","=""6""","=""""","=""2.0653817""","=""""","=""""","=""0.128008""","=""1.050""","=""                                                                      ""","="""""
"=""4f4.(5I).6s.6p.(3P*)""","=""7I*""","=""7""","=""""","=""2.2115644""","=""""","=""""","=""0.146183""","=""1.150""","=""                                                                      ""","="""""
"=""4f4.(5I).6s.6p.(3P*)""","=""7I*""","=""8""","=""""","=""2.3673461""","=""""","=""""","=""0.155782""","=""1.200""","=""                                                                      ""","="""""
"=""4f4.(5I).6s.6p.(3P*)""","=""7I*""","=""9""","=""""","=""2.5445866""","=""""","=""""","=""0.177241""","=""1.230""","=""                                                                      ""","="""""
"=""4f3.(4I*).5d.6s2""","=""*""","=""7""","=""""","=""1.8253153""","=""""","=""""","=""-0.719271""","=""1.160""","=""  29  3I*        :    26                         (4I*) 5I*            ""","="""""
"=""4f3.(4I*).5d2.(3F) (6K*).6s""","=""5K*""","=""5""","=""""","=""1.8346068""","=""""","=""""","=""0.009292""","=""0.760""","=""  52             :    15  4f3.(4I*)(3F) (6H*).6s 7H*                  ""","="""""
"=""4f4.6s.6p""","=""5H*""","=""4""","=""""","=""1.8352073""","=""""","=""""","=""0.000601""","=""0.825""","=""                                                                      ""","="""""
"=""4f3.(4I*).5d.6s2""","=""3H*""","=""5""","=""""","=""1.8738917""","=""""","=""""","=""0.038684""","=""1.110""","=""  48             :    31                         (4I*) 5G*            ""","="""""
"=""4f4.6s.6p""","=""7H*""","=""2""","=""""","=""1.9071634""","=""""","=""""","=""0.033272""","=""0.030""","=""                                                                      ""","="""""
"=""4f4.6s.6p""","=""7H*""","=""3""","=""""","=""1.9198568""","=""""","=""""","=""0.012693""","=""0.690""","=""                                                                      ""","="""""
"=""""","=""5K*""","=""5""","=""""","=""1.9245964""","=""""","=""""","=""0.004740""","=""0.855""","=""                                                                      ""","="""""
"=""4f3.(4I*).5d2.(3F) (6G*).6s""","=""7G*""","=""4""","=""""","=""1.9341516""","=""""","=""""","=""0.009555""","=""0.630""","=""  55             :    22  4f3.(4I*)(3F) (4G*).6s 5G*                  ""","="""""
"=""""","=""*""","=""4""","=""""","=""1.9488736""","=""""","=""""","=""0.014722""","=""0.755""","=""                                                                      ""","="""""
"=""""","=""*""","=""6""","=""""","=""1.9565148""","=""""","=""""","=""0.007641""","=""0.945""","=""                                                                      ""","="""""
"=""4f4.6s.6p""","=""7H*""","=""4""","=""""","=""1.9667689""","=""""","=""""","=""0.010254""","=""1.020""","=""                                                                      ""","="""""
"=""4f3.(4I*).5d2.(3F) (4H*).6s""","=""*""","=""3""","=""""","=""1.9712126""","=""""","=""""","=""0.004444""","=""0.600""","=""  27  5H*        :    21  4f3.(4I*)(3F) (6H*).6s 5H*                  ""","="""""
"=""""","=""*""","=""5""","=""""","=""1.9872249""","=""""","=""""","=""0.016012""","=""0.915""","=""                                                                      ""","="""""
"=""""","=""*""","=""4""","=""""","=""1.9910859""","=""""","=""""","=""0.003861""","=""0.713""","=""                                                                      ""","="""""
"=""4f3.(4I*).5d2.(3F) (6K*).6s""","=""*""","=""6""","=""""","=""1.9996594""","=""""","=""""","=""0.008574""","=""0.950""","=""  43  5K*        :    13  4f3.(4I*)(3F) (6H*).6s 7H*                  ""","="""""
"=""""","=""*""","=""5""","=""""","=""2.0040572""","=""""","=""""","=""0.004398""","=""0.925""","=""                                                                      ""","="""""
"=""""","=""*""","=""5""","=""""","=""2.0157076""","=""""","=""""","=""0.011650""","=""0.957""","=""                                                                      ""","="""""
"=""4f3.(4I*).5d.6s2""","=""*""","=""7""","=""""","=""2.0317950""","=""""","=""""","=""0.016087""","=""1.175""","=""  41  3I*        :    39                         (4I*) 5H*            ""","="""""
"=""""","=""*""","=""5""","=""""","=""2.0776078""","=""""","=""""","=""0.045813""","=""1.035""","=""                                                                      ""","="""""
"=""4f3.(4I*).5d2.(3P) (6K*).6s""","=""7K*""","=""6""","=""""","=""2.0825357""","=""""","=""""","=""0.004928""","=""0.955""","=""  59             :     8  4f3.(4I*)(3F) (4L*).6s 5L*                  ""","="""""
"=""""","=""*""","=""5""","=""""","=""2.0884944""","=""""","=""""","=""0.005959""","=""1.015""","=""                                                                      ""","="""""
"=""""","=""*""","=""7""","=""""","=""2.0885619""","=""""","=""""","=""0.000068""","=""1.120""","=""                                                                      ""","="""""
"=""""","=""*""","=""3""","=""""","=""2.1051713""","=""""","=""""","=""0.016609""","=""0.520""","=""                                                                      ""","="""""
"=""""","=""*""","=""4""","=""""","=""2.1117170""","=""""","=""""","=""0.006546""","=""1.020""","=""                                                                      ""","="""""
"=""4f3.(4I*).5d.6s2""","=""3H*""","=""6""","=""""","=""2.1182787""","=""""","=""""","=""0.006562""","=""1.215""","=""  46             :    25                         (4I*) 5G*            ""","="""""
"=""4f4.6s.6p""","=""*""","=""5""","=""""","=""2.1279321""","=""""","=""""","=""0.009653""","=""1.135""","=""                                                                      ""","="""""
"=""4f3.(4I*).5d2.(3F) (6H*).6s""","=""*""","=""6""","=""""","=""2.1371714""","=""""","=""""","=""0.009239""","=""1.190""","=""  24  7H*        :    17  4f3.(4I*)(3F) (6G*).6s 7G*                  ""","="""""
"=""""","=""*""","=""7""","=""""","=""2.1436422""","=""""","=""""","=""0.006471""","=""1.070""","=""                                                                      ""","="""""
"=""""","=""*""","=""4""","=""""","=""2.1473767""","=""""","=""""","=""0.003735""","=""0.865""","=""                                                                      ""","="""""
"=""""","=""*""","=""5""","=""""","=""2.1557787""","=""""","=""""","=""0.008402""","=""0.735""","=""                                                                      ""","="""""
"=""4f3.(4I*).5d2.(3P) (6I*).6s""","=""7I*""","=""4""","=""""","=""2.1886742""","=""""","=""""","=""0.032895""","=""0.755""","=""  73             :     9  4f3.(4I*)(3F) (4I*).6s 5I*                  ""","="""""
"=""""","=""*""","=""6""","=""""","=""2.2005725""","=""""","=""""","=""0.011898""","=""1.090""","=""                                                                      ""","="""""
"=""4f3.(4F*).5d.6s2""","=""5H*""","=""7""","=""""","=""""","=""""","=""""","=""""","=""""","=""                                                                      ""","="""""
"=""4f3.(4F*).5d.6s2""","=""5H*""","=""3""","=""""","=""2.2053059""","=""""","=""""","=""""","=""0.600""","=""  88             :     5                         (2D*) 3G*            ""","="""""
"=""4f3.(4F*).5d.6s2""","=""5H*""","=""4""","=""""","=""2.3236296""","=""""","=""""","=""0.118324""","=""0.930""","=""  90             :     3                         (2D*) 3G*            ""","="""""
"=""4f3.(4F*).5d.6s2""","=""5H*""","=""5""","=""""","=""2.4568685""","=""""","=""""","=""0.133239""","=""1.110""","=""  78             :     3                         (2H*) 3I*            ""","="""""
"=""4f3.(4F*).5d.6s2""","=""5H*""","=""6""","=""""","=""2.5631281""","=""""","=""""","=""0.106260""","=""1.185""","=""  70             :     6                         (2G*) 3I*            ""","="""""
"=""""","=""*""","=""4""","=""""","=""2.2056811""","=""""","=""""","=""-0.357447""","=""0.920""","=""                                                                      ""","="""""
"=""""","=""*""","=""5""","=""""","=""2.2057549""","=""""","=""""","=""0.000074""","=""1.005""","=""                                                                      ""","="""""
"=""""","=""*""","=""8""","=""""","=""2.2284063""","=""""","=""""","=""0.022651""","=""1.200""","=""                                                                      ""","="""""
"=""""","=""*""","=""3""","=""""","=""2.2288500""","=""""","=""""","=""0.000444""","=""0.900""","=""                                                                      ""","="""""
"=""""","=""*""","=""5""","=""""","=""2.2354078""","=""""","=""""","=""0.006558""","=""0.970""","=""                                                                      ""","="""""
"=""""","=""*""","=""5""","=""""","=""2.2401393""","=""""","=""""","=""0.004732""","=""0.920""","=""                                                                      ""","="""""
"=""""","=""*""","=""7""","=""""","=""2.2495304""","=""""","=""""","=""0.009391""","=""1.090""","=""                                                                      ""","="""""
"=""""","=""*""","=""6""","=""""","=""2.2530184""","=""""","=""""","=""0.003488""","=""1.080""","=""                                                                      ""","="""""
"=""4f3.(4I*).5d2.(3F) (4K*).6s""","=""*""","=""6""","=""""","=""2.2626217""","=""""","=""""","=""0.009603""","=""0.945""","=""  13  5K*        :    11                         (4I*)(3P). (6I*) 7I* ""","="""""
"=""""","=""*""","=""5""","=""""","=""2.2626848""","=""""","=""""","=""0.000063""","=""1.010""","=""                                                                      ""","="""""
"=""""","=""*""","=""7""","=""""","=""2.2635553""","=""""","=""""","=""0.000870""","=""0.955""","=""                                                                      ""","="""""
"=""""","=""*""","=""5""","=""""","=""2.2694564""","=""""","=""""","=""0.005901""","=""0.845""","=""                                                                      ""","="""""
"=""""","=""*""","=""4""","=""""","=""2.2857736""","=""""","=""""","=""0.016317""","=""1.075""","=""                                                                      ""","="""""
"=""""","=""*""","=""6""","=""""","=""2.2870796""","=""""","=""""","=""0.001306""","=""1.180""","=""                                                                      ""","="""""
"=""""","=""*""","=""3""","=""""","=""2.3048540""","=""""","=""""","=""0.017774""","=""0.660""","=""                                                                      ""","="""""
"=""""","=""*""","=""5""","=""""","=""2.3094911""","=""""","=""""","=""0.004637""","=""0.945""","=""                                                                      ""","="""""
"=""4f3.(4I*).5d2.(3F) (6I*).6s""","=""*""","=""6""","=""""","=""2.3159181""","=""""","=""""","=""0.006427""","=""1.080""","=""  17  7I*        :    16                         (4I*)(3P). (6I*) 7I* ""","="""""
"=""""","=""*""","=""5""","=""""","=""2.3225409""","=""""","=""""","=""0.006623""","=""0.940""","=""                                                                      ""","="""""
"=""""","=""*""","=""6""","=""""","=""2.3745553""","=""""","=""""","=""0.052014""","=""0.930""","=""                                                                      ""","="""""
"=""""","=""*""","=""4""","=""""","=""2.3816450""","=""""","=""""","=""0.007090""","=""0.990""","=""                                                                      ""","="""""
"=""""","=""*""","=""9""","=""""","=""2.3827457""","=""""","=""""","=""0.001101""","=""1.270""","=""                                                                      ""","="""""
"=""""","=""*""","=""5""","=""""","=""2.3837751""","=""""","=""""","=""0.001029""","=""0.925""","=""                                                                      ""","="""""
"=""4f3.(4I*).5d2.(3F) (6G*).6s""","=""7G*""","=""7""","=""""","=""2.3893292""","=""""","=""""","=""0.005554""","=""1.260""","=""  54             :    16                         (4I*)(3F). (4H*) 5H* ""","="""""
"=""""","=""*""","=""6""","=""""","=""2.3905478""","=""""","=""""","=""0.001219""","=""1.055""","=""                                                                      ""","="""""
"=""""","=""*""","=""6""","=""""","=""2.4088320""","=""""","=""""","=""0.018284""","=""1.040""","=""                                                                      ""","="""""
"=""""","=""*""","=""4""","=""""","=""2.4288803""","=""""","=""""","=""0.020048""","=""0.785""","=""                                                                      ""","="""""
"=""""","=""*""","=""5""","=""""","=""2.4360443""","=""""","=""""","=""0.007164""","=""1.070""","=""                                                                      ""","="""""
"=""""","=""*""","=""5""","=""""","=""2.4425948""","=""""","=""""","=""0.006551""","=""0.560""","=""                                                                      ""","="""""
"=""""","=""*""","=""7""","=""""","=""2.4482173""","=""""","=""""","=""0.005622""","=""1.090""","=""                                                                      ""","="""""
"=""""","=""*""","=""4""","=""""","=""2.4511065""","=""""","=""""","=""0.002889""","=""0.920""","=""                                                                      ""","="""""
"=""""","=""*""","=""8""","=""""","=""2.4626789""","=""""","=""""","=""0.011572""","=""1.290""","=""                                                                      ""","="""""
"=""""","=""*""","=""4""","=""""","=""2.4743296""","=""""","=""""","=""0.011651""","=""0.910""","=""                                                                      ""","="""""
"=""""","=""*""","=""6""","=""""","=""2.4790288""","=""""","=""""","=""0.004699""","=""0.920""","=""                                                                      ""","="""""
"=""""","=""*""","=""4""","=""""","=""2.4854683""","=""""","=""""","=""0.006439""","=""0.900""","=""                                                                      ""","="""""
"=""4f3.(2H*).5d.6s2""","=""*""","=""6""","=""""","=""2.4944373""","=""""","=""""","=""0.008969""","=""1.015""","=""  23  3K*        :    16                         (2H*) 3I*            ""","="""""
"=""""","=""*""","=""5""","=""""","=""2.5016183""","=""""","=""""","=""0.007181""","=""0.960""","=""                                                                      ""","="""""
"=""4f3.(4I*).5d (5L*).6s.6p.(3P*)""","=""7M""","=""10""","=""""","=""""","=""""","=""""","=""""","=""""","=""                                                                      ""","="""""
"=""4f3.(4I*).5d (5L*).6s.6p.(3P*)""","=""7M""","=""11""","=""""","=""""","=""""","=""""","=""""","=""""","=""                                                                      ""","="""""
"=""4f3.(4I*).5d (5L*).6s.6p.(3P*)""","=""7M""","=""12""","=""""","=""""","=""""","=""""","=""""","=""""","=""                                                                      ""","="""""
"=""4f3.(4I*).5d (5L*).6s.6p.(3P*)""","=""7M""","=""6""","=""""","=""2.5133671""","=""""","=""""","=""""","=""0.595""","=""                                                                      ""","="""""
"=""4f3.(4I*).5d (5L*).6s.6p.(3P*)""","=""7M""","=""7""","=""""","=""2.6334671""","=""""","=""""","=""0.120100""","=""0.830""","=""                                                                      ""","="""""
"=""4f3.(4I*).5d (5L*).6s.6p.(3P*)""","=""7M""","=""8""","=""""","=""2.8120810""","=""""","=""""","=""0.178614""","=""0.975""","=""                                                                      ""","="""""
"=""4f3.(4I*).5d (5L*).6s.6p.(3P*)""","=""7M""","=""9""","=""""","=""3.0084755""","=""""","=""""","=""0.196394""","=""1.065""","=""                                                                      ""","="""""
"=""""","=""*""","=""3""","=""""","=""2.5146422""","=""""","=""""","=""-0.493833""","=""0.895""","=""                                                                      ""","="""""
"=""4f4.6s.6p""","=""5K*""","=""5""","=""""","=""2.5169877""","=""""","=""""","=""0.002346""","=""0.775""","=""                                                                      ""","="""""
"=""4f4.6s.6p""","=""5K*""","=""6""","=""""","=""2.6710320""","=""""","=""""","=""0.154044""","=""0.900""","=""                                                                      ""","="""""
"=""4f4.6s.6p""","=""5K*""","=""7""","=""""","=""2.8220589""","=""""","=""""","=""0.151027""","=""1.035""","=""                                                                      ""","="""""
"=""4f4.6s.6p""","=""5K*""","=""8""","=""""","=""2.9906821""","=""""","=""""","=""0.168623""","=""1.135""","=""                                                                      ""","="""""
"=""4f4.6s.6p""","=""5K*""","=""9""","=""""","=""3.1639156""","=""""","=""""","=""0.173234""","=""1.220""","=""                                                                      ""","="""""
"=""4f4.6s.6p""","=""5I*""","=""4""","=""""","=""2.5244017""","=""""","=""""","=""-0.639514""","=""0.735""","=""                                                                      ""","="""""
"=""""","=""*""","=""6""","=""""","=""2.5332930""","=""""","=""""","=""0.008891""","=""1.040""","=""                                                                      ""","="""""
"=""""","=""*""","=""4""","=""""","=""2.5390677""","=""""","=""""","=""0.005775""","=""0.895""","=""                                                                      ""","="""""
"=""4f3.5d.6s.6p""","=""7L""","=""5""","=""""","=""2.5400422""","=""""","=""""","=""0.000974""","=""0.545""","=""                                                                      ""","="""""
"=""""","=""*""","=""5""","=""""","=""2.5468627""","=""""","=""""","=""0.006821""","=""0.990""","=""                                                                      ""","="""""
"=""""","=""*""","=""7""","=""""","=""2.5520771""","=""""","=""""","=""0.005214""","=""1.070""","=""                                                                      ""","="""""
"=""4f3.(2H*).5d.6s2""","=""*""","=""3""","=""""","=""2.5534440""","=""""","=""""","=""0.001367""","=""0.910""","=""  32  3G*        :    10                         (4F*) 5G*            ""","="""""
"=""""","=""*""","=""6""","=""""","=""2.5668589""","=""""","=""""","=""0.013415""","=""1.035""","=""                                                                      ""","="""""
"=""""","=""*""","=""5""","=""""","=""2.5822997""","=""""","=""""","=""0.015441""","=""0.985""","=""                                                                      ""","="""""
"=""""","=""*""","=""6""","=""""","=""2.5837323""","=""""","=""""","=""0.001433""","=""0.940""","=""                                                                      ""","="""""
"=""""","=""*""","=""4""","=""""","=""2.5862562""","=""""","=""""","=""0.002524""","=""1.080""","=""                                                                      ""","="""""
"=""""","=""*""","=""6""","=""""","=""2.5935088""","=""""","=""""","=""0.007253""","=""0.840""","=""                                                                      ""","="""""
"=""""","=""*""","=""5""","=""""","=""2.5990896""","=""""","=""""","=""0.005581""","=""0.990""","=""                                                                      ""","="""""
"=""4f4.6s.6p""","=""5I*""","=""5""","=""""","=""2.6043425""","=""""","=""""","=""0.005253""","=""0.960""","=""                                                                      ""","="""""
"=""""","=""*""","=""4""","=""""","=""2.6048006""","=""""","=""""","=""0.000458""","=""1.280""","=""                                                                      ""","="""""
"=""""","=""*""","=""7""","=""""","=""2.6068319""","=""""","=""""","=""0.002031""","=""1.235""","=""                                                                      ""","="""""
"=""""","=""*""","=""4""","=""""","=""2.6265905""","=""""","=""""","=""0.019759""","=""0.920""","=""                                                                      ""","="""""
"=""""","=""*""","=""3""","=""""","=""2.6318808""","=""""","=""""","=""0.005290""","=""1.032""","=""                                                                      ""","="""""
"=""""","=""*""","=""7""","=""""","=""2.6333533""","=""""","=""""","=""0.001473""","=""1.250""","=""                                                                      ""","="""""
"=""4f3.5d.6s.6p""","=""7K""","=""4""","=""""","=""2.6355771""","=""""","=""""","=""0.002224""","=""0.465""","=""                                                                      ""","="""""
"=""""","=""*""","=""5""","=""""","=""2.6373329""","=""""","=""""","=""0.001756""","=""1.040""","=""                                                                      ""","="""""
"=""""","=""*""","=""7""","=""""","=""2.6391247""","=""""","=""""","=""0.001792""","=""1.050""","=""                                                                      ""","="""""
"=""""","=""*""","=""6""","=""""","=""2.6426307""","=""""","=""""","=""0.003506""","=""1.060""","=""                                                                      ""","="""""
"=""""","=""*""","=""4""","=""""","=""2.6426536""","=""""","=""""","=""0.000023""","=""0.985""","=""                                                                      ""","="""""
"=""""","=""*""","=""6""","=""""","=""2.6465136""","=""""","=""""","=""0.003860""","=""0.975""","=""                                                                      ""","="""""
"=""""","=""*""","=""4""","=""""","=""2.6465465""","=""""","=""""","=""0.000033""","=""0.880""","=""                                                                      ""","="""""
"=""4f3.5d.6s.6p""","=""7L""","=""5""","=""""","=""2.6484778""","=""""","=""""","=""0.001931""","=""0.570""","=""                                                                      ""","="""""
"=""4f3.5d.6s.6p""","=""7L""","=""6""","=""""","=""2.6517944""","=""""","=""""","=""0.003317""","=""0.820""","=""                                                                      ""","="""""
"=""""","=""*""","=""7""","=""""","=""2.6546905""","=""""","=""""","=""0.002896""","=""1.067""","=""                                                                      ""","="""""
"=""""","=""*""","=""5""","=""""","=""2.6618341""","=""""","=""""","=""0.007144""","=""1.220""","=""                                                                      ""","="""""
"=""""","=""*""","=""4""","=""""","=""2.6642208""","=""""","=""""","=""0.002387""","=""0.910""","=""                                                                      ""","="""""
"=""""","=""*""","=""5""","=""""","=""2.6729500""","=""""","=""""","=""0.008729""","=""0.835""","=""                                                                      ""","="""""
"=""4f4.6s.6p""","=""5H*""","=""3""","=""""","=""2.6746628""","=""""","=""""","=""0.001713""","=""0.650""","=""                                                                      ""","="""""
"=""""","=""*""","=""7""","=""""","=""2.6830243""","=""""","=""""","=""0.008361""","=""0.980""","=""                                                                      ""","="""""
"=""""","=""*""","=""6""","=""""","=""2.6927295""","=""""","=""""","=""0.009705""","=""0.960""","=""                                                                      ""","="""""
"=""""","=""*""","=""5""","=""""","=""2.6937763""","=""""","=""""","=""0.001047""","=""1.000""","=""                                                                      ""","="""""
"=""""","=""*""","=""4""","=""""","=""2.6976827""","=""""","=""""","=""0.003906""","=""0.735""","=""                                                                      ""","="""""
"=""""","=""*""","=""6""","=""""","=""2.7025952""","=""""","=""""","=""0.004913""","=""0.990""","=""                                                                      ""","="""""
"=""4f4.5d2""","=""7M""","=""6""","=""""","=""2.7139718""","=""""","=""""","=""0.011377""","=""0.580""","=""                                                                      ""","="""""
"=""""","=""*""","=""7""","=""""","=""2.7163250""","=""""","=""""","=""0.002353""","=""0.970""","=""                                                                      ""","="""""
"=""4f3.5d.6s.6p""","=""7K""","=""5""","=""""","=""2.7182466""","=""""","=""""","=""0.001922""","=""0.780""","=""                                                                      ""","="""""
"=""""","=""*""","=""4""","=""""","=""2.7185895""","=""""","=""""","=""0.000343""","=""0.860""","=""                                                                      ""","="""""
"=""""","=""*""","=""3""","=""""","=""2.7216850""","=""""","=""""","=""0.003095""","=""1.070""","=""                                                                      ""","="""""
"=""""","=""*""","=""4""","=""""","=""2.7289344""","=""""","=""""","=""0.007249""","=""0.815""","=""                                                                      ""","="""""
"=""""","=""*""","=""7""","=""""","=""2.7328064""","=""""","=""""","=""0.003872""","=""1.020""","=""                                                                      ""","="""""
"=""""","=""*""","=""6""","=""""","=""2.7338188""","=""""","=""""","=""0.001012""","=""1.040""","=""                                                                      ""","="""""
"=""""","=""*""","=""4""","=""""","=""2.7371545""","=""""","=""""","=""0.003336""","=""1.035""","=""                                                                      ""","="""""
"=""4f3.5d.6s.6p""","=""7L""","=""6""","=""""","=""2.7427383""","=""""","=""""","=""0.005584""","=""0.765""","=""                                                                      ""","="""""
"=""""","=""*""","=""6""","=""""","=""2.7430138""","=""""","=""""","=""0.000275""","=""1.170""","=""                                                                      ""","="""""
"=""""","=""*""","=""5""","=""""","=""2.7435967""","=""""","=""""","=""0.000583""","=""1.060""","=""                                                                      ""","="""""
"=""""","=""*""","=""1""","=""""","=""2.7443243""","=""""","=""""","=""0.000728""","=""1.395""","=""                                                                      ""","="""""
"=""""","=""*""","=""5""","=""""","=""2.7514942""","=""""","=""""","=""0.007170""","=""1.090""","=""                                                                      ""","="""""
"=""""","=""*""","=""3""","=""""","=""2.7552066""","=""""","=""""","=""0.003712""","=""1.245""","=""                                                                      ""","="""""
"=""""","=""*""","=""3""","=""""","=""2.7560447""","=""""","=""""","=""0.000838""","=""0.705""","=""                                                                      ""","="""""
"=""""","=""*""","=""5""","=""""","=""2.7576455""","=""""","=""""","=""0.001601""","=""0.770""","=""                                                                      ""","="""""
"=""""","=""*""","=""5""","=""""","=""2.7593743""","=""""","=""""","=""0.001729""","=""1.030""","=""                                                                      ""","="""""
"=""""","=""*""","=""6""","=""""","=""2.7652255""","=""""","=""""","=""0.005851""","=""1.080""","=""                                                                      ""","="""""
"=""""","=""*""","=""7""","=""""","=""2.7673633""","=""""","=""""","=""0.002138""","=""1.128""","=""                                                                      ""","="""""
"=""""","=""*""","=""5""","=""""","=""2.7731878""","=""""","=""""","=""0.005825""","=""1.085""","=""                                                                      ""","="""""
"=""""","=""*""","=""5""","=""""","=""2.7780581""","=""""","=""""","=""0.004870""","=""0.885""","=""                                                                      ""","="""""
"=""""","=""*""","=""4""","=""""","=""2.7860750""","=""""","=""""","=""0.008017""","=""0.995""","=""                                                                      ""","="""""
"=""""","=""*""","=""7""","=""""","=""2.7875075""","=""""","=""""","=""0.001432""","=""1.120""","=""                                                                      ""","="""""
"=""""","=""*""","=""3""","=""""","=""2.7885249""","=""""","=""""","=""0.001017""","=""0.830""","=""                                                                      ""","="""""
"=""""","=""*""","=""5""","=""""","=""2.7934101""","=""""","=""""","=""0.004885""","=""0.850""","=""                                                                      ""","="""""
"=""""","=""*""","=""6""","=""""","=""2.7970923""","=""""","=""""","=""0.003682""","=""1.135""","=""                                                                      ""","="""""
"=""""","=""*""","=""5""","=""""","=""2.8027453""","=""""","=""""","=""0.005653""","=""1.000""","=""                                                                      ""","="""""
"=""4f3.5d.6s.6p""","=""7L""","=""7""","=""""","=""2.8039248""","=""""","=""""","=""0.001179""","=""0.845""","=""                                                                      ""","="""""
"=""""","=""*""","=""4""","=""""","=""2.8047705""","=""""","=""""","=""0.000846""","=""1.280""","=""                                                                      ""","="""""
"=""""","=""*""","=""4""","=""""","=""2.8048685""","=""""","=""""","=""0.000098""","=""1.135""","=""                                                                      ""","="""""
"=""""","=""*""","=""3""","=""""","=""2.8059471""","=""""","=""""","=""0.001079""","=""1.130""","=""                                                                      ""","="""""
"=""""","=""*""","=""4""","=""""","=""2.8116901""","=""""","=""""","=""0.005743""","=""0.885""","=""                                                                      ""","="""""
"=""4f4.5d2""","=""7M""","=""7""","=""""","=""2.8151331""","=""""","=""""","=""0.003443""","=""0.810""","=""                                                                      ""","="""""
"=""""","=""*""","=""5""","=""""","=""2.8189907""","=""""","=""""","=""0.003858""","=""1.070""","=""                                                                      ""","="""""
"=""""","=""*""","=""6""","=""""","=""2.8192581""","=""""","=""""","=""0.000267""","=""0.985""","=""                                                                      ""","="""""
"=""""","=""*""","=""4""","=""""","=""2.8286499""","=""""","=""""","=""0.009392""","=""0.975""","=""                                                                      ""","="""""
"=""""","=""*""","=""5""","=""""","=""2.8286856""","=""""","=""""","=""0.000036""","=""0.755""","=""                                                                      ""","="""""
"=""""","=""*""","=""6""","=""""","=""2.8356037""","=""""","=""""","=""0.006918""","=""1.164""","=""                                                                      ""","="""""
"=""""","=""""","=""6""","=""""","=""2.8360956""","=""""","=""""","=""0.000492""","=""0.900""","=""                                                                      ""","="""""
"=""4f3.5d.6s.6p""","=""7I""","=""3""","=""""","=""2.8404736""","=""""","=""""","=""0.004378""","=""0.395""","=""                                                                      ""","="""""
"=""""","=""*""","=""3""","=""""","=""2.8429502""","=""""","=""""","=""0.002477""","=""0.765""","=""                                                                      ""","="""""
"=""""","=""*""","=""7""","=""""","=""2.8440405""","=""""","=""""","=""0.001090""","=""1.065""","=""                                                                      ""","="""""
"=""""","=""*""","=""3""","=""""","=""2.8462433""","=""""","=""""","=""0.002203""","=""0.990""","=""                                                                      ""","="""""
"=""""","=""*""","=""4""","=""""","=""2.8536838""","=""""","=""""","=""0.007441""","=""0.810""","=""                                                                      ""","="""""
"=""""","=""*""","=""6""","=""""","=""2.8566626""","=""""","=""""","=""0.002979""","=""1.075""","=""                                                                      ""","="""""
"=""""","=""*""","=""5""","=""""","=""2.8578060""","=""""","=""""","=""0.001143""","=""1.060""","=""                                                                      ""","="""""
"=""""","=""""","=""5""","=""""","=""2.8597570""","=""""","=""""","=""0.001951""","=""0.835""","=""                                                                      ""","="""""
"=""""","=""*""","=""4""","=""""","=""2.8626315""","=""""","=""""","=""0.002874""","=""1.250""","=""                                                                      ""","="""""
"=""""","=""""","=""6""","=""""","=""2.8651444""","=""""","=""""","=""0.002513""","=""0.895""","=""                                                                      ""","="""""
"=""""","=""""","=""5""","=""""","=""2.8733643""","=""""","=""""","=""0.008220""","=""0.785""","=""                                                                      ""","="""""
"=""""","=""*""","=""5""","=""""","=""2.8762016""","=""""","=""""","=""0.002837""","=""1.085""","=""                                                                      ""","="""""
"=""""","=""*""","=""4""","=""""","=""2.8769058""","=""""","=""""","=""0.000704""","=""1.200""","=""                                                                      ""","="""""
"=""""","=""*""","=""3""","=""""","=""2.8786564""","=""""","=""""","=""0.001751""","=""1.060""","=""                                                                      ""","="""""
"=""""","=""""","=""6""","=""""","=""2.8791568""","=""""","=""""","=""0.000500""","=""0.965""","=""                                                                      ""","="""""
"=""""","=""*""","=""5""","=""""","=""2.8816302""","=""""","=""""","=""0.002473""","=""0.775""","=""                                                                      ""","="""""
"=""""","=""""","=""6""","=""""","=""2.8816929""","=""""","=""""","=""0.000063""","=""1.115""","=""                                                                      ""","="""""
"=""""","=""7I""","=""3""","=""""","=""2.8824334""","=""""","=""""","=""0.000741""","=""0.290""","=""                                                                      ""","="""""
"=""4f3.5d.6s.6p""","=""7L""","=""7""","=""""","=""2.8850484""","=""""","=""""","=""0.002615""","=""0.905""","=""                                                                      ""","="""""
"=""""","=""""","=""4""","=""""","=""2.8857816""","=""""","=""""","=""0.000733""","=""0.580""","=""                                                                      ""","="""""
"=""""","=""""","=""5""","=""""","=""2.8864872""","=""""","=""""","=""0.000706""","=""0.545""","=""                                                                      ""","="""""
"=""""","=""*""","=""6""","=""""","=""2.8868028""","=""""","=""""","=""0.000316""","=""1.040""","=""                                                                      ""","="""""
"=""""","=""*""","=""6""","=""""","=""2.8918419""","=""""","=""""","=""0.005039""","=""1.070""","=""                                                                      ""","="""""
"=""""","=""7I""","=""4""","=""""","=""2.8946281""","=""""","=""""","=""0.002786""","=""0.740""","=""                                                                      ""","="""""
"=""""","=""*""","=""6""","=""""","=""2.8951294""","=""""","=""""","=""0.000501""","=""0.875""","=""                                                                      ""","="""""
"=""""","=""*""","=""5""","=""""","=""2.9054259""","=""""","=""""","=""0.010296""","=""0.965""","=""                                                                      ""","="""""
"=""""","=""*""","=""4""","=""""","=""2.9059962""","=""""","=""""","=""0.000570""","=""0.885""","=""                                                                      ""","="""""
"=""""","=""*""","=""8""","=""""","=""2.9104079""","=""""","=""""","=""0.004412""","=""1.123""","=""                                                                      ""","="""""
"=""""","=""*""","=""3""","=""""","=""2.9120268""","=""""","=""""","=""0.001619""","=""0.683""","=""                                                                      ""","="""""
"=""""","=""*""","=""6""","=""""","=""2.9131331""","=""""","=""""","=""0.001106""","=""0.930""","=""                                                                      ""","="""""
"=""""","=""*""","=""7""","=""""","=""2.9158296""","=""""","=""""","=""0.002696""","=""1.052""","=""                                                                      ""","="""""
"=""4f4.(5I).5d (6L).6p""","=""7M*""","=""6""","=""""","=""2.9203053""","=""""","=""""","=""0.004476""","=""0.730""","=""                                                                      ""","="""""
"=""4f4.(5I).5d (6L).6p""","=""7M*""","=""7""","=""""","=""3.0412594""","=""""","=""""","=""0.120954""","=""0.820""","=""                                                                      ""","="""""
"=""4f4.(5I).5d (6L).6p""","=""7M*""","=""8""","=""""","=""3.1736166""","=""""","=""""","=""0.132357""","=""0.975""","=""                                                                      ""","="""""
"=""4f4.(5I).5d (6L).6p""","=""7M*""","=""9""","=""""","=""3.3153707""","=""""","=""""","=""0.141754""","=""1.080""","=""                                                                      ""","="""""
"=""4f4.(5I).5d (6L).6p""","=""7M*""","=""10""","=""""","=""3.4679025""","=""""","=""""","=""0.152532""","=""1.170""","=""                                                                      ""","="""""
"=""4f4.(5I).5d (6L).6p""","=""7M*""","=""11""","=""""","=""3.6160463""","=""""","=""""","=""0.148144""","=""1.205""","=""                                                                      ""","="""""
"=""4f4.(5I).5d (6L).6p""","=""7M*""","=""12""","=""""","=""3.7796070""","=""""","=""""","=""0.163561""","=""1.250""","=""                                                                      ""","="""""
"=""""","=""*""","=""4""","=""""","=""2.9214107""","=""""","=""""","=""-0.858196""","=""0.940""","=""                                                                      ""","="""""
"=""""","=""""","=""5""","=""""","=""2.9217137""","=""""","=""""","=""0.000303""","=""0.760""","=""                                                                      ""","="""""
"=""""","=""*""","=""5""","=""""","=""2.9226856""","=""""","=""""","=""0.000972""","=""1.080""","=""                                                                      ""","="""""
"=""""","=""*""","=""6""","=""""","=""2.9233456""","=""""","=""""","=""0.000660""","=""0.985""","=""                                                                      ""","="""""
"=""""","=""*""","=""8""","=""""","=""2.9325649""","=""""","=""""","=""0.009219""","=""1.128""","=""                                                                      ""","="""""
"=""""","=""*""","=""7""","=""""","=""2.9439796""","=""""","=""""","=""0.011415""","=""1.040""","=""                                                                      ""","="""""
"=""""","=""*""","=""6""","=""""","=""2.9453376""","=""""","=""""","=""0.001358""","=""1.075""","=""                                                                      ""","="""""
"=""""","=""*""","=""3""","=""""","=""2.9460964""","=""""","=""""","=""0.000759""","=""1.190""","=""                                                                      ""","="""""
"=""""","=""*""","=""5""","=""""","=""2.9510033""","=""""","=""""","=""0.004907""","=""1.065""","=""                                                                      ""","="""""
"=""""","=""""","=""4""","=""""","=""2.9518820""","=""""","=""""","=""0.000879""","=""0.610""","=""                                                                      ""","="""""
"=""""","=""*""","=""5""","=""""","=""2.9544877""","=""""","=""""","=""0.002606""","=""1.165""","=""                                                                      ""","="""""
"=""""","=""*""","=""4""","=""""","=""2.9565136""","=""""","=""""","=""0.002026""","=""1.175""","=""                                                                      ""","="""""
"=""""","=""""","=""3""","=""""","=""2.9590168""","=""""","=""""","=""0.002503""","=""0.450""","=""                                                                      ""","="""""
"=""""","=""*""","=""7""","=""""","=""2.9603610""","=""""","=""""","=""0.001344""","=""1.075""","=""                                                                      ""","="""""
"=""""","=""*""","=""6""","=""""","=""2.9618917""","=""""","=""""","=""0.001531""","=""1.030""","=""                                                                      ""","="""""
"=""""","=""""","=""8""","=""""","=""2.9697799""","=""""","=""""","=""0.007888""","=""1.053""","=""                                                                      ""","="""""
"=""""","=""*""","=""4""","=""""","=""2.9698427""","=""""","=""""","=""0.000063""","=""0.830""","=""                                                                      ""","="""""
"=""4f4.5d2""","=""7L""","=""6""","=""""","=""2.9711743""","=""""","=""""","=""0.001332""","=""0.815""","=""                                                                      ""","="""""
"=""""","=""*""","=""5""","=""""","=""2.9716917""","=""""","=""""","=""0.000517""","=""0.980""","=""                                                                      ""","="""""
"=""""","=""""","=""6""","=""""","=""2.9717862""","=""""","=""""","=""0.000094""","=""0.840""","=""                                                                      ""","="""""
"=""""","=""*""","=""6""","=""""","=""2.9738634""","=""""","=""""","=""0.002077""","=""1.100""","=""                                                                      ""","="""""
"=""""","=""*""","=""7""","=""""","=""2.9745171""","=""""","=""""","=""0.000654""","=""1.225""","=""                                                                      ""","="""""
"=""""","=""*""","=""6""","=""""","=""2.9751884""","=""""","=""""","=""0.000671""","=""1.045""","=""                                                                      ""","="""""
"=""""","=""*""","=""4""","=""""","=""2.9757535""","=""""","=""""","=""0.000565""","=""1.110""","=""                                                                      ""","="""""
"=""""","=""*""","=""4""","=""""","=""2.9843295""","=""""","=""""","=""0.008576""","=""0.825""","=""                                                                      ""","="""""
"=""""","=""*""","=""8""","=""""","=""2.9852643""","=""""","=""""","=""0.000935""","=""1.070""","=""                                                                      ""","="""""
"=""""","=""""","=""6""","=""""","=""2.9937998""","=""""","=""""","=""0.008536""","=""0.890""","=""                                                                      ""","="""""
"=""""","=""*""","=""8""","=""""","=""2.9965363""","=""""","=""""","=""0.002736""","=""1.100""","=""                                                                      ""","="""""
"=""""","=""*""","=""4""","=""""","=""2.997427""","=""""","=""""","=""0.000891""","=""0.965""","=""                                                                      ""","="""""
"=""""","=""""","=""5""","=""""","=""3.0002353""","=""""","=""""","=""0.002808""","=""0.800""","=""                                                                      ""","="""""
"=""""","=""*""","=""7""","=""""","=""3.0020205""","=""""","=""""","=""0.001785""","=""1.060""","=""                                                                      ""","="""""
"=""4f3.5d.6s.6p""","=""5M""","=""7""","=""""","=""3.0026303""","=""""","=""""","=""0.000610""","=""0.870""","=""                                                                      ""","="""""
"=""""","=""""","=""4""","=""""","=""3.0035978""","=""""","=""""","=""0.000968""","=""0.875""","=""                                                                      ""","="""""
"=""""","=""""","=""8""","=""""","=""3.0042958""","=""""","=""""","=""0.000698""","=""1.065""","=""                                                                      ""","="""""
"=""""","=""*""","=""4""","=""""","=""3.0063019""","=""""","=""""","=""0.002006""","=""0.680""","=""                                                                      ""","="""""
"=""""","=""""","=""7""","=""""","=""3.0078679""","=""""","=""""","=""0.001566""","=""1.010""","=""                                                                      ""","="""""
"=""4f3.5d.6s.6p""","=""7M""","=""9""","=""""","=""3.0084755""","=""""","=""""","=""0.000608""","=""1.065""","=""                                                                      ""","="""""
"=""""","=""*""","=""7""","=""""","=""3.0091851""","=""""","=""""","=""0.000710""","=""0.990""","=""                                                                      ""","="""""
"=""""","=""*""","=""5""","=""""","=""3.0118155""","=""""","=""""","=""0.002630""","=""1.060""","=""                                                                      ""","="""""
"=""""","=""*""","=""5""","=""""","=""3.0208056""","=""""","=""""","=""0.008990""","=""1.090""","=""                                                                      ""","="""""
"=""""","=""*""","=""5""","=""""","=""3.0287574""","=""""","=""""","=""0.007952""","=""1.190""","=""                                                                      ""","="""""
"=""""","=""*""","=""4""","=""""","=""3.0350724""","=""""","=""""","=""0.006315""","=""0.835""","=""                                                                      ""","="""""
"=""4f4.5d2""","=""7M""","=""9""","=""""","=""3.0449004""","=""""","=""""","=""0.009828""","=""1.098""","=""                                                                      ""","="""""
"=""""","=""""","=""2""","=""""","=""3.0450067""","=""""","=""""","=""0.000106""","=""0.245""","=""                                                                      ""","="""""
"=""""","=""""","=""5""","=""""","=""3.0472813""","=""""","=""""","=""0.002275""","=""0.870""","=""                                                                      ""","="""""
"=""""","=""*""","=""5""","=""""","=""3.0478001""","=""""","=""""","=""0.000519""","=""0.860""","=""                                                                      ""","="""""
"=""""","=""*""","=""5""","=""""","=""3.0483044""","=""""","=""""","=""0.000504""","=""1.110""","=""                                                                      ""","="""""
"=""""","=""*""","=""6""","=""""","=""3.0487681""","=""""","=""""","=""0.000464""","=""1.010""","=""                                                                      ""","="""""
"=""""","=""*""","=""4""","=""""","=""3.0507707""","=""""","=""""","=""0.002003""","=""0.840""","=""                                                                      ""","="""""
"=""""","=""*""","=""4""","=""""","=""3.0592564""","=""""","=""""","=""0.008486""","=""1.060""","=""                                                                      ""","="""""
"=""""","=""*""","=""8""","=""""","=""3.0609560""","=""""","=""""","=""0.001700""","=""1.155""","=""                                                                      ""","="""""
"=""""","=""*""","=""6""","=""""","=""3.0627302""","=""""","=""""","=""0.001774""","=""1.135""","=""                                                                      ""","="""""
"=""""","=""*""","=""7""","=""""","=""3.0660744""","=""""","=""""","=""0.003344""","=""1.150""","=""                                                                      ""","="""""
"=""""","=""*""","=""5""","=""""","=""3.0680869""","=""""","=""""","=""0.002012""","=""1.185""","=""                                                                      ""","="""""
"=""""","=""*""","=""6""","=""""","=""3.0687387""","=""""","=""""","=""0.000652""","=""0.925""","=""                                                                      ""","="""""
"=""""","=""*""","=""8""","=""""","=""3.0715077""","=""""","=""""","=""0.002769""","=""1.145""","=""                                                                      ""","="""""
"=""""","=""*""","=""3""","=""""","=""3.0717293""","=""""","=""""","=""0.000222""","=""1.352""","=""                                                                      ""","="""""
"=""4f4.5d2""","=""7L""","=""7""","=""""","=""3.0739847""","=""""","=""""","=""0.002255""","=""0.965""","=""                                                                      ""","="""""
"=""""","=""""","=""7""","=""""","=""3.0774388""","=""""","=""""","=""0.003454""","=""1.060""","=""                                                                      ""","="""""
"=""4f3.(4I*).5d2.(3F) (6M*).6p""","=""7N""","=""7""","=""""","=""3.0817959""","=""""","=""""","=""0.004357""","=""0.850""","=""                                                                      ""","="""""
"=""""","=""*""","=""5""","=""""","=""3.0833403""","=""""","=""""","=""0.001544""","=""0.960""","=""                                                                      ""","="""""
"=""""","=""*""","=""6""","=""""","=""3.0899850""","=""""","=""""","=""0.006645""","=""1.080""","=""                                                                      ""","="""""
"=""""","=""""","=""6""","=""""","=""3.0905252""","=""""","=""""","=""0.000540""","=""0.955""","=""                                                                      ""","="""""
"=""4f4.(5I).5d (6L).6p?""","=""a 7L*?""","=""5""","=""""","=""3.0914837""","=""""","=""""","=""0.000958""","=""0.625""","=""                                                                      ""","="""""
"=""4f4.(5I).5d (6L).6p?""","=""a 7L*?""","=""6""","=""""","=""3.2134522""","=""""","=""""","=""0.121968""","=""0.825""","=""                                                                      ""","="""""
"=""4f4.(5I).5d (6L).6p?""","=""a 7L*?""","=""7""","=""""","=""3.2994183""","=""""","=""""","=""0.085966""","=""0.960""","=""                                                                      ""","="""""
"=""4f4.(5I).5d (6L).6p?""","=""a 7L*?""","=""8""","=""""","=""3.3882880""","=""""","=""""","=""0.088870""","=""0.945""","=""                                                                      ""","="""""
"=""4f4.(5I).5d (6L).6p?""","=""a 7L*?""","=""9""","=""""","=""3.5142121""","=""""","=""""","=""0.125924""","=""1.075""","=""                                                                      ""","="""""
"=""4f4.(5I).5d (6L).6p?""","=""a 7L*?""","=""10""","=""""","=""3.6676910""","=""""","=""""","=""0.153479""","=""1.190""","=""                                                                      ""","="""""
"=""4f4.(5I).5d (6L).6p?""","=""a 7L*?""","=""11""","=""""","=""3.8279194""","=""""","=""""","=""0.160228""","=""1.230""","=""                                                                      ""","="""""
"=""""","=""*""","=""9""","=""""","=""3.0915579""","=""""","=""""","=""-0.736361""","=""1.150""","=""                                                                      ""","="""""
"=""""","=""*""","=""7""","=""""","=""3.0956982""","=""""","=""""","=""0.004140""","=""1.145""","=""                                                                      ""","="""""
"=""""","=""*""","=""6""","=""""","=""3.0976439""","=""""","=""""","=""0.001946""","=""1.210""","=""                                                                      ""","="""""
"=""""","=""""","=""7""","=""""","=""3.1002639""","=""""","=""""","=""0.002620""","=""0.905""","=""                                                                      ""","="""""
"=""""","=""""","=""7""","=""""","=""3.1028769""","=""""","=""""","=""0.002613""","=""1.020""","=""                                                                      ""","="""""
"=""""","=""""","=""8""","=""""","=""3.1054070""","=""""","=""""","=""0.002530""","=""1.025""","=""                                                                      ""","="""""
"=""""","=""*""","=""7""","=""""","=""3.1075052""","=""""","=""""","=""0.002098""","=""1.100""","=""                                                                      ""","="""""
"=""""","=""*""","=""5""","=""""","=""3.1088764""","=""""","=""""","=""0.001371""","=""1.020""","=""                                                                      ""","="""""
"=""""","=""*""","=""6""","=""""","=""3.1138402""","=""""","=""""","=""0.004964""","=""1.225""","=""                                                                      ""","="""""
"=""""","=""*""","=""9""","=""""","=""3.1171538""","=""""","=""""","=""0.003314""","=""1.120""","=""                                                                      ""","="""""
"=""""","=""*""","=""3""","=""""","=""3.1199880""","=""""","=""""","=""0.002834""","=""1.050""","=""                                                                      ""","="""""
"=""""","=""""","=""8""","=""""","=""3.1231533""","=""""","=""""","=""0.003165""","=""1.110""","=""                                                                      ""","="""""
"=""""","=""*""","=""8""","=""""","=""3.1232574""","=""""","=""""","=""0.000104""","=""1.195""","=""                                                                      ""","="""""
"=""""","=""*""","=""6""","=""""","=""3.1239622""","=""""","=""""","=""0.000705""","=""1.120""","=""                                                                      ""","="""""
"=""""","=""*""","=""7""","=""""","=""3.1241247""","=""""","=""""","=""0.000163""","=""1.120""","=""                                                                      ""","="""""
"=""""","=""""","=""6""","=""""","=""3.1252784""","=""""","=""""","=""0.001154""","=""0.905""","=""                                                                      ""","="""""
"=""""","=""*""","=""5""","=""""","=""3.1277645""","=""""","=""""","=""0.002486""","=""0.995""","=""                                                                      ""","="""""
"=""""","=""*""","=""8""","=""""","=""3.1344371""","=""""","=""""","=""0.006673""","=""1.115""","=""                                                                      ""","="""""
"=""""","=""*""","=""3""","=""""","=""3.1346162""","=""""","=""""","=""0.000179""","=""1.360""","=""                                                                      ""","="""""
"=""""","=""*""","=""6""","=""""","=""3.136937""","=""""","=""""","=""0.002321""","=""1.21""","=""                                                                      ""","="""""
"=""""","=""*""","=""7""","=""""","=""3.1429467""","=""""","=""""","=""0.006010""","=""1.210""","=""                                                                      ""","="""""
"=""""","=""*""","=""6""","=""""","=""3.1435654""","=""""","=""""","=""0.000619""","=""0.940""","=""                                                                      ""","="""""
"=""""","=""*""","=""8""","=""""","=""3.1470779""","=""""","=""""","=""0.003513""","=""1.140""","=""                                                                      ""","="""""
"=""""","=""""","=""7""","=""""","=""3.1471968""","=""""","=""""","=""0.000119""","=""0.971""","=""                                                                      ""","="""""
"=""""","=""*""","=""6""","=""""","=""3.1519534""","=""""","=""""","=""0.004757""","=""0.910""","=""                                                                      ""","="""""
"=""""","=""*""","=""4""","=""""","=""3.1551578""","=""""","=""""","=""0.003204""","=""1.175""","=""                                                                      ""","="""""
"=""""","=""""","=""5""","=""""","=""3.1554474""","=""""","=""""","=""0.000290""","=""0.820""","=""                                                                      ""","="""""
"=""""","=""*""","=""5""","=""""","=""3.1579349""","=""""","=""""","=""0.002487""","=""0.580""","=""                                                                      ""","="""""
"=""""","=""*""","=""4""","=""""","=""3.1586884""","=""""","=""""","=""0.000754""","=""0.915""","=""                                                                      ""","="""""
"=""""","=""*""","=""6""","=""""","=""3.1588861""","=""""","=""""","=""0.000198""","=""1.085""","=""                                                                      ""","="""""
"=""""","=""*""","=""3""","=""""","=""3.1615884""","=""""","=""""","=""0.002702""","=""0.825""","=""                                                                      ""","="""""
"=""""","=""*""","=""7""","=""""","=""3.1620903""","=""""","=""""","=""0.000502""","=""1.115""","=""                                                                      ""","="""""
"=""""","=""*""","=""8""","=""""","=""3.1632982""","=""""","=""""","=""0.001208""","=""1.140""","=""                                                                      ""","="""""
"=""""","=""""","=""8""","=""""","=""3.1652436""","=""""","=""""","=""0.001945""","=""0.990""","=""                                                                      ""","="""""
"=""""","=""""","=""7""","=""""","=""3.1658517""","=""""","=""""","=""0.000608""","=""0.905""","=""                                                                      ""","="""""
"=""""","=""*""","=""3""","=""""","=""3.1671900""","=""""","=""""","=""0.001338""","=""0.725""","=""                                                                      ""","="""""
"=""""","=""*""","=""5""","=""""","=""3.1684451""","=""""","=""""","=""0.001255""","=""0.985""","=""                                                                      ""","="""""
"=""""","=""*""","=""7""","=""""","=""3.1735654""","=""""","=""""","=""0.005120""","=""1.095""","=""                                                                      ""","="""""
"=""""","=""*""","=""2""","=""""","=""3.1745869""","=""""","=""""","=""0.001021""","=""0.505""","=""                                                                      ""","="""""
"=""""","=""*""","=""6""","=""""","=""3.1751575""","=""""","=""""","=""0.000571""","=""0.895""","=""                                                                      ""","="""""
"=""""","=""""","=""5""","=""""","=""3.1764315""","=""""","=""""","=""0.001274""","=""0.965""","=""                                                                      ""","="""""
"=""""","=""*""","=""4""","=""""","=""3.1766146""","=""""","=""""","=""0.000183""","=""1.175""","=""                                                                      ""","="""""
"=""""","=""""","=""7""","=""""","=""3.1769178""","=""""","=""""","=""0.000303""","=""1.050""","=""                                                                      ""","="""""
"=""""","=""*""","=""4""","=""""","=""3.1790659""","=""""","=""""","=""0.002148""","=""1.120""","=""                                                                      ""","="""""
"=""""","=""*""","=""3""","=""""","=""3.1792598""","=""""","=""""","=""0.000194""","=""0.900""","=""                                                                      ""","="""""
"=""""","=""*""","=""6""","=""""","=""3.1816925""","=""""","=""""","=""0.002433""","=""1.190""","=""                                                                      ""","="""""
"=""""","=""""","=""6""","=""""","=""3.1832013""","=""""","=""""","=""0.001509""","=""0.915""","=""                                                                      ""","="""""
"=""""","=""""","=""8""","=""""","=""3.1868471""","=""""","=""""","=""0.003646""","=""1.095""","=""                                                                      ""","="""""
"=""""","=""""","=""8""","=""""","=""3.1913788""","=""""","=""""","=""0.004532""","=""1.090""","=""                                                                      ""","="""""
"=""""","=""""","=""6""","=""""","=""3.1921485""","=""""","=""""","=""0.000770""","=""0.860""","=""                                                                      ""","="""""
"=""""","=""*""","=""6""","=""""","=""3.1927041""","=""""","=""""","=""0.000556""","=""1.200""","=""                                                                      ""","="""""
"=""""","=""*""","=""3""","=""""","=""3.1972772""","=""""","=""""","=""0.004573""","=""0.900""","=""                                                                      ""","="""""
"=""""","=""*""","=""4""","=""""","=""3.1976864""","=""""","=""""","=""0.000409""","=""0.920""","=""                                                                      ""","="""""
"=""""","=""""","=""3""","=""""","=""3.2015978""","=""""","=""""","=""0.003911""","=""0.660""","=""                                                                      ""","="""""
"=""""","=""*""","=""7""","=""""","=""3.2049119""","=""""","=""""","=""0.003314""","=""1.085""","=""                                                                      ""","="""""
"=""4f4.5d.6p?""","=""b 7L*?""","=""5""","=""""","=""3.2067655""","=""""","=""""","=""0.001854""","=""0.750""","=""                                                                      ""","="""""
"=""4f4.5d.6p?""","=""b 7L*?""","=""6""","=""""","=""3.3279998""","=""""","=""""","=""0.121234""","=""0.815""","=""                                                                      ""","="""""
"=""4f4.5d.6p?""","=""b 7L*?""","=""7""","=""""","=""3.4450006""","=""""","=""""","=""0.117001""","=""0.980""","=""                                                                      ""","="""""
"=""4f4.5d.6p?""","=""b 7L*?""","=""8""","=""""","=""3.5734201""","=""""","=""""","=""0.128419""","=""1.100""","=""                                                                      ""","="""""
"=""4f4.5d.6p?""","=""b 7L*?""","=""9""","=""""","=""3.7054609""","=""""","=""""","=""0.132041""","=""1.160""","=""                                                                      ""","="""""
"=""4f4.5d.6p?""","=""b 7L*?""","=""10""","=""""","=""3.8426647""","=""""","=""""","=""0.137204""","=""1.225""","=""                                                                      ""","="""""
"=""4f4.5d.6p?""","=""b 7L*?""","=""11""","=""""","=""3.9808260""","=""""","=""""","=""0.138161""","=""1.270""","=""                                                                      ""","="""""
"=""""","=""*""","=""7""","=""""","=""3.2094236""","=""""","=""""","=""-0.771402""","=""0.965""","=""                                                                      ""","="""""
"=""""","=""*""","=""5""","=""""","=""3.2142236""","=""""","=""""","=""0.004800""","=""1.050""","=""                                                                      ""","="""""
"=""""","=""""","=""6""","=""""","=""3.2253428""","=""""","=""""","=""0.011119""","=""1.090""","=""                                                                      ""","="""""
"=""""","=""""","=""6""","=""""","=""3.2270434""","=""""","=""""","=""0.001701""","=""1.080""","=""                                                                      ""","="""""
"=""""","=""*""","=""5""","=""""","=""3.2271940""","=""""","=""""","=""0.000151""","=""1.035""","=""                                                                      ""","="""""
"=""""","=""*""","=""3""","=""""","=""3.2311131""","=""""","=""""","=""0.003919""","=""1.360""","=""                                                                      ""","="""""
"=""4f4.5d.6p?""","=""5K*?""","=""5""","=""""","=""3.2325538""","=""""","=""""","=""0.001441""","=""0.855""","=""                                                                      ""","="""""
"=""4f4.5d.6p?""","=""5K*?""","=""6""","=""""","=""3.3960710""","=""""","=""""","=""0.163517""","=""0.905""","=""                                                                      ""","="""""
"=""4f4.5d.6p?""","=""5K*?""","=""7""","=""""","=""3.5369875""","=""""","=""""","=""0.140916""","=""1.065""","=""                                                                      ""","="""""
"=""4f4.5d.6p?""","=""5K*?""","=""8""","=""""","=""3.6891411""","=""""","=""""","=""0.152154""","=""1.135""","=""                                                                      ""","="""""
"=""4f4.5d.6p?""","=""5K*?""","=""9""","=""""","=""3.8761429""","=""""","=""""","=""0.187002""","=""1.205""","=""                                                                      ""","="""""
"=""""","=""*""","=""3""","=""""","=""3.2354924""","=""""","=""""","=""-0.640651""","=""0.980""","=""                                                                      ""","="""""
"=""""","=""*""","=""7""","=""""","=""3.2428014""","=""""","=""""","=""0.007309""","=""0.950""","=""                                                                      ""","="""""
"=""""","=""*""","=""3""","=""""","=""3.2437750""","=""""","=""""","=""0.000974""","=""1.180""","=""                                                                      ""","="""""
"=""""","=""*""","=""4""","=""""","=""3.2523845""","=""""","=""""","=""0.008609""","=""1.025""","=""                                                                      ""","="""""
"=""""","=""""","=""2""","=""""","=""3.2593555""","=""""","=""""","=""0.006971""","=""0.465""","=""                                                                      ""","="""""
"=""""","=""""","=""6""","=""""","=""3.2612642""","=""""","=""""","=""0.001909""","=""0.990""","=""                                                                      ""","="""""
"=""""","=""*""","=""7""","=""""","=""3.2641268""","=""""","=""""","=""0.002863""","=""1.250""","=""                                                                      ""","="""""
"=""""","=""""","=""5""","=""""","=""3.2646721""","=""""","=""""","=""0.000545""","=""0.835""","=""                                                                      ""","="""""
"=""4f3.(4I*).5d2.(3F) (6M*).6p""","=""7N""","=""8""","=""""","=""3.2648905""","=""""","=""""","=""0.000218""","=""0.890""","=""                                                                      ""","="""""
"=""""","=""*""","=""5""","=""""","=""3.2663930""","=""""","=""""","=""0.001502""","=""1.100""","=""                                                                      ""","="""""
"=""""","=""*""","=""3""","=""""","=""3.2664261""","=""""","=""""","=""0.000033""","=""1.025""","=""                                                                      ""","="""""
"=""""","=""""","=""5""","=""""","=""3.2678825""","=""""","=""""","=""0.001456""","=""0.875""","=""                                                                      ""","="""""
"=""""","=""*""","=""7""","=""""","=""3.2725205""","=""""","=""""","=""0.004638""","=""1.080""","=""                                                                      ""","="""""
"=""""","=""*""","=""3""","=""""","=""3.2725673""","=""""","=""""","=""0.000047""","=""1.060""","=""                                                                      ""","="""""
"=""""","=""""","=""8""","=""""","=""3.2763230""","=""""","=""""","=""0.003756""","=""1.135""","=""                                                                      ""","="""""
"=""""","=""*""","=""4""","=""""","=""3.2792903""","=""""","=""""","=""0.002967""","=""0.870""","=""                                                                      ""","="""""
"=""""","=""*""","=""3""","=""""","=""3.2809814""","=""""","=""""","=""0.001691""","=""0.865""","=""                                                                      ""","="""""
"=""""","=""*""","=""5""","=""""","=""3.2836175""","=""""","=""""","=""0.002636""","=""1.035""","=""                                                                      ""","="""""
"=""""","=""*""","=""5""","=""""","=""3.2859067""","=""""","=""""","=""0.002289""","=""1.180""","=""                                                                      ""","="""""
"=""""","=""*""","=""9""","=""""","=""3.2869331""","=""""","=""""","=""0.001026""","=""1.165""","=""                                                                      ""","="""""
"=""""","=""*""","=""6""","=""""","=""3.2869478""","=""""","=""""","=""0.000015""","=""1.040""","=""                                                                      ""","="""""
"=""""","=""""","=""7""","=""""","=""3.2875287""","=""""","=""""","=""0.000581""","=""1.085""","=""                                                                      ""","="""""
"=""""","=""*""","=""5""","=""""","=""3.2974149""","=""""","=""""","=""0.009886""","=""1.015""","=""                                                                      ""","="""""
"=""""","=""*""","=""4""","=""""","=""3.2984144""","=""""","=""""","=""0.000999""","=""0.935""","=""                                                                      ""","="""""
"=""""","=""*""","=""7""","=""""","=""3.3023014""","=""""","=""""","=""0.003887""","=""1.125""","=""                                                                      ""","="""""
"=""""","=""*""","=""4""","=""""","=""3.3057177""","=""""","=""""","=""0.003416""","=""1.000""","=""                                                                      ""","="""""
"=""""","=""""","=""6""","=""""","=""3.3064695""","=""""","=""""","=""0.000752""","=""1.020""","=""                                                                      ""","="""""
"=""""","=""*""","=""4""","=""""","=""3.3083662""","=""""","=""""","=""0.001897""","=""1.130""","=""                                                                      ""","="""""
"=""""","=""""","=""4""","=""""","=""3.3097154""","=""""","=""""","=""0.001349""","=""0.805""","=""                                                                      ""","="""""
"=""""","=""*""","=""6""","=""""","=""3.3098453""","=""""","=""""","=""0.000130""","=""1.040""","=""                                                                      ""","="""""
"=""""","=""*""","=""8""","=""""","=""3.3182712""","=""""","=""""","=""0.008426""","=""1.210""","=""                                                                      ""","="""""
"=""""","=""*""","=""4""","=""""","=""3.3191225""","=""""","=""""","=""0.000851""","=""1.200""","=""                                                                      ""","="""""
"=""""","=""*""","=""8""","=""""","=""3.3206590""","=""""","=""""","=""0.001536""","=""1.118""","=""                                                                      ""","="""""
"=""""","=""*""","=""6""","=""""","=""3.3248146""","=""""","=""""","=""0.004156""","=""1.215""","=""                                                                      ""","="""""
"=""""","=""""","=""7""","=""""","=""3.3271605""","=""""","=""""","=""0.002346""","=""0.860""","=""                                                                      ""","="""""
"=""4f4.(5I).5d (6L).6p?""","=""5M*?""","=""7""","=""""","=""3.3324622""","=""""","=""""","=""0.005302""","=""0.805""","=""                                                                      ""","="""""
"=""4f4.(5I).5d (6L).6p?""","=""5M*?""","=""8""","=""""","=""3.4667651""","=""""","=""""","=""0.134303""","=""0.995""","=""                                                                      ""","="""""
"=""4f4.(5I).5d (6L).6p?""","=""5M*?""","=""9""","=""""","=""3.6339657""","=""""","=""""","=""0.167201""","=""1.025""","=""                                                                      ""","="""""
"=""4f4.(5I).5d (6L).6p?""","=""5M*?""","=""10""","=""""","=""3.7786255""","=""""","=""""","=""0.144660""","=""1.170""","=""                                                                      ""","="""""
"=""4f4.(5I).5d (6L).6p?""","=""5M*?""","=""11""","=""""","=""3.9224940""","=""""","=""""","=""0.143868""","=""1.205""","=""                                                                      ""","="""""
"=""""","=""""","=""6""","=""""","=""3.3342504""","=""""","=""""","=""-0.588244""","=""0.910""","=""                                                                      ""","="""""
"=""""","=""""","=""7""","=""""","=""3.3349779""","=""""","=""""","=""0.000727""","=""1.040""","=""                                                                      ""","="""""
"=""""","=""*""","=""6""","=""""","=""3.3361645""","=""""","=""""","=""0.001187""","=""1.125""","=""                                                                      ""","="""""
"=""4f4.5d.6p?""","=""a 7K*?""","=""4""","=""""","=""3.3429809""","=""""","=""""","=""0.006816""","=""0.545""","=""                                                                      ""","="""""
"=""4f4.5d.6p?""","=""a 7K*?""","=""5""","=""""","=""3.4332855""","=""""","=""""","=""0.090305""","=""0.890""","=""                                                                      ""","="""""
"=""4f4.5d.6p?""","=""a 7K*?""","=""6""","=""""","=""3.5559137""","=""""","=""""","=""0.122628""","=""1.025""","=""                                                                      ""","="""""
"=""4f4.5d.6p?""","=""a 7K*?""","=""7""","=""""","=""3.6707592""","=""""","=""""","=""0.114845""","=""1.073""","=""                                                                      ""","="""""
"=""4f4.5d.6p?""","=""a 7K*?""","=""8""","=""""","=""3.7945061""","=""""","=""""","=""0.123747""","=""1.160""","=""                                                                      ""","="""""
"=""4f4.5d.6p?""","=""a 7K*?""","=""9""","=""""","=""3.9285683""","=""""","=""""","=""0.134062""","=""1.173""","=""                                                                      ""","="""""
"=""4f4.5d.6p?""","=""a 7K*?""","=""10""","=""""","=""4.0756797""","=""""","=""""","=""0.147111""","=""1.265""","=""                                                                      ""","="""""
"=""""","=""""","=""9""","=""""","=""3.3459709""","=""""","=""""","=""-0.729709""","=""1.140""","=""                                                                      ""","="""""
"=""""","=""""","=""7""","=""""","=""3.3475867""","=""""","=""""","=""0.001616""","=""1.055""","=""                                                                      ""","="""""
"=""4f4.5d.6p?""","=""5L*?""","=""6""","=""""","=""""","=""""","=""""","=""""","=""""","=""                                                                      ""","="""""
"=""4f4.5d.6p?""","=""5L*?""","=""7""","=""""","=""3.3504622""","=""""","=""""","=""""","=""0.995""","=""                                                                      ""","="""""
"=""4f4.5d.6p?""","=""5L*?""","=""8""","=""""","=""3.4914806""","=""""","=""""","=""0.141018""","=""1.032""","=""                                                                      ""","="""""
"=""4f4.5d.6p?""","=""5L*?""","=""9""","=""""","=""3.6430469""","=""""","=""""","=""0.151566""","=""1.115""","=""                                                                      ""","="""""
"=""4f4.5d.6p?""","=""5L*?""","=""10""","=""""","=""3.7949889""","=""""","=""""","=""0.151942""","=""1.183""","=""                                                                      ""","="""""
"=""""","=""*""","=""8""","=""""","=""3.3530713""","=""""","=""""","=""-0.441918""","=""1.015""","=""                                                                      ""","="""""
"=""""","=""""","=""6""","=""""","=""3.3545276""","=""""","=""""","=""0.001456""","=""0.990""","=""                                                                      ""","="""""
"=""""","=""*""","=""7""","=""""","=""3.3581645""","=""""","=""""","=""0.003637""","=""1.175""","=""                                                                      ""","="""""
"=""""","=""*""","=""8""","=""""","=""3.3638062""","=""""","=""""","=""0.005642""","=""1.17""","=""                                                                      ""","="""""
"=""""","=""*""","=""4""","=""""","=""3.3654370""","=""""","=""""","=""0.001631""","=""0.965""","=""                                                                      ""","="""""
"=""""","=""""","=""4""","=""""","=""3.3751194""","=""""","=""""","=""0.009682""","=""0.860""","=""                                                                      ""","="""""
"=""""","=""""","=""7""","=""""","=""3.3752999""","=""""","=""""","=""0.000180""","=""1.095""","=""                                                                      ""","="""""
"=""""","=""*""","=""4""","=""""","=""3.3761267""","=""""","=""""","=""0.000827""","=""1.125""","=""                                                                      ""","="""""
"=""""","=""*""","=""3""","=""""","=""3.3796029""","=""""","=""""","=""0.003476""","=""0.720""","=""                                                                      ""","="""""
"=""""","=""""","=""9""","=""""","=""3.3805005""","=""""","=""""","=""0.000898""","=""1.040""","=""                                                                      ""","="""""
"=""""","=""""","=""8""","=""""","=""3.3877951""","=""""","=""""","=""0.007295""","=""1.040""","=""                                                                      ""","="""""
"=""""","=""*""","=""4""","=""""","=""3.3883379""","=""""","=""""","=""0.000543""","=""0.570""","=""                                                                      ""","="""""
"=""""","=""*""","=""3""","=""""","=""3.3884485""","=""""","=""""","=""0.000111""","=""0.995""","=""                                                                      ""","="""""
"=""""","=""*""","=""7""","=""""","=""3.3939912""","=""""","=""""","=""0.005543""","=""1.235""","=""                                                                      ""","="""""
"=""""","=""""","=""7""","=""""","=""3.3949111""","=""""","=""""","=""0.000920""","=""1.005""","=""                                                                      ""","="""""
"=""""","=""""","=""6""","=""""","=""3.4000974""","=""""","=""""","=""0.005186""","=""1.025""","=""                                                                      ""","="""""
"=""""","=""*""","=""2""","=""""","=""3.4015904""","=""""","=""""","=""0.001493""","=""0.910""","=""                                                                      ""","="""""
"=""""","=""*""","=""6""","=""""","=""3.4039516""","=""""","=""""","=""0.002361""","=""1.035""","=""                                                                      ""","="""""
"=""""","=""*""","=""5""","=""""","=""3.4064103""","=""""","=""""","=""0.002459""","=""1.080""","=""                                                                      ""","="""""
"=""""","=""*""","=""4""","=""""","=""3.4083029""","=""""","=""""","=""0.001893""","=""1.085""","=""                                                                      ""","="""""
"=""""","=""""","=""7""","=""""","=""3.4098872""","=""""","=""""","=""0.001584""","=""1.087""","=""                                                                      ""","="""""
"=""""","=""*""","=""7""","=""""","=""3.4100671""","=""""","=""""","=""0.000180""","=""1.125""","=""                                                                      ""","="""""
"=""""","=""*""","=""5""","=""""","=""3.4125039""","=""""","=""""","=""0.002437""","=""0.970""","=""                                                                      ""","="""""
"=""""","=""""","=""7""","=""""","=""3.4162752""","=""""","=""""","=""0.003771""","=""0.995""","=""                                                                      ""","="""""
"=""""","=""""","=""7""","=""""","=""3.4179850""","=""""","=""""","=""0.001710""","=""1.000""","=""                                                                      ""","="""""
"=""""","=""*""","=""3""","=""""","=""3.4197655""","=""""","=""""","=""0.001781""","=""0.945""","=""                                                                      ""","="""""
"=""""","=""""","=""4""","=""""","=""3.4205306""","=""""","=""""","=""0.000765""","=""0.790""","=""                                                                      ""","="""""
"=""""","=""""","=""6""","=""""","=""3.4206508""","=""""","=""""","=""0.000120""","=""1.080""","=""                                                                      ""","="""""
"=""""","=""*""","=""7""","=""""","=""3.4245403""","=""""","=""""","=""0.003889""","=""1.120""","=""                                                                      ""","="""""
"=""""","=""*""","=""3""","=""""","=""3.4245606""","=""""","=""""","=""0.000020""","=""0.810""","=""                                                                      ""","="""""
"=""""","=""""","=""6""","=""""","=""3.4261457""","=""""","=""""","=""0.001585""","=""0.975""","=""                                                                      ""","="""""
"=""""","=""""","=""6""","=""""","=""3.4318260""","=""""","=""""","=""0.005680""","=""1.130""","=""                                                                      ""","="""""
"=""""","=""*""","=""3""","=""""","=""3.4336902""","=""""","=""""","=""0.001864""","=""1.060""","=""                                                                      ""","="""""
"=""""","=""""","=""6""","=""""","=""3.4358482""","=""""","=""""","=""0.002158""","=""0.945""","=""                                                                      ""","="""""
"=""""","=""*""","=""7""","=""""","=""3.4361587""","=""""","=""""","=""0.000310""","=""1.110""","=""                                                                      ""","="""""
"=""""","=""*""","=""4""","=""""","=""3.4364341""","=""""","=""""","=""0.000275""","=""0.890""","=""                                                                      ""","="""""
"=""""","=""""","=""6""","=""""","=""3.4411980""","=""""","=""""","=""0.004764""","=""1.045""","=""                                                                      ""","="""""
"=""""","=""""","=""9""","=""""","=""3.4439748""","=""""","=""""","=""0.002777""","=""1.085""","=""                                                                      ""","="""""
"=""""","=""*""","=""4""","=""""","=""3.4443327""","=""""","=""""","=""0.000358""","=""1.030""","=""                                                                      ""","="""""
"=""""","=""""","=""7""","=""""","=""3.4474259""","=""""","=""""","=""0.003093""","=""1.020""","=""                                                                      ""","="""""
"=""""","=""""","=""8""","=""""","=""3.4486681""","=""""","=""""","=""0.001242""","=""1.015""","=""                                                                      ""","="""""
"=""""","=""*""","=""6""","=""""","=""3.4506154""","=""""","=""""","=""0.001947""","=""1.035""","=""                                                                      ""","="""""
"=""""","=""*""","=""10""","=""""","=""3.4512021""","=""""","=""""","=""0.000587""","=""1.200""","=""                                                                      ""","="""""
"=""""","=""*""","=""5""","=""""","=""3.4518509""","=""""","=""""","=""0.000649""","=""0.990""","=""                                                                      ""","="""""
"=""""","=""*""","=""9""","=""""","=""3.4520251""","=""""","=""""","=""0.000174""","=""1.160""","=""                                                                      ""","="""""
"=""""","=""""","=""4""","=""""","=""3.4533006""","=""""","=""""","=""0.001275""","=""0.845""","=""                                                                      ""","="""""
"=""""","=""*""","=""4""","=""""","=""3.4542594""","=""""","=""""","=""0.000959""","=""1.125""","=""                                                                      ""","="""""
"=""4f4.5d.6p?""","=""b 7K*?""","=""4""","=""""","=""3.4567724""","=""""","=""""","=""0.002513""","=""0.505""","=""                                                                      ""","="""""
"=""4f4.5d.6p?""","=""b 7K*?""","=""5""","=""""","=""3.5353125""","=""""","=""""","=""0.078540""","=""0.858""","=""                                                                      ""","="""""
"=""4f4.5d.6p?""","=""b 7K*?""","=""6""","=""""","=""3.6436051""","=""""","=""""","=""0.108293""","=""1.005""","=""                                                                      ""","="""""
"=""4f4.5d.6p?""","=""b 7K*?""","=""7""","=""""","=""3.7525810""","=""""","=""""","=""0.108976""","=""1.085""","=""                                                                      ""","="""""
"=""4f4.5d.6p?""","=""b 7K*?""","=""8""","=""""","=""3.8706646""","=""""","=""""","=""0.118084""","=""1.120""","=""                                                                      ""","="""""
"=""4f4.5d.6p?""","=""b 7K*?""","=""9""","=""""","=""4.0064564""","=""""","=""""","=""0.135792""","=""1.170""","=""                                                                      ""","="""""
"=""4f4.5d.6p?""","=""b 7K*?""","=""10""","=""""","=""4.1378877""","=""""","=""""","=""0.131431""","=""1.220""","=""                                                                      ""","="""""
"=""""","=""""","=""9""","=""""","=""3.4568337""","=""""","=""""","=""-0.681054""","=""1.140""","=""                                                                      ""","="""""
"=""""","=""*""","=""5""","=""""","=""3.4594775""","=""""","=""""","=""0.002644""","=""1.040""","=""                                                                      ""","="""""
"=""""","=""*""","=""6""","=""""","=""3.4608534""","=""""","=""""","=""0.001376""","=""0.910""","=""                                                                      ""","="""""
"=""""","=""""","=""8""","=""""","=""3.4618968""","=""""","=""""","=""0.001043""","=""1.125""","=""                                                                      ""","="""""
"=""""","=""""","=""5""","=""""","=""3.4624125""","=""""","=""""","=""0.000516""","=""0.880""","=""                                                                      ""","="""""
"=""""","=""*""","=""7""","=""""","=""3.4658177""","=""""","=""""","=""0.003405""","=""1.107""","=""                                                                      ""","="""""
"=""""","=""""","=""9""","=""""","=""3.4667529""","=""""","=""""","=""0.000935""","=""0.975""","=""                                                                      ""","="""""
"=""""","=""""","=""5""","=""""","=""3.4701672""","=""""","=""""","=""0.003414""","=""1.000""","=""                                                                      ""","="""""
"=""""","=""*""","=""4""","=""""","=""3.4703165""","=""""","=""""","=""0.000149""","=""0.930""","=""                                                                      ""","="""""
"=""""","=""*""","=""3""","=""""","=""3.4713338""","=""""","=""""","=""0.001017""","=""0.915""","=""                                                                      ""","="""""
"=""""","=""*""","=""5""","=""""","=""3.4715750""","=""""","=""""","=""0.000241""","=""0.915""","=""                                                                      ""","="""""
"=""4f4.(5I).6s.7s.(3S)""","=""7I""","=""3""","=""""","=""3.4749551""","=""""","=""""","=""0.003380""","=""0.345""","=""                                                                      ""","="""""
"=""4f4.(5I).6s.7s.(3S)""","=""7I""","=""4""","=""""","=""3.4999772""","=""""","=""""","=""0.025022""","=""0.710""","=""                                                                      ""","="""""
"=""4f4.(5I).6s.7s.(3S)""","=""7I""","=""5""","=""""","=""3.5433393""","=""""","=""""","=""0.043362""","=""0.945""","=""                                                                      ""","="""""
"=""4f4.(5I).6s.7s.(3S)""","=""7I""","=""6""","=""""","=""3.660358""","=""""","=""""","=""0.117019""","=""1.085""","=""                                                                      ""","="""""
"=""4f4.(5I).6s.7s.(3S)""","=""7I""","=""7""","=""""","=""3.797746""","=""""","=""""","=""0.13739""","=""1.200""","=""                                                                      ""","="""""
"=""4f4.(5I).6s.7s.(3S)""","=""7I""","=""8""","=""""","=""3.947496""","=""""","=""""","=""0.14975""","=""1.255""","=""                                                                      ""","="""""
"=""4f4.(5I).6s.7s.(3S)""","=""7I""","=""9""","=""""","=""4.104621""","=""""","=""""","=""0.15712""","=""1.315""","=""                                                                      ""","="""""
"=""""","=""""","=""6""","=""""","=""3.4766068""","=""""","=""""","=""-0.628014""","=""0.840""","=""                                                                      ""","="""""
"=""""","=""*""","=""4""","=""""","=""3.4787685""","=""""","=""""","=""0.002162""","=""0.795""","=""                                                                      ""","="""""
"=""""","=""*""","=""4""","=""""","=""3.4793067""","=""""","=""""","=""0.000538""","=""0.590""","=""                                                                      ""","="""""
"=""""","=""""","=""5""","=""""","=""3.4823231""","=""""","=""""","=""0.003016""","=""0.860""","=""                                                                      ""","="""""
"=""""","=""""","=""7""","=""""","=""3.4846757""","=""""","=""""","=""0.002353""","=""1.045""","=""                                                                      ""","="""""
"=""""","=""""","=""5""","=""""","=""3.4914209""","=""""","=""""","=""0.006745""","=""0.895""","=""                                                                      ""","="""""
"=""""","=""*""","=""5""","=""""","=""3.4937458""","=""""","=""""","=""0.002325""","=""0.965""","=""                                                                      ""","="""""
"=""""","=""*""","=""4""","=""""","=""3.4976785""","=""""","=""""","=""0.003933""","=""1.010""","=""                                                                      ""","="""""
"=""""","=""""","=""5""","=""""","=""3.4988745""","=""""","=""""","=""0.001196""","=""0.895""","=""                                                                      ""","="""""
"=""""","=""*""","=""4""","=""""","=""3.5014565""","=""""","=""""","=""0.002582""","=""1.020""","=""                                                                      ""","="""""
"=""""","=""*""","=""5""","=""""","=""3.5063424""","=""""","=""""","=""0.004886""","=""1.070""","=""                                                                      ""","="""""
"=""""","=""*""","=""6""","=""""","=""3.5098935""","=""""","=""""","=""0.003551""","=""1.000""","=""                                                                      ""","="""""
"=""""","=""*""","=""3""","=""""","=""3.5101501""","=""""","=""""","=""0.000257""","=""0.800""","=""                                                                      ""","="""""
"=""""","=""""","=""7""","=""""","=""3.5155149""","=""""","=""""","=""0.005365""","=""1.060""","=""                                                                      ""","="""""
"=""""","=""""","=""6""","=""""","=""3.5158142""","=""""","=""""","=""0.000299""","=""0.980""","=""                                                                      ""","="""""
"=""""","=""*""","=""4""","=""""","=""3.5203832""","=""""","=""""","=""0.004569""","=""0.980""","=""                                                                      ""","="""""
"=""""","=""""","=""7""","=""""","=""3.5226748""","=""""","=""""","=""0.002292""","=""0.995""","=""                                                                      ""","="""""
"=""""","=""*""","=""8""","=""""","=""3.5244681""","=""""","=""""","=""0.001793""","=""0.945""","=""                                                                      ""","="""""
"=""""","=""""","=""4""","=""""","=""3.5259597""","=""""","=""""","=""0.001492""","=""0.880""","=""                                                                      ""","="""""
"=""""","=""""","=""8""","=""""","=""3.5261447""","=""""","=""""","=""0.000185""","=""0.935""","=""                                                                      ""","="""""
"=""""","=""*""","=""8""","=""""","=""3.5353671""","=""""","=""""","=""0.009222""","=""1.150""","=""                                                                      ""","="""""
"=""""","=""""","=""5""","=""""","=""3.5367646""","=""""","=""""","=""0.001397""","=""1.075""","=""                                                                      ""","="""""
"=""""","=""*""","=""5""","=""""","=""3.5374462""","=""""","=""""","=""0.000682""","=""1.115""","=""                                                                      ""","="""""
"=""""","=""*""","=""5""","=""""","=""3.5418857""","=""""","=""""","=""0.004439""","=""1.090""","=""                                                                      ""","="""""
"=""""","=""*""","=""8""","=""""","=""3.5446903""","=""""","=""""","=""0.002805""","=""1.175""","=""                                                                      ""","="""""
"=""""","=""*""","=""6""","=""""","=""3.5462878""","=""""","=""""","=""0.001597""","=""1.100""","=""                                                                      ""","="""""
"=""""","=""*""","=""5""","=""""","=""3.5535963""","=""""","=""""","=""0.007309""","=""0.960""","=""                                                                      ""","="""""
"=""""","=""""","=""5""","=""""","=""3.5540219""","=""""","=""""","=""0.000426""","=""0.920""","=""                                                                      ""","="""""
"=""""","=""""","=""4""","=""""","=""3.5577836""","=""""","=""""","=""0.003762""","=""1.085""","=""                                                                      ""","="""""
"=""""","=""*""","=""4""","=""""","=""3.5607654""","=""""","=""""","=""0.002982""","=""1.070""","=""                                                                      ""","="""""
"=""""","=""*""","=""5""","=""""","=""3.5611789""","=""""","=""""","=""0.000413""","=""0.895""","=""                                                                      ""","="""""
"=""""","=""""","=""5""","=""""","=""3.5622154""","=""""","=""""","=""0.001037""","=""0.870""","=""                                                                      ""","="""""
"=""""","=""""","=""6""","=""""","=""3.5656296""","=""""","=""""","=""0.003414""","=""1.020""","=""                                                                      ""","="""""
"=""""","=""*""","=""3""","=""""","=""3.5657849""","=""""","=""""","=""0.000155""","=""0.935""","=""                                                                      ""","="""""
"=""""","=""*""","=""9""","=""""","=""3.5684041""","=""""","=""""","=""0.002619""","=""1.215""","=""                                                                      ""","="""""
"=""""","=""*""","=""8""","=""""","=""3.5691505""","=""""","=""""","=""0.000746""","=""1.175""","=""                                                                      ""","="""""
"=""""","=""*""","=""3""","=""""","=""3.5739025""","=""""","=""""","=""0.004752""","=""1.090""","=""                                                                      ""","="""""
"=""""","=""""","=""8""","=""""","=""3.5756243""","=""""","=""""","=""0.001722""","=""1.070""","=""                                                                      ""","="""""
"=""""","=""*""","=""5""","=""""","=""3.5761987""","=""""","=""""","=""0.000574""","=""1.100""","=""                                                                      ""","="""""
"=""""","=""""","=""6""","=""""","=""3.5779695""","=""""","=""""","=""0.001771""","=""0.855""","=""                                                                      ""","="""""
"=""""","=""*""","=""5""","=""""","=""3.5785216""","=""""","=""""","=""0.000552""","=""0.945""","=""                                                                      ""","="""""
"=""""","=""""","=""5""","=""""","=""3.5813825""","=""""","=""""","=""0.002861""","=""0.825""","=""                                                                      ""","="""""
"=""""","=""""","=""7""","=""""","=""3.5873638""","=""""","=""""","=""0.005981""","=""0.945""","=""                                                                      ""","="""""
"=""""","=""*""","=""6""","=""""","=""3.5888501""","=""""","=""""","=""0.001486""","=""1.208""","=""                                                                      ""","="""""
"=""""","=""*""","=""7""","=""""","=""3.5890255""","=""""","=""""","=""0.000175""","=""1.090""","=""                                                                      ""","="""""
"=""""","=""""","=""6""","=""""","=""3.5894447""","=""""","=""""","=""0.000419""","=""0.735""","=""                                                                      ""","="""""
"=""""","=""*""","=""7""","=""""","=""3.5966339""","=""""","=""""","=""0.007189""","=""1.120""","=""                                                                      ""","="""""
"=""""","=""""","=""8""","=""""","=""3.6029892""","=""""","=""""","=""0.006355""","=""0.950""","=""                                                                      ""","="""""
"=""""","=""*""","=""9""","=""""","=""3.6031005""","=""""","=""""","=""0.000111""","=""1.015""","=""                                                                      ""","="""""
"=""""","=""*""","=""6""","=""""","=""3.6175595""","=""""","=""""","=""0.014459""","=""0.960""","=""                                                                      ""","="""""
"=""""","=""""","=""6""","=""""","=""3.6303436""","=""""","=""""","=""0.012784""","=""0.720""","=""                                                                      ""","="""""
"=""""","=""""","=""5""","=""""","=""3.6340012""","=""""","=""""","=""0.003658""","=""0.870""","=""                                                                      ""","="""""
"=""""","=""""","=""6""","=""""","=""3.6345691""","=""""","=""""","=""0.000568""","=""0.995""","=""                                                                      ""","="""""
"=""""","=""*""","=""4""","=""""","=""3.6352104""","=""""","=""""","=""0.000641""","=""0.910""","=""                                                                      ""","="""""
"=""""","=""*""","=""10""","=""""","=""3.6377671""","=""""","=""""","=""0.002557""","=""1.217""","=""                                                                      ""","="""""
"=""""","=""""","=""9""","=""""","=""3.6408062""","=""""","=""""","=""0.003039""","=""1.055""","=""                                                                      ""","="""""
"=""""","=""""","=""8""","=""""","=""3.6441133""","=""""","=""""","=""0.003307""","=""1.130""","=""                                                                      ""","="""""
"=""""","=""*""","=""5""","=""""","=""3.6482988""","=""""","=""""","=""0.004186""","=""0.965""","=""                                                                      ""","="""""
"=""""","=""*""","=""5""","=""""","=""3.6542080""","=""""","=""""","=""0.005909""","=""1.120""","=""                                                                      ""","="""""
"=""""","=""""","=""5""","=""""","=""3.6567831""","=""""","=""""","=""0.002575""","=""0.830""","=""                                                                      ""","="""""
"=""""","=""""","=""9""","=""""","=""3.6568936""","=""""","=""""","=""0.000110""","=""1.100""","=""                                                                      ""","="""""
"=""""","=""*""","=""6""","=""""","=""3.6571941""","=""""","=""""","=""0.000300""","=""1.268""","=""                                                                      ""","="""""
"=""""","=""*""","=""6""","=""""","=""3.6588285""","=""""","=""""","=""0.001634""","=""""","=""                                                                      ""","="""""
"=""""","=""""","=""5""","=""""","=""3.6619262""","=""""","=""""","=""0.003098""","=""0.970""","=""                                                                      ""","="""""
"=""""","=""""","=""8""","=""""","=""3.6621632""","=""""","=""""","=""0.000237""","=""1.075""","=""                                                                      ""","="""""
"=""""","=""*""","=""6""","=""""","=""3.6655775""","=""""","=""""","=""0.003414""","=""1.047""","=""                                                                      ""","="""""
"=""""","=""""","=""10""","=""""","=""3.6663082""","=""""","=""""","=""0.000731""","=""1.060""","=""                                                                      ""","="""""
"=""""","=""""","=""8""","=""""","=""3.6805766""","=""""","=""""","=""0.014268""","=""1.035""","=""                                                                      ""","="""""
"=""""","=""*""","=""9""","=""""","=""3.6903667""","=""""","=""""","=""0.009790""","=""1.185""","=""                                                                      ""","="""""
"=""""","=""*""","=""5""","=""""","=""3.6906023""","=""""","=""""","=""0.000236""","=""0.893""","=""                                                                      ""","="""""
"=""""","=""*""","=""7""","=""""","=""3.6906344""","=""""","=""""","=""0.000032""","=""1.090""","=""                                                                      ""","="""""
"=""""","=""""","=""8""","=""""","=""3.6949858""","=""""","=""""","=""0.004351""","=""0.995""","=""                                                                      ""","="""""
"=""""","=""*""","=""10""","=""""","=""3.6979970""","=""""","=""""","=""0.003011""","=""1.020""","=""                                                                      ""","="""""
"=""""","=""""","=""6""","=""""","=""3.7013722""","=""""","=""""","=""0.003375""","=""1.086""","=""                                                                      ""","="""""
"=""""","=""""","=""8""","=""""","=""3.7038181""","=""""","=""""","=""0.002446""","=""1.110""","=""                                                                      ""","="""""
"=""""","=""*""","=""9""","=""""","=""3.7140886""","=""""","=""""","=""0.010271""","=""1.138""","=""                                                                      ""","="""""
"=""""","=""*""","=""8""","=""""","=""3.7170931""","=""""","=""""","=""0.003004""","=""1.100""","=""                                                                      ""","="""""
"=""""","=""*""","=""3""","=""""","=""3.7193067""","=""""","=""""","=""0.002214""","=""1.089""","=""                                                                      ""","="""""
"=""""","=""""","=""7""","=""""","=""3.7209685""","=""""","=""""","=""0.001662""","=""1.055""","=""                                                                      ""","="""""
"=""""","=""*""","=""5""","=""""","=""3.7212952""","=""""","=""""","=""0.000327""","=""1.037""","=""                                                                      ""","="""""
"=""""","=""*""","=""5""","=""""","=""3.7269706""","=""""","=""""","=""0.005675""","=""0.985""","=""                                                                      ""","="""""
"=""""","=""*""","=""5""","=""""","=""3.7307754""","=""""","=""""","=""0.003805""","=""0.962""","=""                                                                      ""","="""""
"=""""","=""*""","=""5""","=""""","=""3.7318357""","=""""","=""""","=""0.001060""","=""1.050""","=""                                                                      ""","="""""
"=""""","=""*""","=""5""","=""""","=""3.7368664""","=""""","=""""","=""0.005031""","=""1.070""","=""                                                                      ""","="""""
"=""""","=""""","=""5""","=""""","=""3.7378827""","=""""","=""""","=""0.001016""","=""0.950""","=""                                                                      ""","="""""
"=""""","=""*""","=""5""","=""""","=""3.7405669""","=""""","=""""","=""0.002684""","=""1.025""","=""                                                                      ""","="""""
"=""""","=""""","=""5""","=""""","=""3.7444034""","=""""","=""""","=""0.003836""","=""0.880""","=""                                                                      ""","="""""
"=""""","=""*""","=""4""","=""""","=""3.7446222""","=""""","=""""","=""0.000219""","=""1.020""","=""                                                                      ""","="""""
"=""""","=""*""","=""2""","=""""","=""3.74907""","=""""","=""""","=""0.00445""","=""0.770""","=""                                                                      ""","="""""
"=""4f4.5d.6p?""","=""*""","=""10""","=""""","=""3.7561050""","=""""","=""""","=""0.00703""","=""1.243""","=""                                                                      ""","="""""
"=""""","=""""","=""8""","=""""","=""3.7591587""","=""""","=""""","=""0.003054""","=""1.165""","=""                                                                      ""","="""""
"=""""","=""*""","=""3""","=""""","=""3.7690700""","=""""","=""""","=""0.009911""","=""0.890""","=""                                                                      ""","="""""
"=""""","=""""","=""6""","=""""","=""3.7697767""","=""""","=""""","=""0.000707""","=""1.035""","=""                                                                      ""","="""""
"=""""","=""""","=""3""","=""""","=""3.7784439""","=""""","=""""","=""0.008667""","=""0.685""","=""                                                                      ""","="""""
"=""""","=""""","=""8""","=""""","=""3.7802615""","=""""","=""""","=""0.001818""","=""1.110""","=""                                                                      ""","="""""
"=""""","=""*""","=""4""","=""""","=""3.7808069""","=""""","=""""","=""0.000545""","=""1.030""","=""                                                                      ""","="""""
"=""""","=""""","=""9""","=""""","=""3.7994596""","=""""","=""""","=""0.018653""","=""1.044""","=""                                                                      ""","="""""
"=""""","=""*""","=""8""","=""""","=""3.8095787""","=""""","=""""","=""0.010119""","=""1.145""","=""                                                                      ""","="""""
"=""""","=""*""","=""8""","=""""","=""3.8193715""","=""""","=""""","=""0.009793""","=""1.188""","=""                                                                      ""","="""""
"=""""","=""*""","=""2""","=""""","=""3.8280611""","=""+x""","=""""","=""0.008690""","=""0.795""","=""                                                                      ""","="""""
"=""""","=""*""","=""6""","=""""","=""3.8435824""","=""""","=""""","=""0.015521""","=""1.007""","=""                                                                      ""","="""""
"=""""","=""""","=""5""","=""""","=""3.8595951""","=""""","=""""","=""0.016013""","=""1.000""","=""                                                                      ""","="""""
"=""""","=""""","=""5""","=""""","=""3.8622504""","=""""","=""""","=""0.002655""","=""0.835""","=""                                                                      ""","="""""
"=""""","=""""","=""4""","=""""","=""3.8661980""","=""""","=""""","=""0.003948""","=""0.520""","=""                                                                      ""","="""""
"=""""","=""""","=""8""","=""""","=""3.8727077""","=""""","=""""","=""0.006510""","=""1.086""","=""                                                                      ""","="""""
"=""""","=""""","=""7""","=""""","=""3.8736061""","=""""","=""""","=""0.000898""","=""0.940""","=""                                                                      ""","="""""
"=""""","=""*""","=""2""","=""""","=""3.8745477""","=""""","=""""","=""0.000942""","=""0.875""","=""                                                                      ""","="""""
"=""4f4.5d.6p?""","=""*""","=""10""","=""""","=""3.8757696""","=""""","=""""","=""0.001222""","=""1.245""","=""                                                                      ""","="""""
"=""""","=""""","=""7""","=""""","=""3.8908622""","=""""","=""""","=""0.015093""","=""1.055""","=""                                                                      ""","="""""
"=""4f4.5d.6p?""","=""*""","=""8""","=""""","=""3.8946096""","=""""","=""""","=""0.003747""","=""1.065""","=""                                                                      ""","="""""
"=""""","=""""","=""7""","=""""","=""3.9085032""","=""""","=""""","=""0.013894""","=""0.980""","=""                                                                      ""","="""""
"=""""","=""""","=""6""","=""""","=""3.9092174""","=""""","=""""","=""0.000714""","=""1.135""","=""                                                                      ""","="""""
"=""""","=""""","=""4""","=""""","=""3.9107071""","=""""","=""""","=""0.001490""","=""0.860""","=""                                                                      ""","="""""
"=""""","=""""","=""5""","=""""","=""3.9124111""","=""""","=""""","=""0.001704""","=""0.735""","=""                                                                      ""","="""""
"=""4f4.5d.6p?""","=""*""","=""11""","=""""","=""3.9261655""","=""""","=""""","=""0.013754""","=""1.107""","=""                                                                      ""","="""""
"=""""","=""*""","=""9""","=""""","=""3.9372862""","=""""","=""""","=""0.011121""","=""1.200""","=""                                                                      ""","="""""
"=""""","=""""","=""7""","=""""","=""3.9428401""","=""""","=""""","=""0.005554""","=""0.955""","=""                                                                      ""","="""""
"=""""","=""*""","=""9""","=""""","=""3.9556253""","=""""","=""""","=""0.012785""","=""1.240""","=""                                                                      ""","="""""
"=""""","=""""","=""3""","=""""","=""3.9955433""","=""""","=""""","=""0.039918""","=""0.840""","=""                                                                      ""","="""""
"=""""","=""""","=""4""","=""""","=""4.0004146""","=""""","=""""","=""0.004871""","=""0.935""","=""                                                                      ""","="""""
"=""""","=""""","=""2""","=""""","=""4.0209297""","=""""","=""""","=""0.020515""","=""0.700""","=""                                                                      ""","="""""
"=""""","=""""","=""4""","=""""","=""4.0440794""","=""""","=""""","=""0.023150""","=""0.620""","=""                                                                      ""","="""""
"=""""","=""""","=""7""","=""""","=""4.1125611""","=""""","=""""","=""0.068482""","=""0.975""","=""                                                                      ""","="""""
"=""""","=""""","=""6""","=""""","=""4.1701031""","=""""","=""""","=""0.057542""","=""0.925""","=""                                                                      ""","="""""
"=""""","=""""","=""6""","=""""","=""4.2529171""","=""""","=""""","=""0.082814""","=""0.950""","=""                                                                      ""","="""""
"=""""","=""""","=""3""","=""""","=""4.3229906""","=""""","=""""","=""0.070073""","=""0.670""","=""                                                                      ""","="""""
"=""Nd II (4f4.5s2.5p6.6s 6I*<7/2>)""","=""Limit""","=""---""","=""""","=""5.52475""","=""""","=""0.00005""","=""""","=""""","=""                                                                      ""","=""L23155"""
