Configuration,Term,J,Prefix,Level (eV),Suffix,Uncertainty (eV),Splitting,Lande,Leading percentages,Reference
"=""6d2.7s2""","=""3F""","=""2""","=""""","=""0.0000000000""","=""""","=""0.0000000012""","=""""","=""0.735""","=""  79                         :    14  6d2.7s2      1D   ""","=""L18702,L17451"""
"=""6d2.7s2""","=""3F""","=""3""","=""""","=""0.3557427977""","=""""","=""0.0000000021""","=""0.355742798""","=""1.085""","=""  95                         :     4  6d3.(2F).7s  3F   ""","=""L18702,L17451"""
"=""6d2.7s2""","=""3F""","=""4""","=""""","=""0.6151672932""","=""""","=""0.0000000024""","=""0.259424495""","=""1.210""","=""  79                         :    14  6d2.7s2      1G   ""","=""L18702,L17451"""
"=""6d2.7s2""","=""3P""","=""0""","=""""","=""0.3171586159""","=""""","=""0.0000000022""","=""-0.298008677""","=""0.0""","=""  70                         :    20  6d3.(2P).7s  3P   ""","=""L18702,L17451"""
"=""6d2.7s2""","=""3P""","=""1""","=""""","=""0.4792576672""","=""""","=""0.0000000020""","=""0.162099051""","=""1.480""","=""  68                         :    25  6d3.(2P).7s  3P   ""","=""L18702,L17451"""
"=""6d2.7s2""","=""""","=""2""","=""""","=""0.4572521355""","=""""","=""0.0000000016""","=""-0.022005532""","=""1.255""","=""  40  6d2.7s2 3P             :    22  6d2.7s2      1D   ""","=""L18702,L17451"""
"=""6d3.(4F).7s""","=""5F""","=""1""","=""""","=""0.6897416420""","=""""","=""0.0000000020""","=""0.232489506""","=""0.065""","=""  89                         :     5  6d3.(2D2).7s 3D   ""","=""L18702,L17451"""
"=""6d3.(4F).7s""","=""5F""","=""2""","=""""","=""0.7888365657""","=""""","=""0.0000000020""","=""0.099094924""","=""1.010""","=""  90                         :     4  6d3.(2D2).7s 3D   ""","=""L18702,L17451"""
"=""6d3.(4F).7s""","=""5F""","=""3""","=""""","=""0.9301651190""","=""""","=""0.0000000020""","=""0.141328553""","=""1.250""","=""  95                         :     2  6d3.(2D2).7s 3D   ""","=""L18702,L17451"""
"=""6d3.(4F).7s""","=""5F""","=""4""","=""""","=""1.0910919079""","=""""","=""0.0000000025""","=""0.160926789""","=""1.310""","=""  88                         :     5  6d3.(2G).7s  3G   ""","=""L18702,L17451"""
"=""6d3.(4F).7s""","=""5F""","=""5""","=""""","=""1.215641081""","=""""","=""0.000000003""","=""0.124549173""","=""1.365""","=""  82                         :    16  6d3.(2G).7s  3G   ""","=""L18702,L17451"""
"=""6d2.7s2""","=""""","=""2""","=""""","=""0.902620242""","=""""","=""0.000000003""","=""-0.313020839""","=""1.185""","=""  45  6d2.7s2 1D             :    23  6d2.7s2      3P   ""","=""L18702,L17451"""
"=""5f.6d.7s2""","=""3H*""","=""4""","=""""","=""0.966490959""","=""""","=""0.000000004""","=""0.063870717""","=""0.865""","=""                                                        ""","=""L18702,L16199"""
"=""5f.6d.7s2""","=""3H*""","=""5""","=""""","=""1.388254945""","=""""","=""0.000000004""","=""0.421763986""","=""1.040""","=""                                                        ""","=""L18702,L16199"""
"=""5f.6d.7s2""","=""3H*""","=""6""","=""""","=""1.795523000""","=""""","=""0.000000009""","=""0.407268055""","=""1.170""","=""                                                        ""","=""L18702,L16199"""
"=""6d2.7s2""","=""1G""","=""4""","=""""","=""1.005636397""","=""""","=""0.000000003""","=""-0.789886603""","=""1.065""","=""  65                         :    12  6d3.(2G).7s  1G   ""","=""L18702,L17451"""
"=""5f.6d.7s2""","=""3F*""","=""2""","=""""","=""1.022076397""","=""""","=""0.000000004""","=""0.016440000""","=""0.775""","=""                                                        ""","=""L18702,L16199"""
"=""5f.6d.7s2""","=""3F*""","=""3""","=""""","=""1.393796936""","=""""","=""0.000000006""","=""0.371720539""","=""1.010""","=""                                                        ""","=""L18702,L16199"""
"=""5f.6d.7s2""","=""3F*""","=""4""","=""""","=""1.761433209""","=""""","=""0.000000007""","=""0.367636273""","=""1.170""","=""                                                        ""","=""L18702,L16199"""
"=""5f.6d.7s2""","=""1G*""","=""4""","=""""","=""1.291188428""","=""""","=""0.000000005""","=""-0.470244781""","=""0.985""","=""                                                        ""","=""L18702,L16199"""
"=""5f.6d.7s2""","=""3G*""","=""3""","=""""","=""1.305125170""","=""""","=""0.000000004""","=""0.013936742""","=""0.870""","=""                                                        ""","=""L18702,L16199"""
"=""5f.6d.7s2""","=""3G*""","=""4""","=""""","=""1.633505867""","=""""","=""0.000000004""","=""0.328380697""","=""1.095""","=""                                                        ""","=""L18702,L16199"""
"=""5f.6d.7s2""","=""3G*""","=""5""","=""""","=""1.920524884""","=""""","=""0.000000004""","=""0.287019017""","=""1.190""","=""                                                        ""","=""L18702,L16199"""
"=""6d.7s2.7p""","=""3F*""","=""2""","=""""","=""1.336940873""","=""""","=""0.000000009""","=""-0.583584011""","=""0.725""","=""                                                        ""","=""L18702,L16199"""
"=""6d.7s2.7p""","=""3F*""","=""3""","=""""","=""1.728997759""","=""""","=""0.000000004""","=""0.392056886""","=""1.110""","=""                                                        ""","=""L18702,L16199"""
"=""6d.7s2.7p""","=""3F*""","=""4""","=""""","=""2.238363337""","=""""","=""0.000000004""","=""0.509365578""","=""1.185""","=""                                                        ""","=""L18702,L16199"""
"=""6d3.(4P).7s""","=""5P""","=""1""","=""""","=""1.438344449""","=""""","=""0.000000006""","=""-0.800018888""","=""2.400""","=""  91                         :     5  6d2.7s2      3P   ""","=""L18702,L17451"""
"=""6d3.(4P).7s""","=""5P""","=""2""","=""""","=""1.463377110""","=""""","=""0.000000006""","=""0.025032661""","=""1.700""","=""  75                         :    12  6d2.7s2      3P   ""","=""L18702,L16199"""
"=""6d3.(4P).7s""","=""5P""","=""3""","=""""","=""1.592945153""","=""""","=""0.000000005""","=""0.129568043""","=""1.390""","=""  50                         :    35  6d3.(2G).7s  3G   ""","=""L18702,L17451"""
"=""6d.7s2.7p""","=""3D*""","=""1""","=""""","=""1.472664364""","=""""","=""0.000000004""","=""-0.120280789""","=""0.725""","=""                                                        ""","=""L18702,L16199"""
"=""6d.7s2.7p""","=""3D*""","=""2""","=""""","=""1.739756853""","=""""","=""0.000000004""","=""0.267092489""","=""1.125""","=""                                                        ""","=""L18702,u39"""
"=""6d.7s2.7p""","=""3D*""","=""3""","=""""","=""2.158716703""","=""""","=""0.000000004""","=""0.418959850""","=""1.135""","=""                                                        ""","=""L18702,u39"""
"=""5f.6d.7s2""","=""1D*""","=""2""","=""""","=""1.501989980""","=""""","=""0.000000005""","=""-0.656726723""","=""0.975""","=""                                                        ""","=""L18702,L16199"""
"=""6d3.(2G).7s""","=""3G""","=""3""","=""""","=""1.622774763""","=""""","=""0.000000006""","=""0.120784783""","=""1.050""","=""  50                         :    42  6d3.(4P).7s  5P   ""","=""L18702,L17451"""
"=""6d3.(2G).7s""","=""3G""","=""4""","=""""","=""1.648671592""","=""""","=""0.000000006""","=""0.025896829""","=""1.000""","=""  57                         :    32  6d3.(2H).7s  3H   ""","=""L18702,L17451"""
"=""6d3.(4F).7s""","=""3F""","=""2""","=""""","=""1.716904709""","=""""","=""0.000000007""","=""0.068233117""","=""0.945""","=""  50                         :    14  6d3.(2D2).7s 3D   ""","=""L18702,L16199"""
"=""6d3.(4F).7s""","=""3F""","=""4""","=""""","=""2.226743183""","=""""","=""0.000000016""","=""0.50983847""","=""1.175""","=""  65                         :    18  6d3.(2G).7s  1G   ""","=""L18702,L16199"""
"=""6d3.(2D2).7s""","=""""","=""1""","=""""","=""1.731131837""","=""""","=""0.000000010""","=""-0.49561135""","=""0.760""","=""  40  6d3.(2D2).7s 3D        :    21  6d3.(2D1).7s 3D   ""","=""L18702,L17451"""
"=""6d3.(2G).7s""","=""""","=""5""","=""""","=""1.761104381""","=""""","=""0.000000006""","=""0.02997254""","=""1.150""","=""  44  6d3.(2H).7s 3H         :    37  6d3.(2G).7s  3G   ""","=""L18702,L17451"""
"=""6d3.(2P).7s""","=""""","=""0""","=""""","=""1.763900930""","=""""","=""0.000000015""","=""0.00279655""","=""0.0""","=""  47  6d2.7s2 1S             :    28  6d3.(2P).7s  3P   ""","=""L18702,L3552"""
"=""5f.6d.7s2""","=""3P*""","=""1""","=""""","=""1.766030147""","=""""","=""0.000000004""","=""0.00212922""","=""1.205""","=""                                                        ""","=""L18702,L16199"""
"=""5f.6d.7s2""","=""3P*""","=""0""","=""""","=""1.766440990""","=""""","=""0.000000005""","=""0.000410843""","=""0.0""","=""                                                        ""","=""L18702,L3552"""
"=""5f.6d.7s2""","=""3P*""","=""2""","=""""","=""2.212755599""","=""""","=""0.000000007""","=""0.446314609""","=""1.165""","=""                                                        ""","=""L18702,u39"""
"=""6d2.7s.7p""","=""5G*""","=""2""","=""""","=""1.793458939""","=""""","=""0.000000004""","=""-0.419296660""","=""0.810""","=""                                                        ""","=""L18702,L2105"""
"=""6d2.7s.7p""","=""5G*""","=""3""","=""""","=""1.880456013""","=""""","=""0.000000005""","=""0.086997074""","=""1.065""","=""                                                        ""","=""L18702,u39"""
"=""6d2.7s.7p""","=""5G*""","=""4""","=""""","=""2.332128677""","=""""","=""0.000000005""","=""0.451672664""","=""1.150""","=""                                                        ""","=""L18702,L16199"""
"=""6d2.7s.7p""","=""5G*""","=""5""","=""""","=""2.428647391""","=""""","=""0.000000005""","=""0.096518714""","=""1.150""","=""                                                        ""","=""L18702,u39"""
"=""6d2.7s.7p""","=""5G*""","=""6""","=""""","=""2.986152316""","=""""","=""0.000000006""","=""0.557504925""","=""1.220""","=""                                                        ""","=""L18702,L16199"""
"=""6d3.(2H).7s""","=""3H""","=""4""","=""""","=""1.920914392""","=""""","=""0.000000007""","=""-1.065237924""","=""0.905""","=""  55                         :    26  6d3.(2G).7s  3G   ""","=""L18702,L17451"""
"=""6d3.(2H).7s""","=""3H""","=""6""","=""""","=""2.052464528""","=""""","=""0.000000009""","=""0.13155014""","=""1.165""","=""  98                         :     2  6d4          3H   ""","=""L18702,L16199"""
"=""6d3.(2H).7s""","=""3H""","=""5""","=""""","=""2.128325734""","=""""","=""0.000000011""","=""0.07586121""","=""1.115""","=""  53                         :    39  6d3.(2G).7s  3G   ""","=""L18702,L16199"""
"=""5f.6d2.7s""","=""5H*""","=""3""","=""""","=""1.936507287""","=""""","=""0.000000006""","=""-0.19181845""","=""0.590""","=""                                                        ""","=""L18702,L16199"""
"=""5f.6d2.7s""","=""5H*""","=""4""","=""""","=""2.026726250""","=""""","=""0.000000005""","=""0.090218963""","=""0.880""","=""                                                        ""","=""L18702,L16199"""
"=""5f.6d2.7s""","=""5H*""","=""5""","=""""","=""2.233126549""","=""""","=""0.000000005""","=""0.206400299""","=""1.025""","=""                                                        ""","=""L18702,u39"""
"=""5f.6d2.7s""","=""5H*""","=""6""","=""""","=""2.477968921""","=""""","=""0.000000007""","=""0.244842372""","=""1.195""","=""                                                        ""","=""L18702,L3552"""
"=""5f.6d2.7s""","=""5H*""","=""7""","=""""","=""2.715676522""","=""""","=""0.000000010""","=""0.23770760""","=""1.240""","=""                                                        ""","=""L18702,u39"""
"=""6d2.7s.7p""","=""5F*""","=""1""","=""""","=""1.951135368""","=""""","=""0.000000004""","=""-0.76454115""","=""0.385""","=""                                                        ""","=""L18702,L16199"""
"=""6d2.7s.7p""","=""5F*""","=""2""","=""""","=""2.135541319""","=""""","=""0.000000004""","=""0.184405951""","=""1.045""","=""                                                        ""","=""L18702,L16199"""
"=""6d2.7s.7p""","=""5F*""","=""3""","=""""","=""2.418081613""","=""""","=""0.000000004""","=""0.282540294""","=""1.090""","=""                                                        ""","=""L18702,u39"""
"=""6d2.7s.7p""","=""5F*""","=""4""","=""""","=""2.473285786""","=""""","=""0.000000004""","=""0.055204173""","=""1.275""","=""                                                        ""","=""L18702,u39"""
"=""6d2.7s.7p""","=""5F*""","=""5""","=""""","=""2.613233808""","=""""","=""0.000000004""","=""0.139948022""","=""1.250""","=""                                                        ""","=""L18702,L16199"""
"=""6d3.(2D2).7s""","=""""","=""2""","=""""","=""1.966871474""","=""""","=""0.000000012""","=""-0.64636233""","=""1.070""","=""  40  6d3.(2D2).7s 3D        :    30  6d3.(4F).7s  3F   ""","=""L18702,L16199"""
"=""6d3.(2D2).7s""","=""""","=""3""","=""""","=""1.980039530""","=""""","=""0.000000009""","=""0.01316806""","=""1.205""","=""  41  6d3.(2D2).7s 3D        :    33  6d3.(4F).7s  3F   ""","=""L18702,L16199"""
"=""6d.7s2.7p""","=""1D*""","=""2""","=""""","=""2.010711511""","=""""","=""0.000000004""","=""0.030671981""","=""1.070""","=""                                                        ""","=""L18702,u39"""
"=""6d2.7s2""","=""""","=""0""","=""""","=""2.02738205""","=""""","=""0.00000003""","=""0.01667054""","=""0.0""","=""  36  6d2.7s2 1S             :    26  6d3.(4P).7s  3P   ""","=""L18702,L3552"""
"=""5f.6d2.7s""","=""5I*""","=""4""","=""""","=""2.080931827""","=""""","=""0.000000005""","=""0.05354978""","=""0.695""","=""                                                        ""","=""L18702,L16199"""
"=""5f.6d2.7s""","=""5I*""","=""5""","=""""","=""2.169869268""","=""""","=""0.000000005""","=""0.088937441""","=""1.015""","=""                                                        ""","=""L18702,L1056"""
"=""5f.6d2.7s""","=""5I*""","=""6""","=""""","=""2.383885923""","=""""","=""0.000000006""","=""0.214016655""","=""1.085""","=""                                                        ""","=""L18702,L3552"""
"=""5f.6d2.7s""","=""5I*""","=""7""","=""""","=""2.587299228""","=""""","=""0.000000009""","=""0.20341331""","=""1.195""","=""                                                        ""","=""L18702,L3552"""
"=""5f.6d2.7s""","=""5I*""","=""8""","=""""","=""2.928693548""","=""""","=""0.000000015""","=""0.34139432""","=""""","=""                                                        ""","=""L18702,u39"""
"=""6d3.(4P).7s""","=""""","=""1""","=""""","=""2.116882543""","=""""","=""0.000000020""","=""-0.81181101""","=""1.280""","=""  44  6d3.(4P).7s 3P         :    15  6d4          3P2  ""","=""L18702,L3552"""
"=""5f.6d.7s2""","=""3D*""","=""1""","=""""","=""2.151700954""","=""""","=""0.000000004""","=""0.03481841""","=""0.505""","=""                                                        ""","=""L18702,L17451"""
"=""5f.6d.7s2""","=""3D*""","=""3""","=""""","=""2.624137715""","=""""","=""0.000000004""","=""0.472436761""","=""1.300""","=""                                                        ""","=""L18702,L17451"""
"=""6d3.(4F).7s""","=""""","=""3""","=""""","=""2.157126090""","=""""","=""0.000000010""","=""-0.46701162""","=""1.195""","=""  45  6d3.(4F).7s 3F         :    37  6d3.(2D2).7s 3D   ""","=""L18702,u39"""
"=""6d.7s2.7p""","=""1F*""","=""3""","=""""","=""2.240278611""","=""""","=""0.000000004""","=""0.08315252""","=""1.135""","=""                                                        ""","=""L18702,L16199"""
"=""6d2.7s.7p""","=""5D*""","=""0""","=""""","=""2.279180032""","=""""","=""0.000000015""","=""0.03890142""","=""0.0""","=""                                                        ""","=""L18702,u39"""
"=""6d2.7s.7p""","=""5D*""","=""1""","=""""","=""2.307883790""","=""""","=""0.000000006""","=""0.02870376""","=""1.400""","=""                                                        ""","=""L18702,u39"""
"=""6d2.7s.7p""","=""5D*""","=""2""","=""""","=""2.419797174""","=""""","=""0.000000007""","=""0.111913384""","=""1.365""","=""                                                        ""","=""L18702,u39"""
"=""6d2.7s.7p""","=""5D*""","=""3""","=""""","=""2.506331889""","=""""","=""0.000000004""","=""0.086534715""","=""1.180""","=""                                                        ""","=""L18702,u39"""
"=""6d2.7s.7p""","=""5D*""","=""4""","=""""","=""2.549936368""","=""""","=""0.000000005""","=""0.043604479""","=""1.235""","=""                                                        ""","=""L18702,L16199"""
"=""5f.7s2.7p""","=""3G""","=""3""","=""""","=""2.285237890""","=""""","=""0.000000005""","=""-0.264698478""","=""""","=""                                                        ""","=""L18702,L2105"""
"=""5f.7s2.7p""","=""3G""","=""4""","=""""","=""2.855726329""","=""""","=""0.000000006""","=""0.570488439""","=""1.085""","=""                                                        ""","=""L18702,u39"""
"=""5f.7s2.7p""","=""3G""","=""5""","=""""","=""3.514022553""","=""""","=""0.000000007""","=""0.658296224""","=""1.095""","=""                                                        ""","=""L18702,u39"""
"=""6d3.(4P).7s""","=""""","=""2""","=""""","=""2.299833145""","=""""","=""0.000000014""","=""-1.21418941""","=""1.210""","=""  44  6d3.(4P).7s 3P         :    18  6d3.(2F).7s  1F   ""","=""L18702,L3552"""
"=""6d3.(2P).7s""","=""""","=""1""","=""""","=""2.302958156""","=""""","=""0.000000021""","=""0.00312501""","=""1.365""","=""  46  6d3.(2P).7s 3P         :    28  6d3.(2P).7s  1P   ""","=""L18702,L3552"""
"=""5f.7s2.7p""","=""3F""","=""2""","=""""","=""2.318457821""","=""""","=""0.000000006""","=""0.01549967""","=""""","=""                                                        ""","=""L18702,u39"""
"=""5f.7s2.7p""","=""3F""","=""3""","=""""","=""2.806687780""","=""""","=""0.000000007""","=""0.488229959""","=""1.130""","=""                                                        ""","=""L18702,L16199"""
"=""5f.7s2.7p""","=""3F""","=""4""","=""""","=""3.499817899""","=""""","=""0.000000009""","=""0.69313012""","=""1.125""","=""                                                        ""","=""L18702,u39"""
"=""6d2.7s.7p""","=""3G*""","=""3""","=""""","=""2.347057245""","=""""","=""0.000000004""","=""-1.152760654""","=""0.975""","=""                                                        ""","=""L18702,u39"""
"=""6d2.7s.7p""","=""3G*""","=""3""","=""""","=""3.332467345""","=""""","=""0.000000010""","=""0.98541010""","=""0.905""","=""                                                        ""","=""L18702,L16199"""
"=""6d.7s2.7p""","=""3P*""","=""2""","=""""","=""2.360554170""","=""""","=""0.000000004""","=""-0.97191318""","=""1.090""","=""                                                        ""","=""L18702,u39"""
"=""6d.7s2.7p""","=""3P*""","=""1""","=""""","=""2.532190560""","=""""","=""0.000000004""","=""0.171636390""","=""1.430""","=""                                                        ""","=""L18702,L17451"""
"=""6d.7s2.7p""","=""3P*""","=""0""","=""""","=""2.547112309""","=""""","=""0.000000006""","=""0.014921749""","=""0.0""","=""                                                        ""","=""L18702,u39"""
"=""6d3.(2P).7s""","=""""","=""2""","=""""","=""2.389582246""","=""""","=""0.000000011""","=""-0.15753006""","=""1.195""","=""  24  6d3.(2P).7s 3P         :    21  6d3.(2D2).7s 1D   ""","=""L18702,L16199"""
"=""6d3.(2F).7s""","=""3F""","=""4""","=""""","=""2.421710998""","=""""","=""0.000000014""","=""0.03212875""","=""1.204""","=""  69                         :     7  6d4          3F2  ""","=""L18702,L16199"""
"=""6d3.(2F).7s""","=""3F""","=""3""","=""""","=""2.444104358""","=""""","=""0.000000015""","=""0.02239336""","=""1.110""","=""  74                         :     8  6d3.(2D1).7s 3D   ""","=""L18702,L16199"""
"=""6d3.(2F).7s""","=""3F""","=""2""","=""""","=""2.486474731""","=""""","=""0.000000007""","=""0.04237037""","=""0.875""","=""  59                         :    20  6d3.(4P).7s  3P   ""","=""L18702,L3552"""
"=""6d2.7s.7p""","=""5P*""","=""1""","=""""","=""2.457017414""","=""""","=""0.000000005""","=""-0.029457317""","=""1.575""","=""                                                        ""","=""L18702,u39"""
"=""6d2.7s.7p""","=""5P*""","=""1""","=""""","=""2.686608273""","=""""","=""0.000000004""","=""0.229590859""","=""1.575""","=""                                                        ""","=""L18702,L17451"""
"=""6d2.7s.7p""","=""5P*""","=""2""","=""""","=""2.790642114""","=""""","=""0.000000004""","=""0.104033841""","=""1.380""","=""                                                        ""","=""L18702,L17451"""
"=""""","=""""","=""1""","=""""","=""2.45886881""","=""""","=""0.00000005""","=""-0.33177330""","=""""","=""                                                        ""","=""L18702,u39"""
"=""5f.6d.7s2""","=""1H*""","=""5""","=""""","=""2.519639824""","=""""","=""0.000000005""","=""0.06077101""","=""1.060""","=""                                                        ""","=""L18702,L3552"""
"=""6d2.7s.7p""","=""3F*""","=""2""","=""""","=""2.544492306""","=""""","=""0.000000006""","=""0.024852482""","=""0.820""","=""                                                        ""","=""L18702,u39"""
"=""""","=""*""","=""0""","=""""","=""2.569497625""","=""""","=""0.000000006""","=""0.025005319""","=""0.0""","=""                                                        ""","=""L18702,L17451"""
"=""""","=""*""","=""1""","=""""","=""2.571095889""","=""""","=""0.000000006""","=""0.001598264""","=""1.360""","=""                                                        ""","=""L18702,L16199"""
"=""""","=""*""","=""2""","=""""","=""2.594012580""","=""""","=""0.000000005""","=""0.022916691""","=""1.170""","=""                                                        ""","=""L18702,L17451"""
"=""6d3.(2H).7s""","=""1H""","=""5""","=""""","=""2.621450226""","=""""","=""0.000000017""","=""0.02743765""","=""1.030""","=""  94                         :     5  6d3.(2G).7s  3G   ""","=""L18702,L3552"""
"=""6d4""","=""5D""","=""0""","=""""","=""2.62549014""","=""""","=""0.00000005""","=""0.00403991""","=""0.0""","=""  66                         :    25  6d3.(4P).7s  3P   ""","=""L18702,L19205"""
"=""6d4""","=""5D""","=""1""","=""""","=""2.67540722""","=""""","=""0.00000004""","=""0.04991708""","=""""","=""  72                         :    10  6d3.(2P).7s  3P   ""","=""L18702,u39"""
"=""6d4""","=""5D""","=""2""","=""""","=""2.79161383""","=""""","=""0.00000003""","=""0.11620661""","=""1.390""","=""  91                         :     2  6d4          3P1  ""","=""L18702,u39"""
"=""6d4""","=""5D""","=""3""","=""""","=""2.89569723""","=""""","=""0.00000003""","=""0.10408340""","=""""","=""  89                         :     3  6d4          3D   ""","=""L18702,u39"""
"=""6d4""","=""5D""","=""4""","=""""","=""3.00175785""","=""""","=""0.00000004""","=""0.10606062""","=""""","=""  75                         :     6  6d4          3F2  ""","=""L18702,u39"""
"=""""","=""*""","=""2""","=""""","=""2.634986930""","=""""","=""0.000000005""","=""-0.36677092""","=""0.665""","=""                                                        ""","=""L18702,L17451"""
"=""""","=""*""","=""4""","=""""","=""2.670569119""","=""""","=""0.000000005""","=""0.035582189""","=""1.160""","=""                                                        ""","=""L18702,L16199"""
"=""6d3.(2P).7s""","=""""","=""2""","=""""","=""2.674963685""","=""""","=""0.000000016""","=""0.00439457""","=""1.185""","=""  30  6d3.(2P).7s 3P         :    27  6d3.(2D2).7s 1D   ""","=""L18702,u39"""
"=""6d3.(2F).7s""","=""1F""","=""3""","=""""","=""2.677398258""","=""""","=""0.000000015""","=""0.00243457""","=""1.040""","=""  68                         :    14  6d4          1F   ""","=""L18702,u39"""
"=""6d3.(2G).7s""","=""""","=""4""","=""""","=""2.683744315""","=""""","=""0.000000016""","=""0.00634606""","=""1.090""","=""  48  6d3.(2G).7s 3G         :    20  6d3.(4F).7s  3F   ""","=""L18702,u39"""
"=""5f.6d2.7s""","=""5G*""","=""2""","=""""","=""2.695174721""","=""""","=""0.000000011""","=""0.01143041""","=""0.530""","=""                                                        ""","=""L18702,u39"""
"=""5f.6d2.7s""","=""5G*""","=""3""","=""""","=""2.769682369""","=""""","=""0.000000007""","=""0.07450765""","=""1.020""","=""                                                        ""","=""L18702,u39"""
"=""5f.6d2.7s""","=""5G*""","=""4""","=""""","=""2.865714673""","=""""","=""0.000000016""","=""0.09603230""","=""1.020""","=""                                                        ""","=""L18702,u39"""
"=""5f.6d2.7s""","=""5G*""","=""6""","=""""","=""3.313312690""","=""""","=""0.000000015""","=""0.44759802""","=""1.195""","=""                                                        ""","=""L18702,u39"""
"=""""","=""*""","=""3""","=""""","=""2.714030537""","=""""","=""0.000000012""","=""-0.59928215""","=""0.930""","=""                                                        ""","=""L18702,L16199"""
"=""5f.6d2.7s""","=""3H*""","=""4""","=""""","=""2.715535366""","=""""","=""0.000000014""","=""0.00150483""","=""0.990""","=""                                                        ""","=""L18702,L16199"""
"=""5f.6d2.7s""","=""3H*""","=""6""","=""""","=""3.25238966""","=""""","=""0.00000005""","=""0.53685429""","=""1.080""","=""                                                        ""","=""L18702,u39"""
"=""5f.6d.7s.7p""","=""5I""","=""4""","=""""","=""2.739826117""","=""""","=""0.000000006""","=""-0.51256354""","=""0.740""","=""                                                        ""","=""L18702,L1056"""
"=""5f.6d.7s.7p""","=""5I""","=""5""","=""""","=""2.886028261""","=""""","=""0.000000006""","=""0.146202144""","=""1.010""","=""                                                        ""","=""L18702,L1056"""
"=""5f.6d.7s.7p""","=""5I""","=""6""","=""""","=""3.347232112""","=""""","=""0.000000006""","=""0.461203851""","=""1.110""","=""                                                        ""","=""L18702,L1056"""
"=""5f.6d.7s.7p""","=""5I""","=""7""","=""""","=""3.809636121""","=""""","=""0.000000010""","=""0.46240401""","=""1.210""","=""                                                        ""","=""L18702,u39"""
"=""5f.6d.7s.7p""","=""5I""","=""8""","=""""","=""4.284740002""","=""""","=""0.000000020""","=""0.47510388""","=""1.245""","=""                                                        ""","=""L18702,u39"""
"=""""","=""*""","=""3""","=""""","=""2.745209091""","=""""","=""0.000000005""","=""-1.53953091""","=""1.100""","=""                                                        ""","=""L18702,L17451"""
"=""""","=""*""","=""4""","=""""","=""2.747878354""","=""""","=""0.000000009""","=""0.00266926""","=""0.995""","=""                                                        ""","=""L18702,L16199"""
"=""""","=""*""","=""2""","=""""","=""2.758518172""","=""""","=""0.000000004""","=""0.010639818""","=""1.145""","=""                                                        ""","=""L18702,L17451"""
"=""""","=""*""","=""1""","=""""","=""2.776852395""","=""""","=""0.000000005""","=""0.018334223""","=""1.525""","=""                                                        ""","=""L18702,L17451"""
"=""5f.6d2.7s""","=""3I*""","=""5""","=""""","=""2.777171240""","=""""","=""0.000000012""","=""0.00031884""","=""0.930""","=""                                                        ""","=""L18702,L3552"""
"=""5f.6d2.7s""","=""3I*""","=""6""","=""""","=""2.889678365""","=""""","=""0.000000014""","=""0.11250713""","=""""","=""                                                        ""","=""L18702,L1056"""
"=""6d3.(2P).7s""","=""""","=""1""","=""""","=""2.77739581""","=""""","=""0.00000004""","=""-0.11228256""","=""1.185""","=""  47  6d3.(2P).7s 1P         :    18  6d3.(4P).7s  3P   ""","=""L18702,u39"""
"=""""","=""*""","=""0""","=""""","=""2.785375645""","=""""","=""0.000000012""","=""0.00797983""","=""0.0""","=""                                                        ""","=""L18702,u39"""
"=""""","=""*""","=""3""","=""""","=""2.810708039""","=""""","=""0.000000005""","=""0.02533239""","=""1.210""","=""                                                        ""","=""L18702,L17451"""
"=""""","=""*""","=""3""","=""""","=""2.833695961""","=""""","=""0.000000005""","=""0.022987922""","=""1.130""","=""                                                        ""","=""L18702,L16199"""
"=""""","=""*""","=""1""","=""""","=""2.836450667""","=""""","=""0.000000007""","=""0.002754706""","=""0.615""","=""                                                        ""","=""L18702,L16199"""
"=""""","=""*""","=""5""","=""""","=""2.836458818""","=""""","=""0.000000006""","=""0.000008151""","=""1.185""","=""                                                        ""","=""L18702,L3552"""
"=""5f.6d.7s.7p""","=""5G""","=""2""","=""""","=""2.850213586""","=""""","=""0.000000007""","=""0.013754768""","=""0.625""","=""                                                        ""","=""L18702,L1056"""
"=""5f.6d.7s.7p""","=""5G""","=""3""","=""""","=""2.876680128""","=""""","=""0.000000006""","=""0.026466542""","=""0.950""","=""                                                        ""","=""L18702,L1056"""
"=""5f.6d.7s.7p""","=""5G""","=""4""","=""""","=""2.979616340""","=""""","=""0.000000006""","=""0.102936212""","=""1.095""","=""                                                        ""","=""L18702,L1056"""
"=""5f.6d.7s.7p""","=""5G""","=""5""","=""""","=""3.371299378""","=""""","=""0.000000007""","=""0.391683038""","=""1.120""","=""                                                        ""","=""L18702,L1056"""
"=""""","=""*""","=""5""","=""""","=""2.853515099""","=""""","=""0.000000007""","=""-0.517784279""","=""1.070""","=""                                                        ""","=""L18702,L16199"""
"=""""","=""*""","=""1""","=""""","=""2.857768661""","=""""","=""0.000000005""","=""0.004253562""","=""1.365""","=""                                                        ""","=""L18702,L16199"""
"=""""","=""*""","=""2""","=""""","=""2.863288782""","=""""","=""0.000000004""","=""0.005520121""","=""1.325""","=""                                                        ""","=""L18702,L17451"""
"=""""","=""*""","=""0""","=""""","=""2.902494738""","=""""","=""0.000000007""","=""0.039205956""","=""0.0""","=""                                                        ""","=""L18702,L16199"""
"=""""","=""*""","=""1""","=""""","=""2.911319332""","=""""","=""0.000000007""","=""0.008824594""","=""0.845""","=""                                                        ""","=""L18702,L17451"""
"=""""","=""*""","=""3""","=""""","=""2.916238418""","=""""","=""0.000000006""","=""0.004919086""","=""1.075""","=""                                                        ""","=""L18702,L17451"""
"=""""","=""*""","=""2""","=""""","=""2.926463589""","=""""","=""0.000000006""","=""0.010225171""","=""1.375""","=""                                                        ""","=""L18702,L17451"""
"=""""","=""*""","=""5""","=""""","=""2.927163739""","=""""","=""0.000000014""","=""0.00070015""","=""0.980""","=""                                                        ""","=""L18702,L16199"""
"=""""","=""*""","=""0""","=""""","=""2.92983046""","=""""","=""0.00000006""","=""0.00266672""","=""0.0""","=""                                                        ""","=""L18702,u39"""
"=""""","=""*""","=""4""","=""""","=""2.932863424""","=""""","=""0.000000009""","=""0.00303296""","=""1.160""","=""                                                        ""","=""L18702,L16199"""
"=""""","=""*""","=""1""","=""""","=""2.943518113""","=""""","=""0.000000007""","=""0.01065469""","=""0.770""","=""                                                        ""","=""L18702,L16199"""
"=""""","=""*""","=""2""","=""""","=""2.944957708""","=""""","=""0.000000011""","=""0.00143959""","=""1.105""","=""                                                        ""","=""L18702,L17451"""
"=""5f.6d.7s.7p""","=""5F""","=""1""","=""""","=""2.947089041""","=""""","=""0.000000009""","=""0.00213133""","=""0.455""","=""                                                        ""","=""L18702,L1056"""
"=""5f.6d.7s.7p""","=""5F""","=""2""","=""""","=""2.974431955""","=""""","=""0.000000007""","=""0.02734291""","=""0.870""","=""                                                        ""","=""L18702,L1056"""
"=""5f.6d.7s.7p""","=""5F""","=""3""","=""""","=""3.058036741""","=""""","=""0.000000006""","=""0.083604786""","=""0.890""","=""                                                        ""","=""L18702,u39"""
"=""""","=""*""","=""4""","=""""","=""2.965317362""","=""""","=""0.000000006""","=""-0.092719379""","=""1.245""","=""                                                        ""","=""L18702,L3552"""
"=""""","=""*""","=""2""","=""""","=""2.998239060""","=""""","=""0.000000011""","=""0.03292170""","=""1.245""","=""                                                        ""","=""L18702,L16199"""
"=""""","=""*""","=""4""","=""""","=""3.000735574""","=""""","=""0.000000005""","=""0.00249651""","=""1.380""","=""                                                        ""","=""L18702,L17451"""
"=""""","=""*""","=""4""","=""""","=""3.007828712""","=""""","=""0.000000010""","=""0.00709314""","=""1.040""","=""                                                        ""","=""L18702,L16199"""
"=""""","=""*""","=""5""","=""""","=""3.009680634""","=""""","=""0.000000012""","=""0.00185192""","=""""","=""                                                        ""","=""L18702,L1056"""
"=""""","=""*""","=""2""","=""""","=""3.013776541""","=""""","=""0.000000007""","=""0.00409591""","=""1.515""","=""                                                        ""","=""L18702,L17451"""
"=""""","=""*""","=""2""","=""""","=""3.022900075""","=""""","=""0.000000005""","=""0.009123534""","=""1.255""","=""                                                        ""","=""L18702,L17451"""
"=""5f.6d.7s.7p""","=""5H""","=""3""","=""""","=""3.025104795""","=""""","=""0.000000006""","=""0.002204720""","=""0.825""","=""                                                        ""","=""L18702,L1056"""
"=""5f.6d.7s.7p""","=""5H""","=""4""","=""""","=""3.149838693""","=""""","=""0.000000009""","=""0.12473390""","=""0.925""","=""                                                        ""","=""L18702,L1056"""
"=""5f.6d.7s.7p""","=""5H""","=""5""","=""""","=""3.270770347""","=""""","=""0.000000007""","=""0.12093165""","=""1.025""","=""                                                        ""","=""L18702,u39"""
"=""5f.6d.7s.7p""","=""5H""","=""3""","=""""","=""3.390191811""","=""""","=""0.000000007""","=""0.119421464""","=""0.695""","=""                                                        ""","=""L18702,u39"""
"=""5f.6d.7s.7p""","=""5H""","=""4""","=""""","=""3.576394271""","=""""","=""0.000000009""","=""0.18620246""","=""0.980""","=""                                                        ""","=""L18702,u39"""
"=""5f.6d.7s.7p""","=""5H""","=""6""","=""""","=""3.664045428""","=""""","=""0.000000010""","=""0.08765116""","=""1.185""","=""                                                        ""","=""L18702,u39"""
"=""5f.6d.7s.7p""","=""5H""","=""5""","=""""","=""3.680371824""","=""""","=""0.000000009""","=""0.01632640""","=""1.175""","=""                                                        ""","=""L18702,u39"""
"=""5f.6d.7s.7p""","=""5H""","=""6""","=""""","=""3.834885895""","=""""","=""0.000000010""","=""0.15451407""","=""1.200""","=""                                                        ""","=""L18702,u39"""
"=""5f.6d.7s.7p""","=""5H""","=""7""","=""""","=""4.004006913""","=""""","=""0.000000015""","=""0.16912102""","=""1.235""","=""                                                        ""","=""L18702,u39"""
"=""""","=""*""","=""3""","=""""","=""3.027825377""","=""""","=""0.000000011""","=""-0.97618154""","=""1.170""","=""                                                        ""","=""L18702,L16199"""
"=""""","=""*""","=""3""","=""""","=""3.045256708""","=""""","=""0.000000005""","=""0.01743133""","=""1.190""","=""                                                        ""","=""L18702,L17451"""
"=""6d3.(2D1).7s""","=""3D""","=""1""","=""""","=""3.053467308""","=""""","=""0.000000017""","=""0.00821060""","=""0.505""","=""  58                         :    29  6d3.(2D2).7s 3D   ""","=""L18702,u39"""
"=""6d3.(2D1).7s""","=""3D""","=""2""","=""""","=""3.058925227""","=""""","=""0.000000021""","=""0.00545792""","=""1.110""","=""  57                         :    21  6d3.(2D2).7s 3D   ""","=""L18702,u39"""
"=""6d3.(2D1).7s""","=""3D""","=""3""","=""""","=""3.089068601""","=""""","=""0.000000011""","=""0.03014337""","=""1.185""","=""  67                         :     8  6d3.(2F).7s  1F   ""","=""L18702,u39"""
"=""""","=""*""","=""5""","=""""","=""3.062539110""","=""""","=""0.000000011""","=""-0.02652949""","=""1.135""","=""                                                        ""","=""L18702,L17451"""
"=""""","=""*""","=""3""","=""""","=""3.071053350""","=""""","=""0.000000006""","=""0.00851424""","=""1.140""","=""                                                        ""","=""L18702,L17451"""
"=""""","=""*""","=""1""","=""""","=""3.079633793""","=""""","=""0.000000011""","=""0.00858044""","=""0.765""","=""                                                        ""","=""L18702,L17451"""
"=""""","=""3I*""","=""6""","=""""","=""3.081045536""","=""""","=""0.000000012""","=""0.00141174""","=""""","=""                                                        ""","=""L18702,L1056"""
"=""""","=""*""","=""1""","=""""","=""3.084754205""","=""""","=""0.000000022""","=""0.00370867""","=""0.790""","=""                                                        ""","=""L18702,L16199"""
"=""""","=""*""","=""3""","=""""","=""3.097262925""","=""""","=""0.000000006""","=""0.01250872""","=""1.080""","=""                                                        ""","=""L18702,L17451"""
"=""5f.6d2.7s""","=""*""","=""7""","=""""","=""3.121927628""","=""""","=""0.000000012""","=""0.02466470""","=""1.16 ""","=""                                                        ""","=""L18702,u39"""
"=""""","=""*""","=""2""","=""""","=""3.137638544""","=""""","=""0.000000019""","=""0.01571092""","=""1.165""","=""                                                        ""","=""L18702,L16199"""
"=""""","=""*""","=""3""","=""""","=""3.139517852""","=""""","=""0.000000012""","=""0.00187931""","=""1.390""","=""                                                        ""","=""L18702,L16199"""
"=""""","=""*""","=""6""","=""""","=""3.141325392""","=""""","=""0.000000022""","=""0.00180754""","=""1.085""","=""                                                        ""","=""L18702,u39"""
"=""""","=""*""","=""4""","=""""","=""3.143690619""","=""""","=""0.000000011""","=""0.00236523""","=""1.07""","=""                                                        ""","=""L18702,u39"""
"=""""","=""*""","=""3""","=""""","=""3.154490970""","=""""","=""0.000000006""","=""0.01080035""","=""1.090""","=""                                                        ""","=""L18702,L16199"""
"=""""","=""*""","=""1""","=""""","=""3.164859140""","=""""","=""0.000000022""","=""0.01036817""","=""1.065""","=""                                                        ""","=""L18702,L16199"""
"=""""","=""*""","=""4""","=""""","=""3.170901474""","=""""","=""0.000000012""","=""0.00604233""","=""1.050""","=""                                                        ""","=""L18702,L3552"""
"=""""","=""*""","=""5""","=""""","=""3.185212758""","=""""","=""0.000000007""","=""0.01431128""","=""1.215""","=""                                                        ""","=""L18702,L16199"""
"=""""","=""*""","=""2""","=""""","=""3.186815564""","=""""","=""0.000000010""","=""0.00160281""","=""1.160""","=""                                                        ""","=""L18702,L16199"""
"=""""","=""*""","=""5""","=""""","=""3.193081366""","=""""","=""0.000000006""","=""0.00626580""","=""1.140""","=""                                                        ""","=""L18702,L16199"""
"=""""","=""*""","=""1 or 2""","=""""","=""3.19960279""","=""""","=""0.00000006""","=""0.00652142""","=""""","=""                                                        ""","=""L18702"""
"=""""","=""*""","=""1""","=""""","=""3.199945790""","=""""","=""0.000000022""","=""0.00034300""","=""1.565""","=""                                                        ""","=""L18702,L16199"""
"=""""","=""*""","=""4""","=""""","=""3.208401254""","=""""","=""0.000000015""","=""0.00845546""","=""1.040""","=""                                                        ""","=""L18702,L16199"""
"=""""","=""""","=""2""","=""""","=""3.209999907""","=""""","=""0.000000009""","=""0.00159865""","=""1.120""","=""                                                        ""","=""L18702,L16199"""
"=""6d4""","=""3H""","=""4""","=""""","=""3.214045292""","=""""","=""0.000000009""","=""0.00404539""","=""0.965""","=""  58                         :    11  6d4          5D   ""","=""L18702,u39"""
"=""6d4""","=""3H""","=""5""","=""""","=""3.420947469""","=""""","=""0.000000011""","=""0.20690218""","=""1.085""","=""  79                         :    19  6d4          3G   ""","=""L18702,u39"""
"=""6d4""","=""3H""","=""6""","=""""","=""3.468044929""","=""""","=""0.000000020""","=""0.04709746""","=""1.125""","=""  70                         :    29  6d4          1I   ""","=""L18702,u39"""
"=""""","=""*""","=""3""","=""""","=""3.228095898""","=""""","=""0.000000017""","=""-0.23994903""","=""0.955""","=""                                                        ""","=""L18702,L17451"""
"=""""","=""*""","=""4""","=""""","=""3.229607614""","=""""","=""0.000000007""","=""0.00151172""","=""1.120""","=""                                                        ""","=""L18702,L16199"""
"=""""","=""*""","=""3""","=""""","=""3.235613756""","=""""","=""0.000000009""","=""0.00600614""","=""1.005""","=""                                                        ""","=""L18702,L16199"""
"=""""","=""""","=""1""","=""""","=""3.237418215""","=""""","=""0.000000014""","=""0.00180446""","=""0.375""","=""                                                        ""","=""L18702,L16199"""
"=""""","=""*""","=""2""","=""""","=""3.237632718""","=""""","=""0.000000019""","=""0.00021450""","=""0.980""","=""                                                        ""","=""L18702,L17451"""
"=""""","=""""","=""4""","=""""","=""3.255277300""","=""""","=""0.000000007""","=""0.01764458""","=""1.035""","=""                                                        ""","=""L18702,L16199"""
"=""6d2.7s.7p""","=""3D*""","=""1""","=""""","=""3.25917875""","=""""","=""0.00000004""","=""0.00390145""","=""0.710""","=""                                                        ""","=""L18702,L17451"""
"=""""","=""*""","=""2""","=""""","=""3.268608042""","=""""","=""0.000000009""","=""0.00942929""","=""1.040""","=""                                                        ""","=""L18702,L17451"""
"=""""","=""*""","=""4""","=""""","=""3.271313846""","=""""","=""0.000000015""","=""0.00270580""","=""1.065""","=""                                                        ""","=""L18702,L17451"""
"=""6d4""","=""""","=""0""","=""""","=""3.28308397""","=""""","=""0.00000005""","=""0.01177012""","=""0.0""","=""  27  6d4 3P1                :    18  6d4          5D   ""","=""L18702,u39"""
"=""6d3.(2D1).7s""","=""1D""","=""2""","=""""","=""3.28610875""","=""""","=""0.00000005""","=""0.00302478""","=""1.015""","=""  61                         :    12  6d4          1D1  ""","=""L18702,u39"""
"=""""","=""*""","=""3""","=""""","=""3.286576628""","=""""","=""0.000000011""","=""0.00046788""","=""1.075""","=""                                                        ""","=""L18702,L17451"""
"=""""","=""*""","=""5""","=""""","=""3.30360932""","=""""","=""0.00000003""","=""0.01703269""","=""""","=""                                                        ""","=""L18702,L1056"""
"=""""","=""*""","=""2""","=""""","=""3.304405516""","=""""","=""0.000000022""","=""0.00079620""","=""1.100""","=""                                                        ""","=""L18702,L16199"""
"=""""","=""*""","=""4""","=""""","=""3.321589636""","=""""","=""0.000000007""","=""0.01718412""","=""1.135""","=""                                                        ""","=""L18702,L17451"""
"=""""","=""""","=""3""","=""""","=""3.322289894""","=""""","=""0.000000007""","=""0.000700258""","=""0.815""","=""                                                        ""","=""L18702,L16199"""
"=""""","=""*""","=""0""","=""""","=""3.33300996""","=""""","=""0.00000004""","=""0.01072007""","=""0.0""","=""                                                        ""","=""L18702,L3552"""
"=""""","=""*""","=""5""","=""""","=""3.34177856""","=""""","=""0.00000003""","=""0.00876860""","=""1.120""","=""                                                        ""","=""L18702,u39"""
"=""""","=""""","=""4""","=""""","=""3.344035236""","=""""","=""0.000000007""","=""0.00225668""","=""1.030""","=""                                                        ""","=""L18702,L16199"""
"=""""","=""*""","=""3""","=""""","=""3.347049387""","=""""","=""0.000000020""","=""0.00301415""","=""1.170""","=""                                                        ""","=""L18702,L17451"""
"=""""","=""""","=""3""","=""""","=""3.353056141""","=""""","=""0.000000009""","=""0.00600675""","=""1.175""","=""                                                        ""","=""L18702,L3552"""
"=""""","=""*""","=""2""","=""""","=""3.35518781""","=""""","=""0.00000003""","=""0.00213167""","=""0.995""","=""                                                        ""","=""L18702,L16199"""
"=""""","=""*""","=""6""","=""""","=""3.358046648""","=""""","=""0.000000022""","=""0.00285884""","=""1.185""","=""                                                        ""","=""L18702,u39"""
"=""""","=""*""","=""1""","=""""","=""3.35848156""","=""""","=""0.00000003""","=""0.00043491""","=""1.165""","=""                                                        ""","=""L18702,L16199"""
"=""""","=""*""","=""3""","=""""","=""3.379830080""","=""""","=""0.000000014""","=""0.02134852""","=""1.125""","=""                                                        ""","=""L18702,L17451"""
"=""""","=""*""","=""4""","=""""","=""3.380556465""","=""""","=""0.000000007""","=""0.00072639""","=""1.155""","=""                                                        ""","=""L18702,L16199"""
"=""""","=""*""","=""1""","=""""","=""3.38446845""","=""""","=""0.00000004""","=""0.00391198""","=""0.615""","=""                                                        ""","=""L18702,L16199"""
"=""""","=""*""","=""3""","=""""","=""3.38692477""","=""""","=""0.00000003""","=""0.00245632""","=""1.080""","=""                                                        ""","=""L18702,L17451"""
"=""""","=""*""","=""2""","=""""","=""3.40308647""","=""""","=""0.00000004""","=""0.01616170""","=""1.070""","=""                                                        ""","=""L18702,L16199"""
"=""5f2.7s2""","=""3H""","=""4""","=""""","=""3.409018576""","=""""","=""0.000000010""","=""0.00593211""","=""1.005""","=""                                                        ""","=""L18702,u39"""
"=""""","=""""","=""4""","=""""","=""3.412234530""","=""""","=""0.000000006""","=""0.00321595""","=""0.925""","=""                                                        ""","=""L18702,L16199"""
"=""""","=""""","=""2""","=""""","=""3.417854251""","=""""","=""0.000000012""","=""0.00561972""","=""0.815""","=""                                                        ""","=""L18702,L16199"""
"=""6d4""","=""3G""","=""3""","=""""","=""3.423485323""","=""""","=""0.000000012""","=""0.00563107""","=""0.920""","=""  66                         :    12  6d4          3F1  ""","=""L18702,u39"""
"=""6d4""","=""3G""","=""4""","=""""","=""3.60843659""","=""""","=""0.00000003""","=""0.18495127""","=""0.995""","=""  64                         :    13  6d4          3H   ""","=""L18702,u39"""
"=""6d4""","=""3G""","=""5""","=""""","=""3.84730293""","=""""","=""0.00000003""","=""0.23886634""","=""1.155""","=""  79                         :    20  6d4          3H   ""","=""L18702,u39"""
"=""""","=""*""","=""3""","=""""","=""3.430762016""","=""""","=""0.000000019""","=""-0.41654091""","=""1.210""","=""                                                        ""","=""L18702,L16199"""
"=""""","=""*""","=""2""","=""""","=""3.43117903""","=""""","=""0.00000003""","=""0.00041701""","=""1.095""","=""                                                        ""","=""L18702,L17451"""
"=""""","=""*""","=""2""","=""""","=""3.444822294""","=""""","=""0.000000019""","=""0.01364326""","=""0.870""","=""                                                        ""","=""L18702,L17451"""
"=""""","=""*""","=""5""","=""""","=""3.453299761""","=""""","=""0.000000006""","=""0.00847747""","=""1.270""","=""                                                        ""","=""L18702,L17451"""
"=""""","=""*""","=""4""","=""""","=""3.465185702""","=""""","=""0.000000010""","=""0.01188594""","=""1.255""","=""                                                        ""","=""L18702,L16199"""
"=""""","=""""","=""3""","=""""","=""3.469162908""","=""""","=""0.000000011""","=""0.00397721""","=""1.035""","=""                                                        ""","=""L18702,L16199"""
"=""""","=""*""","=""1""","=""""","=""3.47461842""","=""""","=""0.00000005""","=""0.00545551""","=""1.025""","=""                                                        ""","=""L18702,L17451"""
"=""""","=""""","=""5""","=""""","=""3.475774027""","=""""","=""0.000000007""","=""0.00115561""","=""1.075""","=""                                                        ""","=""L18702,L16199"""
"=""""","=""*""","=""4""","=""""","=""3.489022961""","=""""","=""0.000000009""","=""0.01324893""","=""1.220""","=""                                                        ""","=""L18702,L16199"""
"=""""","=""*""","=""6""","=""""","=""3.49490942""","=""""","=""0.00000004""","=""0.00588646""","=""""","=""                                                        ""","=""L18702,u39"""
"=""""","=""*""","=""0""","=""""","=""3.49721958""","=""""","=""0.00000007""","=""0.00231016""","=""0.0""","=""                                                        ""","=""L18702,u39"""
"=""""","=""""","=""2""","=""""","=""3.505432323""","=""""","=""0.000000011""","=""0.00821274""","=""0.840""","=""                                                        ""","=""L18702,L16199"""
"=""""","=""*""","=""5""","=""""","=""3.511357580""","=""""","=""0.000000017""","=""0.00592526""","=""1.110""","=""                                                        ""","=""L18702,u39"""
"=""""","=""""","=""1""","=""""","=""3.51455757""","=""""","=""0.00000003""","=""0.00319999""","=""""","=""                                                        ""","=""L18702,u39"""
"=""""","=""*""","=""2""","=""""","=""3.514647921""","=""""","=""0.000000022""","=""0.00009035""","=""1.540""","=""                                                        ""","=""L18702,L17451"""
"=""""","=""""","=""3""","=""""","=""3.515992941""","=""""","=""0.000000011""","=""0.00134502""","=""1.180""","=""                                                        ""","=""L18702,L16199"""
"=""""","=""*""","=""1""","=""""","=""3.51776780""","=""""","=""0.00000003""","=""0.00177486""","=""1.805""","=""                                                        ""","=""L18702,L17451"""
"=""""","=""""","=""1""","=""""","=""3.527414465""","=""""","=""0.000000016""","=""0.00964666""","=""1.195""","=""                                                        ""","=""L18702,L5951"""
"=""""","=""*""","=""4""","=""""","=""3.53108995""","=""""","=""0.00000004""","=""0.00367549""","=""1.020""","=""                                                        ""","=""L18702,L3552"""
"=""""","=""*""","=""2""","=""""","=""3.53519838""","=""""","=""0.00000003""","=""0.00410843""","=""1.100""","=""                                                        ""","=""L18702,L17451"""
"=""""","=""*""","=""7""","=""""","=""3.535818990""","=""""","=""0.000000024""","=""0.00062061""","=""""","=""                                                        ""","=""L18702,u39"""
"=""6d4""","=""""","=""2""","=""""","=""3.537399515""","=""""","=""0.000000012""","=""0.00158053""","=""0.910""","=""  44  6d4 3F2                :    33  6d4          3F1  ""","=""L18702,u39"""
"=""""","=""""","=""4""","=""""","=""3.541319107""","=""""","=""0.000000011""","=""0.00391959""","=""1.035""","=""                                                        ""","=""L18702,L16199"""
"=""""","=""*""","=""3""","=""""","=""3.544622612""","=""""","=""0.000000022""","=""0.00330350""","=""1.170""","=""                                                        ""","=""L18702,L17451"""
"=""""","=""*""","=""1""","=""""","=""3.55204085""","=""""","=""0.00000004""","=""0.00741824""","=""1.085""","=""                                                        ""","=""L18702,L16199"""
"=""""","=""*""","=""2""","=""""","=""3.55505278""","=""""","=""0.00000004""","=""0.00301193""","=""1.130""","=""                                                        ""","=""L18702,L16199"""
"=""""","=""*""","=""3""","=""""","=""3.55540088""","=""""","=""0.00000003""","=""0.00034810""","=""1.080""","=""                                                        ""","=""L18702,L16199"""
"=""""","=""""","=""2""","=""""","=""3.555775009""","=""""","=""0.000000016""","=""0.00037413""","=""0.960""","=""                                                        ""","=""L18702,L3552"""
"=""""","=""*""","=""4""","=""""","=""3.555958097""","=""""","=""0.000000009""","=""0.00018309""","=""1.190""","=""                                                        ""","=""L18702,L16199"""
"=""""","=""""","=""2""","=""""","=""3.580968332""","=""""","=""0.000000019""","=""0.02501023""","=""0.860""","=""                                                        ""","=""L18702,L16199"""
"=""""","=""*""","=""3""","=""""","=""3.581278217""","=""""","=""0.000000015""","=""0.00030989""","=""1.190""","=""                                                        ""","=""L18702,L17451"""
"=""""","=""*""","=""2""","=""""","=""3.585369560""","=""""","=""0.000000022""","=""0.00409134""","=""0.950""","=""                                                        ""","=""L18702,L17451"""
"=""""","=""*""","=""4""","=""""","=""3.587191615""","=""""","=""0.000000016""","=""0.00182205""","=""1.110""","=""                                                        ""","=""L18702,L17451"""
"=""""","=""""","=""3""","=""""","=""3.587471399""","=""""","=""0.000000012""","=""0.00027978""","=""1.025""","=""                                                        ""","=""L18702,L16199"""
"=""""","=""*""","=""5""","=""""","=""3.601832121""","=""""","=""0.000000019""","=""0.01436072""","=""1.120""","=""                                                        ""","=""L18702,L17451"""
"=""""","=""""","=""1""","=""""","=""3.607641697""","=""""","=""0.000000021""","=""0.00580958""","=""0.975""","=""                                                        ""","=""L18702,u39"""
"=""""","=""*""","=""6 or 5""","=""""","=""3.61089694""","=""""","=""0.00000004""","=""0.00325524""","=""""","=""                                                        ""","=""L18702,u39"""
"=""""","=""""","=""5""","=""""","=""3.613089262""","=""""","=""0.000000009""","=""0.00219232""","=""1.075""","=""                                                        ""","=""L18702,L3552"""
"=""""","=""*""","=""1""","=""""","=""3.61501853""","=""""","=""0.00000004""","=""0.00192927""","=""0.880""","=""                                                        ""","=""L18702,L17451"""
"=""""","=""*""","=""3""","=""""","=""3.615115998""","=""""","=""0.000000024""","=""0.00009747""","=""1.215""","=""                                                        ""","=""L18702,L3552"""
"=""""","=""*""","=""1""","=""""","=""3.62000693""","=""""","=""0.00000004""","=""0.00489093""","=""1.150""","=""                                                        ""","=""L18702,L17451"""
"=""""","=""*""","=""2""","=""""","=""3.62007897""","=""""","=""0.00000003""","=""0.00007204""","=""1.375""","=""                                                        ""","=""L18702,L3552"""
"=""""","=""*""","=""2""","=""""","=""3.62688332""","=""""","=""0.00000003""","=""0.00680435""","=""0.980""","=""                                                        ""","=""L18702,L17451"""
"=""""","=""""","=""0""","=""""","=""3.63270548""","=""""","=""0.00000004""","=""0.00582216""","=""0.0""","=""                                                        ""","=""L18702,u39"""
"=""""","=""*""","=""4""","=""""","=""3.633978949""","=""""","=""0.000000024""","=""0.00127347""","=""1.045""","=""                                                        ""","=""L18702,u39"""
"=""""","=""*""","=""5 or 6 or 7""","=""""","=""3.64478234""","=""""","=""0.00000004""","=""0.01080339""","=""""","=""                                                        ""","=""L18702,u39"""
"=""""","=""""","=""2""","=""""","=""3.647415558""","=""""","=""0.000000015""","=""0.00263322""","=""1.040""","=""                                                        ""","=""L18702,L16199"""
"=""""","=""*""","=""2""","=""""","=""3.647519877""","=""""","=""0.000000017""","=""0.00010432""","=""1.685""","=""                                                        ""","=""L18702,L3552"""
"=""6d4""","=""""","=""1""","=""""","=""3.64787360""","=""""","=""0.00000003""","=""0.00035372""","=""1.100""","=""  37  6d4 3P1                :    27  6d4          3P2  ""","=""L18702,u39"""
"=""""","=""*""","=""1""","=""""","=""3.67492346""","=""""","=""0.00000004""","=""0.02704986""","=""0.945""","=""                                                        ""","=""L18702,L16199"""
"=""""","=""""","=""2""","=""""","=""3.676250265""","=""""","=""0.000000015""","=""0.00132681""","=""0.835""","=""                                                        ""","=""L18702,L16199"""
"=""""","=""*""","=""3""","=""""","=""3.68064053""","=""""","=""0.00000003""","=""0.00439026""","=""1.260""","=""                                                        ""","=""L18702,L17451"""
"=""""","=""*""","=""5""","=""""","=""3.68377145""","=""""","=""0.00000004""","=""0.00313092""","=""1.195""","=""                                                        ""","=""L18702,L3552"""
"=""""","=""*""","=""5""","=""""","=""3.686462224""","=""""","=""0.000000019""","=""0.00269077""","=""1.180""","=""                                                        ""","=""L18702,L16199"""
"=""""","=""*""","=""3""","=""""","=""3.687850466""","=""""","=""0.000000022""","=""0.00138824""","=""1.135""","=""                                                        ""","=""L18702,L16199"""
"=""""","=""""","=""4""","=""""","=""3.689323229""","=""""","=""0.000000010""","=""0.00147276""","=""1.095""","=""                                                        ""","=""L18702,L16199"""
"=""""","=""""","=""3""","=""""","=""3.699074652""","=""""","=""0.000000014""","=""0.00975142""","=""1.065""","=""                                                        ""","=""L18702,L16199"""
"=""""","=""""","=""4""","=""""","=""3.700824493""","=""""","=""0.000000012""","=""0.00174984""","=""1.030""","=""                                                        ""","=""L18702,L3552"""
"=""""","=""*""","=""2""","=""""","=""3.70131815""","=""""","=""0.00000004""","=""0.00049366""","=""0.915""","=""                                                        ""","=""L18702,L17451"""
"=""""","=""*""","=""4""","=""""","=""3.704828438""","=""""","=""0.000000009""","=""0.00351029""","=""1.155""","=""                                                        ""","=""L18702,L3552"""
"=""""","=""""","=""1""","=""""","=""3.71478941""","=""""","=""0.00000003""","=""0.00996097""","=""1.340""","=""                                                        ""","=""L18702,L16199"""
"=""""","=""""","=""3""","=""""","=""3.720932959""","=""""","=""0.000000012""","=""0.00614355""","=""1.065""","=""                                                        ""","=""L18702,L16199"""
"=""6d4""","=""""","=""4""","=""""","=""3.721302531""","=""""","=""0.000000022""","=""0.00036957""","=""""","=""  26  6d4 3F2                :    19  6d4          1G2  ""","=""L18702,u39"""
"=""""","=""*""","=""3""","=""""","=""3.72164568""","=""""","=""0.00000004""","=""0.00034315""","=""1.120""","=""                                                        ""","=""L18702,L16199"""
"=""""","=""""","=""2""","=""""","=""3.735971992""","=""""","=""0.000000016""","=""0.01432631""","=""0.735""","=""                                                        ""","=""L18702,L16199"""
"=""""","=""*""","=""4""","=""""","=""3.73936395""","=""""","=""0.00000003""","=""0.00339196""","=""1.110""","=""                                                        ""","=""L18702,L16199"""
"=""""","=""*""","=""2""","=""""","=""3.74538650""","=""""","=""0.00000005""","=""0.00602255""","=""1.095""","=""                                                        ""","=""L18702,L16199"""
"=""""","=""*""","=""3""","=""""","=""3.75119785""","=""""","=""0.00000003""","=""0.00581135""","=""1.090""","=""                                                        ""","=""L18702,L16199"""
"=""""","=""*""","=""1""","=""""","=""3.75436674""","=""""","=""0.00000004""","=""0.00316889""","=""1.470""","=""                                                        ""","=""L18702,L17451"""
"=""""","=""""","=""1""","=""""","=""3.755097039""","=""""","=""0.000000025""","=""0.00073030""","=""0.620""","=""                                                        ""","=""L18702,L16199"""
"=""""","=""""","=""6""","=""""","=""3.765736753""","=""""","=""0.000000012""","=""0.01063971""","=""1.155""","=""                                                        ""","=""L18702,L16199"""
"=""""","=""""","=""5""","=""""","=""3.782510451""","=""""","=""0.000000010""","=""0.01677370""","=""1.110""","=""                                                        ""","=""L18702,L16199"""
"=""""","=""*""","=""5""","=""""","=""3.783638922""","=""""","=""0.000000012""","=""0.00112847""","=""1.180""","=""                                                        ""","=""L18702,u39"""
"=""""","=""*""","=""4""","=""""","=""3.78367396""","=""""","=""0.00000004""","=""0.00003504""","=""1.450""","=""                                                        ""","=""L18702,L17451"""
"=""""","=""""","=""2""","=""""","=""3.787043357""","=""""","=""0.000000025""","=""0.00336940""","=""0.980""","=""                                                        ""","=""L18702,L16199"""
"=""""","=""""","=""4""","=""""","=""3.788027797""","=""""","=""0.000000014""","=""0.00098444""","=""1.205""","=""                                                        ""","=""L18702,L16199"""
"=""""","=""*""","=""2""","=""""","=""3.78812550""","=""""","=""0.00000004""","=""0.00009770""","=""1.045""","=""                                                        ""","=""L18702,L17451"""
"=""""","=""*""","=""6""","=""""","=""3.790563314""","=""""","=""0.000000022""","=""0.00243781""","=""1.145""","=""                                                        ""","=""L18702,u39"""
"=""""","=""*""","=""0""","=""""","=""3.79560684""","=""""","=""0.00000016""","=""0.00504353""","=""0.0""","=""                                                        ""","=""L18702,L3552"""
"=""6d4""","=""""","=""3""","=""""","=""3.800259527""","=""""","=""0.000000024""","=""0.00465269""","=""1.055""","=""  38  6d4 3F2                :    27  6d4          3G   ""","=""L18702,u39"""
"=""""","=""*""","=""1""","=""""","=""3.80926728""","=""""","=""0.00000009""","=""0.00900775""","=""1.060""","=""                                                        ""","=""L18702,L17451"""
"=""""","=""""","=""2""","=""""","=""3.813507442""","=""""","=""0.000000019""","=""0.00424016""","=""0.990""","=""                                                        ""","=""L18702,L16199"""
"=""""","=""*""","=""3""","=""""","=""3.81396695""","=""""","=""0.00000004""","=""0.00045951""","=""1.190""","=""                                                        ""","=""L18702,L17451"""
"=""""","=""*""","=""5""","=""""","=""3.817247465""","=""""","=""0.000000020""","=""0.00328051""","=""1.190""","=""                                                        ""","=""L18702,L16199"""
"=""""","=""*""","=""2""","=""""","=""3.82032358""","=""""","=""0.00000004""","=""0.00307612""","=""0.930""","=""                                                        ""","=""L18702,L17451"""
"=""""","=""""","=""1""","=""""","=""3.82986374""","=""""","=""0.00000003""","=""0.00954016""","=""0.735""","=""                                                        ""","=""L18702,L16199"""
"=""""","=""*""","=""1""","=""""","=""3.83467467""","=""""","=""0.00000004""","=""0.00481093""","=""0.980""","=""                                                        ""","=""L18702,L17451"""
"=""""","=""""","=""3""","=""""","=""3.839127800""","=""""","=""0.000000025""","=""0.00445313""","=""1.150""","=""                                                        ""","=""L18702,L16199"""
"=""""","=""""","=""4""","=""""","=""3.839943932""","=""""","=""0.000000015""","=""0.00081613""","=""""","=""                                                        ""","=""L18702,L1056"""
"=""""","=""*""","=""3""","=""""","=""3.842334320""","=""""","=""0.000000025""","=""0.00239039""","=""1.100""","=""                                                        ""","=""L18702,L16199"""
"=""""","=""*""","=""4""","=""""","=""3.84587992""","=""""","=""0.00000003""","=""0.00354560""","=""1.195""","=""                                                        ""","=""L18702,L3552"""
"=""""","=""*""","=""2""","=""""","=""3.85292158""","=""""","=""0.00000007""","=""0.00704166""","=""1.330""","=""                                                        ""","=""L18702,L16199"""
"=""""","=""*""","=""6""","=""""","=""3.85386106""","=""""","=""0.00000004""","=""0.00093948""","=""1.180""","=""                                                        ""","=""L18702,u39"""
"=""6d4""","=""3D""","=""2""","=""""","=""3.85539172""","=""""","=""0.00000006""","=""0.00153066""","=""1.330""","=""  53                         :    12  6d4          3P1  ""","=""L18702,u39"""
"=""6d4""","=""3D""","=""3""","=""""","=""3.861090414""","=""""","=""0.000000020""","=""0.00569869""","=""1.090""","=""  66                         :    17  6d4          3F2  ""","=""L18702,u39"""
"=""""","=""*""","=""5""","=""""","=""3.86102319""","=""""","=""0.00000003""","=""-0.00006722""","=""0.950""","=""                                                        ""","=""L18702,L16199"""
"=""5f.6d3""","=""5I*""","=""4""","=""""","=""3.86765020""","=""""","=""0.00000004""","=""0.00662701""","=""0.735""","=""                                                        ""","=""L18702,u39"""
"=""5f.6d3""","=""5I*""","=""5""","=""""","=""4.05263141""","=""""","=""0.00000004""","=""0.18498121""","=""0.915""","=""                                                        ""","=""L18702,u39"""
"=""6d4""","=""1I""","=""6""","=""""","=""3.869580753""","=""""","=""0.000000020""","=""-0.18305066""","=""""","=""  71                         :    29  6d4          3H   ""","=""L18702,u39"""
"=""""","=""""","=""2""","=""""","=""3.87399635""","=""""","=""0.00000004""","=""0.00441560""","=""1.340""","=""                                                        ""","=""L18702,L3552"""
"=""""","=""""","=""3""","=""""","=""3.87644482""","=""""","=""0.00000004""","=""0.00244847""","=""1.080""","=""                                                        ""","=""L18702,L16199"""
"=""""","=""""","=""5""","=""""","=""3.877110085""","=""""","=""0.000000017""","=""0.00066526""","=""1.085""","=""                                                        ""","=""L18702,L16199"""
"=""""","=""*""","=""3""","=""""","=""3.87861182""","=""""","=""0.00000003""","=""0.00150174""","=""1.110""","=""                                                        ""","=""L18702,L17451"""
"=""""","=""""","=""4""","=""""","=""3.88404986""","=""""","=""0.00000003""","=""0.00543804""","=""1.150""","=""                                                        ""","=""L18702,L16199"""
"=""""","=""*""","=""0""","=""""","=""3.88741036""","=""""","=""0.00000014""","=""0.0033605""","=""0.0""","=""                                                        ""","=""L18702,u39"""
"=""""","=""""","=""1""","=""""","=""3.89673081""","=""""","=""0.00000004""","=""0.0093205""","=""1.295""","=""                                                        ""","=""L18702,L16199"""
"=""""","=""*""","=""3""","=""""","=""3.90846969""","=""""","=""0.00000004""","=""0.01173888""","=""1.095""","=""                                                        ""","=""L18702,L17451"""
"=""""","=""""","=""3""","=""""","=""3.910119702""","=""""","=""0.000000021""","=""0.00165001""","=""0.890""","=""                                                        ""","=""L18702,L16199"""
"=""""","=""*""","=""2""","=""""","=""3.91781048""","=""""","=""0.00000005""","=""0.00769078""","=""1.220""","=""                                                        ""","=""L18702,L16199"""
"=""""","=""""","=""5""","=""""","=""3.92122670""","=""""","=""0.00000003""","=""0.00341622""","=""1.120""","=""                                                        ""","=""L18702,L3552"""
"=""""","=""*""","=""4""","=""""","=""3.92672227""","=""""","=""0.00000005""","=""0.00549557""","=""1.180""","=""                                                        ""","=""L18702,L16199"""
"=""""","=""*""","=""1""","=""""","=""3.93187707""","=""""","=""0.00000006""","=""0.00515480""","=""1.170""","=""                                                        ""","=""L18702,L17451"""
"=""""","=""""","=""6""","=""""","=""3.932256566""","=""""","=""0.000000012""","=""0.00037950""","=""1.210""","=""                                                        ""","=""L18702,u39"""
"=""""","=""*""","=""5""","=""""","=""3.93235627""","=""""","=""0.00000003""","=""0.00009970""","=""1.125""","=""                                                        ""","=""L18702,L3552"""
"=""""","=""""","=""3""","=""""","=""3.939547616""","=""""","=""0.000000020""","=""0.00719135""","=""1.050""","=""                                                        ""","=""L18702,L16199"""
"=""""","=""*""","=""3""","=""""","=""3.94032446""","=""""","=""0.00000005""","=""0.00077684""","=""1.175""","=""                                                        ""","=""L18702,L17451"""
"=""""","=""""","=""4""","=""""","=""3.941916225""","=""""","=""0.000000017""","=""0.00159177""","=""1.095""","=""                                                        ""","=""L18702,L16199"""
"=""""","=""*""","=""2""","=""""","=""3.95138787""","=""""","=""0.00000004""","=""0.00947165""","=""0.950""","=""                                                        ""","=""L18702,L17451"""
"=""""","=""""","=""1""","=""""","=""3.95687075""","=""""","=""0.00000004""","=""0.00548288""","=""0.980""","=""                                                        ""","=""L18702,u39"""
"=""""","=""""","=""3""","=""""","=""3.958753644""","=""""","=""0.000000024""","=""0.00188289""","=""1.145""","=""                                                        ""","=""L18702,L16199"""
"=""""","=""*""","=""4""","=""""","=""3.96172489""","=""""","=""0.00000004""","=""0.00297125""","=""1.085""","=""                                                        ""","=""L18702,L16199"""
"=""""","=""""","=""4""","=""""","=""3.966955146""","=""""","=""0.000000021""","=""0.00523026""","=""0.935""","=""                                                        ""","=""L18702,L16199"""
"=""""","=""""","=""4""","=""""","=""3.969100925""","=""""","=""0.000000019""","=""0.00214578""","=""1.205""","=""                                                        ""","=""L18702,L16199"""
"=""""","=""*""","=""5""","=""""","=""3.970418531""","=""""","=""0.000000012""","=""0.00131761""","=""1.170""","=""                                                        ""","=""L18702,L3552"""
"=""""","=""""","=""2""","=""""","=""3.97260668""","=""""","=""0.00000003""","=""0.00218815""","=""1.080""","=""                                                        ""","=""L18702,L16199"""
"=""""","=""*""","=""1""","=""""","=""3.97746445""","=""""","=""0.00000007""","=""0.00485777""","=""0.795""","=""                                                        ""","=""L18702,L17451"""
"=""""","=""*""","=""2""","=""""","=""3.98739166""","=""""","=""0.00000005""","=""0.00992721""","=""1.080""","=""                                                        ""","=""L18702,L16199"""
"=""""","=""""","=""2""","=""""","=""3.98762282""","=""""","=""0.00000004""","=""0.00023116""","=""""","=""                                                        ""","=""L18702"""
"=""""","=""*""","=""3""","=""""","=""3.99193347""","=""""","=""0.00000004""","=""0.00431065""","=""1.140""","=""                                                        ""","=""L18702,L17451"""
"=""""","=""""","=""5""","=""""","=""3.992538831""","=""""","=""0.000000017""","=""0.00060536""","=""1.050""","=""                                                        ""","=""L18702,L16199"""
"=""""","=""*""","=""3""","=""""","=""4.00285184""","=""""","=""0.00000005""","=""0.01031301""","=""1.125""","=""                                                        ""","=""L18702,L16199"""
"=""""","=""""","=""5""","=""""","=""4.003936309""","=""""","=""0.000000024""","=""0.00108447""","=""1.180""","=""                                                        ""","=""L18702,L16199"""
"=""""","=""*""","=""4""","=""""","=""4.00395603""","=""""","=""0.00000004""","=""0.00001972""","=""1.165""","=""                                                        ""","=""L18702,L3552"""
"=""6d4""","=""3P1""","=""2""","=""""","=""4.01664357""","=""""","=""0.00000003""","=""0.01268754""","=""""","=""  51                         :    18  6d4          3D   ""","=""L18702,u39"""
"=""""","=""*""","=""4""","=""""","=""4.02192919""","=""""","=""0.00000004""","=""0.00528562""","=""1.145""","=""                                                        ""","=""L18702,L16199"""
"=""""","=""""","=""4""","=""""","=""4.024301377""","=""""","=""0.000000022""","=""0.00237219""","=""1.140""","=""                                                        ""","=""L18702,L16199"""
"=""""","=""*""","=""2""","=""""","=""4.02993511""","=""""","=""0.00000005""","=""0.00563373""","=""1.220""","=""                                                        ""","=""L18702,L3552"""
"=""""","=""""","=""3""","=""""","=""4.03588578""","=""""","=""0.00000004""","=""0.00595067""","=""1.245""","=""                                                        ""","=""L18702,L3552"""
"=""6d3.7p""","=""5G*""","=""2""","=""""","=""4.03883734""","=""""","=""0.00000007""","=""0.00295156""","=""0.720""","=""                                                        ""","=""L18702,L16199"""
"=""6d3.7p""","=""5G*""","=""3""","=""""","=""4.16477456""","=""""","=""0.00000005""","=""0.12593722""","=""1.015""","=""                                                        ""","=""L18702,u39"""
"=""6d3.7p""","=""5G*""","=""5""","=""""","=""4.37340379""","=""""","=""0.00000005""","=""0.20862923""","=""1.165""","=""                                                        ""","=""L18702,u39"""
"=""""","=""""","=""1""","=""""","=""4.04256796""","=""""","=""0.00000005""","=""-0.33083583""","=""""","=""                                                        ""","=""L18702"""
"=""""","=""*""","=""1""","=""""","=""4.04819594""","=""""","=""0.00000009""","=""0.0056280""","=""1.140""","=""                                                        ""","=""L18702,L3552"""
"=""""","=""*""","=""1""","=""""","=""4.05001280""","=""""","=""0.00000005""","=""0.0018169""","=""0.850""","=""                                                        ""","=""L18702,L17451"""
"=""""","=""""","=""2""","=""""","=""4.05554085""","=""""","=""0.00000004""","=""0.00552805""","=""""","=""                                                        ""","=""L18702,L5951"""
"=""""","=""""","=""5""","=""""","=""4.058872721""","=""""","=""0.000000024""","=""0.00333187""","=""1.140""","=""                                                        ""","=""L18702,L16199"""
"=""""","=""*""","=""3""","=""""","=""4.06104126""","=""""","=""0.00000006""","=""0.00216854""","=""1.135""","=""                                                        ""","=""L18702,L3552"""
"=""""","=""""","=""4""","=""""","=""4.064400484""","=""""","=""0.000000024""","=""0.00335922""","=""1.080""","=""                                                        ""","=""L18702,L16199"""
"=""""","=""""","=""3""","=""""","=""4.06620149""","=""""","=""0.00000003""","=""0.00180101""","=""1.165""","=""                                                        ""","=""L18702,L3552"""
"=""""","=""*""","=""4""","=""""","=""4.07442750""","=""""","=""0.00000004""","=""0.00822601""","=""1.145""","=""                                                        ""","=""L18702,L17451"""
"=""""","=""*""","=""6""","=""""","=""4.077323828""","=""""","=""0.000000022""","=""0.00289633""","=""1.060""","=""                                                        ""","=""L18702,u39"""
"=""""","=""*""","=""2""","=""""","=""4.08584817""","=""""","=""0.00000006""","=""0.00852434""","=""1.105""","=""                                                        ""","=""L18702,L16199"""
"=""""","=""""","=""5""","=""""","=""4.086940295""","=""""","=""0.000000017""","=""0.00109212""","=""1.210""","=""                                                        ""","=""L18702,L16199"""
"=""""","=""*""","=""3""","=""""","=""4.09685041""","=""""","=""0.00000004""","=""0.00991012""","=""1.145""","=""                                                        ""","=""L18702,L17451"""
"=""""","=""""","=""6""","=""""","=""4.099920103""","=""""","=""0.000000015""","=""0.00306969""","=""1.080""","=""                                                        ""","=""L18702,L16199"""
"=""""","=""""","=""3""","=""""","=""4.10380423""","=""""","=""0.00000005""","=""0.00388413""","=""1.340""","=""                                                        ""","=""L18702,L16199"""
"=""""","=""*""","=""1""","=""""","=""4.11153661""","=""""","=""0.00000009""","=""0.0077324""","=""1.32""","=""                                                        ""","=""L18702,L17451"""
"=""5f.6d.7s.7p""","=""3I""","=""5""","=""""","=""4.118077806""","=""""","=""0.000000020""","=""0.00654120""","=""1.010""","=""                                                        ""","=""L18702,u39"""
"=""5f.6d.7s.7p""","=""3I""","=""6""","=""""","=""4.43863106""","=""""","=""0.00000005""","=""0.32055325""","=""1.090""","=""                                                        ""","=""L18702,L3552"""
"=""""","=""*""","=""4""","=""""","=""4.12502190""","=""""","=""0.00000004""","=""-0.31360916""","=""1.175""","=""                                                        ""","=""L18702,L17451"""
"=""""","=""""","=""1""","=""""","=""4.12543271""","=""""","=""0.00000005""","=""0.00041081""","=""1.385""","=""                                                        ""","=""L18702,L3552"""
"=""""","=""*""","=""3""","=""""","=""4.12804465""","=""""","=""0.00000007""","=""0.00261194""","=""1.100""","=""                                                        ""","=""L18702,L16199"""
"=""""","=""*""","=""2""","=""""","=""4.12831753""","=""""","=""0.00000005""","=""0.00027288""","=""1.185""","=""                                                        ""","=""L18702,L16199"""
"=""""","=""""","=""2""","=""""","=""4.12979498""","=""""","=""0.00000004""","=""0.00147745""","=""1.015""","=""                                                        ""","=""L18702,L3552"""
"=""""","=""*""","=""0""","=""""","=""4.13516209""","=""""","=""0.00000015""","=""0.0053671""","=""0.0""","=""                                                        ""","=""L18702,u39"""
"=""""","=""""","=""1""","=""""","=""4.13992706""","=""""","=""0.00000004""","=""0.0047650""","=""0.690""","=""                                                        ""","=""L18702,L16199"""
"=""""","=""""","=""3""","=""""","=""4.14214662""","=""""","=""0.00000005""","=""0.00221956""","=""1.120""","=""                                                        ""","=""L18702,L16199"""
"=""6d4""","=""""","=""4""","=""""","=""4.14331890""","=""""","=""0.00000006""","=""0.00117228""","=""1.125""","=""  42  6d4 3F2                :    28  6d4          1G2  ""","=""L18702,u39"""
"=""""","=""*""","=""2""","=""""","=""4.14442487""","=""""","=""0.00000010""","=""0.0011060""","=""0.800""","=""                                                        ""","=""L18702,L3552"""
"=""5f.6d.7s.7p""","=""3H""","=""4""","=""""","=""4.14841005""","=""""","=""0.00000005""","=""0.0039852""","=""0.945""","=""                                                        ""","=""L18702,u39"""
"=""""","=""""","=""4""","=""""","=""4.15688760""","=""""","=""0.00000004""","=""0.00847755""","=""1.145""","=""                                                        ""","=""L18702,L16199"""
"=""""","=""*""","=""4""","=""""","=""4.16091642""","=""""","=""0.00000005""","=""0.00402882""","=""1.185""","=""                                                        ""","=""L18702,L16199"""
"=""""","=""""","=""3""","=""""","=""4.16151146""","=""""","=""0.00000003""","=""0.00059504""","=""1.100""","=""                                                        ""","=""L18702,L16199"""
"=""""","=""""","=""6""","=""""","=""4.166302781""","=""""","=""0.000000020""","=""0.00479132""","=""1.205""","=""                                                        ""","=""L18702,u39"""
"=""""","=""""","=""2""","=""""","=""4.16665018""","=""""","=""0.00000003""","=""0.00034740""","=""1.415""","=""                                                        ""","=""L18702,L16199"""
"=""""","=""*""","=""1""","=""""","=""4.17358428""","=""""","=""0.00000005""","=""0.00693410""","=""1.020""","=""                                                        ""","=""L18702,L3552"""
"=""""","=""""","=""2""","=""""","=""4.17690917""","=""""","=""0.00000005""","=""0.00332489""","=""0.990""","=""                                                        ""","=""L18702,L16199"""
"=""""","=""*""","=""2""","=""""","=""4.18055062""","=""""","=""0.00000009""","=""0.0036414""","=""1.065""","=""                                                        ""","=""L18702,L16199"""
"=""""","=""""","=""2""","=""""","=""4.180911947""","=""""","=""0.000000022""","=""0.00036133""","=""1.150""","=""                                                        ""","=""L18702,L16199"""
"=""""","=""*""","=""2""","=""""","=""4.18257062""","=""""","=""0.00000009""","=""0.00165867""","=""1.300""","=""                                                        ""","=""L18702,L16199"""
"=""""","=""""","=""1""","=""""","=""4.18739544""","=""""","=""0.00000011""","=""0.0048248""","=""1.410""","=""                                                        ""","=""L18702,L16199"""
"=""""","=""*""","=""4""","=""""","=""4.19063238""","=""""","=""0.00000007""","=""0.0032369""","=""1.155""","=""                                                        ""","=""L18702,L16199"""
"=""""","=""*""","=""3""","=""""","=""4.19074289""","=""""","=""0.00000006""","=""0.00011051""","=""1.100""","=""                                                        ""","=""L18702,L16199"""
"=""""","=""""","=""4""","=""""","=""4.194619190""","=""""","=""0.000000025""","=""0.00387630""","=""1.135""","=""                                                        ""","=""L18702,L16199"""
"=""""","=""*""","=""5""","=""""","=""4.19623999""","=""""","=""0.00000006""","=""0.00162080""","=""1.120""","=""                                                        ""","=""L18702,L17451"""
"=""""","=""*""","=""3""","=""""","=""4.21148155""","=""""","=""0.00000011""","=""0.0152416""","=""0.795""","=""                                                        ""","=""L18702,L16199"""
"=""""","=""*""","=""4""","=""""","=""4.21562743""","=""""","=""0.00000005""","=""0.0041459""","=""1.070""","=""                                                        ""","=""L18702,L16199"""
"=""""","=""*""","=""5 or 6""","=""""","=""4.21718819""","=""""","=""0.00000005""","=""0.00156076""","=""""","=""                                                        ""","=""L18702"""
"=""""","=""""","=""2""","=""""","=""4.22637761""","=""""","=""0.00000006""","=""0.00918942""","=""""","=""                                                        ""","=""L18702"""
"=""""","=""*""","=""1""","=""""","=""4.22924662""","=""""","=""0.00000005""","=""0.00286901""","=""0.855""","=""                                                        ""","=""L18702,L16199"""
"=""""","=""""","=""3""","=""""","=""4.23622737""","=""""","=""0.00000007""","=""0.00698075""","=""1.040""","=""                                                        ""","=""L18702,L16199"""
"=""""","=""*""","=""5""","=""""","=""4.23811527""","=""""","=""0.00000005""","=""0.00188790""","=""1.095""","=""                                                        ""","=""L18702,L16199"""
"=""""","=""""","=""1""","=""""","=""4.25241960""","=""""","=""0.00000007""","=""0.01430433""","=""0.935""","=""                                                        ""","=""L18702,L16199"""
"=""""","=""""","=""4""","=""""","=""4.25283683""","=""""","=""0.00000003""","=""0.00041723""","=""0.905""","=""                                                        ""","=""L18702,L16199"""
"=""""","=""*""","=""2""","=""""","=""4.25564399""","=""""","=""0.00000007""","=""0.00280716""","=""1.130""","=""                                                        ""","=""L18702,L3552"""
"=""""","=""*""","=""4""","=""""","=""4.25819334""","=""""","=""0.00000005""","=""0.00254935""","=""1.105""","=""                                                        ""","=""L18702,L16199"""
"=""""","=""*""","=""2""","=""""","=""4.26156312""","=""""","=""0.00000010""","=""0.0033698""","=""1.290""","=""                                                        ""","=""L18702,L16199"""
"=""""","=""""","=""6""","=""""","=""4.265995087""","=""""","=""0.000000021""","=""0.00443197""","=""1.190""","=""                                                        ""","=""L18702,L16199"""
"=""""","=""*""","=""3""","=""""","=""4.26880376""","=""""","=""0.00000006""","=""0.00280867""","=""1.220""","=""                                                        ""","=""L18702,L16199"""
"=""""","=""""","=""3""","=""""","=""4.26894195""","=""""","=""0.00000006""","=""0.00013819""","=""1.050""","=""                                                        ""","=""L18702,L16199"""
"=""""","=""""","=""2""","=""""","=""4.27058592""","=""""","=""0.00000009""","=""0.0016440""","=""1.100""","=""                                                        ""","=""L18702,L16199"""
"=""""","=""""","=""4""","=""""","=""4.27090529""","=""""","=""0.00000004""","=""0.00031937""","=""1.100""","=""                                                        ""","=""L18702,L16199"""
"=""""","=""""","=""5""","=""""","=""4.27260422""","=""""","=""0.00000004""","=""0.00169893""","=""1.175""","=""                                                        ""","=""L18702,L16199"""
"=""""","=""*""","=""4""","=""""","=""4.27646556""","=""""","=""0.00000012""","=""0.0038613""","=""0.905""","=""                                                        ""","=""L18702,L16199"""
"=""""","=""*""","=""3""","=""""","=""4.28774592""","=""""","=""0.00000005""","=""0.0112804""","=""1.170""","=""                                                        ""","=""L18702,L16199"""
"=""""","=""*""","=""1""","=""""","=""4.28873820""","=""""","=""0.00000006""","=""0.00099228""","=""1.500""","=""                                                        ""","=""L18702,L17451"""
"=""5f.6d3""","=""*""","=""6""","=""""","=""4.29108020""","=""""","=""0.00000006""","=""0.00234200""","=""1.100""","=""                                                        ""","=""L18702,u39"""
"=""""","=""*""","=""3""","=""""","=""4.30279874""","=""""","=""0.00000006""","=""0.01171854""","=""1.100""","=""                                                        ""","=""L18702,L16199"""
"=""""","=""""","=""3""","=""""","=""4.30320923""","=""""","=""0.00000005""","=""0.00041049""","=""1.175""","=""                                                        ""","=""L18702,L16199"""
"=""""","=""*""","=""3""","=""""","=""4.30540402""","=""""","=""0.00000007""","=""0.00219479""","=""1.085""","=""                                                        ""","=""L18702,L16199"""
"=""""","=""""","=""1""","=""""","=""4.31155123""","=""""","=""0.00000010""","=""0.0061472""","=""1.290""","=""                                                        ""","=""L18702,u39"""
"=""""","=""""","=""2""","=""""","=""4.31330277""","=""""","=""0.00000005""","=""0.0017515""","=""""","=""                                                        ""","=""L18702,L5951"""
"=""""","=""""","=""5""","=""""","=""4.32073257""","=""""","=""0.00000004""","=""0.00742980""","=""1.105""","=""                                                        ""","=""L18702,L16199"""
"=""""","=""*""","=""2""","=""""","=""4.32105690""","=""""","=""0.00000006""","=""0.00032433""","=""0.865""","=""                                                        ""","=""L18702,L16199"""
"=""""","=""""","=""4""","=""""","=""4.32374478""","=""""","=""0.00000005""","=""0.00268788""","=""1.105""","=""                                                        ""","=""L18702,L16199"""
"=""""","=""""","=""3""","=""""","=""4.32383353""","=""""","=""0.00000005""","=""0.00008875""","=""1.090""","=""                                                        ""","=""L18702,L16199"""
"=""""","=""*""","=""1""","=""""","=""4.32440286""","=""""","=""0.00000009""","=""0.0005693""","=""1.465""","=""                                                        ""","=""L18702,L16199"""
"=""""","=""*""","=""5""","=""""","=""4.32539626""","=""""","=""0.00000005""","=""0.0009934""","=""1.075""","=""                                                        ""","=""L18702,L3552"""
"=""""","=""""","=""6""","=""""","=""4.332437548""","=""""","=""0.000000019""","=""0.00704129""","=""1.230""","=""                                                        ""","=""L18702,u39"""
"=""""","=""*""","=""1""","=""""","=""4.33818103""","=""""","=""0.00000007""","=""0.00574348""","=""1.620""","=""                                                        ""","=""L18702,L16199"""
"=""""","=""""","=""2""","=""""","=""4.34137151""","=""""","=""0.00000005""","=""0.00319048""","=""1.095""","=""                                                        ""","=""L18702,u39"""
"=""""","=""5F""","=""1""","=""""","=""4.34515286""","=""""","=""0.00000005""","=""0.00378135""","=""0.390""","=""                                                        ""","=""L18702,L16199"""
"=""""","=""*""","=""5""","=""""","=""4.34949185""","=""""","=""0.00000006""","=""0.00433899""","=""1.100""","=""                                                        ""","=""L18702,L17451"""
"=""""","=""""","=""6""","=""""","=""4.34967366""","=""""","=""0.00000003""","=""0.00018181""","=""1.17""","=""                                                        ""","=""L18702,u39"""
"=""""","=""""","=""3""","=""""","=""4.350529842""","=""""","=""0.000000025""","=""0.00085618""","=""1.195""","=""                                                        ""","=""L18702,L16199"""
"=""""","=""""","=""2""","=""""","=""4.35293835""","=""""","=""0.00000007""","=""0.00240851""","=""""","=""                                                        ""","=""L18702"""
"=""""","=""*""","=""5 or 6""","=""""","=""4.35407139""","=""""","=""0.00000005""","=""0.00113304""","=""""","=""                                                        ""","=""L18702"""
"=""""","=""*""","=""4""","=""""","=""4.35571542""","=""""","=""0.00000006""","=""0.00164403""","=""1.215""","=""                                                        ""","=""L18702,L16199"""
"=""""","=""""","=""2""","=""""","=""4.35801477""","=""""","=""0.00000004""","=""0.00229935""","=""1.075""","=""                                                        ""","=""L18702,L16199"""
"=""""","=""""","=""5""","=""""","=""4.36635012""","=""""","=""0.00000003""","=""0.00833535""","=""""","=""                                                        ""","=""L18702,L16199"""
"=""""","=""*""","=""3""","=""""","=""4.36930466""","=""""","=""0.00000007""","=""0.00295454""","=""1.085""","=""                                                        ""","=""L18702,L3552"""
"=""5f.6d2.7p""","=""5K""","=""5""","=""""","=""4.37675560""","=""""","=""0.00000004""","=""0.00745094""","=""0.875""","=""                                                        ""","=""L18702,u39"""
"=""""","=""*""","=""1""","=""""","=""4.38019079""","=""""","=""0.00000006""","=""0.00343519""","=""1.270""","=""                                                        ""","=""L18702,L3552"""
"=""""","=""*""","=""4""","=""""","=""4.38301972""","=""""","=""0.00000007""","=""0.00282893""","=""1.190""","=""                                                        ""","=""L18702,L16199"""
"=""""","=""""","=""2""","=""""","=""4.38854282""","=""""","=""0.00000005""","=""0.00552310""","=""1.235?""","=""                                                        ""","=""L18702,L5951"""
"=""""","=""""","=""3""","=""""","=""4.38969965""","=""""","=""0.00000005""","=""0.00115683""","=""1.065""","=""                                                        ""","=""L18702,L16199"""
"=""""","=""""","=""1""","=""""","=""4.39164486""","=""""","=""0.00000010""","=""0.0019452""","=""1.160""","=""                                                        ""","=""L18702,L3552"""
"=""6d4""","=""""","=""3""","=""""","=""4.39411168""","=""""","=""0.00000006""","=""0.0024668""","=""1.070""","=""  32  6d4 3F1                :    31  6d4          1F   ""","=""L18702,u39"""
"=""""","=""*""","=""3""","=""""","=""4.39673440""","=""""","=""0.00000006""","=""0.00262272""","=""1.245""","=""                                                        ""","=""L18702,L16199"""
"=""""","=""""","=""2""","=""""","=""4.40114342""","=""""","=""0.00000011""","=""0.0044090""","=""""","=""                                                        ""","=""L18702"""
"=""""","=""*""","=""2""","=""""","=""4.40556628""","=""""","=""0.00000007""","=""0.0044229""","=""1.230""","=""                                                        ""","=""L18702,L16199"""
"=""""","=""""","=""3""","=""""","=""4.41092598""","=""""","=""0.00000005""","=""0.00535970""","=""1.190""","=""                                                        ""","=""L18702,L16199"""
"=""""","=""""","=""5""","=""""","=""4.41164156""","=""""","=""0.00000004""","=""0.00071558""","=""1.155""","=""                                                        ""","=""L18702,L16199"""
"=""""","=""""","=""4""","=""""","=""4.41803500""","=""""","=""0.00000005""","=""0.00639344""","=""1.10""","=""                                                        ""","=""L18702,u39"""
"=""""","=""*""","=""1""","=""""","=""4.42361342""","=""""","=""0.00000009""","=""0.0055784""","=""1.010""","=""                                                        ""","=""L18702,L3552"""
"=""""","=""*""","=""4""","=""""","=""4.43038363""","=""""","=""0.00000006""","=""0.0067702""","=""1.100""","=""                                                        ""","=""L18702,L3552"""
"=""""","=""*""","=""0""","=""""","=""4.43660767""","=""""","=""0.00000016""","=""0.0062240""","=""0.0""","=""                                                        ""","=""L18702,u39"""
"=""6d4""","=""3F1""","=""4""","=""""","=""4.43793712""","=""""","=""0.00000006""","=""0.0013295""","=""1.150""","=""  72                         :    18  6d4          1G1  ""","=""L18702,u39"""
"=""""","=""*""","=""3""","=""""","=""4.44018652""","=""""","=""0.00000005""","=""0.00224940""","=""1.100""","=""                                                        ""","=""L18702,L3552"""
"=""""","=""""","=""3""","=""""","=""4.44251365""","=""""","=""0.00000007""","=""0.00232713""","=""1.190""","=""                                                        ""","=""L18702,L16199"""
"=""6d4""","=""""","=""2""","=""""","=""4.44828182""","=""""","=""0.00000007""","=""0.00576817""","=""1.420""","=""  49  6d4 3P2                :    24  6d4          3P1  ""","=""L18702,u39"""
"=""""","=""*""","=""2""","=""""","=""4.44928223""","=""""","=""0.00000019""","=""0.0010004""","=""1.565""","=""                                                        ""","=""L18702,L16199"""
"=""""","=""""","=""2""","=""""","=""4.46929602""","=""""","=""0.00000007""","=""0.0200138""","=""0.830""","=""                                                        ""","=""L18702,L16199"""
"=""""","=""*""","=""4""","=""""","=""4.47122650""","=""""","=""0.00000009""","=""0.0019305""","=""1.105""","=""                                                        ""","=""L18702,L17451"""
"=""""","=""*""","=""3""","=""""","=""4.47261364""","=""""","=""0.00000007""","=""0.0013871""","=""1.145""","=""                                                        ""","=""L18702,L3552"""
"=""""","=""""","=""4""","=""""","=""4.47455170""","=""""","=""0.00000005""","=""0.00193806""","=""1.080""","=""                                                        ""","=""L18702,L16199"""
"=""""","=""*""","=""5""","=""""","=""4.47985633""","=""""","=""0.00000011""","=""0.0053046""","=""1.065""","=""                                                        ""","=""L18702,u39"""
"=""""","=""""","=""5""","=""""","=""4.47998327""","=""""","=""0.00000004""","=""0.0001269""","=""1.055""","=""                                                        ""","=""L18702,L16199"""
"=""""","=""*""","=""4""","=""""","=""4.48550524""","=""""","=""0.00000007""","=""0.00552197""","=""1.045""","=""                                                        ""","=""L18702,L3552"""
"=""""","=""*""","=""2""","=""""","=""4.48685800""","=""""","=""0.00000007""","=""0.00135276""","=""1.420""","=""                                                        ""","=""L18702,L16199"""
"=""""","=""""","=""5""","=""""","=""4.48956624""","=""""","=""0.00000007""","=""0.00270824""","=""1.010""","=""                                                        ""","=""L18702,L16199"""
"=""""","=""*""","=""5""","=""""","=""4.49754941""","=""""","=""0.00000009""","=""0.0079832""","=""1.140""","=""                                                        ""","=""L18702,L16199"""
"=""""","=""""","=""4""","=""""","=""4.50029113""","=""""","=""0.00000005""","=""0.0027417""","=""1.130""","=""                                                        ""","=""L18702,L16199"""
"=""""","=""""","=""3""","=""""","=""4.50511497""","=""""","=""0.00000006""","=""0.00482384""","=""1.100""","=""                                                        ""","=""L18702,L16199"""
"=""""","=""*""","=""1""","=""""","=""4.50824651""","=""""","=""0.00000007""","=""0.00313154""","=""1.095""","=""                                                        ""","=""L18702,L17451"""
"=""""","=""*""","=""4""","=""""","=""4.51086908""","=""""","=""0.00000009""","=""0.0026226""","=""1.070""","=""                                                        ""","=""L18702,L17451"""
"=""""","=""*""","=""3""","=""""","=""4.51642123""","=""""","=""0.00000011""","=""0.0055521""","=""1.080""","=""                                                        ""","=""L18702,L3552"""
"=""""","=""""","=""2""","=""""","=""4.51660138""","=""""","=""0.00000006""","=""0.0001802""","=""""","=""                                                        ""","=""L18702,L16199"""
"=""""","=""*""","=""6""","=""""","=""4.52051178""","=""""","=""0.00000005""","=""0.00391040""","=""1.035""","=""                                                        ""","=""L18702,u39"""
"=""""","=""""","=""7""","=""""","=""4.52140814""","=""""","=""0.00000004""","=""0.00089636""","=""""","=""                                                        ""","=""L18702,u38"""
"=""""","=""""","=""2""","=""""","=""4.52361259""","=""""","=""0.00000007""","=""0.00220445""","=""1.280""","=""                                                        ""","=""L18702,L16199"""
"=""""","=""*""","=""2""","=""""","=""4.52403756""","=""""","=""0.00000007""","=""0.00042497""","=""0.995""","=""                                                        ""","=""L18702,L3552"""
"=""""","=""""","=""3""","=""""","=""4.52740451""","=""""","=""0.00000007""","=""0.00336695""","=""0.835""","=""                                                        ""","=""L18702,L16199"""
"=""""","=""*""","=""1""","=""""","=""4.53246214""","=""""","=""0.00000010""","=""0.0050576""","=""1.060""","=""                                                        ""","=""L18702,L16199"""
"=""""","=""""","=""4""","=""""","=""4.53485393""","=""""","=""0.00000006""","=""0.0023918""","=""1.240""","=""                                                        ""","=""L18702,L16199"""
"=""""","=""""","=""7""","=""""","=""4.54015709""","=""""","=""0.00000004""","=""0.00530316""","=""1.185""","=""                                                        ""","=""L18702,u39"""
"=""""","=""*""","=""5""","=""""","=""4.54103465""","=""""","=""0.00000006""","=""0.00087756""","=""1.160""","=""                                                        ""","=""L18702,L16199"""
"=""""","=""""","=""2""","=""""","=""4.54446340""","=""""","=""0.00000012""","=""0.0034287""","=""1.2""","=""                                                        ""","=""L18702,L16199"""
"=""""","=""*""","=""2""","=""""","=""4.54633473""","=""""","=""0.00000010""","=""0.0018713""","=""0.925""","=""                                                        ""","=""L18702,L3552"""
"=""""","=""""","=""6""","=""""","=""4.55629546""","=""""","=""0.00000003""","=""0.0099607""","=""1.130""","=""                                                        ""","=""L18702,L3552"""
"=""""","=""*""","=""3""","=""""","=""4.55800651""","=""""","=""0.00000011""","=""0.0017110""","=""1.135""","=""                                                        ""","=""L18702,L3552"""
"=""""","=""""","=""3""","=""""","=""4.55956340""","=""""","=""0.00000010""","=""0.0015569""","=""0.975""","=""                                                        ""","=""L18702,L16199"""
"=""""","=""""","=""5""","=""""","=""4.56030166""","=""""","=""0.00000005""","=""0.0007383""","=""1.120""","=""                                                        ""","=""L18702,L16199"""
"=""""","=""*""","=""4""","=""""","=""4.56269969""","=""""","=""0.00000005""","=""0.00239803""","=""0.960""","=""                                                        ""","=""L18702,L16199"""
"=""""","=""""","=""3""","=""""","=""4.56364898""","=""""","=""0.00000014""","=""0.0009493""","=""1.095""","=""                                                        ""","=""L18702,L16199"""
"=""""","=""""","=""2""","=""""","=""4.56486477""","=""""","=""0.00000012""","=""0.0012158""","=""0.945""","=""                                                        ""","=""L18702,L16199"""
"=""""","=""*""","=""1""","=""""","=""4.56723370""","=""""","=""0.00000009""","=""0.0023689""","=""0.785""","=""                                                        ""","=""L18702,L16199"""
"=""""","=""*""","=""5""","=""""","=""4.56732766""","=""""","=""0.00000006""","=""0.0000940""","=""1.175""","=""                                                        ""","=""L18702,L17451"""
"=""""","=""*""","=""2""","=""""","=""4.57153378""","=""""","=""0.00000009""","=""0.0042061""","=""1.250""","=""                                                        ""","=""L18702,L3552"""
"=""""","=""""","=""4""","=""""","=""4.57319351""","=""""","=""0.00000007""","=""0.0016597""","=""1.045""","=""                                                        ""","=""L18702,L16199"""
"=""""","=""*""","=""5""","=""""","=""4.58850072""","=""""","=""0.00000012""","=""0.0153072""","=""1.135""","=""                                                        ""","=""L18702,L17451"""
"=""""","=""*""","=""4""","=""""","=""4.59251660""","=""""","=""0.00000007""","=""0.0040159""","=""1.010""","=""                                                        ""","=""L18702,L16199"""
"=""""","=""""","=""4""","=""""","=""4.59806004""","=""""","=""0.00000007""","=""0.00554344""","=""1.200""","=""                                                        ""","=""L18702,L16199"""
"=""""","=""""","=""2""","=""""","=""4.59917509""","=""""","=""0.00000017""","=""0.0011151""","=""1.155""","=""                                                        ""","=""L18702,L16199"""
"=""""","=""""","=""1""","=""""","=""4.60309849""","=""""","=""0.00000011""","=""0.0039234""","=""""","=""                                                        ""","=""L18702"""
"=""""","=""""","=""3""","=""""","=""4.60366325""","=""""","=""0.00000012""","=""0.0005648""","=""0.880""","=""                                                        ""","=""L18702,L3552"""
"=""""","=""*""","=""2""","=""""","=""4.60590132""","=""""","=""0.00000006""","=""0.0022381""","=""1.060""","=""                                                        ""","=""L18702,L17451"""
"=""""","=""*""","=""1""","=""""","=""4.60716390""","=""""","=""0.00000014""","=""0.0012626""","=""0.895""","=""                                                        ""","=""L18702,L3552"""
"=""""","=""*""","=""3""","=""""","=""4.60719752""","=""""","=""0.00000009""","=""0.0000336""","=""1.000""","=""                                                        ""","=""L18702,L16199"""
"=""""","=""""","=""5""","=""""","=""4.61366153""","=""""","=""0.00000005""","=""0.0064640""","=""1.055""","=""                                                        ""","=""L18702,L16199"""
"=""""","=""*""","=""2""","=""""","=""4.61642808""","=""""","=""0.00000015""","=""0.0027666""","=""1.120""","=""                                                        ""","=""L18702,L3552"""
"=""""","=""""","=""4""","=""""","=""4.62503670""","=""""","=""0.00000006""","=""0.0086086""","=""1.020""","=""                                                        ""","=""L18702,L16199"""
"=""6d4""","=""""","=""3""","=""""","=""4.62549606""","=""""","=""0.00000010""","=""0.0004594""","=""0.990""","=""  45  6d4 1F                 :    34  6d4          3F1  ""","=""L18702,u39"""
"=""5f.6d2.7p ""","=""5K ""","=""6""","=""""","=""4.62863985""","=""""","=""0.00000006""","=""0.0031438""","=""1.020 ""","=""                                                        ""","=""L18702,u39"""
"=""""","=""""","=""3""","=""""","=""4.63758699""","=""""","=""0.00000006""","=""0.00894714""","=""1.305""","=""                                                        ""","=""L18702,L3552"""
"=""""","=""""","=""1""","=""""","=""4.64602520""","=""""","=""0.00000011""","=""0.0084382""","=""""","=""                                                        ""","=""L18702"""
"=""""","=""*""","=""6""","=""""","=""4.65067064""","=""""","=""0.00000009""","=""0.0046454""","=""1.130""","=""                                                        ""","=""L18702,u39"""
"=""""","=""""","=""3""","=""""","=""4.65207392""","=""""","=""0.00000011""","=""0.0014033""","=""1.135""","=""                                                        ""","=""L18702,L3552"""
"=""""","=""""","=""4""","=""""","=""4.65666228""","=""""","=""0.00000005""","=""0.0045884""","=""""","=""                                                        ""","=""L18702,L5951"""
"=""""","=""""","=""2""","=""""","=""4.65802953""","=""""","=""0.00000009""","=""0.0013673""","=""""","=""                                                        ""","=""L18702,L5951"""
"=""""","=""*""","=""5""","=""""","=""4.65825156""","=""""","=""0.00000005""","=""0.0002220""","=""1.045""","=""                                                        ""","=""L18702,L16199"""
"=""""","=""*""","=""4""","=""""","=""4.66251694""","=""""","=""0.00000009""","=""0.0042654""","=""1.125""","=""                                                        ""","=""L18702,L16199"""
"=""""","=""""","=""1""","=""""","=""4.66278458""","=""""","=""0.00000024""","=""0.0002676""","=""1.265""","=""                                                        ""","=""L18702,L16199"""
"=""""","=""*""","=""1""","=""""","=""4.66382864""","=""""","=""0.00000014""","=""0.0010441""","=""""","=""                                                        ""","=""L18702,L3552"""
"=""""","=""*""","=""3""","=""""","=""4.66886858""","=""""","=""0.00000007""","=""0.0050399""","=""1.130""","=""                                                        ""","=""L18702,L16199"""
"=""""","=""""","=""3""","=""""","=""4.67274184""","=""""","=""0.00000012""","=""0.0038733""","=""1.245""","=""                                                        ""","=""L18702,L16199"""
"=""""","=""*""","=""2""","=""""","=""4.67879119""","=""""","=""0.00000006""","=""0.0060494""","=""1.015""","=""                                                        ""","=""L18702,u39"""
"=""""","=""""","=""6""","=""""","=""4.67944770""","=""""","=""0.00000005""","=""0.00065651""","=""1.2""","=""                                                        ""","=""L18702,u39"""
"=""""","=""""","=""2""","=""""","=""4.68016049""","=""""","=""0.00000011""","=""0.0007128""","=""0.995""","=""                                                        ""","=""L18702,L16199"""
"=""""","=""""","=""2""","=""""","=""4.68466985""","=""""","=""0.00000007""","=""0.0045094""","=""1.01""","=""                                                        ""","=""L18702,L16199"""
"=""""","=""""","=""4""","=""""","=""4.68897330""","=""""","=""0.00000006""","=""0.00430345""","=""1.045""","=""                                                        ""","=""L18702,L16199"""
"=""""","=""""","=""5""","=""""","=""4.69781804""","=""""","=""0.00000006""","=""0.00884474""","=""0.978""","=""                                                        ""","=""L18702,L3552"""
"=""5f.6d2.7p ""","=""5I""","=""4""","=""""","=""4.69811151""","=""""","=""0.00000005""","=""0.00029347""","=""0.855""","=""                                                        ""","=""L18702,u39"""
"=""5f.6d2.7p ""","=""5I""","=""5""","=""""","=""4.92146964""","=""""","=""0.00000006""","=""0.22335813""","=""1.005""","=""                                                        ""","=""L18702,u39"""
"=""""","=""*""","=""4""","=""""","=""4.70520587""","=""""","=""0.00000006""","=""-0.21626377""","=""1.130""","=""                                                        ""","=""L18702,L16199"""
"=""""","=""*""","=""3""","=""""","=""4.70581587""","=""""","=""0.00000006""","=""0.00061000""","=""1.105""","=""                                                        ""","=""L18702,L3552"""
"=""""","=""*""","=""2""","=""""","=""4.70771340""","=""""","=""0.00000006""","=""0.00189753""","=""0.915""","=""                                                        ""","=""L18702,u39"""
"=""""","=""""","=""4""","=""""","=""4.71043969""","=""""","=""0.00000007""","=""0.00272629""","=""1.015""","=""                                                        ""","=""L18702,L16199"""
"=""""","=""""","=""2""","=""""","=""4.71104374""","=""""","=""0.00000009""","=""0.0006040""","=""1.070""","=""                                                        ""","=""L18702,u39"""
"=""""","=""*""","=""3""","=""""","=""4.71797586""","=""""","=""0.00000007""","=""0.0069321""","=""1.105""","=""                                                        ""","=""L18702,u39"""
"=""""","=""*""","=""2""","=""""","=""4.72243376""","=""""","=""0.00000007""","=""0.00445790""","=""1.01""","=""                                                        ""","=""L18702,u39"""
"=""""","=""""","=""2""","=""""","=""4.72343755""","=""""","=""0.00000007""","=""0.00100379""","=""0.990""","=""                                                        ""","=""L18702,L16199"""
"=""""","=""""","=""5""","=""""","=""4.72464662""","=""""","=""0.00000007""","=""0.00120907""","=""1.160""","=""                                                        ""","=""L18702,L3552"""
"=""""","=""""","=""3""","=""""","=""4.72946861""","=""""","=""0.00000006""","=""0.00482199""","=""1.070""","=""                                                        ""","=""L18702,L3552"""
"=""""","=""""","=""4""","=""""","=""4.73447583""","=""""","=""0.00000007""","=""0.00500722""","=""0.960""","=""                                                        ""","=""L18702,L16199"""
"=""""","=""*""","=""3""","=""""","=""4.73829744""","=""""","=""0.00000009""","=""0.0038216""","=""1.130""","=""                                                        ""","=""L18702,L3552"""
"=""6d4""","=""""","=""2""","=""""","=""4.73855559""","=""""","=""0.00000009""","=""0.0002581""","=""""","=""  45  6d4 1D2                :    15  6d3.(2D2).7s 1D   ""","=""L18702,u39"""
"=""""","=""""","=""5""","=""""","=""4.74385937""","=""""","=""0.00000005""","=""0.0053038""","=""1.090""","=""                                                        ""","=""L18702,u39"""
"=""""","=""*""","=""1""","=""""","=""4.74597567""","=""""","=""0.00000012""","=""0.0021163""","=""0.855""","=""                                                        ""","=""L18702,L3552"""
"=""""","=""*""","=""4""","=""""","=""4.74938532""","=""""","=""0.00000009""","=""0.0034097""","=""1.045""","=""                                                        ""","=""L18702,L3552"""
"=""""","=""*""","=""2""","=""""","=""4.75545605""","=""""","=""0.00000007""","=""0.0060707""","=""""","=""                                                        ""","=""L18702,L3552"""
"=""6d4""","=""""","=""4""","=""""","=""4.75684936""","=""""","=""0.00000010""","=""0.0013933""","=""1.035""","=""  46  6d4 1G1                :    33  6d4          1G2  ""","=""L18702,u39"""
"=""""","=""""","=""3""","=""""","=""4.75877985""","=""""","=""0.00000011""","=""0.0019305""","=""0.995""","=""                                                        ""","=""L18702,L16199"""
"=""""","=""*""","=""5""","=""""","=""4.75915806""","=""""","=""0.00000009""","=""0.0003782""","=""0.990""","=""                                                        ""","=""L18702,L3552"""
"=""""","=""*""","=""3""","=""""","=""4.76300573""","=""""","=""0.00000010""","=""0.0038477""","=""1.180""","=""                                                        ""","=""L18702,L3552"""
"=""""","=""""","=""2""","=""""","=""4.76550813""","=""""","=""0.00000016""","=""0.0025024""","=""1.100""","=""                                                        ""","=""L18702,u39"""
"=""""","=""""","=""3""","=""""","=""4.76642441""","=""""","=""0.00000009""","=""0.0009163""","=""""","=""                                                        ""","=""L18702"""
"=""""","=""*""","=""2""","=""""","=""4.76932580""","=""""","=""0.00000009""","=""0.0029014""","=""""","=""                                                        ""","=""L18702"""
"=""""","=""""","=""3""","=""""","=""4.77710236""","=""""","=""0.00000009""","=""0.0077766""","=""""","=""                                                        ""","=""L18702,L16199"""
"=""""","=""*""","=""4""","=""""","=""4.78334598""","=""""","=""0.00000007""","=""0.0062436""","=""1.070""","=""                                                        ""","=""L18702,L3552"""
"=""""","=""""","=""1""","=""""","=""4.78501984""","=""""","=""0.00000014""","=""0.0016739""","=""0.985""","=""                                                        ""","=""L18702,u39"""
"=""""","=""""","=""2""","=""""","=""4.78616066""","=""""","=""0.00000011""","=""0.0011408""","=""1.115""","=""                                                        ""","=""L18702,L16199"""
"=""""","=""""","=""2""","=""""","=""4.79313213""","=""""","=""0.00000016""","=""0.0069715""","=""1.205""","=""                                                        ""","=""L18702,L16199"""
"=""""","=""*""","=""5""","=""""","=""4.79391898""","=""""","=""0.00000011""","=""0.0007868""","=""1.075""","=""                                                        ""","=""L18702,L3552"""
"=""""","=""*""","=""2""","=""""","=""4.79444028""","=""""","=""0.00000009""","=""0.0005213""","=""1.030""","=""                                                        ""","=""L18702,L16199"""
"=""""","=""*""","=""3""","=""""","=""4.79513237""","=""""","=""0.00000011""","=""0.0006921""","=""0.940""","=""                                                        ""","=""L18702,L3552"""
"=""""","=""""","=""4""","=""""","=""4.79821956""","=""""","=""0.00000009""","=""0.0030872""","=""1.220""","=""                                                        ""","=""L18702,L16199"""
"=""5f.6d.7s.7p""","=""3l""","=""7""","=""""","=""4.79859706""","=""""","=""0.00000006""","=""0.0003775""","=""1.125""","=""                                                        ""","=""L18702,u39"""
"=""""","=""""","=""1""","=""""","=""4.79950590""","=""""","=""0.00000010""","=""0.0009088""","=""""","=""                                                        ""","=""L18702,L5951"""
"=""""","=""""","=""3""","=""""","=""4.80245463""","=""""","=""0.00000009""","=""0.0029487""","=""1.100""","=""                                                        ""","=""L18702,L16199"""
"=""""","=""""","=""4""","=""""","=""4.80570596""","=""""","=""0.00000012""","=""0.0032513""","=""1.055""","=""                                                        ""","=""L18702,L3552"""
"=""""","=""""","=""5""","=""""","=""4.80605854""","=""""","=""0.00000006""","=""0.0003526""","=""""","=""                                                        ""","=""L18702"""
"=""""","=""*""","=""3""","=""""","=""4.80920361""","=""""","=""0.00000009""","=""0.0031451""","=""0.985""","=""                                                        ""","=""L18702,L16199"""
"=""""","=""""","=""2""","=""""","=""4.81153770""","=""""","=""0.00000011""","=""0.0023341""","=""1.025""","=""                                                        ""","=""L18702,L3552"""
"=""""","=""*""","=""2""","=""""","=""4.81235318""","=""""","=""0.00000015""","=""0.0008155""","=""0.780""","=""                                                        ""","=""L18702,L3552"""
"=""""","=""*""","=""1""","=""""","=""4.81561512""","=""""","=""0.00000011""","=""0.0032619""","=""1.210""","=""                                                        ""","=""L18702,L3552"""
"=""""","=""""","=""1""","=""""","=""4.82421343""","=""""","=""0.00000010""","=""0.0085983""","=""""","=""                                                        ""","=""L18702,L5951"""
"=""""","=""*""","=""2""","=""""","=""4.82703134""","=""""","=""0.00000020""","=""0.0028179""","=""""","=""                                                        ""","=""L18702"""
"=""""","=""""","=""5""","=""""","=""4.82958495""","=""""","=""0.00000005""","=""0.0025536""","=""1.105""","=""                                                        ""","=""L18702,L16199"""
"=""""","=""""","=""4""","=""""","=""4.83003938""","=""""","=""0.00000010""","=""0.0004544""","=""1.060""","=""                                                        ""","=""L18702,L16199"""
"=""""","=""""","=""2""","=""""","=""4.83050548""","=""""","=""0.00000015""","=""0.0004661""","=""""","=""                                                        ""","=""L18702"""
"=""""","=""*""","=""3""","=""""","=""4.83525608""","=""""","=""0.00000020""","=""0.0047506""","=""1.305""","=""                                                        ""","=""L18702,L16199"""
"=""""","=""""","=""3""","=""""","=""4.83664586""","=""""","=""0.00000006""","=""0.0013898""","=""""","=""                                                        ""","=""L18702,L16199"""
"=""""","=""*""","=""5""","=""""","=""4.84307504""","=""""","=""0.00000009""","=""0.0064292""","=""1.025""","=""                                                        ""","=""L18702,u39"""
"=""""","=""""","=""4""","=""""","=""4.84732324""","=""""","=""0.00000009""","=""0.0042482""","=""1.010""","=""                                                        ""","=""L18702,L16199"""
"=""""","=""""","=""6""","=""""","=""4.85532658""","=""""","=""0.00000006""","=""0.0080033""","=""""","=""                                                        ""","=""L18702"""
"=""""","=""""","=""3""","=""""","=""4.85707046""","=""""","=""0.00000012""","=""0.0017439""","=""1.045""","=""                                                        ""","=""L18702,L16199"""
"=""""","=""*""","=""2""","=""""","=""4.86553541""","=""""","=""0.00000005""","=""0.0084649""","=""""","=""                                                        ""","=""L18702"""
"=""""","=""""","=""5""","=""""","=""4.86666491""","=""""","=""0.00000006""","=""0.00112950""","=""1.080""","=""                                                        ""","=""L18702,L16199"""
"=""""","=""*""","=""3""","=""""","=""4.86820174""","=""""","=""0.00000006""","=""0.00153683""","=""1.055""","=""                                                        ""","=""L18702,L3552"""
"=""""","=""""","=""4""","=""""","=""4.87057364""","=""""","=""0.00000007""","=""0.00237190""","=""1.025""","=""                                                        ""","=""L18702,L16199"""
"=""""","=""*""","=""4""","=""""","=""4.87397449""","=""""","=""0.00000010""","=""0.0034009""","=""1.105""","=""                                                        ""","=""L18702,L3552"""
"=""""","=""""","=""3""","=""""","=""4.87528292""","=""""","=""0.00000011""","=""0.0013084""","=""1.11""","=""                                                        ""","=""L18702,u39"""
"=""""","=""""","=""5""","=""""","=""4.87899860""","=""""","=""0.00000006""","=""0.0037157""","=""1.080""","=""                                                        ""","=""L18702,L16199"""
"=""""","=""*""","=""1""","=""""","=""4.88645403""","=""""","=""0.00000009""","=""0.0074554""","=""1.170""","=""                                                        ""","=""L18702,u39"""
"=""""","=""""","=""1""","=""""","=""4.88737467""","=""""","=""0.00000019""","=""0.0009206""","=""""","=""                                                        ""","=""L18702"""
"=""""","=""*""","=""3""","=""""","=""4.89349259""","=""""","=""0.00000005""","=""0.0061179""","=""1.025""","=""                                                        ""","=""L18702,u39"""
"=""""","=""""","=""3""","=""""","=""4.89816810""","=""""","=""0.00000020""","=""0.0046755""","=""1.075""","=""                                                        ""","=""L18702,u39"""
"=""""","=""*""","=""1 or 2""","=""""","=""4.89821233""","=""""","=""0.00000007""","=""0.0000442""","=""""","=""                                                        ""","=""L18702"""
"=""""","=""""","=""4""","=""""","=""4.89987908""","=""""","=""0.00000009""","=""0.0016668""","=""0.995""","=""                                                        ""","=""L18702,L16199"""
"=""""","=""""","=""5""","=""""","=""4.90049717""","=""""","=""0.00000005""","=""0.0006181""","=""1.175""","=""                                                        ""","=""L18702,u39"""
"=""""","=""*""","=""4""","=""""","=""4.90507300""","=""""","=""0.00000012""","=""0.0045758""","=""1.125""","=""                                                        ""","=""L18702,L3552"""
"=""5f.6d2.7p ""","=""5K""","=""7""","=""""","=""4.90975308""","=""""","=""0.00000007""","=""0.0046801""","=""1.110""","=""                                                        ""","=""L18702,u39"""
"=""""","=""*""","=""3""","=""""","=""4.91120292""","=""""","=""0.00000010""","=""0.0014498""","=""1.265""","=""                                                        ""","=""L18702,L17451"""
"=""""","=""*""","=""2""","=""""","=""4.91474730""","=""""","=""0.00000014""","=""0.0035444""","=""""","=""                                                        ""","=""L18702"""
"=""""","=""""","=""2""","=""""","=""4.91974984""","=""""","=""0.00000020""","=""0.0050025""","=""0.995""","=""                                                        ""","=""L18702,L16199"""
"=""""","=""""","=""2""","=""""","=""4.93508501""","=""""","=""0.00000011""","=""0.0153352""","=""0.990""","=""                                                        ""","=""L18702,L16199"""
"=""""","=""""","=""3""","=""""","=""4.93923863""","=""""","=""0.00000014""","=""0.0041536""","=""0.955""","=""                                                        ""","=""L18702,L16199"""
"=""""","=""*""","=""5""","=""""","=""4.94369350""","=""""","=""0.00000009""","=""0.0044549""","=""1.085""","=""                                                        ""","=""L18702,L3552"""
"=""""","=""*""","=""2""","=""""","=""4.94545842""","=""""","=""0.00000009""","=""0.0017649""","=""""","=""                                                        ""","=""L18702"""
"=""""","=""*""","=""4""","=""""","=""4.94783092""","=""""","=""0.00000010""","=""0.0023725""","=""1.105""","=""                                                        ""","=""L18702,L3552"""
"=""""","=""""","=""2""","=""""","=""4.95498248""","=""""","=""0.00000017""","=""0.0071516""","=""""","=""                                                        ""","=""L18702"""
"=""""","=""*""","=""3""","=""""","=""4.95759711""","=""""","=""0.00000012""","=""0.0026146""","=""""","=""                                                        ""","=""L18702,L3552"""
"=""""","=""""","=""6""","=""""","=""4.95904719""","=""""","=""0.00000006""","=""0.0014501""","=""""","=""                                                        ""","=""L18702"""
"=""""","=""""","=""3 or 4""","=""""","=""4.95907231""","=""""","=""0.00000015""","=""0.0000251""","=""""","=""                                                        ""","=""L18702"""
"=""""","=""""","=""2""","=""""","=""4.96246519""","=""""","=""0.00000007""","=""0.0033929""","=""""","=""                                                        ""","=""L18702"""
"=""""","=""*""","=""3""","=""""","=""4.96274432""","=""""","=""0.00000009""","=""0.0002791""","=""""","=""                                                        ""","=""L18702"""
"=""""","=""""","=""4""","=""""","=""4.96587318""","=""""","=""0.00000011""","=""0.0031289""","=""0.945""","=""                                                        ""","=""L18702,L3552"""
"=""""","=""""","=""5""","=""""","=""4.96852940""","=""""","=""0.00000007""","=""0.0026562""","=""1.050""","=""                                                        ""","=""L18702,L16199"""
"=""""","=""""","=""3""","=""""","=""4.96987267""","=""""","=""0.00000012""","=""0.0013433""","=""""","=""                                                        ""","=""L18702"""
"=""""","=""*""","=""2""","=""""","=""4.97129876""","=""""","=""0.00000006""","=""0.0014261""","=""1.215""","=""                                                        ""","=""L18702,L3552"""
"=""""","=""*""","=""3""","=""""","=""4.97178179""","=""""","=""0.00000011""","=""0.0004830""","=""""","=""                                                        ""","=""L18702"""
"=""""","=""""","=""2""","=""""","=""4.98232201""","=""""","=""0.00000024""","=""0.0105402""","=""""","=""                                                        ""","=""L18702"""
"=""""","=""""","=""3""","=""""","=""4.98421736""","=""""","=""0.00000014""","=""0.0018953""","=""1.025""","=""                                                        ""","=""L18702,L16199"""
"=""""","=""""","=""5""","=""""","=""4.98875689""","=""""","=""0.00000007""","=""0.0045395""","=""0.870""","=""                                                        ""","=""L18702,u39"""
"=""""","=""*""","=""3""","=""""","=""4.99097969""","=""""","=""0.00000009""","=""0.0022228""","=""""","=""                                                        ""","=""L18702,L3552"""
"=""""","=""""","=""4""","=""""","=""4.99134029""","=""""","=""0.00000014""","=""0.0003606""","=""1.075""","=""                                                        ""","=""L18702,u39"""
"=""""","=""*""","=""4""","=""""","=""4.99285862""","=""""","=""0.00000010""","=""0.0015183""","=""1.105""","=""                                                        ""","=""L18702,L3552"""
"=""""","=""""","=""3""","=""""","=""4.99420581""","=""""","=""0.00000010""","=""0.0013472""","=""""","=""                                                        ""","=""L18702"""
"=""""","=""""","=""7""","=""""","=""4.99422658""","=""""","=""0.00000006""","=""0.0000208""","=""1.170""","=""                                                        ""","=""L18702,u39"""
"=""""","=""*""","=""4""","=""""","=""4.99657202""","=""""","=""0.00000007""","=""0.00234544""","=""""","=""                                                        ""","=""L18702"""
"=""""","=""""","=""4""","=""""","=""4.99851229""","=""""","=""0.00000012""","=""0.0019403""","=""1.095""","=""                                                        ""","=""L18702,u39"""
"=""""","=""""","=""3""","=""""","=""5.00283493""","=""""","=""0.00000015""","=""0.0043226""","=""""","=""                                                        ""","=""L18702"""
"=""""","=""""","=""2""","=""""","=""5.0090136""","=""""","=""0.0000003""","=""0.0061787""","=""1.265""","=""                                                        ""","=""L18702,L16199"""
"=""""","=""*""","=""4""","=""""","=""5.01208339""","=""""","=""0.00000014""","=""0.0030698""","=""1.110""","=""                                                        ""","=""L18702,L3552"""
"=""""","=""""","=""4""","=""""","=""5.01227653""","=""""","=""0.00000010""","=""0.0001931""","=""1.005""","=""                                                        ""","=""L18702,L16199"""
"=""""","=""""","=""5""","=""""","=""5.01922135""","=""""","=""0.00000007""","=""0.0069448""","=""1.125""","=""                                                        ""","=""L18702,u39"""
"=""""","=""*""","=""3""","=""""","=""5.02028631""","=""""","=""0.00000006""","=""0.00106496""","=""""","=""                                                        ""","=""L18702"""
"=""""","=""""","=""3""","=""""","=""5.02052586""","=""""","=""0.00000006""","=""0.00023955""","=""1.075""","=""                                                        ""","=""L18702,L16199"""
"=""""","=""*""","=""1""","=""""","=""5.02197011""","=""""","=""0.00000017""","=""0.0014442""","=""1.155""","=""                                                        ""","=""L18702,u39"""
"=""""","=""""","=""3""","=""""","=""5.03092449""","=""""","=""0.00000005""","=""0.0089544""","=""""","=""                                                        ""","=""L18702"""
"=""""","=""""","=""2""","=""""","=""5.03095824""","=""""","=""0.00000007""","=""0.00003375""","=""""","=""                                                        ""","=""L18702"""
"=""""","=""""","=""5""","=""""","=""5.03162394""","=""""","=""0.00000009""","=""0.0006657""","=""1.080?""","=""                                                        ""","=""L18702,L3552"""
"=""""","=""""","=""2""","=""""","=""5.0352058""","=""""","=""0.0000003""","=""0.0035819""","=""1.000""","=""                                                        ""","=""L18702,L16199"""
"=""""","=""""","=""6""","=""""","=""5.03841698""","=""""","=""0.00000007""","=""0.0032112""","=""""","=""                                                        ""","=""L18702"""
"=""""","=""""","=""4""","=""""","=""5.03977119""","=""""","=""0.00000006""","=""0.00135421""","=""""","=""                                                        ""","=""L18702,L5951"""
"=""""","=""""","=""2 or 3""","=""""","=""5.04583596""","=""""","=""0.00000016""","=""0.0060648""","=""""","=""                                                        ""","=""L18702"""
"=""""","=""""","=""4""","=""""","=""5.04632363""","=""""","=""0.00000014""","=""0.0004877""","=""1.065""","=""                                                        ""","=""L18702,L16199"""
"=""""","=""*""","=""5""","=""""","=""5.04920788""","=""""","=""0.00000010""","=""0.0028843""","=""1.064""","=""                                                        ""","=""L18702,u39"""
"=""""","=""*""","=""4""","=""""","=""5.05564158""","=""""","=""0.00000009""","=""0.0064337""","=""1.170""","=""                                                        ""","=""L18702,L3552"""
"=""""","=""""","=""5""","=""""","=""5.05723862""","=""""","=""0.00000007""","=""0.0015970""","=""""","=""                                                        ""","=""L18702"""
"=""""","=""*""","=""5""","=""""","=""5.06114204""","=""""","=""0.00000010""","=""0.0039034""","=""1.095""","=""                                                        ""","=""L18702,u39"""
"=""""","=""""","=""4""","=""""","=""5.06612632""","=""""","=""0.00000011""","=""0.0049843""","=""""","=""                                                        ""","=""L18702,L5951"""
"=""""","=""""","=""2""","=""""","=""5.06934167""","=""""","=""0.00000016""","=""0.0032153""","=""1.230?""","=""                                                        ""","=""L18702,u39"""
"=""""","=""""","=""3""","=""""","=""5.07123081""","=""""","=""0.00000016""","=""0.0018891""","=""0.995""","=""                                                        ""","=""L18702,u39"""
"=""""","=""""","=""5""","=""""","=""5.07156937""","=""""","=""0.00000011""","=""0.0003386""","=""""","=""                                                        ""","=""L18702,L5951"""
"=""""","=""*""","=""3 or 4""","=""""","=""5.07516899""","=""""","=""0.00000005""","=""0.0035996""","=""""","=""                                                        ""","=""L18702"""
"=""""","=""""","=""3""","=""""","=""5.07703265""","=""""","=""0.00000006""","=""0.00186366""","=""""","=""                                                        ""","=""L18702,L5951"""
"=""""","=""""","=""2""","=""""","=""5.07834837""","=""""","=""0.00000020""","=""0.0013157""","=""""","=""                                                        ""","=""L18702,L5951"""
"=""""","=""*""","=""3""","=""""","=""5.08095949""","=""""","=""0.00000006""","=""0.0026111""","=""""","=""                                                        ""","=""L18702,L16199"""
"=""""","=""*""","=""1""","=""""","=""5.0832177""","=""""","=""0.0000003""","=""0.0022582""","=""1.100""","=""                                                        ""","=""L18702,u39"""
"=""""","=""""","=""3""","=""""","=""5.08460762""","=""""","=""0.00000014""","=""0.0013899""","=""""","=""                                                        ""","=""L18702"""
"=""""","=""*""","=""2""","=""""","=""5.08721069""","=""""","=""0.00000019""","=""0.0026031""","=""1.285""","=""                                                        ""","=""L18702,u39"""
"=""""","=""""","=""2""","=""""","=""5.08829544""","=""""","=""0.00000016""","=""0.0010847""","=""""","=""                                                        ""","=""L18702"""
"=""""","=""*""","=""4""","=""""","=""5.08843974""","=""""","=""0.00000010""","=""0.0001443""","=""""","=""                                                        ""","=""L18702"""
"=""""","=""*""","=""4""","=""""","=""5.10007892""","=""""","=""0.00000015""","=""0.0116392""","=""1.055""","=""                                                        ""","=""L18702,L3552"""
"=""""","=""""","=""2""","=""""","=""5.10069986""","=""""","=""0.00000016""","=""0.0006209""","=""""","=""                                                        ""","=""L18702,L16199"""
"=""""","=""""","=""5""","=""""","=""5.10465933""","=""""","=""0.00000014""","=""0.0039595""","=""1.100""","=""                                                        ""","=""L18702,u39"""
"=""""","=""*""","=""2""","=""""","=""5.1081961""","=""""","=""0.0000004""","=""0.0035368""","=""1.340""","=""                                                        ""","=""L18702,L3552"""
"=""""","=""""","=""5""","=""""","=""5.10994598""","=""""","=""0.00000009""","=""0.0017499""","=""""","=""                                                        ""","=""L18702,u39"""
"=""""","=""""","=""4""","=""""","=""5.11198913""","=""""","=""0.00000012""","=""0.0020432""","=""1.050""","=""                                                        ""","=""L18702,L16199"""
"=""""","=""""","=""3""","=""""","=""5.11874166""","=""""","=""0.00000019""","=""0.0067525""","=""""","=""                                                        ""","=""L18702"""
"=""""","=""""","=""5""","=""""","=""5.12751162""","=""""","=""0.00000010""","=""0.0087700""","=""1.050""","=""                                                        ""","=""L18702,L16199"""
"=""""","=""*""","=""4""","=""""","=""5.12812333""","=""""","=""0.00000007""","=""0.0006117""","=""""","=""                                                        ""","=""L18702"""
"=""5f.6d2.7p ""","=""5H""","=""3""","=""""","=""5.12816222""","=""""","=""0.00000020""","=""0.0000389""","=""0.910""","=""                                                        ""","=""L18702,u39"""
"=""""","=""*""","=""2""","=""""","=""5.13331963""","=""""","=""0.00000006""","=""0.0051574""","=""""","=""                                                        ""","=""L18702"""
"=""""","=""*""","=""1""","=""""","=""5.1401930""","=""""","=""0.0000003""","=""0.0068734""","=""1.385""","=""                                                        ""","=""L18702,u39"""
"=""""","=""""","=""3""","=""""","=""5.14542080""","=""""","=""0.00000009""","=""0.0052278""","=""""","=""                                                        ""","=""L18702"""
"=""""","=""*""","=""2""","=""""","=""5.14897958""","=""""","=""0.00000014""","=""0.0035588""","=""""","=""                                                        ""","=""L18702"""
"=""""","=""""","=""6""","=""""","=""5.15136777""","=""""","=""0.00000005""","=""0.0023882""","=""""","=""                                                        ""","=""L18702"""
"=""""","=""""","=""3""","=""""","=""5.15251472""","=""""","=""0.00000014""","=""0.0011469""","=""""","=""                                                        ""","=""L18702"""
"=""""","=""""","=""2""","=""""","=""5.15506456""","=""""","=""0.00000019""","=""0.0025498""","=""0.865""","=""                                                        ""","=""L18702,L16199"""
"=""""","=""*""","=""2""","=""""","=""5.15595087""","=""""","=""0.00000017""","=""0.0008863""","=""""","=""                                                        ""","=""L18702"""
"=""""","=""""","=""2""","=""""","=""5.16140002""","=""""","=""0.00000014""","=""0.0054492""","=""0.930""","=""                                                        ""","=""L18702,u39"""
"=""""","=""""","=""3""","=""""","=""5.16410526""","=""""","=""0.00000014""","=""0.0027052""","=""1.070""","=""                                                        ""","=""L18702,u39"""
"=""""","=""""","=""3""","=""""","=""5.16849060""","=""""","=""0.00000012""","=""0.0043853""","=""1.115""","=""                                                        ""","=""L18702,L16199"""
"=""""","=""""","=""1""","=""""","=""5.1703551""","=""""","=""0.0000004""","=""0.0018645""","=""0.855""","=""                                                        ""","=""L18702,u39"""
"=""""","=""""","=""5""","=""""","=""5.17173463""","=""""","=""0.00000012""","=""0.0013795""","=""1.100""","=""                                                        ""","=""L18702,L16199"""
"=""""","=""*""","=""2""","=""""","=""5.17269076""","=""""","=""0.00000024""","=""0.0009561""","=""1.145""","=""                                                        ""","=""L18702,L3552"""
"=""""","=""*""","=""4""","=""""","=""5.17577544""","=""""","=""0.00000007""","=""0.0030847""","=""""","=""                                                        ""","=""L18702"""
"=""""","=""""","=""4""","=""""","=""5.17706807""","=""""","=""0.00000012""","=""0.0012926""","=""1.090""","=""                                                        ""","=""L18702,L16199"""
"=""""","=""*""","=""5""","=""""","=""5.17817554""","=""""","=""0.00000017""","=""0.0011075""","=""1.105""","=""                                                        ""","=""L18702,u39"""
"=""""","=""""","=""2""","=""""","=""5.18369680""","=""""","=""0.00000019""","=""0.0055213""","=""1.035""","=""                                                        ""","=""L18702,u39"""
"=""""","=""""","=""6""","=""""","=""5.18765792""","=""""","=""0.00000009""","=""0.0039611""","=""1.170""","=""                                                        ""","=""L18702,u39"""
"=""""","=""*""","=""3""","=""""","=""5.19327778""","=""""","=""0.00000011""","=""0.0056199""","=""1.130""","=""                                                        ""","=""L18702,u39"""
"=""""","=""""","=""3""","=""""","=""5.19598780""","=""""","=""0.00000017""","=""0.0027100""","=""0.965""","=""                                                        ""","=""L18702,L16199"""
"=""""","=""""","=""5""","=""""","=""5.19981554""","=""""","=""0.00000006""","=""0.0038277""","=""""","=""                                                        ""","=""L18702"""
"=""""","=""""","=""4""","=""""","=""5.19997862""","=""""","=""0.00000016""","=""0.0001631""","=""""","=""                                                        ""","=""L18702"""
"=""""","=""""","=""5""","=""""","=""5.20018034""","=""""","=""0.00000011""","=""0.0002017""","=""""","=""                                                        ""","=""L18702,L5951"""
"=""""","=""""","=""4""","=""""","=""5.20570783""","=""""","=""0.00000015""","=""0.0055275""","=""1.120""","=""                                                        ""","=""L18702,L16199"""
"=""""","=""*""","=""3""","=""""","=""5.20776573""","=""""","=""0.00000015""","=""0.0020579""","=""""","=""                                                        ""","=""L18702"""
"=""6d4""","=""1D""","=""2""","=""""","=""5.2107304""","=""""","=""0.0000004""","=""0.0029647""","=""1.020""","=""                                                        ""","=""L18702,u39"""
"=""""","=""""","=""3""","=""""","=""5.21926288""","=""""","=""0.00000019""","=""0.0085325""","=""""","=""                                                        ""","=""L18702"""
"=""""","=""""","=""4""","=""""","=""5.23568429""","=""""","=""0.00000015""","=""0.0164214""","=""""","=""                                                        ""","=""L18702"""
"=""""","=""*""","=""3""","=""""","=""5.23682636""","=""""","=""0.00000010""","=""0.0011421""","=""""","=""                                                        ""","=""L18702"""
"=""""","=""*""","=""4""","=""""","=""5.24027231""","=""""","=""0.00000015""","=""0.0034459""","=""""","=""                                                        ""","=""L18702"""
"=""""","=""""","=""3""","=""""","=""5.24285184""","=""""","=""0.00000011""","=""0.0025795""","=""0.940""","=""                                                        ""","=""L18702,L16199"""
"=""""","=""""","=""4""","=""""","=""5.25229845""","=""""","=""0.00000010""","=""0.0094466""","=""""","=""                                                        ""","=""L18702"""
"=""""","=""""","=""6""","=""""","=""5.25271480""","=""""","=""0.00000007""","=""0.0004164""","=""""","=""                                                        ""","=""L18702"""
"=""""","=""""","=""5""","=""""","=""5.25646858""","=""""","=""0.00000017""","=""0.0037538""","=""""","=""                                                        ""","=""L18702"""
"=""""","=""""","=""4""","=""""","=""5.25982366""","=""""","=""0.00000011""","=""0.0033551""","=""0.975""","=""                                                        ""","=""L18702,L16199"""
"=""""","=""*""","=""2""","=""""","=""5.28341456""","=""""","=""0.00000017""","=""0.0235909""","=""""","=""                                                        ""","=""L18702"""
"=""""","=""*""","=""1""","=""""","=""5.28471759""","=""""","=""0.00000009""","=""0.0013030""","=""1.295""","=""                                                        ""","=""L18702,L3552"""
"=""""","=""""","=""5""","=""""","=""5.28617796""","=""""","=""0.00000011""","=""0.0014604""","=""1.170?""","=""                                                        ""","=""L18702,L16199"""
"=""""","=""""","=""3""","=""""","=""5.28808780""","=""""","=""0.00000016""","=""0.0019098""","=""""","=""                                                        ""","=""L18702"""
"=""""","=""*""","=""5""","=""""","=""5.29524907""","=""""","=""0.00000020""","=""0.0071613""","=""1.110""","=""                                                        ""","=""L18702,u39"""
"=""""","=""""","=""5""","=""""","=""5.30163937""","=""""","=""0.00000006""","=""0.0063903""","=""""","=""                                                        ""","=""L18702"""
"=""""","=""""","=""6""","=""""","=""5.30330829""","=""""","=""0.00000014""","=""0.0016689""","=""""","=""                                                        ""","=""L18702"""
"=""""","=""""","=""4 or 5""","=""""","=""5.30958237""","=""""","=""0.00000015""","=""0.0062741""","=""""","=""                                                        ""","=""L18702"""
"=""""","=""""","=""3""","=""""","=""5.31142817""","=""""","=""0.00000015""","=""0.0018458""","=""""","=""                                                        ""","=""L18702"""
"=""""","=""""","=""4 or 5""","=""""","=""5.31726661""","=""""","=""0.00000015""","=""0.0058384""","=""""","=""                                                        ""","=""L18702"""
"=""""","=""""","=""4""","=""""","=""5.31789128""","=""""","=""0.00000016""","=""0.0006247""","=""""","=""                                                        ""","=""L18702"""
"=""""","=""*""","=""3""","=""""","=""5.31907738""","=""""","=""0.00000010""","=""0.0011861""","=""""","=""                                                        ""","=""L18702"""
"=""""","=""""","=""6""","=""""","=""5.33046331""","=""""","=""0.00000009""","=""0.0113859""","=""""","=""                                                        ""","=""L18702"""
"=""""","=""""","=""4""","=""""","=""5.33965213""","=""""","=""0.00000007""","=""0.0091888""","=""""","=""                                                        ""","=""L18702"""
"=""""","=""""","=""4""","=""""","=""5.34253270""","=""""","=""0.00000014""","=""0.0028806""","=""""","=""                                                        ""","=""L18702"""
"=""""","=""""","=""5""","=""""","=""5.35062066""","=""""","=""0.00000011""","=""0.0080880""","=""""","=""                                                        ""","=""L18702"""
"=""""","=""""","=""5""","=""""","=""5.35375630""","=""""","=""0.00000019""","=""0.0031356""","=""1.115""","=""                                                        ""","=""L18702,u39"""
"=""""","=""""","=""6""","=""""","=""5.36077031""","=""""","=""0.00000017""","=""0.0070140""","=""""","=""                                                        ""","=""L18702"""
"=""""","=""""","=""4""","=""""","=""5.38143037""","=""""","=""0.00000021""","=""0.0206601""","=""""","=""                                                        ""","=""L18702"""
"=""""","=""""","=""5""","=""""","=""5.39047146""","=""""","=""0.00000020""","=""0.0090411""","=""1.080""","=""                                                        ""","=""L18702,u39"""
"=""""","=""*""","=""4""","=""""","=""5.39176060""","=""""","=""0.00000021""","=""0.0012891""","=""""","=""                                                        ""","=""L18702"""
"=""""","=""""","=""6 or 7""","=""""","=""5.41881484""","=""""","=""0.00000011""","=""0.0270542""","=""""","=""                                                        ""","=""L18702"""
"=""""","=""""","=""6 or 7""","=""""","=""5.42269451""","=""""","=""0.00000007""","=""0.0038797""","=""""","=""                                                        ""","=""L18702"""
"=""""","=""""","=""5""","=""""","=""5.43762132""","=""""","=""0.00000024""","=""0.0149268""","=""1.055""","=""                                                        ""","=""L18702,L16199"""
"=""""","=""""","=""6""","=""""","=""5.44752312""","=""""","=""0.00000015""","=""0.0099018""","=""1.155""","=""                                                        ""","=""L18702,L16199"""
"=""""","=""""","=""7""","=""""","=""5.45176645""","=""""","=""0.00000007""","=""0.0042433""","=""""","=""                                                        ""","=""L18702"""
"=""""","=""""","=""4""","=""""","=""5.45973529""","=""""","=""0.00000020""","=""0.0079688""","=""""","=""                                                        ""","=""L18702"""
"=""""","=""*""","=""6""","=""""","=""5.47335169""","=""""","=""0.00000020""","=""0.0136164""","=""1.20""","=""                                                        ""","=""L18702,u39"""
"=""""","=""*""","=""2""","=""""","=""5.47434489""","=""""","=""0.00000006""","=""0.0009932""","=""""","=""                                                        ""","=""L18702"""
"=""""","=""""","=""5""","=""""","=""5.50230425""","=""""","=""0.00000020""","=""0.0279594""","=""""","=""                                                        ""","=""L18702"""
"=""""","=""""","=""6 or 7""","=""""","=""5.50513710""","=""""","=""0.00000012""","=""0.0028328""","=""""","=""                                                        ""","=""L18702"""
"=""""","=""""","=""6""","=""""","=""5.50958716""","=""""","=""0.00000014""","=""0.0044501""","=""1.125""","=""                                                        ""","=""L18702,L16199"""
"=""""","=""""","=""5""","=""""","=""5.51225648""","=""""","=""0.00000020""","=""0.0026693""","=""1.155""","=""                                                        ""","=""L18702,u39"""
"=""""","=""""","=""6 or 7""","=""""","=""5.53754085""","=""""","=""0.00000012""","=""0.0252844""","=""""","=""                                                        ""","=""L18702"""
"=""""","=""""","=""6""","=""""","=""5.54297664""","=""""","=""0.00000017""","=""0.0054358""","=""""","=""                                                        ""","=""L18702"""
"=""""","=""""","=""6 or 7""","=""""","=""5.55046481""","=""""","=""0.00000011""","=""0.0074882""","=""""","=""                                                        ""","=""L18702"""
"=""""","=""""","=""5 or 6""","=""""","=""5.55744937""","=""""","=""0.00000017""","=""0.0069846""","=""""","=""                                                        ""","=""L18702"""
"=""""","=""""","=""4""","=""""","=""5.55915820""","=""""","=""0.00000025""","=""0.0017088""","=""1.095""","=""                                                        ""","=""L18702,u39"""
"=""""","=""""","=""6""","=""""","=""5.56175801""","=""""","=""0.00000011""","=""0.0025998""","=""""","=""                                                        ""","=""L18702"""
"=""""","=""""","=""6 or 7""","=""""","=""5.59821437""","=""""","=""0.00000011""","=""0.0364564""","=""""","=""                                                        ""","=""L18702"""
"=""""","=""""","=""6""","=""""","=""5.60148086""","=""""","=""0.00000014""","=""0.0032665""","=""""","=""                                                        ""","=""L18702"""
"=""""","=""""","=""6 or 7""","=""""","=""5.64149970""","=""""","=""0.00000021""","=""0.0400188""","=""""","=""                                                        ""","=""L18702"""
"=""""","=""*""","=""5""","=""""","=""5.7075721""","=""""","=""0.0000003""","=""0.0660724""","=""1.13""","=""                                                        ""","=""L18702,u39"""
"=""""","=""""","=""5""","=""""","=""5.8079510""","=""""","=""0.0000004""","=""0.1003789""","=""1.080""","=""                                                        ""","=""L18702,L16199"""
"=""""","=""""","=""7""","=""""","=""5.86311619""","=""""","=""0.00000014""","=""0.0551652""","=""""","=""                                                        ""","=""L18702"""
"=""""","=""""","=""7""","=""""","=""5.98745630""","=""""","=""0.00000017""","=""0.1243401""","=""""","=""                                                        ""","=""L18702"""
"=""Th II (6d.7s2 2D<3/2>)""","=""Limit""","=""---""","=""""","=""6.30670""","=""""","=""0.00025""","=""""","=""""","=""                                                        ""","=""L15992"""
