Configuration,Term,J,Prefix,Level (eV),Suffix,Uncertainty (eV),Splitting,Lande,Leading percentages,Reference
"=""4f13.(2F*).6s2""","=""2F*""","=""7/2""","=""""","=""0.0000000""","=""""","=""0""","=""""","=""1.14119""","=""                                                                                     ""","=""L3974"""
"=""4f13.(2F*).6s2""","=""2F*""","=""5/2""","=""""","=""1.0874955""","=""""","=""""","=""1.0874955""","=""0.855""","=""                                                                                     ""","="""""
"=""4f12.(3H<6>).5d<3/2>.6s2""","=""(6,3/2)""","=""9/2""","=""""","=""1.6266243""","=""""","=""""","=""0.539129""","=""1.305""","=""  86                 :     8                                 (3H<6>) (6,5/2)         ""","="""""
"=""4f12.(3H<6>).5d<3/2>.6s2""","=""(6,3/2)""","=""15/2""","=""""","=""1.8933629""","=""""","=""""","=""0.266739""","=""1.08""","=""  96                 :     2                                 (3H<6>) (6,5/2)         ""","="""""
"=""4f12.(3H<6>).5d<3/2>.6s2""","=""(6,3/2)""","=""11/2""","=""""","=""1.9326423""","=""""","=""""","=""0.039279""","=""1.255""","=""  76                 :    20                                 (3H<6>) (6,5/2)         ""","="""""
"=""4f12.(3H<6>).5d<3/2>.6s2""","=""(6,3/2)""","=""13/2""","=""""","=""2.1641216""","=""""","=""""","=""0.231479""","=""1.15""","=""  95                 :     2                                 (3F<4>) (4,5/2)         ""","="""""
"=""4f12.(3H<6>).5d<5/2>.6s2""","=""(6,5/2)""","=""17/2""","=""""","=""2.0403972""","=""""","=""""","=""-0.123724""","=""1.175""","=""  99                                                                                 ""","="""""
"=""4f12.(3H<6>).5d<5/2>.6s2""","=""(6,5/2)""","=""7/2""","=""""","=""2.1024008""","=""""","=""""","=""0.062004""","=""1.1722""","=""  70                 :     7                                 (3F<4>) (4,3/2)         ""","="""""
"=""4f12.(3H<6>).5d<5/2>.6s2""","=""(6,5/2)""","=""15/2""","=""""","=""2.3176458""","=""""","=""""","=""0.215245""","=""1.18""","=""  97                 :     2                                 (3H<6>) (6,3/2)         ""","="""""
"=""4f12.(3H<6>).5d<5/2>.6s2""","=""(6,5/2)""","=""9/2""","=""""","=""2.3355381""","=""""","=""""","=""0.017892""","=""1.1318""","=""  76                 :     6                                 (3H<6>) (6,3/2)         ""","="""""
"=""4f12.(3H<6>).5d<5/2>.6s2""","=""(6,5/2)""","=""11/2""","=""""","=""2.3375761""","=""""","=""""","=""0.002038""","=""1.15""","=""  48                 :    32  4f13.(2F*<7/2>).6s.6p.(3P*<2>)                         ""","="""""
"=""4f12.(3H<6>).5d<5/2>.6s2""","=""(6,5/2)""","=""13/2""","=""""","=""2.4135586""","=""""","=""""","=""0.075982""","=""1.15""","=""  85                 :     9                                 (3F<4>) (4,5/2)         ""","="""""
"=""4f13.(2F*<7/2>).6s.6p.(3P*<0>)""","=""(7/2,0)""","=""7/2""","=""""","=""2.0757728""","=""""","=""""","=""-0.337786""","=""1.325""","=""  78                 :    17                                 (2F*<7/2>)(3P*<1>)      ""","="""""
"=""4f13.(2F*<7/2>).6s.6p.(3P*<1>)""","=""(7/2,1)""","=""7/2""","=""""","=""2.1503043""","=""""","=""""","=""0.074531""","=""1.02153""","=""  77                 :    16                                 (2F*<7/2>)(3P*<0>)      ""","="""""
"=""4f13.(2F*<7/2>).6s.6p.(3P*<1>)""","=""(7/2,1)""","=""9/2""","=""""","=""2.1838154""","=""""","=""""","=""0.033511""","=""1.18598""","=""  94                 :     3                                 (2F*<7/2>)(3P*<2>)      ""","="""""
"=""4f13.(2F*<7/2>).6s.6p.(3P*<1>)""","=""(7/2,1)""","=""5/2""","=""""","=""2.2010461""","=""""","=""""","=""0.017231""","=""1.186""","=""  88                 :     9                                 (2F*<7/2>)(3P*<2>)      ""","="""""
"=""4f13.(2F*<7/2>).6s.6p.(3P*<2>)""","=""(7/2,2)""","=""11/2""","=""""","=""2.3545103""","=""""","=""""","=""0.153464""","=""1.215""","=""  68                 :    21  4f12.(3H<6>).5d<5/2>.6s2                               ""","="""""
"=""4f13.(2F*<7/2>).6s.6p.(3P*<2>)""","=""(7/2,2)""","=""3/2""","=""""","=""2.3720961""","=""""","=""""","=""0.017586""","=""0.88""","=""  99                                                                                 ""","="""""
"=""4f13.(2F*<7/2>).6s.6p.(3P*<2>)""","=""(7/2,2)""","=""5/2""","=""""","=""2.4237465""","=""""","=""""","=""0.051650""","=""0.983""","=""  90                 :     9                                 (2F*<7/2>)(3P*<1>)      ""","="""""
"=""4f13.(2F*<7/2>).6s.6p.(3P*<2>)""","=""(7/2,2)""","=""9/2""","=""""","=""2.4485073""","=""""","=""""","=""0.024761""","=""1.29""","=""  97                 :     3                                 (2F*<7/2>)(3P*<1>)      ""","="""""
"=""4f13.(2F*<7/2>).6s.6p.(3P*<2>)""","=""(7/2,2)""","=""7/2""","=""""","=""2.4491628""","=""""","=""""","=""0.000655""","=""1.1839""","=""  95                 :     2                                 (2F*<7/2>)(3P*<0>)      ""","="""""
"=""4f13.(2F*<7/2>).5d.6s.(3D)""","=""3[3/2]*""","=""5/2""","=""""","=""2.5301257""","=""""","=""""","=""0.080963""","=""1.58""","=""  97                 :     1                                 (2F*<7/2>)(3D) 3[5/2]*  ""","="""""
"=""4f13.(2F*<7/2>).5d.6s.(3D)""","=""3[3/2]*""","=""3/2""","=""""","=""2.7027787""","=""""","=""""","=""0.172653""","=""1.45""","=""  72                 :    22                                 (2F*<7/2>)(1D) 1[3/2]*  ""","="""""
"=""4f13.(2F*<7/2>).5d.6s.(3D)""","=""3[3/2]*""","=""1/2""","=""""","=""2.995536""","=""""","=""""","=""0.292757""","=""1.010""","=""  93                 :     4                                 (2F*<5/2>)(1D) 1[1/2]*  ""","="""""
"=""4f12.(3F<4>).5d<3/2>.6s2""","=""(4,3/2)""","=""7/2""","=""""","=""2.6186499""","=""""","=""""","=""-0.376886""","=""1.17372""","=""  54                 :    21                                 (1G<4>) (4,3/2)         ""","="""""
"=""4f12.(3F<4>).5d<3/2>.6s2""","=""(4,3/2)""","=""5/2""","=""""","=""2.6236793""","=""""","=""""","=""0.005029""","=""1.14""","=""  49                 :    29                                 (1G<4>) (4,3/2)         ""","="""""
"=""4f12.(3F<4>).5d<3/2>.6s2""","=""(4,3/2)""","=""9/2""","=""""","=""2.6951295""","=""""","=""""","=""0.071450""","=""1.1210""","=""  61                 :    25                                 (1G<4>) (4,3/2)         ""","="""""
"=""4f12.(3F<4>).5d<3/2>.6s2""","=""(4,3/2)""","=""11/2""","=""""","=""2.7273391""","=""""","=""""","=""0.032210""","=""1.06""","=""  40                 :    26                                 (1G<4>) (4,3/2)         ""","="""""
"=""4f13.(2F*<7/2>).5d.6s.(3D)""","=""3[11/2]*""","=""9/2""","=""""","=""2.7796965""","=""""","=""""","=""0.052357""","=""0.934""","=""  98                 :     2                                 (2F*<7/2>)(3D) 3[9/2]*  ""","="""""
"=""4f13.(2F*<7/2>).5d.6s.(3D)""","=""3[11/2]*""","=""11/2""","=""""","=""2.7970218""","=""""","=""""","=""0.017325""","=""1.15""","=""  79                 :    19  4f12.(3H<6>).6s2.6p<1/2>                               ""","="""""
"=""4f13.(2F*<7/2>).5d.6s.(3D)""","=""3[11/2]*""","=""13/2""","=""""","=""2.8197450""","=""""","=""""","=""0.022723""","=""1.198""","=""  90                 :    10  4f12.(3H<6>).6s2.6p<1/2>                               ""","="""""
"=""4f12.(3H<6>).6s2.6p<1/2>""","=""(6,1/2)*""","=""11/2""","=""""","=""2.7856827""","=""""","=""""","=""-0.034062""","=""1.21""","=""  74                 :    18  4f13.(2F*<7/2>).5d.6s.(3D)     3[11/2]*                ""","="""""
"=""4f12.(3H<6>).6s2.6p<1/2>""","=""(6,1/2)*""","=""13/2""","=""""","=""2.8395019""","=""""","=""""","=""0.053819""","=""1.138""","=""  88                 :    10  4f13.(2F*<7/2>).5d.6s.(3D)     3[11/2]*                ""","="""""
"=""4f12.(3H<5>).5d<3/2>.6s2""","=""(5,3/2)""","=""7/2""","=""""","=""2.8257457""","=""""","=""""","=""-0.013756""","=""1.1427""","=""  75                 :     5                                 (3F<4>) (4,5/2)         ""","="""""
"=""4f12.(3H<5>).5d<3/2>.6s2""","=""(5,3/2)""","=""13/2""","=""""","=""2.8980911""","=""""","=""""","=""0.072345""","=""0.98""","=""  87                 :     4                                 (3H<6>) (6,5/2)         ""","="""""
"=""4f12.(3H<5>).5d<3/2>.6s2""","=""(5,3/2)""","=""9/2""","=""""","=""3.0188531""","=""""","=""""","=""0.120762""","=""1.12""","=""  44                 :    28  4f13.(2F*<7/2>).6s.6p.(1P*<1>)                         ""","="""""
"=""4f12.(3H<5>).5d<3/2>.6s2""","=""(5,3/2)""","=""11/2""","=""""","=""3.1601768""","=""""","=""""","=""0.141324""","=""""","=""  91                 :     2                                 (3F<4>) (4,3/2)         ""","="""""
"=""4f12.(3H<5>).5d<5/2>.6s2""","=""""","=""5/2""","=""""","=""2.8429226""","=""""","=""""","=""-0.317254""","=""1.152""","=""  27  (5,5/2)        :    20                                 (3F<4>) (4,5/2)         ""","="""""
"=""4f12.(3F<4>).5d<5/2>.6s2""","=""(4,5/2)""","=""11/2""","=""""","=""2.8900691""","=""""","=""""","=""0.047146""","=""1.11""","=""  56                 :    25                                 (1G<4>) (4,5/2)         ""","="""""
"=""4f12.(3F<4>).5d<5/2>.6s2""","=""(4,5/2)""","=""9/2""","=""""","=""2.9485548""","=""""","=""""","=""0.058486""","=""1.1499""","=""  49                 :    21                                 (1G<4>) (4,5/2)         ""","="""""
"=""4f13.(2F*<7/2>).5d.6s.(3D)""","=""3[5/2]*""","=""7/2""","=""""","=""2.8931850""","=""""","=""""","=""-0.055370""","=""1.362""","=""  79                 :    20                                 (2F*<7/2>)(3D) 3[7/2]*  ""","="""""
"=""4f13.(2F*<7/2>).5d.6s.(3D)""","=""3[5/2]*""","=""5/2""","=""""","=""2.9051784""","=""""","=""""","=""0.011993""","=""1.22""","=""  82                 :    16                                 (2F*<7/2>)(3D) 3[7/2]*  ""","="""""
"=""4f13.(2F*<7/2>).5d.6s.(3D)""","=""3[5/2]*""","=""3/2""","=""""","=""2.9228549""","=""""","=""""","=""0.017676""","=""0.83""","=""  94                 :     5                                 (2F*<7/2>)(3D) 3[3/2]*  ""","="""""
"=""4f12.(3F<4>).5d<5/2>.6s2""","=""""","=""7/2""","=""""","=""2.9599004""","=""""","=""""","=""0.037046""","=""1.135""","=""  37  (4,5/2)        :    22  4f13.(2F*<7/2>).6s.6p.(1P*<1>)                         ""","="""""
"=""4f12.(3F<4>).5d<5/2>.6s2""","=""""","=""3/2""","=""""","=""2.961041""","=""""","=""""","=""0.001141""","=""""","=""  37  (4,5/2)        :    34                                 (1G<4>) (4,5/2)         ""","="""""
"=""4f13.(2F*<7/2>).5d.6s.(3D)""","=""3[7/2]*""","=""9/2""","=""""","=""2.9683145""","=""""","=""""","=""0.007274""","=""1.29""","=""  82                 :    16                                 (2F*<7/2>)(3D) 3[9/2]*  ""","="""""
"=""4f13.(2F*<7/2>).5d.6s.(3D)""","=""3[7/2]*""","=""5/2""","=""""","=""3.0514127""","=""""","=""""","=""0.083098""","=""0.92""","=""  77                 :    16                                 (2F*<7/2>)(3D) 3[5/2]*  ""","="""""
"=""4f13.(2F*<7/2>).5d.6s.(3D)""","=""3[7/2]*""","=""7/2""","=""""","=""3.0634067""","=""""","=""""","=""0.011994""","=""1.08""","=""  49                 :    42                                 (2F*<7/2>)(3D) 3[9/2]*  ""","="""""
"=""4f12.(3F<4>).5d<5/2>.6s2""","=""""","=""13/2""","=""""","=""2.9926309""","=""""","=""""","=""-0.070776""","=""1.128""","=""  43  (4,5/2)        :    28                                 (1G<4>) (4,5/2)         ""","="""""
"=""4f13.(2F*<7/2>).5d.6s.(3D)""","=""3[9/2]*""","=""7/2""","=""""","=""3.0061736""","=""""","=""""","=""0.013543""","=""1.02""","=""  55                 :    31                                 (2F*<7/2>)(3D) 3[7/2]*  ""","="""""
"=""4f13.(2F*<7/2>).5d.6s.(3D)""","=""3[9/2]*""","=""9/2""","=""""","=""3.0625409""","=""""","=""""","=""0.056367""","=""1.145""","=""  75                 :    17                                 (2F*<7/2>)(3D) 3[7/2]*  ""","="""""
"=""4f13.(2F*<7/2>).5d.6s.(3D)""","=""3[9/2]*""","=""11/2""","=""""","=""3.0943318""","=""""","=""""","=""0.031791""","=""1.235""","=""  75                 :    19                                 (2F*<7/2>)(1D) 1[11/2]* ""","="""""
"=""4f13.(2F*<7/2>).6s.6p.(1P*<1>)""","=""(7/2,1)""","=""5/2""","=""""","=""3.0274484""","=""""","=""""","=""-0.066883""","=""1.06""","=""  50                 :    32  4f12.(3H<5>).5d<5/2>.6s2                               ""","="""""
"=""4f12.(3H<5>).5d<5/2>.6s2""","=""(5,5/2)""","=""15/2""","=""""","=""3.1157791""","=""""","=""""","=""0.088331""","=""1.10""","=""  99                                                                                 ""","="""""
"=""4f12.(3H<5>).5d<5/2>.6s2""","=""(5,5/2)""","=""7/2""","=""""","=""3.1885261""","=""""","=""""","=""0.072747""","=""1.02""","=""  70                 :    12  4f13.(2F*<7/2>).6s.6p.(1P*<1>)                         ""","="""""
"=""4f12.(3H<5>).5d<5/2>.6s2""","=""(5,5/2)""","=""9/2""","=""""","=""3.3338266""","=""""","=""""","=""0.145301""","=""1.11""","=""  52                 :    31  4f13.(2F*<7/2>).6s.6p.(1P*<1>)                         ""","="""""
"=""4f12.(3H<5>).5d<5/2>.6s2""","=""(5,5/2)""","=""13/2""","=""""","=""3.394332""","=""""","=""""","=""0.060505""","=""1.12""","=""  92                 :     5                                 (3H<5>) (5,3/2)         ""","="""""
"=""4f12.(3H<5>).5d<5/2>.6s2""","=""(5,5/2)""","=""11/2""","=""""","=""3.408488""","=""""","=""""","=""0.01416""","=""""","=""  88                 :     9                                 (3F<3>) (3,5/2)         ""","="""""
"=""4f13.(2F*<7/2>).5d.6s.(1D)""","=""1[3/2]*""","=""3/2""","=""""","=""3.1253604""","=""""","=""""","=""-0.283128""","=""1.365""","=""  72                 :    16                                 (2F*<7/2>)(3D) 3[3/2]*  ""","="""""
"=""4f13.(2F*<7/2>).5d.6s.(1D)""","=""1[11/2]*""","=""11/2""","=""""","=""3.1641991""","=""""","=""""","=""0.038839""","=""1.10""","=""  78                 :    18                                 (2F*<7/2>)(3D) 3[9/2]*  ""","="""""
"=""4f12.(3H<6>).6s2.6p<3/2>""","=""(6,3/2)*""","=""15/2""","=""""","=""3.1660749""","=""""","=""""","=""0.001876""","=""1.20""","=""  99                 :     1                                 (1I<6>) (6,3/2)*        ""","="""""
"=""4f12.(3H<6>).6s2.6p<3/2>""","=""(6,3/2)*""","=""9/2""","=""""","=""3.1863584""","=""""","=""""","=""0.020284""","=""1.12""","=""  88                 :     5  4f13.(2F*<7/2>).5d.6s.(3D)     3[9/2]*                 ""","="""""
"=""4f12.(3H<6>).6s2.6p<3/2>""","=""(6,3/2)*""","=""13/2""","=""""","=""3.2679428""","=""""","=""""","=""0.081584""","=""1.188""","=""  98                 :     1                                 (1I<6>) (6,3/2)*        ""","="""""
"=""4f12.(3H<6>).6s2.6p<3/2>""","=""(6,3/2)*""","=""11/2""","=""""","=""3.2692664""","=""""","=""""","=""0.001324""","=""1.125""","=""  91                 :     3                                 (3H<6>) (6,1/2)*        ""","="""""
"=""4f13.(2F*<5/2>).6s.6p.(3P*<0>)""","=""(5/2,0)""","=""5/2""","=""""","=""3.1809410""","=""""","=""""","=""-0.088325""","=""0.724""","=""  86                 :     6                                 (2F*<5/2>)(3P*<1>)      ""","="""""
"=""4f13.(2F*<7/2>).6s.6p.(1P*<1>)""","=""""","=""5/2""","=""""","=""3.1919877""","=""""","=""""","=""0.011047""","=""1.09""","=""  28  (7/2,1)        :    11  4f12.(3F<4>).5d<3/2>.6s2                               ""","="""""
"=""4f13.(2F*<5/2>).6s.6p.(3P*<1>)""","=""(5/2,1)""","=""5/2""","=""""","=""3.2393236""","=""""","=""""","=""0.047336""","=""1.10""","=""  87                 :     7  4f13.(2F*<5/2>).6s.6p.(3P*<0>) (3,5/2)                 ""","="""""
"=""4f13.(2F*<5/2>).6s.6p.(3P*<1>)""","=""(5/2,1)""","=""7/2""","=""""","=""3.2780791""","=""""","=""""","=""0.038755""","=""1.000""","=""  92                 :     4  4f13.(2F*<5/2>).6s.6p.(3P*<2>) (3,5/2)                 ""","="""""
"=""4f13.(2F*<5/2>).6s.6p.(3P*<1>)""","=""(5/2,1)""","=""3/2""","=""""","=""3.284180""","=""""","=""""","=""0.006101""","=""0.85""","=""  86                 :    11  4f13.(2F*<5/2>).6s.6p.(3P*<2>) (3,5/2)                 ""","="""""
"=""4f13.(2F*<7/2>).5d.6s.(1D)""","=""1[5/2]*""","=""5/2""","=""""","=""3.2791681""","=""""","=""""","=""-0.005012""","=""1.14""","=""  93                 :     6                                 (2F*<7/2>)(3D) 3[7/2]*  ""","="""""
"=""4f12.(3H<5>).5d<3/2>.6s2""","=""""","=""9/2""","=""""","=""3.3037095""","=""""","=""""","=""0.024541""","=""0.961""","=""  34  (5,3/2)        :    25                                 (3H<5>) (5,5/2)         ""","="""""
"=""4f13.(2F*<7/2>).6s.6p.(1P*<1>)""","=""""","=""7/2""","=""""","=""3.3105424""","=""""","=""""","=""0.006833""","=""1.076""","=""  39  (7/2,1)        :    13  4f12.(3H<4>).5d<3/2>.6s2                               ""","="""""
"=""4f13.(2F*<7/2>).5d.6s.(1D)""","=""1[7/2]*""","=""7/2""","=""""","=""3.3522188""","=""""","=""""","=""0.041676""","=""1.11""","=""  97                 :     1                                 (2F*<7/2>)(3D) 3[5/2]*  ""","="""""
"=""4f13.(2F*<5/2>).6s.6p.(3P*<2>)""","=""(5/2,2)""","=""1/2""","=""""","=""3.386574""","=""""","=""""","=""0.034355""","=""-0.015""","="" 100                                                                                 ""","="""""
"=""4f13.(2F*<5/2>).6s.6p.(3P*<2>)""","=""(5/2,2)""","=""9/2""","=""""","=""3.474534""","=""""","=""""","=""0.08796""","=""1.15""","=""  99                                                                                 ""","="""""
"=""4f13.(2F*<5/2>).6s.6p.(3P*<2>)""","=""(5/2,2)""","=""3/2""","=""""","=""3.489370""","=""""","=""""","=""0.01484""","=""0.66""","=""  60                 :    10  4f12.(3H<4>).5d<5/2>.6s2                               ""","="""""
"=""4f13.(2F*<5/2>).6s.6p.(3P*<2>)""","=""(5/2,2)""","=""5/2""","=""""","=""3.5271750""","=""""","=""""","=""0.037805""","=""1.000""","=""  71                 :     7  4f12.(3H<4>).5d<3/2>.6s2                               ""","="""""
"=""4f13.(2F*<5/2>).6s.6p.(3P*<2>)""","=""(5/2,2)""","=""7/2""","=""""","=""3.5404678""","=""""","=""""","=""0.013293""","=""1.157""","=""  96                 :     4                                 (2F*<5/2>)(3P*<1>)      ""","="""""
"=""4f13.(2F*<7/2>).5d.6s.(1D)""","=""1[9/2]*""","=""9/2""","=""""","=""3.4022328""","=""""","=""""","=""-0.138235""","=""""","=""  95                 :     2                                 (2F*<7/2>)(3D) 3[9/2]*  ""","="""""
"=""4f13.(2F*<5/2>).6s.6p.(3P*<2>)""","=""""","=""5/2""","=""""","=""3.477927""","=""""","=""""","=""0.075694""","=""0.96""","=""  25  (5/2,2)        :    18  4f12.(3H<4>).5d<3/2>.6s2                               ""","="""""
"=""4f12.(3F<4>).6s2.6p<1/2>""","=""(4,1/2)*""","=""7/2""","=""""","=""3.513748""","=""""","=""""","=""0.03582""","=""""","=""  62                 :    29                                 (1G<4>) (4,1/2)*        ""","="""""
"=""4f12.(3F<4>).6s2.6p<1/2>""","=""(4,1/2)*""","=""9/2""","=""""","=""3.5353379""","=""""","=""""","=""0.021590""","=""1.085""","=""  60                 :    28                                 (1G<4>) (4,1/2)*        ""","="""""
"=""4f12.(3F<3>).5d<3/2>.6s2""","=""""","=""7/2""","=""""","=""3.627851""","=""""","=""""","=""0.092513""","=""0.928""","=""  46  (3,3/2)        :    11                                 (3H<4>) (4,3/2)         ""","="""""
"=""4f12.(3H<6>).5d.6s.6p.(4F*<3/2>)""","=""(6,3/2)*""","=""9/2""","=""""","=""3.633814""","=""""","=""""","=""0.00596""","=""1.49""","=""                                                                                     ""","="""""
"=""4f12.(3H<6>).5d.6s.6p.(4F*<3/2>)""","=""(6,3/2)*""","=""11/2""","=""""","=""3.8535338""","=""""","=""""","=""0.219720""","=""1.37""","=""                                                                                     ""","="""""
"=""4f12.(3H<6>).5d.6s.6p.(4F*<3/2>)""","=""(6,3/2)*""","=""15/2""","=""""","=""3.981502""","=""""","=""""","=""0.127968""","=""0.98""","=""  80                                                                                 ""","="""""
"=""4f12.(3H<6>).5d.6s.6p.(4F*<3/2>)""","=""(6,3/2)*""","=""13/2""","=""""","=""4.085292""","=""""","=""""","=""0.10379""","=""1.31""","=""                                                                                     ""","="""""
"=""4f12.(3H<4>).5d<3/2>.6s2""","=""(4,3/2)""","=""9/2""","=""""","=""3.6348063""","=""""","=""""","=""-0.450486""","=""0.978""","=""  50                 :    21                                 (3F<4>) (4,3/2)         ""","="""""
"=""4f12.(3F<2>).5d<3/2>.6s2""","=""""","=""5/2""","=""""","=""3.729715""","=""""","=""""","=""0.094909""","=""0.81""","=""  29  (2,3/2)        :    20                                 (3H<4>) (4,5/2)         ""","="""""
"=""4f12.(3H<4>).5d<5/2>.6s2""","=""""","=""7/2""","=""""","=""3.734902""","=""""","=""""","=""0.00519""","=""0.955""","=""  24  (4,5/2)        :    15                                 (3F<4>) (4,5/2)         ""","="""""
"=""4f12.(3H<4>).5d<5/2>.6s2""","=""(4,5/2)""","=""13/2""","=""""","=""3.735100""","=""""","=""""","=""0.00020""","=""""","=""  58                 :    32                                 (3F<4>) (4,5/2)         ""","="""""
"=""4f12.(3H<4>).5d<5/2>.6s2""","=""(4,5/2)""","=""11/2""","=""""","=""3.840096""","=""""","=""""","=""0.10500""","=""""","=""  46                 :    19                                 (3F<4>) (4,5/2)         ""","="""""
"=""4f12.(3H<4>).5d<5/2>.6s2""","=""""","=""5/2""","=""""","=""3.757021""","=""""","=""""","=""-0.08308""","=""0.91""","=""  22  (4,5/2)        :    18                                 (3F<2>) (2,3/2)         ""","="""""
"=""4f12.(3F<3>).5d<3/2>.6s2""","=""""","=""3/2""","=""""","=""3.792137""","=""""","=""""","=""0.03512""","=""1.085""","=""  32  (3,3/2)        :    31                                 (3F<2>) (2,3/2)         ""","="""""
"=""4f12.(3F<3>).5d<3/2>.6s2""","=""""","=""9/2""","=""""","=""3.832974""","=""""","=""""","=""0.04084""","=""0.99""","=""  28  (3,3/2)        :    27                                 (3H<4>) (4,5/2)         ""","="""""
"=""4f13.(2F*<5/2>).5d.6s.(3D)""","=""3[9/2]*""","=""7/2""","=""""","=""3.833787""","=""""","=""""","=""0.00081""","=""0.69""","=""  98                 :     1                                 (2F*<7/2>)(3D) 3[9/2]*  ""","="""""
"=""4f13.(2F*<5/2>).5d.6s.(3D)""","=""3[9/2]*""","=""9/2""","=""""","=""3.8916536""","=""""","=""""","=""0.057867""","=""0.98""","=""  88                 :     3                                 (2F*<5/2>)(1D) 1[9/2]*  ""","="""""
"=""4f13.(2F*<5/2>).5d.6s.(3D)""","=""3[9/2]*""","=""11/2""","=""""","=""3.9807939""","=""""","=""""","=""0.089140""","=""1.115""","=""  99                                                                                 ""","="""""
"=""4f12.(3H<5>).6s2.6p<1/2>""","=""(5,1/2)*""","=""9/2""","=""""","=""3.8369607""","=""""","=""""","=""-0.143833""","=""""","=""  88                 :     4  4f13.(2F*<5/2>).5d.6s.(3D)     3[9/2]*                 ""","="""""
"=""4f12.(3H<5>).6s2.6p<1/2>""","=""(5,1/2)*""","=""11/2""","=""""","=""3.844452""","=""""","=""""","=""0.007491""","=""1.00""","=""  96                 :     1                                 (3F<4>) (4,3/2)*        ""","="""""
"=""4f12.(3H<6>).5d.6s.6p.(4F*<5/2>)""","=""(6,5/2)*""","=""7/2""","=""""","=""3.8891026""","=""""","=""""","=""0.044651""","=""1.33""","=""                                                                                     ""","="""""
"=""4f12.(3H<6>).5d.6s.6p.(4F*<5/2>)""","=""(6,5/2)*""","=""9/2""","=""""","=""4.0222599""","=""""","=""""","=""0.133157""","=""1.25""","=""                                                                                     ""","="""""
"=""4f12.(3H<6>).5d.6s.6p.(4F*<5/2>)""","=""(6,5/2)*""","=""17/2""","=""""","=""4.061913""","=""""","=""""","=""0.039653""","=""1.11""","=""  80                                                                                 ""","="""""
"=""4f12.(3H<6>).5d.6s.6p.(4F*<5/2>)""","=""(6,5/2)*""","=""11/2""","=""""","=""4.1898171""","=""""","=""""","=""0.127904""","=""1.24""","=""                                                                                     ""","="""""
"=""4f12.(3H<6>).5d.6s.6p.(4F*<5/2>)""","=""(6,5/2)*""","=""15/2""","=""""","=""4.221233""","=""""","=""""","=""0.031416""","=""1.18""","=""  46                                                                                 ""","="""""
"=""4f12.(3H<6>).5d.6s.6p.(4F*<5/2>)""","=""(6,5/2)*""","=""13/2""","=""""","=""4.2712276""","=""""","=""""","=""0.049995""","=""1.18""","=""                                                                                     ""","="""""
"=""4f12.(3F<3>).5d<3/2>.6s2""","=""""","=""5/2""","=""""","=""3.897056""","=""""","=""""","=""-0.374172""","=""1.07""","=""  42  (3,3/2)        :    16                                 (3F<2>) (2,5/2)         ""","="""""
"=""4f12.(3F<3>).5d<3/2>.6s2""","=""""","=""9/2""","=""""","=""3.898130""","=""""","=""""","=""0.00107""","=""1.13""","=""  37  (3,3/2)        :    30                                 (3F<3>) (3,5/2)         ""","="""""
"=""4f12.(3F<4>).6s2.6p<3/2>""","=""(4,3/2)*""","=""9/2""","=""""","=""3.8998359""","=""""","=""""","=""0.001706""","=""""","=""  58                 :    26                                 (1G<4>) (4,3/2)*        ""","="""""
"=""4f12.(3F<4>).6s2.6p<3/2>""","=""(4,3/2)*""","=""11/2""","=""""","=""3.9079193""","=""""","=""""","=""0.008083""","=""""","=""  60                 :    29                                 (1G<4>) (4,3/2)*        ""","="""""
"=""4f12.(3F<4>).6s2.6p<3/2>""","=""(4,3/2)*""","=""5/2""","=""""","=""3.917120""","=""""","=""""","=""0.009201""","=""""","=""  58                 :    31                                 (1G<4>) (4,3/2)*        ""","="""""
"=""4f12.(3F<4>).6s2.6p<3/2>""","=""(4,3/2)*""","=""7/2""","=""""","=""3.9296480""","=""""","=""""","=""0.012528""","=""1.17""","=""  62                 :    28                                 (1G<4>) (4,3/2)*        ""","="""""
"=""4f13.(2F*<5/2>).5d.6s.(3D)""","=""*""","=""3/2""","=""""","=""3.905386""","=""""","=""""","=""-0.024262""","=""1.33""","=""  46  3[3/2]*        :    44                                 (2F*<5/2>)(3D) 3[1/2]*  ""","="""""
"=""4f12.(3F<3>).5d<5/2>.6s2""","=""""","=""7/2""","=""""","=""3.906772""","=""""","=""""","=""0.00139""","=""1.11""","=""  22  (3,5/2)        :    17                                 (3F<2>) (2,5/2)         ""","="""""
"=""4f12.(3F<3>).5d<3/2>.6s2""","=""""","=""3/2""","=""""","=""3.908103""","=""""","=""""","=""0.00133""","=""0.79""","=""  40  (3,3/2)        :    20                                 (3H<4>) (4,5/2)         ""","="""""
"=""4f13.(2F*<5/2>).5d.6s.(3D)""","=""3[3/2]*""","=""1/2""","=""""","=""""","=""""","=""""","=""""","=""""","=""  92                 :     8                                 (2F*<5/2>)(1D) 1[1/2]*  ""","="""""
"=""4f13.(2F*<5/2>).5d.6s.(3D)""","=""3[3/2]*""","=""5/2""","=""""","=""3.939447""","=""""","=""""","=""""","=""1.23""","=""  85                 :    13                                 (2F*<5/2>)(3D) 3[5/2]*  ""","="""""
"=""4f13.(2F*<5/2>).5d.6s.(3D)""","=""3[3/2]*""","=""3/2""","=""""","=""4.064207""","=""""","=""""","=""0.12476""","=""1.05""","=""  48                 :    24                                 (2F*<5/2>)(3D) 3[1/2]*  ""","="""""
"=""4f12.(3F<3>).5d<5/2>.6s2""","=""(3,5/2)""","=""11/2""","=""""","=""""","=""""","=""""","=""""","=""""","=""  79                 :     7                                 (3H<5>) (5,5/2)         ""","="""""
"=""4f12.(3F<3>).5d<5/2>.6s2""","=""(3,5/2)""","=""1/2""","=""""","=""""","=""""","=""""","=""""","=""""","=""  63                 :    17                                 (3F<2>) (2,3/2)         ""","="""""
"=""4f12.(3F<3>).5d<5/2>.6s2""","=""(3,5/2)""","=""5/2""","=""""","=""3.989128""","=""""","=""""","=""""","=""1.16""","=""  72                 :     6                                 (3F<3>) (3,3/2)         ""","="""""
"=""4f12.(3F<3>).5d<5/2>.6s2""","=""(3,5/2)""","=""9/2""","=""""","=""4.018053""","=""""","=""""","=""0.02893""","=""""","=""  58                 :    18                                 (3F<3>) (3,3/2)         ""","="""""
"=""4f12.(3F<3>).5d<5/2>.6s2""","=""(3,5/2)""","=""7/2""","=""""","=""4.068048""","=""""","=""""","=""0.05000""","=""1.04""","=""  69                 :     8                                 (3H<4>) (4,3/2)         ""","="""""
"=""4f12.(3F<3>).5d<5/2>.6s2""","=""(3,5/2)""","=""3/2""","=""""","=""4.082646""","=""""","=""""","=""0.01460""","=""0.935""","=""  48                 :    40  4f13.(2F*<5/2>).6s.6p.(1P*<1>)                         ""","="""""
"=""4f13.(2F*<5/2>).5d.6s.(3D)""","=""3[5/2]*""","=""3/2""","=""""","=""3.989996""","=""""","=""""","=""-0.09265""","=""0.725""","=""  71                 :    17                                 (2F*<5/2>)(3D) 3[1/2]*  ""","="""""
"=""4f13.(2F*<5/2>).5d.6s.(3D)""","=""3[5/2]*""","=""5/2""","=""""","=""4.0737008""","=""""","=""""","=""0.083705""","=""1.051""","=""  83                 :    13                                 (2F*<5/2>)(3D) 3[3/2]*  ""","="""""
"=""4f13.(2F*<5/2>).5d.6s.(3D)""","=""3[5/2]*""","=""7/2""","=""""","=""4.1212796""","=""""","=""""","=""0.047579""","=""1.17""","=""  73                 :    23                                 (2F*<5/2>)(3D) 3[7/2]*  ""","="""""
"=""4f13.(2F*<7/2>).6s.7s.(3S<1>)""","=""(7/2,1)*""","=""9/2""","=""""","=""3.9944231""","=""""","=""""","=""-0.126857""","=""1.333""","=""                                                                                     ""","="""""
"=""4f13.(2F*<7/2>).6s.7s.(3S<1>)""","=""(7/2,1)*""","=""7/2""","=""""","=""4.0120508""","=""""","=""""","=""0.017628""","=""1.195""","=""                                                                                     ""","="""""
"=""4f13.(2F*<7/2>).6s.7s.(3S<1>)""","=""(7/2,1)*""","=""5/2""","=""""","=""4.0269232""","=""""","=""""","=""0.014872""","=""0.89""","=""                                                                                     ""","="""""
"=""4f12.(3F<2>).5d<3/2>.6s2""","=""""","=""7/2""","=""""","=""4.022824""","=""""","=""""","=""-0.004099""","=""0.89""","=""  41  (2,3/2)        :    10                                 (3H<4>) (4,5/2)         ""","="""""
"=""4f13.(2F*<5/2>).5d.6s.(3D)""","=""3[7/2]*""","=""5/2""","=""""","=""4.127779""","=""""","=""""","=""0.10496""","=""0.624""","=""  97                 :     2                                 (2F*<5/2>)(3D) 3[5/2]*  ""","="""""
"=""4f13.(2F*<5/2>).5d.6s.(3D)""","=""3[7/2]*""","=""7/2""","=""""","=""4.1405743""","=""""","=""""","=""0.012795""","=""""","=""  49                 :    24  4f12.(3H<5>).6s2.6p<3/2>                               ""","="""""
"=""4f13.(2F*<5/2>).5d.6s.(3D)""","=""3[7/2]*""","=""9/2""","=""""","=""4.181578""","=""""","=""""","=""0.041004""","=""1.14""","=""  86                 :     8                                 (2F*<5/2>).(1D) 1[9/2]* ""","="""""
"=""4f12.(3F<2>).5d<5/2>.6s2""","=""(5/2,2)""","=""3/2""","=""""","=""4.152151""","=""""","=""""","=""-0.02943""","=""1.468""","=""  45                 :    18                                 (3F<3>) (3,5/2)         ""","="""""
"=""4f12.(3F<2>).5d<5/2>.6s2""","=""""","=""7/2""","=""""","=""4.168817""","=""""","=""""","=""0.01667""","=""0.92""","=""  39  (2,5/2)        :    11                                 (3F<3>) (3,3/2)         ""","="""""
"=""4f12.5d.6s.6p""","=""*""","=""11/2""","=""""","=""4.170672""","=""""","=""""","=""0.00185""","=""1.42""","=""                                                                                     ""","="""""
"=""4f12.(3H<6>).5d.6s.6p.(4F*<7/2>)""","=""(6,7/2)*""","=""19/2""","=""""","=""4.171416""","=""""","=""""","=""0.00074""","=""1.18""","=""                                                                                     ""","="""""
"=""4f12.(3H<5>).6s2.6p<3/2>""","=""(5,3/2)*""","=""7/2""","=""""","=""4.187983""","=""""","=""""","=""0.01657""","=""""","=""  68                 :    25  4f13.(2F*<5/2>).5d.6s.(3D)     3[7/2]*                 ""","="""""
"=""4f12.(3H<5>).6s2.6p<3/2>""","=""(5,3/2)*""","=""13/2""","=""""","=""4.2084306""","=""""","=""""","=""0.020448""","=""1.13""","="" 100                                                                                 ""","="""""
"=""4f12.(3H<5>).6s2.6p<3/2>""","=""(5,3/2)*""","=""9/2""","=""""","=""4.2539388""","=""""","=""""","=""0.045508""","=""0.995""","=""  50                 :    46  4f13.(2F*<5/2>).5d.6s.(1D)     1[9/2]*                 ""","="""""
"=""4f12.(3H<5>).6s2.6p<3/2>""","=""(5,3/2)*""","=""11/2""","=""""","=""4.2815337""","=""""","=""""","=""0.027595""","=""1.126""","=""  99                 :     1                                 (3H<5>) (5,1/2)*        ""","="""""
"=""4f12.5d.6s.6p""","=""*""","=""13/2""","=""""","=""4.1921722""","=""""","=""""","=""-0.089361""","=""1.15""","=""                                                                                     ""","="""""
"=""4f13.(2F*<7/2>).6s.7s.(1S<0>)""","=""(7/2,0)*""","=""7/2""","=""""","=""4.2106328""","=""""","=""""","=""0.018461""","=""1.15""","=""                                                                                     ""","="""""
"=""4f13.(2F*<5/2>).5d.6s.(1D)""","=""1[1/2]*""","=""1/2""","=""""","=""4.224050""","=""""","=""""","=""0.013417""","=""0.666""","=""  83                 :     7                                 (2F*<5/2>)(3D) 3[3/2]*  ""","="""""
"=""4f13.(2F*<5/2>).6s.6p.(1P*<1>)""","=""(5/2,1)""","=""5/2""","=""""","=""4.226026""","=""""","=""""","=""0.00198""","=""0.95""","=""  45                 :    20  4f12.(3F<2>).5d<5/2>.6s2                               ""","="""""
"=""4f13.(2F*<5/2>).6s.6p.(1P*<1>)""","=""(5/2,1)""","=""7/2""","=""""","=""4.252307""","=""""","=""""","=""0.02628""","=""0.915""","=""  74                 :     4  4f12.(1G<4>).5d<3/2>.6s2                               ""","="""""
"=""4f12.5d.6s.6p""","=""*""","=""5/2""","=""""","=""4.239527""","=""""","=""""","=""-0.01278""","=""1.24""","=""                                                                                     ""","="""""
"=""4f12.5d.6s.6p""","=""*""","=""7/2""","=""""","=""4.2607943""","=""""","=""""","=""0.021267""","=""1.205""","=""                                                                                     ""","="""""
"=""4f12.(3F<2>).5d<5/2>.6s2""","=""(2,5/2)""","=""9/2""","=""""","=""4.270787""","=""""","=""""","=""0.009993""","=""""","=""  58                 :    14                                 (1D<2>) (2,5/2)         ""","="""""
"=""4f12.5d.6s.6p""","=""*""","=""9/2""","=""""","=""4.2722293""","=""""","=""""","=""0.001442""","=""1.185""","=""                                                                                     ""","="""""
"=""4f12.(3H<5>).6s2.6p<3/2>""","=""*""","=""9/2""","=""""","=""4.2883632""","=""""","=""""","=""0.016134""","=""1.00""","=""  43  (5,3/2)*       :    42  4f13.(2F*<5/2>).5d.6s.(1D)     1[9/2]*                 ""","="""""
"=""4f12.5d.6s.6p""","=""*""","=""11/2""","=""""","=""4.3012353""","=""""","=""""","=""0.012872""","=""1.16""","=""                                                                                     ""","="""""
"=""4f13.(2F*<5/2>).5d.6s.(1D)""","=""1[3/2]*""","=""3/2""","=""""","=""4.3393240""","=""""","=""""","=""0.038089""","=""0.897""","=""  96                 :     2                                 (2F*<5/2>)(3D) 3[5/2]*  ""","="""""
"=""4f13.(2F*<5/2>).6s.6p.(1P*<1>)""","=""""","=""5/2""","=""""","=""4.342698""","=""""","=""""","=""0.003374""","=""1.022""","=""  26  (5/2,1)        :    23  4f12.(3F<2>).5d<5/2>.6s2                               ""","="""""
"=""4f12.5d.6s.6p""","=""*""","=""9/2""","=""""","=""4.3462265""","=""""","=""""","=""0.003528""","=""1.28""","=""                                                                                     ""","="""""
"=""4f13.(2F*<5/2>).6s.6p.(1P*<1>)""","=""""","=""3/2""","=""""","=""4.350565""","=""""","=""""","=""0.004338""","=""0.85""","=""  33  (5/2,1)        :    21  4f12.(3F<3>).5d<5/2>.6s2                               ""","="""""
"=""""","=""""","=""5/2""","=""""","=""4.3719013""","=""""","=""""","=""0.021336""","=""1.346""","=""                                                                                     ""","="""""
"=""4f12.(3H<4>).6s2.6p<1/2>""","=""(4,1/2)*""","=""9/2""","=""""","=""4.384549""","=""""","=""""","=""0.012648""","=""0.91""","=""  58                 :    26                                 (3F<4>) (4,1/2)*        ""","="""""
"=""4f12.(3H<4>).6s2.6p<1/2>""","=""(4,1/2)*""","=""7/2""","=""""","=""4.387793""","=""""","=""""","=""0.00324""","=""0.965""","=""  56                 :    26                                 (3F<4>) (4,1/2)*        ""","="""""
"=""4f12.(3H<6>).5d.6s.6p.(4D*<3/2>)""","=""*""","=""15/2""","=""""","=""4.408593""","=""""","=""""","=""0.02080""","=""1.255""","=""  35  (6,3/2)*                                                                       ""","="""""
"=""4f12.(3H<6>) .5d.(2D).6s.6p.(3P*?) (2D*<5/2>)""","=""(6,5/2)*""","=""17/2""","=""""","=""4.417930""","=""""","=""""","=""0.00934""","=""1.18""","=""                                                                                     ""","="""""
"=""4f13.(2F*<5/2>).5d.6s.(1D)""","=""1[5/2]*""","=""5/2""","=""""","=""4.422965""","=""""","=""""","=""0.00503""","=""""","=""  97                 :     2                                 (2F*<5/2>)(3D) 3[5/2]*  ""","="""""
"=""4f12.5d.6s.6p""","=""*""","=""7/2""","=""""","=""4.4240353""","=""""","=""""","=""0.001070""","=""1.222""","=""                                                                                     ""","="""""
"=""4f12.5d.6s.6p""","=""*""","=""13/2""","=""""","=""4.4583329""","=""""","=""""","=""0.034298""","=""1.134""","=""                                                                                     ""","="""""
"=""4f12.(3H<6>).5d.6s.6p.(4D*<5/2>)""","=""(6,5/2)*""","=""15/2""","=""""","=""4.485699""","=""""","=""""","=""0.027366""","=""1.155""","=""  47                                                                                 ""","="""""
"=""4f12.5d.6s.6p""","=""*""","=""13/2""","=""""","=""4.4911575""","=""""","=""""","=""0.005458""","=""1.12""","=""                                                                                     ""","="""""
"=""4f12.(3H<6>).5d.6s.6p.(4F*<7/2>)""","=""*""","=""15/2""","=""""","=""4.497395""","=""""","=""""","=""0.006238""","=""1.13""","=""  29  (6,7/2)*                                                                       ""","="""""
"=""4f12.5d.6s.6p""","=""*""","=""11/2""","=""""","=""4.5043194""","=""""","=""""","=""0.006924""","=""1.035""","=""                                                                                     ""","="""""
"=""4f12.5d.6s.6p""","=""*""","=""9/2""","=""""","=""4.5102641""","=""""","=""""","=""0.005945""","=""1.21""","=""                                                                                     ""","="""""
"=""4f13.(2F*<5/2>).5d.6s.(1D)""","=""1[7/2]*""","=""7/2""","=""""","=""4.517461""","=""""","=""""","=""0.007197""","=""""","=""                                                                                     ""","="""""
"=""4f12.(3H<6>) .5d.(2D).6s.6p.(3P*?) (2D*<3/2>)""","=""(6,3/2)*""","=""15/2""","=""""","=""4.5445074""","=""""","=""""","=""0.027046""","=""1.13""","=""                                                                                     ""","="""""
"=""4f12.5d.6s.6p""","=""*""","=""11/2""","=""""","=""4.5448545""","=""""","=""""","=""0.000347""","=""1.16""","=""                                                                                     ""","="""""
"=""4f12.5d.6s.6p""","=""*""","=""7/2""","=""""","=""4.5792592""","=""""","=""""","=""0.034405""","=""1.285""","=""                                                                                     ""","="""""
"=""4f12.5d.6s.6p""","=""*""","=""9/2""","=""""","=""4.5887214""","=""""","=""""","=""0.009462""","=""1.11""","=""                                                                                     ""","="""""
"=""""","=""""","=""5/2""","=""""","=""4.595373""","=""""","=""""","=""0.006652""","=""1.42""","=""                                                                                     ""","="""""
"=""""","=""""","=""3/2""","=""""","=""4.604596""","=""""","=""""","=""0.00922""","=""1.56""","=""                                                                                     ""","="""""
"=""4f12.5d.6s.6p""","=""*""","=""15/2""","=""""","=""4.607192""","=""""","=""""","=""0.00260""","=""1.225""","=""                                                                                     ""","="""""
"=""4f12.(3F<3>).6s2.6p<1/2>""","=""(3,1/2)*""","=""5/2""","=""""","=""""","=""""","=""""","=""""","=""""","=""  82                 :     6                                 (3F<2>) (2,1/2)*        ""","="""""
"=""4f12.(3F<3>).6s2.6p<1/2>""","=""(3,1/2)*""","=""7/2""","=""""","=""4.6148723""","=""""","=""""","=""""","=""""","=""  96                 :     3                                 (3H<5>) (5,3/2)*        ""","="""""
"=""4f12.(3H<6>).5d.6s.6p.(4D*<7/2>)""","=""*""","=""17/2""","=""""","=""4.618663""","=""""","=""""","=""0.003791""","=""1.20""","=""  27  (6,7/2)*                                                                       ""","="""""
"=""4f12.5d.6s.6p""","=""*""","=""11/2""","=""""","=""4.6217314""","=""""","=""""","=""0.003068""","=""1.25""","=""                                                                                     ""","="""""
"=""4f12.5d.6s.6p""","=""*""","=""13/2""","=""""","=""4.632686""","=""""","=""""","=""0.010955""","=""1.20""","=""                                                                                     ""","="""""
"=""4f12.5d.6s.6p""","=""*""","=""7/2""","=""""","=""4.6518231""","=""""","=""""","=""0.019137""","=""1.09""","=""                                                                                     ""","="""""
"=""4f13.(2F*<7/2>).6s.7p""","=""""","=""7/2""","=""""","=""4.656506""","=""""","=""""","=""0.004683""","=""1.313""","=""                                                                                     ""","="""""
"=""4f13.(2F*<7/2>).6s.7p""","=""""","=""9/2""","=""""","=""4.6589376""","=""""","=""""","=""0.002432""","=""1.19""","=""                                                                                     ""","="""""
"=""4f12.5d.6s.6p""","=""*""","=""13/2""","=""""","=""4.6675322""","=""""","=""""","=""0.008595""","=""1.175""","=""                                                                                     ""","="""""
"=""4f12.5d.6s.6p""","=""*""","=""11/2""","=""""","=""4.6689880""","=""""","=""""","=""0.001456""","=""1.01""","=""                                                                                     ""","="""""
"=""""","=""""","=""9/2""","=""""","=""4.6755773""","=""""","=""""","=""0.006589""","=""1.14""","=""                                                                                     ""","="""""
"=""4f13.(2F*<7/2>).6s.7p""","=""""","=""5/2""","=""""","=""4.677284""","=""""","=""""","=""0.001707""","=""1.19""","=""                                                                                     ""","="""""
"=""4f12.5d.6s.6p""","=""*""","=""9/2""","=""""","=""4.6827173""","=""""","=""""","=""0.005433""","=""1.215""","=""                                                                                     ""","="""""
"=""4f13.(2F*<7/2>).6s.7p""","=""""","=""7/2""","=""""","=""4.684359""","=""""","=""""","=""0.001642""","=""0.97""","=""                                                                                     ""","="""""
"=""4f12.(3H<6>).5d.6s.6p.(4D*<7/2>)""","=""(6,7/2)*""","=""15/2""","=""""","=""4.693871""","=""""","=""""","=""0.00951""","=""1.20""","=""  53                                                                                 ""","="""""
"=""4f13.(2F*<7/2>).6s.7p""","=""""","=""9/2""","=""""","=""4.704753""","=""""","=""""","=""0.01088""","=""""","=""                                                                                     ""","="""""
"=""""","=""""","=""5/2 or 7/2""","=""""","=""4.709005""","=""""","=""""","=""0.00425""","=""""","=""                                                                                     ""","="""""
"=""4f12.5d.6s.6p""","=""*""","=""13/2""","=""""","=""4.7129859""","=""""","=""""","=""0.003981""","=""1.09""","=""                                                                                     ""","="""""
"=""4f12.(1G<4>).5d<5/2>.6s2""","=""""","=""5/2""","=""""","=""4.713181""","=""""","=""""","=""0.000195""","=""1.11""","=""  40  (4,5/2)        :    21                                 (3H<4>) (4,5/2)         ""","="""""
"=""4f12.(1G<4>).5d<3/2>.6s2""","=""(4,3/2)""","=""9/2""","=""""","=""4.726366""","=""""","=""""","=""0.01319""","=""""","=""  50                 :    38                                 (3H<4>) (4,3/2)         ""","="""""
"=""4f13.(2F*<7/2>).6s.7p""","=""""","=""7/2""","=""""","=""4.726652""","=""""","=""""","=""0.00029""","=""1.14""","=""                                                                                     ""","="""""
"=""""","=""""","=""5/2""","=""""","=""4.727315""","=""""","=""""","=""0.00066""","=""1.05""","=""                                                                                     ""","="""""
"=""4f12.5d.6s.6p""","=""*""","=""11/2""","=""""","=""4.7313926""","=""""","=""""","=""0.004078""","=""1.125""","=""                                                                                     ""","="""""
"=""4f12.5d.6s.6p""","=""*""","=""7/2""","=""""","=""4.7376377""","=""""","=""""","=""0.006245""","=""1.175""","=""                                                                                     ""","="""""
"=""4f13.(2F*<7/2>).6s.7p""","=""""","=""3/2""","=""""","=""4.740894""","=""""","=""""","=""0.003256""","=""1.04""","=""                                                                                     ""","="""""
"=""4f13.(2F*<7/2>).5d.6p.(3F*<2>)""","=""(7/2,2)""","=""3/2""","=""""","=""4.750903""","=""""","=""""","=""0.01001""","=""1.195""","=""  80                 :     9                                 (2F*<7/2>)(3F*<3>)      ""","="""""
"=""4f13.(2F*<7/2>).5d.6p.(3F*<2>)""","=""(7/2,2)""","=""5/2""","=""""","=""4.903242""","=""""","=""""","=""0.15234""","=""1.285""","=""  52                 :    21                                 (2F*<7/2>)(1D*<2>)      ""","="""""
"=""4f13.(2F*<7/2>).5d.6p.(3F*<2>)""","=""(7/2,2)""","=""11/2""","=""""","=""4.9752855""","=""""","=""""","=""0.072044""","=""1.10""","=""  74                 :    22                                 (2F*<7/2>)(1D*<2>)      ""","="""""
"=""4f13.(2F*<7/2>).5d.6p.(3F*<2>)""","=""(7/2,2)""","=""7/2""","=""""","=""5.058873""","=""""","=""""","=""0.083588""","=""1.185""","=""  65                 :    26                                 (2F*<7/2>)(1D*<2>)      ""","="""""
"=""4f13.(2F*<7/2>).5d.6p.(3F*<2>)""","=""(7/2,2)""","=""9/2""","=""""","=""5.092583""","=""""","=""""","=""0.03371""","=""1.07""","=""  45                 :    41                                 (2F*<7/2>)(1D*<2>)      ""","="""""
"=""4f12.(1G<4>).5d<5/2>.6s2""","=""""","=""7/2""","=""""","=""4.753873""","=""""","=""""","=""-0.33871""","=""1.108""","=""  30  (4,5/2)        :    27                                 (3H<4>) (4,5/2)         ""","="""""
"=""4f12.(3H<4>).6s2.6p<3/2>""","=""(4,3/2)*""","=""5/2""","=""""","=""""","=""""","=""""","=""""","=""""","=""  41                 :    25                                 (3F<2>) (2,1/2)*        ""","="""""
"=""4f12.(3H<4>).6s2.6p<3/2>""","=""(4,3/2)*""","=""11/2""","=""""","=""4.7545305""","=""""","=""""","=""""","=""1.07""","=""  59                 :    28                                 (3F<4>) (4,3/2)*        ""","="""""
"=""4f12.(3H<4>).6s2.6p<3/2>""","=""(4,3/2)*""","=""7/2""","=""""","=""4.7937479""","=""""","=""""","=""0.039217""","=""1.042""","=""  57                 :    26                                 (3F<4>) (4,3/2)*        ""","="""""
"=""4f12.(3H<4>).6s2.6p<3/2>""","=""(4,3/2)*""","=""9/2""","=""""","=""4.7963975""","=""""","=""""","=""0.002650""","=""1.043""","=""  57                 :    25                                 (3F<4>) (4,3/2)*        ""","="""""
"=""4f12.5d.6s.6p""","=""*""","=""9/2""","=""""","=""4.7591243""","=""""","=""""","=""-0.037273""","=""1.134""","=""                                                                                     ""","="""""
"=""4f13.(2F*<7/2>).6s.7p""","=""""","=""5/2""","=""""","=""4.765199""","=""""","=""""","=""0.006075""","=""""","=""                                                                                     ""","="""""
"=""4f12.5d.6s.6p""","=""*""","=""7/2""","=""""","=""4.7712323""","=""""","=""""","=""0.006033""","=""1.25""","=""                                                                                     ""","="""""
"=""4f12.(3H<6>).5d.6s.6p.(4F*<9/2>)""","=""(6,9/2)*""","=""15/2""","=""""","=""4.771637""","=""""","=""""","=""0.000405""","=""1.145""","=""  45                                                                                 ""","="""""
"=""4f12.5d.6s.6p""","=""*""","=""9/2""","=""""","=""4.7732696""","=""""","=""""","=""0.001633""","=""1.064""","=""                                                                                     ""","="""""
"=""4f13.(2F*<7/2>).6s.7p""","=""""","=""9/2""","=""""","=""4.773640""","=""""","=""""","=""0.000370""","=""1.10""","=""                                                                                     ""","="""""
"=""4f12.5d.6s.6p""","=""*""","=""11/2""","=""""","=""4.7770722""","=""""","=""""","=""0.003432""","=""1.17""","=""                                                                                     ""","="""""
"=""4f12.5d.6s.6p""","=""*""","=""13/2""","=""""","=""4.784359""","=""""","=""""","=""0.007287""","=""1.212""","=""                                                                                     ""","="""""
"=""""","=""""","=""5/2""","=""""","=""4.797790""","=""""","=""""","=""0.01343""","=""""","=""                                                                                     ""","="""""
"=""4f12.5d.6s.6p""","=""*""","=""5/2""","=""""","=""4.8046123""","=""""","=""""","=""0.006822""","=""1.215""","=""                                                                                     ""","="""""
"=""""","=""""","=""11/2""","=""""","=""4.8160511""","=""""","=""""","=""0.011439""","=""1.08""","=""                                                                                     ""","="""""
"=""4f13.(2F*<7/2>).6s.6d.(3D)""","=""3[3/2]*""","=""5/2""","=""""","=""4.8182661""","=""""","=""""","=""0.002215""","=""1.565""","=""  96             or  :    57                                 (2F*<7/2>)(3D<1>)       ""","="""""
"=""4f13.(2F*<7/2>).6s.6d.(3D)""","=""3[3/2]*""","=""3/2""","=""""","=""4.9101341""","=""""","=""""","=""0.091868""","=""1.30""","=""  57             or  :    64                                 (2F*<7/2>)(3D<3>)       ""","="""""
"=""4f13.(2F*<7/2>).6s.6d.(3D)""","=""3[3/2]*""","=""1/2""","=""""","=""4.926832""","=""""","=""""","=""0.016698""","=""0.81""","="" 100             or  :   100                                 (2F*<7/2>)(3D<3>)       ""","="""""
"=""4f12.5d.6s.6p""","=""*""","=""11/2""","=""""","=""4.8201598""","=""""","=""""","=""-0.106672""","=""1.065""","=""                                                                                     ""","="""""
"=""4f12.5d.6s.6p""","=""*""","=""13/2""","=""""","=""4.824957""","=""""","=""""","=""0.004797""","=""1.22""","=""                                                                                     ""","="""""
"=""""","=""""","=""9/2""","=""""","=""4.837751""","=""""","=""""","=""0.01279""","=""""","=""                                                                                     ""","="""""
"=""4f13.(2F*<7/2>).6s.6d.(1D)""","=""1[3/2]*""","=""3/2""","=""""","=""4.8430483""","=""""","=""""","=""0.005297""","=""1.34""","=""  57             or  :    57                                 (2F*<7/2>)(1D<2>)       ""","="""""
"=""4f13.(2F*<7/2>).6s.6d.(3D)""","=""3[11/2]*""","=""11/2""","=""""","=""4.8464844""","=""""","=""""","=""0.003436""","=""1.09""","=""  65             or  :    64                                 (2F*<7/2>)(3D<2>)       ""","="""""
"=""4f13.(2F*<7/2>).6s.6d.(3D)""","=""3[11/2]*""","=""13/2""","=""""","=""4.854920""","=""""","=""""","=""0.008436""","=""1.24""","="" 100             or  :   100                                 (2F*<7/2>)(3D<3>)       ""","="""""
"=""4f13.(2F*<7/2>).6s.6d.(3D)""","=""3[11/2]*""","=""9/2""","=""""","=""4.8626646""","=""""","=""""","=""0.007745""","=""1.12""","=""  78             or  :    97                                 (2F*<7/2>)(3D<1>)       ""","="""""
"=""""","=""""","=""9/2""","=""""","=""4.850655""","=""""","=""""","=""-0.012010""","=""""","=""                                                                                     ""","="""""
"=""4f13.(2F*<7/2>).6s.7p""","=""""","=""7/2?""","=""""","=""4.855401""","=""""","=""""","=""0.00475""","=""""","=""                                                                                     ""","="""""
"=""4f13.(2F*<7/2>).6s.6d.(3D)""","=""3[5/2]*""","=""7/2""","=""""","=""4.8586274""","=""""","=""""","=""0.003226""","=""1.336""","=""  76             or  :    49                                 (2F*<7/2>)(3D<1>)       ""","="""""
"=""4f13.(2F*<7/2>).6s.6d.(3D)""","=""3[5/2]*""","=""5/2""","=""""","=""4.8697381""","=""""","=""""","=""0.011111""","=""1.184""","=""  68             or  :    37                                 (2F*<7/2>)(3D<3>)       ""","="""""
"=""4f13.(2F*<7/2>).6s.6d.(3D)""","=""3[5/2]*""","=""3/2""","=""""","=""4.887445""","=""""","=""""","=""0.017707""","=""0.916""","=""  86             or  :    67                                 (2F*<7/2>)(3D<2>)       ""","="""""
"=""""","=""""","=""9/2""","=""""","=""4.861029""","=""""","=""""","=""-0.02642""","=""""","=""                                                                                     ""","="""""
"=""4f12.5d.6s.6p""","=""*""","=""9/2""","=""""","=""4.8657083""","=""""","=""""","=""0.004679""","=""1.05""","=""                                                                                     ""","="""""
"=""""","=""""","=""5/2""","=""""","=""4.867610""","=""""","=""""","=""0.001902""","=""1.20""","=""                                                                                     ""","="""""
"=""4f13.(2F*<7/2>).6s.6d.(3D)""","=""3[7/2]*""","=""9/2""","=""""","=""4.8753084""","=""""","=""""","=""0.007698""","=""1.153""","=""  67             or  :    84                                 (2F*<7/2>)(3D<2>)       ""","="""""
"=""4f13.(2F*<7/2>).6s.6d.(3D)""","=""3[7/2]*""","=""7/2""","=""""","=""4.8927614""","=""""","=""""","=""0.017453""","=""1.12""","=""  40             or  :    38                                 (2F*<7/2>)(3D<1>)       ""","="""""
"=""4f13.(2F*<7/2>).6s.6d.(3D)""","=""3[7/2]*""","=""5/2""","=""""","=""4.9170710""","=""""","=""""","=""0.024310""","=""0.96""","=""  72             or  :    54                                 (2F*<7/2>)(3D<3>)       ""","="""""
"=""4f13.(2F*<7/2>).6s.6d.(1D)""","=""1[11/2]*""","=""11/2""","=""""","=""4.8803467""","=""""","=""""","=""-0.036724""","=""1.13""","=""  66             or  :    66                                 (2F*<7/2>)(1D<2>)       ""","="""""
"=""4f12.5d.6s.6p""","=""*""","=""5/2""","=""""","=""4.8833605""","=""""","=""""","=""0.003014""","=""0.982""","=""                                                                                     ""","="""""
"=""4f12.5d.6s.6p""","=""*""","=""7/2""","=""""","=""4.8866725""","=""""","=""""","=""0.003312""","=""1.165""","=""                                                                                     ""","="""""
"=""4f12.5d.6s.6p""","=""*""","=""13/2""","=""""","=""4.8892116""","=""""","=""""","=""0.002539""","=""1.15""","=""                                                                                     ""","="""""
"=""4f13.(2F*<7/2>).6s.6d.(1D)""","=""*""","=""9/2""","=""""","=""4.8904693""","=""""","=""""","=""0.001258""","=""1.13""","=""  38  1[9/2]*    or  :    59                                 (2F*<7/2>)(3D<3>)       ""","="""""
"=""4f13.(2F*<7/2>).6s.6d.(1D)""","=""1[5/2]*""","=""5/2""","=""""","=""4.8937169""","=""""","=""""","=""0.003248""","=""1.04""","=""  70             or  :    70                                 (2F*<7/2>)(1D<2>)       ""","="""""
"=""4f13.(2F*<7/2>).6s.6d.(3D)""","=""3[9/2]*""","=""11/2""","=""""","=""4.8948804""","=""""","=""""","=""0.001163""","=""1.21""","=""  87             or  :    95                                 (2F*<7/2>)(3D<3>)       ""","="""""
"=""4f12.5d.6s.6p""","=""*""","=""7/2""","=""""","=""4.8949299""","=""""","=""""","=""0.000050""","=""1.17""","=""                                                                                     ""","="""""
"=""4f12.5d.6s.6p""","=""*""","=""9/2""","=""""","=""4.8959173""","=""""","=""""","=""0.000987""","=""1.095""","=""                                                                                     ""","="""""
"=""4f12.(1G<4>).5d<5/2>.6s2""","=""(4,5/2)""","=""3/2""","=""""","=""4.899203""","=""""","=""""","=""0.003286""","=""0.80""","=""  53                 :    17                                 (3H<4>) (4,5/2)         ""","="""""
"=""4f12.(1G<4>).5d<5/2>.6s2""","=""(4,5/2)""","=""9/2""","=""""","=""4.930702""","=""""","=""""","=""0.03150""","=""""","=""  49                 :    37                                 (3H<4>) (4,5/2)         ""","="""""
"=""4f13.(2F*<7/2>).6s.6d.(1D)""","=""1[7/2]*""","=""7/2""","=""""","=""4.9026036""","=""""","=""""","=""-0.028098""","=""1.06""","=""  81             or  :    81                                 (2F*<7/2>)(1D<2>)       ""","="""""
"=""4f12.(1G<4>).5d<3/2>.6s2""","=""""","=""7/2""","=""""","=""4.904866""","=""""","=""""","=""0.002262""","=""0.895""","=""  27  (4,3/2)        :    22                                 (3H<4>) (4,3/2)         ""","="""""
"=""4f12.5d.6s.6p""","=""*""","=""11/2""","=""""","=""4.9051872""","=""""","=""""","=""0.000321""","=""1.11""","=""                                                                                     ""","="""""
"=""""","=""""","=""5/2 or 7/2""","=""""","=""4.907384""","=""""","=""""","=""0.002197""","=""""","=""                                                                                     ""","="""""
"=""4f13.(2F*<7/2>).6s.6d.(3D)""","=""*""","=""7/2""","=""""","=""4.9132453""","=""""","=""""","=""0.005861""","=""1.04""","=""  45  3[9/2]*    or  :    59                                 (2F*<7/2>)(3D<3>)       ""","="""""
"=""""","=""""","=""3/2""","=""""","=""4.914183""","=""""","=""""","=""0.000938""","=""1.34""","=""                                                                                     ""","="""""
"=""""","=""""","=""9/2""","=""""","=""4.922011""","=""""","=""""","=""0.00783""","=""""","=""                                                                                     ""","="""""
"=""4f12.5d.6s.6p""","=""*""","=""11/2""","=""""","=""4.9232932""","=""""","=""""","=""0.001282""","=""1.17""","=""                                                                                     ""","="""""
"=""4f13.(2F*<7/2>).6s.6d.(1D)""","=""1[9/2]*""","=""9/2""","=""""","=""4.9273692""","=""""","=""""","=""0.004076""","=""1.112""","=""  58             or  :    58                                 (2F*<7/2>)(1D<2>)       ""","="""""
"=""""","=""""","=""7/2""","=""""","=""4.940403""","=""""","=""""","=""0.013034""","=""1.285""","=""                                                                                     ""","="""""
"=""""","=""""","=""11/2""","=""""","=""4.9522476""","=""""","=""""","=""0.011845""","=""1.191""","=""                                                                                     ""","="""""
"=""""","=""""","=""7/2""","=""""","=""4.9588994""","=""""","=""""","=""0.006652""","=""""","=""                                                                                     ""","="""""
"=""4f12.(3F<3>).6s2.6p<3/2>""","=""(3,3/2)*""","=""5/2""","=""""","=""""","=""""","=""""","=""""","=""""","=""  95                 :     3                                 (3F<2>) (2,3/2)*        ""","="""""
"=""4f12.(3F<3>).6s2.6p<3/2>""","=""(3,3/2)*""","=""3/2""","=""""","=""""","=""""","=""""","=""""","=""""","=""  94                 :     4                                 (3F<2>) (2,3/2)*        ""","="""""
"=""4f12.(3F<3>).6s2.6p<3/2>""","=""(3,3/2)*""","=""7/2""","=""""","=""4.9669711""","=""""","=""""","=""""","=""1.13""","=""  97                 :     2                                 (3F<2>) (2,3/2)*        ""","="""""
"=""4f12.(3F<3>).6s2.6p<3/2>""","=""(3,3/2)*""","=""9/2""","=""""","=""4.9852185""","=""""","=""""","=""0.018247""","=""1.18""","=""  98                 :     1                                 (3H<4>) (4,3/2)*        ""","="""""
"=""""","=""""","=""5/2""","=""""","=""4.967638""","=""""","=""""","=""-0.017581""","=""1.36""","=""                                                                                     ""","="""""
"=""""","=""""","=""3/2""","=""""","=""4.970722""","=""""","=""""","=""0.00308""","=""1.13""","=""                                                                                     ""","="""""
"=""""","=""""","=""9/2""","=""""","=""4.971980""","=""""","=""""","=""0.00126""","=""""","=""                                                                                     ""","="""""
"=""4f12.5d.6s.6p""","=""*""","=""13/2""","=""""","=""4.973471""","=""""","=""""","=""0.00149""","=""""","=""                                                                                     ""","="""""
"=""4f12.5d.6s.6p""","=""*""","=""9/2""","=""""","=""4.9993573""","=""""","=""""","=""0.025886""","=""1.115""","=""                                                                                     ""","="""""
"=""4f12.5d.6s.6p""","=""*""","=""5/2""","=""""","=""5.0024236""","=""""","=""""","=""0.003066""","=""1.14""","=""                                                                                     ""","="""""
"=""""","=""""","=""7/2""","=""""","=""5.004048""","=""""","=""""","=""0.001624""","=""""","=""                                                                                     ""","="""""
"=""4f12.5d.6s.6p""","=""*""","=""13/2""","=""""","=""5.006011""","=""""","=""""","=""0.00196""","=""""","=""                                                                                     ""","="""""
"=""""","=""""","=""11/2""","=""""","=""5.0217724""","=""""","=""""","=""0.015761""","=""1.105""","=""                                                                                     ""","="""""
"=""""","=""""","=""9/2""","=""""","=""5.023426""","=""""","=""""","=""0.001654""","=""""","=""                                                                                     ""","="""""
"=""4f12.5d.6s.6p""","=""*""","=""9/2""","=""""","=""5.0235497""","=""""","=""""","=""0.000124""","=""1.153""","=""                                                                                     ""","="""""
"=""4f12.5d.6s.6p""","=""*""","=""7/2""","=""""","=""5.0255538""","=""""","=""""","=""0.002004""","=""1.24""","=""                                                                                     ""","="""""
"=""""","=""""","=""9/2""","=""""","=""5.029283""","=""""","=""""","=""0.003729""","=""""","=""                                                                                     ""","="""""
"=""""","=""""","=""5/2""","=""""","=""5.031839""","=""""","=""""","=""0.00256""","=""""","=""                                                                                     ""","="""""
"=""""","=""""","=""13/2""","=""""","=""5.032072""","=""""","=""""","=""0.00023""","=""1.175""","=""                                                                                     ""","="""""
"=""4f12.5d.6s.6p""","=""*""","=""7/2""","=""""","=""5.0333000""","=""""","=""""","=""0.001228""","=""1.305""","=""                                                                                     ""","="""""
"=""""","=""""","=""7/2""","=""""","=""5.0398884""","=""""","=""""","=""0.006588""","=""""","=""                                                                                     ""","="""""
"=""4f12.5d.6s.6p""","=""*""","=""11/2""","=""""","=""5.0415855""","=""""","=""""","=""0.001697""","=""""","=""                                                                                     ""","="""""
"=""4f13.(2F*<7/2>).5d.6p.(3F*<3>)""","=""(7/2,3)""","=""3/2""","=""""","=""5.045367""","=""""","=""""","=""0.003781""","=""1.31""","=""  49                 :    36                                 (2F*<7/2>)(1D*<2>)      ""","="""""
"=""4f13.(2F*<7/2>).5d.6p.(3F*<3>)""","=""(7/2,3)""","=""1/2""","=""""","=""5.094393""","=""""","=""""","=""0.04903""","=""1.50""","=""  89                 :     5                                 (2F*<7/2>)(1F*<3>)      ""","="""""
"=""4f13.(2F*<7/2>).5d.6p.(3F*<3>)""","=""(7/2,3)""","=""13/2""","=""""","=""5.141555""","=""""","=""""","=""0.04716""","=""1.15""","=""  96                 :     2                                 (2F*<7/2>)(3D*<3>)      ""","="""""
"=""4f13.(2F*<7/2>).5d.6p.(3F*<3>)""","=""(7/2,3)""","=""11/2""","=""""","=""5.2605733""","=""""","=""""","=""0.119018""","=""1.19""","=""  45                 :    31                                 (2F*<7/2>)(3D*<2>)      ""","="""""
"=""4f13.(2F*<7/2>).5d.6p.(3F*<3>)""","=""(7/2,3)""","=""5/2""","=""""","=""5.281292""","=""""","=""""","=""0.020719""","=""""","=""  39                 :    19                                 (2F*<7/2>)(1D*<2>)      ""","="""""
"=""4f13.(2F*<7/2>).5d.6p.(3F*<3>)""","=""(7/2,3)""","=""9/2""","=""""","=""5.3021426""","=""""","=""""","=""0.020851""","=""""","=""  86                 :     6                                 (2F*<7/2>)(3F*<2>)      ""","="""""
"=""4f13.(2F*<7/2>).5d.6p.(3F*<3>)""","=""(7/2,3)""","=""7/2""","=""""","=""5.304473""","=""""","=""""","=""0.002330""","=""""","=""  41                 :    22                                 (2F*<7/2>)(3F*<2>)      ""","="""""
"=""4f12.5d.6s.6p""","=""*""","=""7/2""","=""""","=""5.0540785""","=""""","=""""","=""-0.250394""","=""1.178""","=""                                                                                     ""","="""""
"=""4f12.5d.6s.6p""","=""*""","=""13/2""","=""""","=""5.0561877""","=""""","=""""","=""0.002109""","=""1.22""","=""                                                                                     ""","="""""
"=""4f12.(1G<4>).5d<3/2>.6s2""","=""""","=""5/2""","=""""","=""5.056973""","=""""","=""""","=""0.000785""","=""0.91""","=""  24  (4,3/2)        :    20                                 (3H<4>) (4,3/2)         ""","="""""
"=""""","=""""","=""13/2""","=""""","=""5.065440""","=""""","=""""","=""0.00847""","=""1.17""","=""                                                                                     ""","="""""
"=""4f12.5d.6s.6p""","=""*""","=""9/2""","=""""","=""5.0654463""","=""""","=""""","=""0.000006""","=""1.08""","=""                                                                                     ""","="""""
"=""4f12.5d.6s.6p""","=""*""","=""5/2""","=""""","=""5.075741""","=""""","=""""","=""0.010295""","=""1.10""","=""                                                                                     ""","="""""
"=""4f13.(2F*<5/2>).6s.7s.(3S<1>)""","=""(5/2,1)*""","=""3/2""","=""""","=""5.082079""","=""""","=""""","=""0.00634""","=""0.40""","=""                                                                                     ""","="""""
"=""4f13.(2F*<5/2>).6s.7s.(3S<1>)""","=""(5/2,1)*""","=""5/2""","=""""","=""5.0925764""","=""""","=""""","=""0.010497""","=""0.99""","=""                                                                                     ""","="""""
"=""4f13.(2F*<5/2>).6s.7s.(3S<1>)""","=""(5/2,1)*""","=""7/2""","=""""","=""5.1068052""","=""""","=""""","=""0.014229""","=""1.19""","=""                                                                                     ""","="""""
"=""4f12.5d.6s.6p""","=""*""","=""7/2""","=""""","=""5.0848879""","=""""","=""""","=""-0.021917""","=""1.15""","=""                                                                                     ""","="""""
"=""4f13.(2F*<7/2>).6s.8s.(3S<1>)""","=""(7/2,1)*""","=""9/2""","=""""","=""5.0930895""","=""""","=""""","=""0.008202""","=""1.32""","=""                                                                                     ""","="""""
"=""4f13.(2F*<7/2>).6s.8s.(3S<1>)""","=""(7/2,1)*""","=""7/2""","=""""","=""5.1096297""","=""""","=""""","=""0.016540""","=""1.18""","=""                                                                                     ""","="""""
"=""4f13.(2F*<7/2>).6s.8s.(3S<1>)""","=""(7/2,1)*""","=""5/2""","=""""","=""5.123755""","=""""","=""""","=""0.014125""","=""0.90""","=""                                                                                     ""","="""""
"=""4f12.5d.6s.6p""","=""*""","=""11/2""","=""""","=""5.0934425""","=""""","=""""","=""-0.030312""","=""1.295""","=""                                                                                     ""","="""""
"=""4f12.(3F<2>).6s2.6p<3/2>""","=""(2,3/2)*""","=""7/2""","=""""","=""5.0938956""","=""""","=""""","=""0.000453""","=""1.005""","=""  75                 :    19                                 (1D<2>) (2,3/2)*        ""","="""""
"=""4f12.5d.6s.6p""","=""*""","=""9/2""","=""""","=""5.0969115""","=""""","=""""","=""0.003016""","=""1.19""","=""                                                                                     ""","="""""
"=""""","=""*""","=""9/2""","=""""","=""5.0987676""","=""""","=""""","=""0.001856""","=""1.244""","=""                                                                                     ""","="""""
"=""""","=""""","=""7/2""","=""""","=""5.101288""","=""""","=""""","=""0.002520""","=""""","=""                                                                                     ""","="""""
"=""""","=""""","=""9/2""","=""""","=""5.102086""","=""""","=""""","=""0.00080""","=""""","=""                                                                                     ""","="""""
"=""""","=""""","=""13/2""","=""""","=""5.107301""","=""""","=""""","=""0.00521""","=""1.17""","=""                                                                                     ""","="""""
"=""4f12.5d.6s.6p""","=""*""","=""13/2""","=""""","=""5.117435""","=""""","=""""","=""0.01013""","=""1.12""","=""                                                                                     ""","="""""
"=""""","=""*""","=""17/2""","=""""","=""5.120469""","=""""","=""""","=""0.00303""","=""1.08""","=""                                                                                     ""","="""""
"=""""","=""""","=""11/2""","=""""","=""5.1270945""","=""""","=""""","=""0.006626""","=""1.07""","=""                                                                                     ""","="""""
"=""""","=""""","=""9/2""","=""""","=""5.131842""","=""""","=""""","=""0.004747""","=""1.17""","=""                                                                                     ""","="""""
"=""4f12.5d.6s.6p""","=""*""","=""7/2""","=""""","=""5.1361042""","=""""","=""""","=""0.004262""","=""1.10""","=""                                                                                     ""","="""""
"=""""","=""""","=""11/2""","=""""","=""5.1366947""","=""""","=""""","=""0.000590""","=""""","=""                                                                                     ""","="""""
"=""4f13.(2F*<7/2>).5d.6p.(3F*<3>)""","=""""","=""5/2""","=""""","=""5.1444806""","=""""","=""""","=""0.007786""","=""1.29""","=""  35  (7/2,3)        :    33                                 (2F*<7/2>)(1D*<2>)      ""","="""""
"=""4f12.5d.6s.6p""","=""*""","=""7/2""","=""""","=""5.148469""","=""""","=""""","=""0.003988""","=""1.105""","=""                                                                                     ""","="""""
"=""4f12.5d.6s.6p""","=""*""","=""5/2""","=""""","=""5.1495056""","=""""","=""""","=""0.001037""","=""1.025""","=""                                                                                     ""","="""""
"=""4f13.(2F*<7/2>).5d.6p.(3D*<1>)""","=""(7/2,1)""","=""5/2""","=""""","=""5.150873""","=""""","=""""","=""0.001367""","=""1.25""","=""  54                 :    22                                 (2F*<7/2>)(3F*<2>)      ""","="""""
"=""4f13.(2F*<7/2>).5d.6p.(3D*<1>)""","=""(7/2,1)""","=""9/2""","=""""","=""5.224571""","=""""","=""""","=""0.07370""","=""1.06""","=""  74                 :     9                                 (2F*<7/2>)(1P*<1>)      ""","="""""
"=""4f13.(2F*<7/2>).5d.6p.(3D*<1>)""","=""(7/2,1)""","=""7/2""","=""""","=""5.2746745""","=""""","=""""","=""0.050103""","=""1.12""","=""  70                 :    11                                 (2F*<7/2>)(3F*<3>)      ""","="""""
"=""4f12.5d.6s.6p""","=""*""","=""11/2""","=""""","=""5.1539133""","=""""","=""""","=""-0.120761""","=""1.205""","=""                                                                                     ""","="""""
"=""4f12.5d.6s.6p""","=""*""","=""9/2""","=""""","=""5.1547851""","=""""","=""""","=""0.000872""","=""1.249""","=""                                                                                     ""","="""""
"=""4f13.(2F*<7/2>).5d.6p.(3F*<3>)""","=""""","=""7/2""","=""""","=""5.1598805""","=""""","=""""","=""0.005095""","=""1.29""","=""  22  (7/2,3)        :    18                                 (2F*<7/2>)(3D*<2>)      ""","="""""
"=""4f13.(2F*<7/2>).6s.8s.(1S<0>)""","=""(7/2,0)*""","=""7/2""","=""""","=""5.1634619""","=""""","=""""","=""0.003581""","=""1.16""","=""                                                                                     ""","="""""
"=""4f12.5d.6s.6p""","=""*""","=""11/2""","=""""","=""5.1685794""","=""""","=""""","=""0.005117""","=""1.145""","=""                                                                                     ""","="""""
"=""""","=""""","=""11/2""","=""""","=""5.1701686""","=""""","=""""","=""0.001589""","=""1.13""","=""                                                                                     ""","="""""
"=""""","=""""","=""9/2""","=""""","=""5.1736130""","=""""","=""""","=""0.003444""","=""1.06""","=""                                                                                     ""","="""""
"=""4f12.5d.6s.6p""","=""*""","=""3/2""","=""""","=""5.175521""","=""""","=""""","=""0.001908""","=""0.913""","=""                                                                                     ""","="""""
"=""""","=""""","=""5/2""","=""""","=""5.176468""","=""""","=""""","=""0.00095""","=""1.08""","=""                                                                                     ""","="""""
"=""4f12.5d.6s.6p""","=""*""","=""9/2""","=""""","=""5.1808346""","=""""","=""""","=""0.004367""","=""1.25""","=""                                                                                     ""","="""""
"=""""","=""""","=""5/2""","=""""","=""5.187005""","=""""","=""""","=""0.006170""","=""""","=""                                                                                     ""","="""""
"=""4f13.(2F*<7/2>).6p2.(3P<0>)""","=""(7/2,0)*""","=""7/2""","=""""","=""5.1876975""","=""""","=""""","=""0.000692""","=""1.21""","=""  85                 :     9                                 (2F*<7/2>)(1S<0>)       ""","="""""
"=""4f12.5d.6s.6p""","=""*""","=""11/2""","=""""","=""5.1917601""","=""""","=""""","=""0.004063""","=""1.16""","=""                                                                                     ""","="""""
"=""4f12.5d.6s.6p""","=""*""","=""15/2""","=""""","=""5.192474""","=""""","=""""","=""0.000714""","=""""","=""                                                                                     ""","="""""
"=""4f12.5d.6s.6p""","=""*""","=""9/2""","=""""","=""5.1926738""","=""""","=""""","=""0.000200""","=""1.18""","=""                                                                                     ""","="""""
"=""4f12.5d.6s.6p""","=""*""","=""13/2""","=""""","=""5.1970748""","=""""","=""""","=""0.004401""","=""1.15""","=""                                                                                     ""","="""""
"=""4f13.(2F*<7/2>).5d.6p.(1D*<2>)""","=""(7/2,2)""","=""11/2""","=""""","=""5.2172739""","=""""","=""""","=""0.020199""","=""1.12""","=""  58                 :    20                                 (2F*<7/2>)(3F*<2>)      ""","="""""
"=""4f12.5d.6s.6p""","=""*""","=""11/2""","=""""","=""5.2221004""","=""""","=""""","=""0.004827""","=""1.10""","=""                                                                                     ""","="""""
"=""4f12.5d.6s.6p""","=""*""","=""7/2""","=""""","=""5.2238588""","=""""","=""""","=""0.001758""","=""1.17""","=""                                                                                     ""","="""""
"=""4f12.5d.6s.6p""","=""*""","=""5/2""","=""""","=""5.2296394""","=""""","=""""","=""0.005781""","=""1.05""","=""                                                                                     ""","="""""
"=""""","=""""","=""5/2""","=""""","=""5.231981""","=""""","=""""","=""0.002342""","=""1.25""","=""                                                                                     ""","="""""
"=""""","=""""","=""7/2""","=""""","=""5.247732""","=""""","=""""","=""0.01575""","=""""","=""                                                                                     ""","="""""
"=""4f13.(2F*<7/2>).5d.6p.(1D*<2>)""","=""""","=""3/2""","=""""","=""5.251651""","=""""","=""""","=""0.00392""","=""1.18""","=""  37  (7/2,2)        :    32                                 (2F*<7/2>)(3F*<3>)      ""","="""""
"=""4f12.5d.6s.6p""","=""*""","=""5/2""","=""""","=""5.2529142""","=""""","=""""","=""0.001263""","=""1.20""","=""                                                                                     ""","="""""
"=""4f12.5d.6s.6p""","=""*""","=""7/2""","=""""","=""5.2532995""","=""""","=""""","=""0.000385""","=""1.043""","=""                                                                                     ""","="""""
"=""4f12.5d.6s.6p""","=""*""","=""13/2""","=""""","=""5.2577553""","=""""","=""""","=""0.004456""","=""1.125""","=""                                                                                     ""","="""""
"=""""","=""""","=""13/2""","=""""","=""5.263931""","=""""","=""""","=""0.006176""","=""1.20""","=""                                                                                     ""","="""""
"=""4f12.5d.6s.6p""","=""*""","=""11/2""","=""""","=""5.2744573""","=""""","=""""","=""0.010526""","=""1.10""","=""                                                                                     ""","="""""
"=""""","=""""","=""13/2""","=""""","=""5.2749263""","=""""","=""""","=""0.000469""","=""""","=""                                                                                     ""","="""""
"=""4f12.5d.6s.6p""","=""*""","=""9/2""","=""""","=""5.2769579""","=""""","=""""","=""0.002032""","=""1.06""","=""                                                                                     ""","="""""
"=""""","=""""","=""9/2""","=""""","=""5.278752""","=""""","=""""","=""0.001794""","=""""","=""                                                                                     ""","="""""
"=""4f12.5d.6s.6p""","=""*""","=""11/2""","=""""","=""5.2794919""","=""""","=""""","=""0.000740""","=""1.135""","=""                                                                                     ""","="""""
"=""4f12.5d.6s.6p""","=""*""","=""9/2""","=""""","=""5.2809890""","=""""","=""""","=""0.001497""","=""1.09""","=""                                                                                     ""","="""""
"=""""","=""""","=""11/2""","=""""","=""5.2812050""","=""""","=""""","=""0.000216""","=""1.20""","=""                                                                                     ""","="""""
"=""4f13.(2F*<7/2>).5d.6p.(1D*<2>)""","=""""","=""9/2""","=""""","=""5.2901262""","=""""","=""""","=""0.008921""","=""1.10""","=""  41  (7/2,2)        :    41                                 (2F*<7/2>)(3F*<2>)      ""","="""""
"=""""","=""""","=""5/2 or 7/2""","=""""","=""5.293499""","=""""","=""""","=""0.003373""","=""""","=""                                                                                     ""","="""""
"=""4f12.5d.6s.6p""","=""*""","=""5/2""","=""""","=""5.2948543""","=""""","=""""","=""0.001355""","=""1.095""","=""                                                                                     ""","="""""
"=""""","=""""","=""9/2""","=""""","=""5.296412""","=""""","=""""","=""0.001558""","=""1.12""","=""                                                                                     ""","="""""
"=""4f13.(2F*<7/2>).5d.6p.(3F*<4>)""","=""(7/2,4)""","=""1/2""","=""""","=""""","=""""","=""""","=""""","=""""","=""  88                 :     5                                 (2F*<7/2>)(3F*<3>)      ""","="""""
"=""4f13.(2F*<7/2>).5d.6p.(3F*<4>)""","=""(7/2,4)""","=""13/2""","=""""","=""""","=""""","=""""","=""""","=""""","=""  81                 :    10                                 (2F*<7/2>)(1F*<3>)      ""","="""""
"=""4f13.(2F*<7/2>).5d.6p.(3F*<4>)""","=""(7/2,4)""","=""15/2""","=""""","=""5.298229""","=""""","=""""","=""""","=""1.19""","="" 100                                                                                 ""","="""""
"=""4f13.(2F*<7/2>).5d.6p.(3F*<4>)""","=""(7/2,4)""","=""3/2""","=""""","=""5.430617""","=""""","=""""","=""0.13239""","=""1.21""","=""  83                 :     7                                 (2F*<7/2>)(3F*<3>)      ""","="""""
"=""4f13.(2F*<7/2>).5d.6p.(3F*<4>)""","=""(7/2,4)""","=""5/2""","=""""","=""5.437837""","=""""","=""""","=""0.00722""","=""""","=""  51                 :    15                                 (2F*<7/2>)(1D*<2>)      ""","="""""
"=""4f13.(2F*<7/2>).5d.6p.(3F*<4>)""","=""(7/2,4)""","=""7/2""","=""""","=""5.4881959""","=""""","=""""","=""0.050359""","=""1.10""","=""  66                 :    19                                 (2F*<7/2>)(3P*<1>)      ""","="""""
"=""4f13.(2F*<7/2>).5d.6p.(3F*<4>)""","=""(7/2,4)""","=""11/2""","=""""","=""5.507066""","=""""","=""""","=""0.018870""","=""1.17""","=""  56                 :    38                                 (2F*<7/2>)(3D*<3>)      ""","="""""
"=""4f13.(2F*<7/2>).5d.6p.(3F*<4>)""","=""(7/2,4)""","=""9/2""","=""""","=""5.527543""","=""""","=""""","=""0.02048""","=""1.07""","=""  75                 :     9                                 (2F*<7/2>)(3D*<3>)      ""","="""""
"=""4f13.(2F*<5/2>).6s.7s.(1S<0>)""","=""(5/2,0)*""","=""5/2""","=""""","=""5.2984905""","=""""","=""""","=""-0.229052""","=""""","=""                                                                                     ""","="""""
"=""4f12.5d.6s.6p""","=""*""","=""7/2""","=""""","=""5.2993336""","=""""","=""""","=""0.000843""","=""1.19""","=""                                                                                     ""","="""""
"=""""","=""""","=""5/2 or 7/2""","=""""","=""5.299789""","=""""","=""""","=""0.000455""","=""""","=""                                                                                     ""","="""""
"=""4f12.5d.6s.6p""","=""*""","=""9/2""","=""""","=""5.3029024""","=""""","=""""","=""0.003113""","=""1.215""","=""                                                                                     ""","="""""
"=""4f12.5d.6s.6p""","=""*""","=""9/2""","=""""","=""5.3114202""","=""""","=""""","=""0.008518""","=""1.086""","=""                                                                                     ""","="""""
"=""4f12.(3F<4>).5d.6s.6p.(4F*<9/2>)""","=""*""","=""15/2""","=""""","=""5.313397""","=""""","=""""","=""0.001977""","=""1.124""","=""  29  (4,9/2)*                                                                       ""","="""""
"=""""","=""""","=""11/2""","=""""","=""5.3149862""","=""""","=""""","=""0.001589""","=""""","=""                                                                                     ""","="""""
"=""""","=""""","=""13/2""","=""""","=""5.3151713""","=""""","=""""","=""0.000185""","=""""","=""                                                                                     ""","="""""
"=""""","=""""","=""5/2""","=""""","=""5.315994""","=""""","=""""","=""0.000823""","=""""","=""                                                                                     ""","="""""
"=""""","=""*""","=""5/2""","=""""","=""5.3192326""","=""""","=""""","=""0.003239""","=""1.04""","=""                                                                                     ""","="""""
"=""""","=""""","=""9/2""","=""""","=""5.319238""","=""""","=""""","=""0.000005""","=""""","=""                                                                                     ""","="""""
"=""4f12.5d.6s.6p""","=""*""","=""13/2""","=""""","=""5.3201673""","=""""","=""""","=""0.000929""","=""1.20""","=""                                                                                     ""","="""""
"=""""","=""""","=""7/2""","=""""","=""5.325372""","=""""","=""""","=""0.005205""","=""1.14""","=""                                                                                     ""","="""""
"=""""","=""""","=""11/2""","=""""","=""5.3260063""","=""""","=""""","=""0.000634""","=""""","=""                                                                                     ""","="""""
"=""""","=""""","=""5/2""","=""""","=""5.326054""","=""""","=""""","=""0.000048""","=""""","=""                                                                                     ""","="""""
"=""4f12.5d.6s.6p""","=""*""","=""11/2""","=""""","=""5.3265948""","=""""","=""""","=""0.000541""","=""1.205""","=""                                                                                     ""","="""""
"=""4f12.5d.6s.6p""","=""*""","=""9/2""","=""""","=""5.3350771""","=""""","=""""","=""0.008482""","=""1.095""","=""                                                                                     ""","="""""
"=""4f12.5d.6s.6p""","=""*""","=""7/2""","=""""","=""5.3355566""","=""""","=""""","=""0.000479""","=""1.15""","=""                                                                                     ""","="""""
"=""4f12.5d.6s.6p""","=""*""","=""15/2""","=""""","=""5.337712""","=""""","=""""","=""0.002155""","=""1.19""","=""                                                                                     ""","="""""
"=""4f13.(2F*<7/2>).6p2.(3P<1>)""","=""(7/2,1)*""","=""7/2""","=""""","=""5.3378348""","=""""","=""""","=""0.000123""","=""1.055""","=""  98                 :     1                                 (2F*<7/2>)(3P<2>)       ""","="""""
"=""4f13.(2F*<7/2>).6p2.(3P<1>)""","=""(7/2,1)*""","=""9/2""","=""""","=""5.3845548""","=""""","=""""","=""0.046720""","=""1.20""","=""  91                 :     7                                 (2F*<7/2>)(3P<2>)       ""","="""""
"=""4f13.(2F*<7/2>).6p2.(3P<1>)""","=""(7/2,1)*""","=""5/2""","=""""","=""5.3847277""","=""""","=""""","=""0.000173""","=""1.09""","=""  66                 :    27                                 (2F*<7/2>)(3P<2>)       ""","="""""
"=""""","=""""","=""5/2""","=""""","=""5.338291""","=""""","=""""","=""-0.046437""","=""""","=""                                                                                     ""","="""""
"=""4f13.(2F*<7/2>).5d.6p.(1D*<2>)""","=""""","=""7/2""","=""""","=""5.343495""","=""""","=""""","=""0.00520""","=""""","=""  30  (7/2,2)        :    21                                 (2F*<7/2>)(3D*<2>)      ""","="""""
"=""4f12.5d.6s.6p""","=""*""","=""5/2""","=""""","=""5.3454108""","=""""","=""""","=""0.001916""","=""1.114""","=""                                                                                     ""","="""""
"=""""","=""""","=""9/2""","=""""","=""5.345631""","=""""","=""""","=""0.000220""","=""""","=""                                                                                     ""","="""""
"=""""","=""""","=""3/2""","=""""","=""5.351224""","=""""","=""""","=""0.00559""","=""""","=""                                                                                     ""","="""""
"=""4f12.5d.6s.6p""","=""*""","=""11/2""","=""""","=""5.3544231""","=""""","=""""","=""0.003199""","=""1.196""","=""                                                                                     ""","="""""
"=""4f13.(2F*<7/2>).5d.6p.(3F*<3>)""","=""""","=""11/2""","=""""","=""5.3557266""","=""""","=""""","=""0.001303""","=""""","=""  49  (7/2,3)        :    40                                 (2F*<7/2>)(3D*<2>)      ""","="""""
"=""4f13.(2F*<7/2>).5d.6p.(3D*<2>)""","=""(7/2,2)""","=""3/2""","=""""","=""5.358825""","=""""","=""""","=""0.003098""","=""1.20""","=""  60                 :    17                                 (2F*<7/2>)(3P*<2>)      ""","="""""
"=""4f13.(2F*<7/2>).5d.6p.(3D*<2>)""","=""(7/2,2)""","=""5/2""","=""""","=""5.390992""","=""""","=""""","=""0.03217""","=""""","=""  71                 :    17                                 (2F*<7/2>)(3F*<4>)      ""","="""""
"=""4f13.(2F*<7/2>).5d.6p.(3D*<2>)""","=""(7/2,2)""","=""9/2""","=""""","=""5.425008""","=""""","=""""","=""0.03402""","=""1.08""","=""  86                 :     8                                 (2F*<7/2>)(1D*<2>)      ""","="""""
"=""4f13.(2F*<7/2>).5d.6p.(3D*<2>)""","=""(7/2,2)""","=""7/2""","=""""","=""5.4529619""","=""""","=""""","=""0.027954""","=""""","=""  35                 :    19                                 (2F*<7/2>)(3P*<1>)      ""","="""""
"=""4f12.5d.6s.6p""","=""*""","=""3/2""","=""""","=""5.359924""","=""""","=""""","=""-0.093038""","=""0.99""","=""                                                                                     ""","="""""
"=""""","=""""","=""5/2""","=""""","=""5.361449""","=""""","=""""","=""0.00152""","=""""","=""                                                                                     ""","="""""
"=""4f12.5d.6s.6p""","=""*""","=""13/2""","=""""","=""5.3671175""","=""""","=""""","=""0.005668""","=""1.175""","=""                                                                                     ""","="""""
"=""""","=""""","=""9/2""","=""""","=""5.367554""","=""""","=""""","=""0.000437""","=""""","=""                                                                                     ""","="""""
"=""""","=""""","=""7/2""","=""""","=""5.3689065""","=""""","=""""","=""0.001352""","=""""","=""                                                                                     ""","="""""
"=""4f13.(2F*<7/2>).6s.8p.(1P*<1>)""","=""(7/2,1)""","=""5/2""","=""""","=""5.370750""","=""""","=""""","=""0.001844""","=""""","=""                                                                                     ""","="""""
"=""4f13.(2F*<7/2>).6s.8p.(1P*<1>)""","=""(7/2,1)""","=""9/2""","=""""","=""5.375670""","=""""","=""""","=""0.00492""","=""""","=""                                                                                     ""","="""""
"=""4f13.(2F*<7/2>).6s.8p.(1P*<1>)""","=""(7/2,1)""","=""7/2""","=""""","=""5.404523""","=""""","=""""","=""0.02885""","=""""","=""                                                                                     ""","="""""
"=""""","=""""","=""9/2""","=""""","=""5.375292""","=""""","=""""","=""-0.02923""","=""""","=""                                                                                     ""","="""""
"=""4f12.5d.6s.6p""","=""*""","=""11/2""","=""""","=""5.3820251""","=""""","=""""","=""0.006733""","=""1.20""","=""                                                                                     ""","="""""
"=""4f12.5d.6s.6p""","=""*""","=""7/2""","=""""","=""5.3844825""","=""""","=""""","=""0.002457""","=""1.155""","=""                                                                                     ""","="""""
"=""4f12.5d.6s.6p""","=""*""","=""13/2""","=""""","=""5.3856567""","=""""","=""""","=""0.001174""","=""1.23""","=""                                                                                     ""","="""""
"=""4f12.5d.6s.6p""","=""*""","=""11/2""","=""""","=""5.3868503""","=""""","=""""","=""0.001194""","=""1.105""","=""                                                                                     ""","="""""
"=""""","=""""","=""9/2""","=""""","=""5.388868""","=""""","=""""","=""0.002018""","=""""","=""                                                                                     ""","="""""
"=""""","=""""","=""5/2""","=""""","=""5.392529""","=""""","=""""","=""0.00366""","=""""","=""                                                                                     ""","="""""
"=""""","=""""","=""7/2""","=""""","=""5.395099""","=""""","=""""","=""0.00257""","=""""","=""                                                                                     ""","="""""
"=""4f12.5d.6s.6p""","=""*""","=""9/2""","=""""","=""5.3988391""","=""""","=""""","=""0.003740""","=""""","=""                                                                                     ""","="""""
"=""""","=""""","=""5/2""","=""""","=""5.402191""","=""""","=""""","=""0.003352""","=""""","=""                                                                                     ""","="""""
"=""""","=""*""","=""7/2""","=""""","=""5.4042456""","=""""","=""""","=""0.002055""","=""1.248""","=""                                                                                     ""","="""""
"=""4f12.(3H<5>).5d.6s.6p.(4F*<7/2>)""","=""*""","=""15/2""","=""""","=""5.4074792""","=""""","=""""","=""0.003234""","=""1.12""","=""  38  (5,7/2)*                                                                       ""","="""""
"=""4f12.5d.6s.6p""","=""*""","=""9/2""","=""""","=""5.4150419""","=""""","=""""","=""0.007563""","=""1.04""","=""                                                                                     ""","="""""
"=""""","=""""","=""11/2""","=""""","=""5.4200402""","=""""","=""""","=""0.004998""","=""""","=""                                                                                     ""","="""""
"=""4f13.(2F*<7/2>).5d.6p.(3D*<3>)""","=""(7/2,3)""","=""1/2""","=""""","=""""","=""""","=""""","=""""","=""""","=""  54                 :    37                                 (2F*<7/2>)(1F*<3>)      ""","="""""
"=""4f13.(2F*<7/2>).5d.6p.(3D*<3>)""","=""(7/2,3)""","=""11/2""","=""""","=""5.429075""","=""""","=""""","=""""","=""1.17""","=""  37                 :    19                                 (2F*<7/2>)(3P*<2>)      ""","="""""
"=""4f13.(2F*<7/2>).5d.6p.(3D*<3>)""","=""(7/2,3)""","=""13/2""","=""""","=""5.4350539""","=""""","=""""","=""0.005979""","=""1.18""","=""  76                 :    14                                 (2F*<7/2>)(3F*<4>)      ""","="""""
"=""4f13.(2F*<7/2>).5d.6p.(3D*<3>)""","=""(7/2,3)""","=""5/2""","=""""","=""5.450126""","=""""","=""""","=""0.015072""","=""""","=""  44                 :    18                                 (2F*<7/2>)(3F*<4>)      ""","="""""
"=""4f13.(2F*<7/2>).5d.6p.(3D*<3>)""","=""(7/2,3)""","=""9/2""","=""""","=""5.502530""","=""""","=""""","=""0.05240""","=""1.15""","=""  43                 :    31                                 (2F*<7/2>)(3P*<1>)      ""","="""""
"=""4f13.(2F*<7/2>).5d.6p.(3D*<3>)""","=""(7/2,3)""","=""3/2""","=""""","=""5.522988""","=""""","=""""","=""0.02046""","=""1.10""","=""  62                 :    26                                 (2F*<7/2>)(1F*<3>)      ""","="""""
"=""4f13.(2F*<7/2>).5d.6p.(3D*<3>)""","=""(7/2,3)""","=""7/2""","=""""","=""5.5483026""","=""""","=""""","=""0.025315""","=""1.16""","=""  43                 :    29                                 (2F*<7/2>)(3P*<0>)      ""","="""""
"=""""","=""""","=""5/2""","=""""","=""5.437830""","=""""","=""""","=""-0.110473""","=""1.11""","=""                                                                                     ""","="""""
"=""4f12.5d.6s.6p""","=""*""","=""11/2""","=""""","=""5.4521611""","=""""","=""""","=""0.014331""","=""1.14""","=""                                                                                     ""","="""""
"=""4f12.5d.6s.6p""","=""*""","=""13/2""","=""""","=""5.4527393""","=""""","=""""","=""0.000578""","=""""","=""                                                                                     ""","="""""
"=""4f12.(1G<4>).6s2.6p<1/2>""","=""(4,1/2)*""","=""9/2""","=""""","=""5.4554624""","=""""","=""""","=""0.002723""","=""1.04""","=""  57                 :    32                                 (3H<4>) (4,1/2)*        ""","="""""
"=""4f12.(1G<4>).6s2.6p<1/2>""","=""(4,1/2)*""","=""7/2""","=""""","=""5.4729595""","=""""","=""""","=""0.017497""","=""1.02""","=""  56                 :    33                                 (3H<4>) (4,1/2)*        ""","="""""
"=""4f12.5d.6s.6p""","=""*""","=""13/2""","=""""","=""5.464307""","=""""","=""""","=""-0.008653""","=""""","=""                                                                                     ""","="""""
"=""4f13.(2F*<7/2>).6p2.(3P<2>)""","=""(7/2,2)*""","=""11/2""","=""""","=""5.4777378""","=""""","=""""","=""0.013431""","=""1.17""","=""  82                 :    18                                 (2F*<7/2>)(1D<2>)       ""","="""""
"=""4f13.(2F*<7/2>).6p2.(3P<2>)""","=""(7/2,2)*""","=""3/2""","=""""","=""5.5152326""","=""""","=""""","=""0.037495""","=""1.005""","=""  90                 :    10                                 (2F*<7/2>)(1D<2>)       ""","="""""
"=""4f12.5d.6s.6p""","=""*""","=""5/2""","=""""","=""5.4779100""","=""""","=""""","=""-0.037323""","=""1.17""","=""                                                                                     ""","="""""
"=""""","=""""","=""7/2""","=""""","=""5.480894""","=""""","=""""","=""0.002984""","=""1.04""","=""                                                                                     ""","="""""
"=""4f12.5d.6s.6p""","=""*""","=""15/2""","=""""","=""5.481393""","=""""","=""""","=""0.00050""","=""1.15""","=""                                                                                     ""","="""""
"=""""","=""""","=""9/2""","=""""","=""5.484918""","=""""","=""""","=""0.00353""","=""""","=""                                                                                     ""","="""""
"=""""","=""""","=""5/2""","=""""","=""5.485482""","=""""","=""""","=""0.00056""","=""""","=""                                                                                     ""","="""""
"=""4f12.5d.6s.6p""","=""*""","=""7/2""","=""""","=""5.4880333""","=""""","=""""","=""0.002551""","=""0.905""","=""                                                                                     ""","="""""
"=""""","=""""","=""11/2""","=""""","=""5.489575""","=""""","=""""","=""0.001542""","=""1.16""","=""                                                                                     ""","="""""
"=""4f12.5d.6s.6p""","=""*""","=""5/2""","=""""","=""5.4925289""","=""""","=""""","=""0.002954""","=""1.09""","=""                                                                                     ""","="""""
"=""4f12.5d.6s.6p""","=""*""","=""13/2""","=""""","=""5.4933912""","=""""","=""""","=""0.000862""","=""1.13""","=""                                                                                     ""","="""""
"=""4f13.(2F*<7/2>).6p2.(3P<2>)""","=""*""","=""9/2""","=""""","=""5.4945724""","=""""","=""""","=""0.001181""","=""1.15""","=""  46  (7/2,2)*       :    46                                 (2F*<7/2>)(1D<2>)       ""","="""""
"=""4f12.(3F<2>).5d<3/2>.6s2""","=""""","=""7/2""","=""""","=""5.495352""","=""""","=""""","=""0.000780""","=""1.09""","=""  19  (2,3/2)        :    19                                 (1D<2>) (2,3/2)         ""","="""""
"=""4f12.(3H<5>).5d.6s.6p.(4F*<9/2>)""","=""(5,9/2)*""","=""19/2""","=""""","=""5.496797""","=""""","=""""","=""0.00145""","=""1.18""","=""  98                                                                                 ""","="""""
"=""4f12.5d.6s.6p""","=""*""","=""11/2""","=""""","=""5.5028697""","=""""","=""""","=""0.006073""","=""""","=""                                                                                     ""","="""""
"=""4f12.5d.6s.6p""","=""*""","=""7/2""","=""""","=""5.5071792""","=""""","=""""","=""0.004310""","=""""","=""                                                                                     ""","="""""
"=""4f12.5d.6s.6p""","=""*""","=""13/2""","=""""","=""5.5072163""","=""""","=""""","=""0.000037""","=""1.145""","=""                                                                                     ""","="""""
"=""4f13.(2F*<7/2>).6p2.(1D<2>)""","=""*""","=""7/2""","=""""","=""5.5118700""","=""""","=""""","=""0.004654""","=""""","=""  49  (7/2,2)*       :    44                                 (2F*<7/2>)(3P<2>)       ""","="""""
"=""""","=""""","=""13/2""","=""""","=""5.519158""","=""""","=""""","=""0.007288""","=""1.125""","=""                                                                                     ""","="""""
"=""""","=""""","=""5/2""","=""""","=""5.519641""","=""""","=""""","=""0.00048""","=""""","=""                                                                                     ""","="""""
"=""""","=""""","=""7/2""","=""""","=""5.5209454""","=""""","=""""","=""0.001304""","=""0.95""","=""                                                                                     ""","="""""
"=""4f12.5d.6s.6p""","=""*""","=""15/2""","=""""","=""5.525461""","=""""","=""""","=""0.004516""","=""1.135""","=""                                                                                     ""","="""""
"=""4f12.5d.6s.6p""","=""*""","=""17/2""","=""""","=""5.526201""","=""""","=""""","=""0.00074""","=""1.18""","=""                                                                                     ""","="""""
"=""4f12.5d.6s.6p""","=""*""","=""13/2""","=""""","=""5.5285959""","=""""","=""""","=""0.002395""","=""1.04""","=""                                                                                     ""","="""""
"=""""","=""""","=""9/2""","=""""","=""5.5408430""","=""""","=""""","=""0.012247""","=""""","=""                                                                                     ""","="""""
"=""4f12.5d.6s.6p""","=""*""","=""11/2""","=""""","=""5.5479220""","=""""","=""""","=""0.007079""","=""1.17""","=""                                                                                     ""","="""""
"=""4f12.5d.6s.6p""","=""*""","=""9/2""","=""""","=""5.5512985""","=""""","=""""","=""0.003376""","=""""","=""                                                                                     ""","="""""
"=""4f12.5d.6s.6p""","=""*""","=""13/2""","=""""","=""5.5549717""","=""""","=""""","=""0.003673""","=""1.105""","=""                                                                                     ""","="""""
"=""4f13.(2F*<7/2>).6p2.(3P<2>)""","=""*""","=""5/2""","=""""","=""5.5613410""","=""""","=""""","=""0.006369""","=""1.045""","=""  43  (7/2,2)*       :    33                                 (2F*<7/2>)(3P<1>)       ""","="""""
"=""4f12.5d.6s.6p""","=""*""","=""9/2""","=""""","=""5.5629445""","=""""","=""""","=""0.001604""","=""1.10""","=""                                                                                     ""","="""""
"=""""","=""""","=""7/2""","=""""","=""5.565802""","=""""","=""""","=""0.002857""","=""""","=""                                                                                     ""","="""""
"=""""","=""""","=""9/2""","=""""","=""5.5692837""","=""""","=""""","=""0.003482""","=""1.19""","=""                                                                                     ""","="""""
"=""""","=""""","=""7/2""","=""""","=""5.581549""","=""""","=""""","=""0.012265""","=""""","=""                                                                                     ""","="""""
"=""4f12.5d.6s.6p""","=""*""","=""11/2""","=""""","=""5.5865270""","=""""","=""""","=""0.004978""","=""1.055""","=""                                                                                     ""","="""""
"=""4f12.5d.6s.6p""","=""*""","=""9/2""","=""""","=""5.5880394""","=""""","=""""","=""0.001512""","=""""","=""                                                                                     ""","="""""
"=""""","=""""","=""9/2""","=""""","=""5.5905742""","=""""","=""""","=""0.002535""","=""1.04""","=""                                                                                     ""","="""""
"=""4f13.(2F*<7/2>).5d.6p.(3P*<0>)""","=""(7/2,0)""","=""7/2""","=""""","=""5.595614""","=""""","=""""","=""0.005040""","=""""","=""  41                 :    12                                 (2F*<7/2>)(3P*<1>)      ""","="""""
"=""4f12.5d.6s.6p""","=""*""","=""9/2""","=""""","=""5.5975518""","=""""","=""""","=""0.001938""","=""""","=""                                                                                     ""","="""""
"=""""","=""""","=""7/2""","=""""","=""5.597841""","=""""","=""""","=""0.000289""","=""""","=""                                                                                     ""","="""""
"=""4f12.5d.6s.6p""","=""*""","=""11/2""","=""""","=""5.615122""","=""""","=""""","=""0.01728""","=""1.155""","=""                                                                                     ""","="""""
"=""4f12.5d.6s.6p""","=""*""","=""13/2""","=""""","=""5.627526""","=""""","=""""","=""0.01240""","=""""","=""                                                                                     ""","="""""
"=""4f12.5d.6s.6p""","=""*""","=""7/2""","=""""","=""5.6299558""","=""""","=""""","=""0.002430""","=""1.105""","=""                                                                                     ""","="""""
"=""4f12.5d.6s.6p""","=""*""","=""9/2""","=""""","=""5.6372792""","=""""","=""""","=""0.007323""","=""""","=""                                                                                     ""","="""""
"=""4f12.5d.6s.6p""","=""*""","=""11/2""","=""""","=""5.639529""","=""""","=""""","=""0.002250""","=""""","=""                                                                                     ""","="""""
"=""4f12.5d.6s.6p""","=""*""","=""15/2""","=""""","=""5.648437""","=""""","=""""","=""0.00891""","=""1.164""","=""                                                                                     ""","="""""
"=""4f12.(3H<5>).5d.6s.6p.(4D*<5/2>)""","=""*""","=""15/2""","=""""","=""5.654768""","=""""","=""""","=""0.00633""","=""1.15""","=""  34  (5,5/2)*                                                                       ""","="""""
"=""4f12.5d.6s.6p""","=""*""","=""11/2""","=""""","=""5.6581103""","=""""","=""""","=""0.003342""","=""1.14""","=""                                                                                     ""","="""""
"=""4f12.5d.6s.6p""","=""*""","=""13/2""","=""""","=""5.661199""","=""""","=""""","=""0.003089""","=""1.19""","=""                                                                                     ""","="""""
"=""""","=""""","=""11/2""","=""""","=""5.667827""","=""""","=""""","=""0.00663""","=""""","=""                                                                                     ""","="""""
"=""4f12.5d.6s.6p""","=""*""","=""11/2""","=""""","=""5.6797791""","=""""","=""""","=""0.011952""","=""1.225""","=""                                                                                     ""","="""""
"=""""","=""""","=""5/2 or 7/2""","=""""","=""5.691910""","=""""","=""""","=""0.012131""","=""""","=""                                                                                     ""","="""""
"=""4f12.(3H<5>).5d.6s.6p.(4D*<7/2>)""","=""*""","=""15/2""","=""""","=""5.695155""","=""""","=""""","=""0.00324""","=""1.165""","=""  29  (5,7/2)*                                                                       ""","="""""
"=""4f12.5d.6s.6p""","=""*""","=""11/2""","=""""","=""5.7235553""","=""""","=""""","=""0.028400""","=""""","=""                                                                                     ""","="""""
"=""4f12.5d.6s.6p""","=""*""","=""11/2""","=""""","=""5.7307252""","=""""","=""""","=""0.007170""","=""""","=""                                                                                     ""","="""""
"=""""","=""""","=""9/2""","=""""","=""5.732845""","=""""","=""""","=""0.002120""","=""""","=""                                                                                     ""","="""""
"=""4f13.(2F*<7/2>).5d.6p.(3P*<2>)""","=""(7/2,2)""","=""11/2""","=""""","=""5.735774""","=""""","=""""","=""0.00293""","=""1.15""","=""  50                 :    24                                 (2F*<7/2>)(3F*<4>)      ""","="""""
"=""4f12.5d.6s.6p""","=""*""","=""15/2""","=""""","=""5.760437""","=""""","=""""","=""0.02466""","=""1.18""","=""                                                                                     ""","="""""
"=""""","=""""","=""7/2""","=""""","=""5.765276""","=""""","=""""","=""0.00484""","=""""","=""                                                                                     ""","="""""
"=""4f12.5d.6s.6p""","=""*""","=""13/2""","=""""","=""5.7773777""","=""""","=""""","=""0.012102""","=""1.18""","=""                                                                                     ""","="""""
"=""4f12.5d.6s.6p""","=""*""","=""13/2""","=""""","=""5.7893301""","=""""","=""""","=""0.011952""","=""1.16""","=""                                                                                     ""","="""""
"=""4f12.(3H<6>) .5d.(2D).6s.6p.(?)(2F*<7/2>)""","=""(6,7/2)*""","=""17/2""","=""""","=""5.798457""","=""""","=""""","=""0.009127""","=""1.17""","=""                                                                                     ""","="""""
"=""4f12.5d.6s.6p""","=""*""","=""11/2""","=""""","=""5.808714""","=""""","=""""","=""0.01026""","=""1.145""","=""                                                                                     ""","="""""
"=""4f12.5d.6s.6p""","=""*""","=""13/2""","=""""","=""5.830661""","=""""","=""""","=""0.02195""","=""1.17""","=""                                                                                     ""","="""""
"=""4f12.5d.6s.6p""","=""*""","=""13/2""","=""""","=""5.8538288""","=""""","=""""","=""0.023168""","=""1.135""","=""                                                                                     ""","="""""
"=""4f12.5d.6s.6p""","=""*""","=""11/2""","=""""","=""5.887370""","=""""","=""""","=""0.033541""","=""1.115""","=""                                                                                     ""","="""""
"=""4f12.5d.6s.6p""","=""*""","=""15/2""","=""""","=""5.905433""","=""""","=""""","=""0.01806""","=""1.162""","=""                                                                                     ""","="""""
"=""4f12.5d.6s.6p""","=""*""","=""13/2""","=""""","=""5.9072186""","=""""","=""""","=""0.001786""","=""1.175""","=""                                                                                     ""","="""""
"=""4f12.5d.6s.6p""","=""*""","=""13/2""","=""""","=""5.9214083""","=""""","=""""","=""0.014190""","=""1.16""","=""                                                                                     ""","="""""
"=""4f12.(3H<4>).5d.6s.6p.(4F*<7/2>)""","=""(4,7/2)*""","=""15/2""","=""""","=""5.937114""","=""""","=""""","=""0.015706""","=""1.15""","=""  49                                                                                 ""","="""""
"=""4f12.5d.6s.6p""","=""*""","=""13/2""","=""""","=""5.9655829""","=""""","=""""","=""0.028469""","=""1.17""","=""                                                                                     ""","="""""
"=""""","=""""","=""9/2""","=""""","=""6.019182""","=""""","=""""","=""0.053599""","=""""","=""                                                                                     ""","="""""
"=""4f13.(2F*<7/2>).6s (7/2,1/2)*<3>.17p<3/2>?""","=""(3,3/2)?""","=""3/2""","=""""","=""""","=""""","=""""","=""""","=""""","=""                                                                                     ""","="""""
"=""4f13.(2F*<7/2>).6s (7/2,1/2)*<3>.17p<3/2>?""","=""(3,3/2)?""","=""5/2?""","=""""","=""6.132076""","=""""","=""""","=""""","=""""","=""                                                                                     ""","="""""
"=""4f13.(2F*<7/2>).6s (7/2,1/2)*<3>.17p<3/2>?""","=""(3,3/2)?""","=""9/2?""","=""""","=""6.132288""","=""""","=""""","=""0.00021""","=""""","=""                                                                                     ""","="""""
"=""4f13.(2F*<7/2>).6s (7/2,1/2)*<3>.17p<3/2>?""","=""(3,3/2)?""","=""7/2?""","=""""","=""6.133465""","=""""","=""""","=""0.00118""","=""""","=""                                                                                     ""","="""""
"=""4f13.(2F*<7/2>).6s (7/2,1/2)*<3>.18p<3/2>?""","=""(3,3/2)?""","=""3/2""","=""""","=""""","=""""","=""""","=""""","=""""","=""                                                                                     ""","="""""
"=""4f13.(2F*<7/2>).6s (7/2,1/2)*<3>.18p<3/2>?""","=""(3,3/2)?""","=""5/2?""","=""""","=""6.144669""","=""""","=""""","=""""","=""""","=""                                                                                     ""","="""""
"=""4f13.(2F*<7/2>).6s (7/2,1/2)*<3>.18p<3/2>?""","=""(3,3/2)?""","=""9/2?""","=""""","=""6.144972""","=""""","=""""","=""0.00030""","=""""","=""                                                                                     ""","="""""
"=""4f13.(2F*<7/2>).6s (7/2,1/2)*<3>.18p<3/2>?""","=""(3,3/2)?""","=""7/2?""","=""""","=""6.145300""","=""""","=""""","=""0.00033""","=""""","=""                                                                                     ""","="""""
"=""4f13.(2F*<7/2>).6s (7/2,1/2)*<3>.19p<3/2>?""","=""(3,3/2)?""","=""5/2 or 7/2 or 9/2""","=""""","=""6.152946""","=""""","=""""","=""0.00765""","=""""","=""                                                                                     ""","="""""
"=""4f13.(2F*<7/2>).6s (7/2,1/2)*<3>.19p<3/2>?""","=""(3,3/2)?""","=""5/2 or 7/2 or 9/2""","=""""","=""6.153273""","=""""","=""""","=""0.00033""","=""""","=""                                                                                     ""","="""""
"=""4f13.(2F*<7/2>).6s (7/2,1/2)*<3>.20p<3/2>?""","=""(3,3/2)?""","=""5/2 or 7/2 or 9/2""","=""""","=""6.160182""","=""""","=""""","=""0.00691""","=""""","=""                                                                                     ""","="""""
"=""4f13.(2F*<7/2>).6s (7/2,1/2)*<3>.20p<3/2>?""","=""(3,3/2)?""","=""5/2 or 7/2 or 9/2""","=""""","=""6.160478""","=""""","=""""","=""0.00030""","=""""","=""                                                                                     ""","="""""
"=""4f13.(2F*<7/2>).6s (7/2,1/2)*<4>.30p<3/2>""","=""(4,3/2)""","=""5/2 or 7/2 or 9/2""","=""""","=""6.164660""","=""""","=""""","=""0.00418""","=""""","=""                                                                                     ""","="""""
"=""4f13.(2F*<7/2>).6s (7/2,1/2)*<4>.31p<3/2>""","=""(4,3/2)""","=""5/2 or 7/2 or 9/2""","=""""","=""6.165883""","=""""","=""""","=""0.00122""","=""""","=""                                                                                     ""","="""""
"=""4f13.(2F*<7/2>).6s (7/2,1/2)*<3>.21p<3/2>""","=""(3,3/2)""","=""5/2 or 7/2 or 9/2""","=""""","=""6.166419""","=""""","=""""","=""0.00054""","=""""","=""                                                                                     ""","="""""
"=""4f13.(2F*<7/2>).6s (7/2,1/2)*<4>.32p<3/2>""","=""(4,3/2)""","=""5/2 or 7/2 or 9/2""","=""""","=""6.167200""","=""""","=""""","=""0.00078""","=""""","=""                                                                                     ""","="""""
"=""4f13.(2F*<7/2>).6s (7/2,1/2)*<4>.33p<3/2>""","=""(4,3/2)""","=""5/2 or 7/2 or 9/2""","=""""","=""6.168390""","=""""","=""""","=""0.00119""","=""""","=""                                                                                     ""","="""""
"=""4f13.(2F*<7/2>).6s (7/2,1/2)*<4>.34p<3/2>""","=""(4,3/2)""","=""5/2 or 7/2 or 9/2""","=""""","=""6.169326""","=""""","=""""","=""0.00094""","=""""","=""                                                                                     ""","="""""
"=""4f13.(2F*<7/2>).6s (7/2,1/2)*<4>.35p<3/2>""","=""(4,3/2)""","=""5/2 or 7/2 or 9/2""","=""""","=""6.170348""","=""""","=""""","=""0.00102""","=""""","=""                                                                                     ""","="""""
"=""4f13.(2F*<7/2>).6s (7/2,1/2)*<4>.36p<3/2>""","=""(4,3/2)""","=""5/2 or 7/2 or 9/2""","=""""","=""6.171114""","=""""","=""""","=""0.00077""","=""""","=""                                                                                     ""","="""""
"=""4f13.(2F*<7/2>).6s (7/2,1/2)*<4>.37p<3/2>""","=""(3,3/2)""","=""5/2 or 7/2 or 9/2""","=""""","=""6.171761""","=""""","=""""","=""0.00065""","=""""","=""                                                                                     ""","="""""
"=""4f13.(2F*<7/2>).6s (7/2,1/2)*<3>.22p<3/2>""","=""(3,3/2)""","=""5/2 or 7/2 or 9/2""","=""""","=""6.171761""","=""""","=""""","=""0.00000""","=""""","=""                                                                                     ""","="""""
"=""4f13.(2F*<7/2>).6s (7/2,1/2)*<4>.38p<3/2>""","=""(4,3/2)""","=""5/2 or 7/2 or 9/2""","=""""","=""6.172586""","=""""","=""""","=""0.00082""","=""""","=""                                                                                     ""","="""""
"=""4f13.(2F*<7/2>).6s (7/2,1/2)*<4>.39p<3/2>""","=""(4,3/2)""","=""5/2 or 7/2 or 9/2""","=""""","=""6.173353""","=""""","=""""","=""0.00077""","=""""","=""                                                                                     ""","="""""
"=""4f13.(2F*<7/2>).6s (7/2,1/2)*<4>.40p<3/2>""","=""(4,3/2)""","=""5/2 or 7/2 or 9/2""","=""""","=""6.173923""","=""""","=""""","=""0.00057""","=""""","=""                                                                                     ""","="""""
"=""4f13.(2F*<7/2>).6s (7/2,1/2)*<4>.41p<3/2>""","=""(4,3/2)""","=""5/2 or 7/2 or 9/2""","=""""","=""6.174439""","=""""","=""""","=""0.00052""","=""""","=""                                                                                     ""","="""""
"=""4f13.(2F*<7/2>).6s (7/2,1/2)*<4>.42p<3/2>""","=""(4,3/2)""","=""5/2 or 7/2 or 9/2""","=""""","=""6.174971""","=""""","=""""","=""0.00053""","=""""","=""                                                                                     ""","="""""
"=""4f13.(2F*<7/2>).6s (7/2,1/2)*<4>.43p<3/2>""","=""(4,3/2)""","=""5/2 or 7/2 or 9/2""","=""""","=""6.175411""","=""""","=""""","=""0.00044""","=""""","=""                                                                                     ""","="""""
"=""4f13.(2F*<7/2>).6s (7/2,1/2)*<4>.44p<3/2>""","=""(4,3/2)""","=""5/2 or 7/2 or 9/2""","=""""","=""6.175859""","=""""","=""""","=""0.00045""","=""""","=""                                                                                     ""","="""""
"=""4f13.(2F*<7/2>).6s (7/2,1/2)*<3>.23p<3/2>""","=""(3,3/2)""","=""5/2 or 7/2 or 9/2""","=""""","=""6.176114""","=""""","=""""","=""0.00026""","=""""","=""                                                                                     ""","="""""
"=""4f13.(2F*<7/2>).6s (7/2,1/2)*<3>.24p<1/2>""","=""(3,1/2)""","=""5/2 or 7/2""","=""""","=""6.178750""","=""""","=""""","=""0.00264""","=""""","=""                                                                                     ""","="""""
"=""4f13.(2F*<7/2>).6s (7/2,1/2)*<3>.24p<3/2>""","=""(3,3/2)""","=""5/2 or 7/2 or 9/2""","=""""","=""6.179672""","=""""","=""""","=""0.00092""","=""""","=""                                                                                     ""","="""""
"=""4f13.(2F*<7/2>).6s (7/2,1/2)*<3>.25p<1/2>""","=""(3,1/2)""","=""5/2 or 7/2""","=""""","=""6.182110""","=""""","=""""","=""0.00244""","=""""","=""                                                                                     ""","="""""
"=""4f13.(2F*<7/2>).6s (7/2,1/2)*<3>.25p<3/2>""","=""(3,3/2)""","=""5/2 or 7/2 or 9/2""","=""""","=""6.182845""","=""""","=""""","=""0.00074""","=""""","=""                                                                                     ""","="""""
"=""Tm II (4f13.6s (7/2,1/2)*<4>)""","=""Limit""","=""---""","=""""","=""6.184402""","=""""","=""0.000009""","=""""","=""""","=""                                                                                     ""","=""L22274"""
"=""4f13.(2F*<7/2>).6s (7/2,1/2)*<3>.26p<1/2>""","=""(3,1/2)""","=""5/2 or 7/2""","=""""","=""6.184910""","=""""","=""""","=""0.00051""","=""""","=""                                                                                     ""","="""""
"=""4f13.(2F*<7/2>).6s (7/2,1/2)*<3>.26p<3/2>""","=""(3,3/2)""","=""5/2 or 7/2 or 9/2""","=""""","=""6.185564""","=""""","=""""","=""0.00065""","=""""","=""                                                                                     ""","="""""
"=""4f13.(2F*<7/2>).6s (7/2,1/2)*<3>.27p<3/2>""","=""(3,3/2)""","=""5/2 or 7/2 or 9/2""","=""""","=""6.187915""","=""""","=""""","=""0.00235""","=""""","=""                                                                                     ""","="""""
"=""4f13.(2F*<7/2>).6s (7/2,1/2)*<3>.27p<1/2>""","=""(3,1/2)""","=""5/2 or 7/2""","=""""","=""6.189367""","=""""","=""""","=""0.00145""","=""""","=""                                                                                     ""","="""""
"=""4f13.(2F*<7/2>).6s (7/2,1/2)*<3>.28p<3/2>""","=""(3,3/2)""","=""5/2 or 7/2 or 9/2""","=""""","=""6.190061""","=""""","=""""","=""0.00069""","=""""","=""                                                                                     ""","="""""
"=""4f13.(2F*<7/2>).6s (7/2,1/2)*<3>.28p<1/2>""","=""(3,1/2)""","=""5/2 or 7/2""","=""""","=""6.191308""","=""""","=""""","=""0.00125""","=""""","=""                                                                                     ""","="""""
"=""4f13.(2F*<7/2>).6s (7/2,1/2)*<3>.29p<3/2>""","=""(3,3/2)""","=""5/2 or 7/2 or 9/2""","=""""","=""6.191930""","=""""","=""""","=""0.00062""","=""""","=""                                                                                     ""","="""""
"=""4f13.(2F*<7/2>).6s (7/2,1/2)*<3>.29p<1/2>""","=""(3,1/2)""","=""5/2 or 7/2""","=""""","=""6.192954""","=""""","=""""","=""0.00102""","=""""","=""                                                                                     ""","="""""
"=""4f13.(2F*<7/2>).6s (7/2,1/2)*<3>.30p<3/2>""","=""(3,3/2)""","=""5/2 or 7/2 or 9/2""","=""""","=""6.193541""","=""""","=""""","=""0.00059""","=""""","=""                                                                                     ""","="""""
"=""4f13.(2F*<7/2>).6s (7/2,1/2)*<3>.30p<1/2>""","=""(3,1/2)""","=""5/2 or 7/2""","=""""","=""6.194466""","=""""","=""""","=""0.00093""","=""""","=""                                                                                     ""","="""""
"=""4f13.(2F*<7/2>).6s (7/2,1/2)*<3>.31p<3/2>""","=""(3,3/2)""","=""5/2 or 7/2 or 9/2""","=""""","=""6.194999""","=""""","=""""","=""0.00053""","=""""","=""                                                                                     ""","="""""
"=""4f13.(2F*<7/2>).6s (7/2,1/2)*<3>.31p<1/2>""","=""(3,1/2)""","=""5/2 or 7/2""","=""""","=""6.195711""","=""""","=""""","=""0.00071""","=""""","=""                                                                                     ""","="""""
"=""""","=""""","=""5/2 or 7/2 or 9/2""","=""""","=""6.1961""","=""a""","=""""","=""0.0004""","=""""","=""                                                                                     ""","="""""
"=""4f13.(2F*<7/2>).6s (7/2,1/2)*<3>.32p<3/2>""","=""(3,3/2)""","=""5/2 or 7/2 or 9/2""","=""""","=""6.196285""","=""""","=""""","=""0.0002""","=""""","=""                                                                                     ""","="""""
"=""4f13.(2F*<7/2>).6s (7/2,1/2)*<3>.32p<1/2>""","=""(3,1/2)""","=""5/2 or 7/2""","=""""","=""6.196780""","=""""","=""""","=""0.00050""","=""""","=""                                                                                     ""","="""""
"=""4f13.(2F*<7/2>).6s (7/2,1/2)*<3>.33p<3/2>""","=""(3,3/2)""","=""5/2 or 7/2 or 9/2""","=""""","=""6.197428""","=""""","=""""","=""0.00065""","=""""","=""                                                                                     ""","="""""
"=""4f13.(2F*<7/2>).6s (7/2,1/2)*<3>.33p<1/2>""","=""(3,1/2)""","=""5/2 or 7/2""","=""""","=""6.197746""","=""""","=""""","=""0.00032""","=""""","=""                                                                                     ""","="""""
"=""4f13.(2F*<7/2>).6s (7/2,1/2)*<3>.34p<3/2>""","=""(3,3/2)""","=""5/2 or 7/2 or 9/2""","=""""","=""6.198471""","=""""","=""""","=""0.00072""","=""""","=""                                                                                     ""","="""""
"=""4f13.(2F*<7/2>).6s (7/2,1/2)*<3>.35p<3/2>""","=""(3,3/2)""","=""5/2 or 7/2 or 9/2""","=""""","=""6.199553""","=""""","=""""","=""0.00108""","=""""","=""                                                                                     ""","="""""
"=""4f13.(2F*<7/2>).6s (7/2,1/2)*<3>.36p<3/2>""","=""(3,3/2)""","=""5/2 or 7/2 or 9/2""","=""""","=""6.200414""","=""""","=""""","=""0.00086""","=""""","=""                                                                                     ""","="""""
"=""4f13.(2F*<7/2>).6s (7/2,1/2)*<3>.37p<3/2>""","=""(3,3/2)""","=""5/2 or 7/2 or 9/2""","=""""","=""6.201212""","=""""","=""""","=""0.00080""","=""""","=""                                                                                     ""","="""""
"=""4f13.(2F*<7/2>).6s (7/2,1/2)*<3>.38p<3/2>""","=""(3,3/2)""","=""5/2 or 7/2 or 9/2""","=""""","=""6.201921""","=""""","=""""","=""0.00071""","=""""","=""                                                                                     ""","="""""
"=""4f13.(2F*<7/2>).6s (7/2,1/2)*<3>.39p<3/2>""","=""(3,3/2)""","=""5/2 or 7/2 or 9/2""","=""""","=""6.202610""","=""""","=""""","=""0.00069""","=""""","=""                                                                                     ""","="""""
"=""4f13.(2F*<7/2>).6s (7/2,1/2)*<3>.40p<3/2>""","=""(3,3/2)""","=""5/2 or 7/2 or 9/2""","=""""","=""6.203190""","=""""","=""""","=""0.00058""","=""""","=""                                                                                     ""","="""""
"=""4f13.(2F*<7/2>).6s (7/2,1/2)*<3>.41p<3/2>""","=""(3,3/2)""","=""5/2 or 7/2 or 9/2""","=""""","=""6.203740""","=""""","=""""","=""0.00055""","=""""","=""                                                                                     ""","="""""
"=""4f13.(2F*<7/2>).6s (7/2,1/2)*<3>.42p<3/2>""","=""(3,3/2)""","=""5/2 or 7/2 or 9/2""","=""""","=""6.204257""","=""""","=""""","=""0.00052""","=""""","=""                                                                                     ""","="""""
"=""4f13.(2F*<7/2>).6s (7/2,1/2)*<3>.43p<3/2>""","=""(3,3/2)""","=""5/2 or 7/2 or 9/2""","=""""","=""6.204761""","=""""","=""""","=""0.00050""","=""""","=""                                                                                     ""","="""""
"=""4f13.(2F*<7/2>).6s (7/2,1/2)*<3>.44p<3/2>""","=""(3,3/2)""","=""5/2 or 7/2 or 9/2""","=""""","=""6.205208""","=""""","=""""","=""0.00045""","=""""","=""                                                                                     ""","="""""
"=""4f13.(2F*<7/2>).6s (7/2,1/2)*<3>.45p<3/2>""","=""(3,3/2)""","=""5/2 or 7/2 or 9/2""","=""""","=""6.205668""","=""""","=""""","=""0.00046""","=""""","=""                                                                                     ""","="""""
"=""4f13.(2F*<7/2>).6s (7/2,1/2)*<3>.46p<3/2>""","=""(3,3/2)""","=""5/2 or 7/2 or 9/2""","=""""","=""6.205987""","=""""","=""""","=""0.00032""","=""""","=""                                                                                     ""","="""""
"=""4f13.(2F*<7/2>).6s (7/2,1/2)*<3>.47p<3/2>""","=""(3,3/2)""","=""5/2 or 7/2 or 9/2""","=""""","=""6.206356""","=""""","=""""","=""0.00037""","=""""","=""                                                                                     ""","="""""
"=""4f13.(2F*<7/2>).6s (7/2,1/2)*<3>.48p<3/2>""","=""(3,3/2)""","=""5/2 or 7/2 or 9/2""","=""""","=""6.206705""","=""""","=""""","=""0.00035""","=""""","=""                                                                                     ""","="""""
"=""Tm II (4f13.6s  (7/2,1/2)*<3>)""","=""Limit""","=""---""","=""""","=""6.21369""","=""""","=""""","=""""","=""""","=""                                                                                     ""","="""""
"=""""","=""""","=""5/2 or 7/2 or 9/2""","=""""","=""6.2291""","=""a""","=""""","=""0.0154""","=""""","=""                                                                                     ""","="""""
"=""""","=""*""","=""15/2""","=""""","=""6.269126""","=""""","=""""","=""0.0400""","=""1.18""","=""                                                                                     ""","="""""
"=""""","=""""","=""5/2 or 7/2 or 9/2""","=""""","=""6.2871""","=""a""","=""""","=""0.0180""","=""""","=""                                                                                     ""","="""""
"=""""","=""""","=""5/2 or 7/2 or 9/2""","=""""","=""6.3160""","=""a""","=""""","=""0.029""","=""""","=""                                                                                     ""","="""""
"=""""","=""""","=""5/2 or 7/2 or 9/2""","=""""","=""6.3387""","=""a""","=""""","=""0.023""","=""""","=""                                                                                     ""","="""""
"=""""","=""*""","=""13/2""","=""""","=""6.3601868""","=""""","=""""","=""0.0215""","=""""","=""                                                                                     ""","="""""
"=""""","=""*""","=""13/2""","=""""","=""6.3810613""","=""""","=""""","=""0.020874""","=""""","=""                                                                                     ""","="""""
"=""""","=""*""","=""11/2""","=""""","=""6.4170099""","=""""","=""""","=""0.035949""","=""""","=""                                                                                     ""","="""""
"=""""","=""""","=""5/2 or 7/2 or 9/2""","=""""","=""6.4575""","=""a""","=""""","=""0.0405""","=""""","=""                                                                                     ""","="""""
"=""""","=""""","=""5/2 or 7/2 or 9/2""","=""""","=""6.4811""","=""a""","=""""","=""0.024""","=""""","=""                                                                                     ""","="""""
"=""""","=""""","=""5/2 or 7/2 or 9/2""","=""""","=""6.4981""","=""a""","=""""","=""0.017""","=""""","=""                                                                                     ""","="""""
"=""""","=""""","=""5/2 or 7/2 or 9/2""","=""""","=""6.5635""","=""a""","=""""","=""0.065""","=""""","=""                                                                                     ""","="""""
"=""""","=""""","=""5/2 or 7/2 or 9/2""","=""""","=""6.5739""","=""a""","=""""","=""0.010""","=""""","=""                                                                                     ""","="""""
"=""""","=""""","=""5/2 or 7/2 or 9/2""","=""""","=""6.6587""","=""a""","=""""","=""0.085""","=""""","=""                                                                                     ""","="""""
"=""""","=""""","=""5/2 or 7/2 or 9/2""","=""""","=""6.6947""","=""a""","=""""","=""0.036""","=""""","=""                                                                                     ""","="""""
"=""""","=""""","=""5/2 or 7/2 or 9/2""","=""""","=""6.7128""","=""a""","=""""","=""0.018""","=""""","=""                                                                                     ""","="""""
"=""""","=""""","=""5/2 or 7/2 or 9/2""","=""""","=""6.7604""","=""a""","=""""","=""0.048""","=""""","=""                                                                                     ""","="""""
"=""""","=""""","=""5/2 or 7/2 or 9/2""","=""""","=""6.7788""","=""a""","=""""","=""0.018""","=""""","=""                                                                                     ""","="""""
"=""""","=""""","=""5/2 or 7/2 or 9/2""","=""""","=""6.8085""","=""a""","=""""","=""0.030""","=""""","=""                                                                                     ""","="""""
"=""""","=""""","=""5/2 or 7/2 or 9/2""","=""""","=""6.8995""","=""a""","=""""","=""0.091""","=""""","=""                                                                                     ""","="""""
"=""""","=""""","=""5/2 or 7/2 or 9/2""","=""""","=""6.9227""","=""a""","=""""","=""0.023""","=""""","=""                                                                                     ""","="""""
"=""""","=""""","=""5/2 or 7/2 or 9/2""","=""""","=""6.9850""","=""a""","=""""","=""0.062""","=""""","=""                                                                                     ""","="""""
"=""""","=""""","=""5/2 or 7/2 or 9/2""","=""""","=""7.0607""","=""a""","=""""","=""0.076""","=""""","=""                                                                                     ""","="""""
"=""""","=""""","=""5/2 or 7/2 or 9/2""","=""""","=""7.0970""","=""a""","=""""","=""0.036""","=""""","=""                                                                                     ""","="""""
"=""""","=""""","=""5/2 or 7/2 or 9/2""","=""""","=""7.1296""","=""a""","=""""","=""0.033""","=""""","=""                                                                                     ""","="""""
"=""""","=""""","=""5/2 or 7/2 or 9/2""","=""""","=""7.1584""","=""a""","=""""","=""0.029""","=""""","=""                                                                                     ""","="""""
"=""""","=""""","=""5/2 or 7/2 or 9/2""","=""""","=""7.1875""","=""a""","=""""","=""0.029""","=""""","=""                                                                                     ""","="""""
"=""""","=""""","=""5/2 or 7/2 or 9/2""","=""""","=""7.2378""","=""a""","=""""","=""0.050""","=""""","=""                                                                                     ""","="""""
"=""Tm II (4f13.6s  (5/2,1/2)*<2>)""","=""Limit""","=""---""","=""""","=""7.27161""","=""""","=""""","=""""","=""""","=""                                                                                     ""","="""""
"=""""","=""""","=""5/2 or 7/2 or 9/2""","=""""","=""7.2804""","=""a""","=""""","=""0.0088""","=""""","=""                                                                                     ""","="""""
"=""Tm II (4f13.6s  (5/2,1/2)*<3>)""","=""Limit""","=""---""","=""""","=""7.29490""","=""""","=""""","=""""","=""""","=""                                                                                     ""","="""""
"=""""","=""""","=""5/2 or 7/2 or 9/2""","=""""","=""7.3061""","=""a""","=""""","=""0.0112""","=""""","=""                                                                                     ""","="""""
"=""""","=""""","=""5/2 or 7/2 or 9/2""","=""""","=""7.3901""","=""+a?""","=""""","=""0.084""","=""""","=""                                                                                     ""","="""""
"=""""","=""""","=""5/2 or 7/2 or 9/2""","=""""","=""7.4599""","=""a""","=""""","=""0.070""","=""""","=""                                                                                     ""","="""""
"=""""","=""""","=""5/2 or 7/2 or 9/2""","=""""","=""7.4780""","=""a""","=""""","=""0.018""","=""""","=""                                                                                     ""","="""""
"=""""","=""""","=""5/2 or 7/2 or 9/2""","=""""","=""7.5005""","=""a""","=""""","=""0.022""","=""""","=""                                                                                     ""","="""""
"=""""","=""""","=""5/2 or 7/2 or 9/2""","=""""","=""7.5278""","=""a""","=""""","=""0.027""","=""""","=""                                                                                     ""","="""""
"=""""","=""""","=""5/2 or 7/2 or 9/2""","=""""","=""7.5553""","=""a""","=""""","=""0.027""","=""""","=""                                                                                     ""","="""""
"=""""","=""""","=""5/2 or 7/2 or 9/2""","=""""","=""7.6252""","=""a""","=""""","=""0.070""","=""""","=""                                                                                     ""","="""""
"=""""","=""""","=""5/2 or 7/2 or 9/2""","=""""","=""7.6486""","=""a""","=""""","=""0.023""","=""""","=""                                                                                     ""","="""""
"=""""","=""""","=""5/2 or 7/2 or 9/2""","=""""","=""7.7009""","=""a""","=""""","=""0.052""","=""""","=""                                                                                     ""","="""""
"=""""","=""""","=""5/2 or 7/2 or 9/2""","=""""","=""7.7200""","=""a""","=""""","=""0.019""","=""""","=""                                                                                     ""","="""""
"=""Tm II (4f12.6s2 3H<6>)""","=""Limit""","=""---""","=""""","=""7.72882""","=""""","=""""","=""""","=""""","=""                                                                                     ""","="""""
"=""""","=""""","=""5/2 or 7/2 or 9/2""","=""""","=""7.7685""","=""a""","=""""","=""0.0397""","=""""","=""                                                                                     ""","="""""
"=""""","=""""","=""5/2 or 7/2 or 9/2""","=""""","=""7.8011""","=""a""","=""""","=""0.033""","=""""","=""                                                                                     ""","="""""
"=""""","=""""","=""5/2 or 7/2 or 9/2""","=""""","=""7.8600""","=""a""","=""""","=""0.059""","=""""","=""                                                                                     ""","="""""
"=""""","=""""","=""5/2 or 7/2 or 9/2""","=""""","=""7.8870""","=""a""","=""""","=""0.027""","=""""","=""                                                                                     ""","="""""
"=""""","=""""","=""5/2 or 7/2 or 9/2""","=""""","=""7.9173""","=""a""","=""""","=""0.030""","=""""","=""                                                                                     ""","="""""
"=""""","=""""","=""5/2 or 7/2 or 9/2""","=""""","=""7.9579""","=""a""","=""""","=""0.041""","=""""","=""                                                                                     ""","="""""
